date,gross_return,cost,net_return,spy_return,ew_sectors_return,weight_XLK,weight_XLF,weight_XLE,weight_XLV,weight_XLI,weight_XLY,weight_XLP,weight_XLU,weight_XLB,weight_XLRE,weight_XLC,cum_net,cum_spy,cum_ew
2010-04-01,0.000000,0.000000,0.000000,0.006838,0.000000,0.000000,0.000000,0.000000,0.000000,0.000000,0.000000,0.000000,0.000000,0.000000,0.000000,0.000000,1.000000,1.006838,1.000000
2010-04-02,0.000000,0.000000,0.000000,0.000000,0.000000,0.000000,0.000000,0.000000,0.000000,0.000000,0.000000,0.000000,0.000000,0.000000,0.000000,0.000000,1.000000,1.006838,1.000000
2010-04-05,0.000000,0.000000,0.000000,0.008150,0.000000,0.000000,0.000000,0.000000,0.000000,0.000000,0.000000,0.000000,0.000000,0.000000,0.000000,0.000000,1.000000,1.015043,1.000000
2010-04-06,0.000000,0.000000,0.000000,0.002357,0.000000,0.000000,0.000000,0.000000,0.000000,0.000000,0.000000,0.000000,0.000000,0.000000,0.000000,0.000000,1.000000,1.017436,1.000000
2010-04-07,0.000000,0.000000,0.000000,-0.005712,0.000000,0.000000,0.000000,0.000000,0.000000,0.000000,0.000000,0.000000,0.000000,0.000000,0.000000,0.000000,1.000000,1.011624,1.000000
2010-04-08,0.000000,0.000000,0.000000,0.003463,0.000000,0.000000,0.000000,0.000000,0.000000,0.000000,0.000000,0.000000,0.000000,0.000000,0.000000,0.000000,1.000000,1.015128,1.000000
2010-04-09,0.000000,0.000000,0.000000,0.006568,0.000000,0.000000,0.000000,0.000000,0.000000,0.000000,0.000000,0.000000,0.000000,0.000000,0.000000,0.000000,1.000000,1.021795,1.000000
2010-04-12,0.000000,0.000000,0.000000,0.001589,0.000000,0.000000,0.000000,0.000000,0.000000,0.000000,0.000000,0.000000,0.000000,0.000000,0.000000,0.000000,1.000000,1.023419,1.000000
2010-04-13,0.000000,0.000000,0.000000,0.000751,0.000000,0.000000,0.000000,0.000000,0.000000,0.000000,0.000000,0.000000,0.000000,0.000000,0.000000,0.000000,1.000000,1.024188,1.000000
2010-04-14,0.000000,0.000000,0.000000,0.011350,0.000000,0.000000,0.000000,0.000000,0.000000,0.000000,0.000000,0.000000,0.000000,0.000000,0.000000,0.000000,1.000000,1.035812,1.000000
2010-04-15,0.000000,0.000000,0.000000,0.000825,0.000000,0.000000,0.000000,0.000000,0.000000,0.000000,0.000000,0.000000,0.000000,0.000000,0.000000,0.000000,1.000000,1.036667,1.000000
2010-04-16,0.000000,0.000000,0.000000,-0.015912,0.000000,0.000000,0.000000,0.000000,0.000000,0.000000,0.000000,0.000000,0.000000,0.000000,0.000000,0.000000,1.000000,1.020171,1.000000
2010-04-19,0.000000,0.000000,0.000000,0.003770,0.000000,0.000000,0.000000,0.000000,0.000000,0.000000,0.000000,0.000000,0.000000,0.000000,0.000000,0.000000,1.000000,1.024017,1.000000
2010-04-20,0.000000,0.000000,0.000000,0.008931,0.000000,0.000000,0.000000,0.000000,0.000000,0.000000,0.000000,0.000000,0.000000,0.000000,0.000000,0.000000,1.000000,1.033162,1.000000
2010-04-21,0.000000,0.000000,0.000000,-0.001820,0.000000,0.000000,0.000000,0.000000,0.000000,0.000000,0.000000,0.000000,0.000000,0.000000,0.000000,0.000000,1.000000,1.031282,1.000000
2010-04-22,0.000000,0.000000,0.000000,0.002983,0.000000,0.000000,0.000000,0.000000,0.000000,0.000000,0.000000,0.000000,0.000000,0.000000,0.000000,0.000000,1.000000,1.034359,1.000000
2010-04-23,0.000000,0.000000,0.000000,0.006528,0.000000,0.000000,0.000000,0.000000,0.000000,0.000000,0.000000,0.000000,0.000000,0.000000,0.000000,0.000000,1.000000,1.041111,1.000000
2010-04-26,0.000000,0.000000,0.000000,-0.003777,0.000000,0.000000,0.000000,0.000000,0.000000,0.000000,0.000000,0.000000,0.000000,0.000000,0.000000,0.000000,1.000000,1.037179,1.000000
2010-04-27,0.000000,0.000000,0.000000,-0.023650,0.000000,0.000000,0.000000,0.000000,0.000000,0.000000,0.000000,0.000000,0.000000,0.000000,0.000000,0.000000,1.000000,1.012650,1.000000
2010-04-28,0.000000,0.000000,0.000000,0.007596,0.000000,0.000000,0.000000,0.000000,0.000000,0.000000,0.000000,0.000000,0.000000,0.000000,0.000000,0.000000,1.000000,1.020342,1.000000
2010-04-29,0.000000,0.000000,0.000000,0.012398,0.000000,0.000000,0.000000,0.000000,0.000000,0.000000,0.000000,0.000000,0.000000,0.000000,0.000000,0.000000,1.000000,1.032992,1.000000
2010-04-30,0.000000,0.000000,0.000000,-0.016962,0.000000,0.000000,0.000000,0.000000,0.000000,0.000000,0.000000,0.000000,0.000000,0.000000,0.000000,0.000000,1.000000,1.015470,1.000000
2010-05-03,0.000000,0.000000,0.000000,0.012962,0.000000,0.000000,0.000000,0.000000,0.000000,0.000000,0.000000,0.000000,0.000000,0.000000,0.000000,0.000000,1.000000,1.028633,1.000000
2010-05-04,0.000000,0.000000,0.000000,-0.023515,0.000000,0.000000,0.000000,0.000000,0.000000,0.000000,0.000000,0.000000,0.000000,0.000000,0.000000,0.000000,1.000000,1.004444,1.000000
2010-05-05,0.000000,0.000000,0.000000,-0.005956,0.000000,0.000000,0.000000,0.000000,0.000000,0.000000,0.000000,0.000000,0.000000,0.000000,0.000000,0.000000,1.000000,0.998462,1.000000
2010-05-06,0.000000,0.000000,0.000000,-0.033214,0.000000,0.000000,0.000000,0.000000,0.000000,0.000000,0.000000,0.000000,0.000000,0.000000,0.000000,0.000000,1.000000,0.965299,1.000000
2010-05-07,0.000000,0.000000,0.000000,-0.014875,0.000000,0.000000,0.000000,0.000000,0.000000,0.000000,0.000000,0.000000,0.000000,0.000000,0.000000,0.000000,1.000000,0.950940,1.000000
2010-05-10,0.000000,0.000000,0.000000,0.044041,0.000000,0.000000,0.000000,0.000000,0.000000,0.000000,0.000000,0.000000,0.000000,0.000000,0.000000,0.000000,1.000000,0.992820,1.000000
2010-05-11,0.000000,0.000000,0.000000,-0.002841,0.000000,0.000000,0.000000,0.000000,0.000000,0.000000,0.000000,0.000000,0.000000,0.000000,0.000000,0.000000,1.000000,0.990000,1.000000
2010-05-12,0.000000,0.000000,0.000000,0.013986,0.000000,0.000000,0.000000,0.000000,0.000000,0.000000,0.000000,0.000000,0.000000,0.000000,0.000000,0.000000,1.000000,1.003846,1.000000
2010-05-13,0.000000,0.000000,0.000000,-0.012431,0.000000,0.000000,0.000000,0.000000,0.000000,0.000000,0.000000,0.000000,0.000000,0.000000,0.000000,0.000000,1.000000,0.991367,1.000000
2010-05-14,0.000000,0.000000,0.000000,-0.018105,0.000000,0.000000,0.000000,0.000000,0.000000,0.000000,0.000000,0.000000,0.000000,0.000000,0.000000,0.000000,1.000000,0.973419,1.000000
2010-05-17,0.000000,0.000000,0.000000,0.000527,0.000000,0.000000,0.000000,0.000000,0.000000,0.000000,0.000000,0.000000,0.000000,0.000000,0.000000,0.000000,1.000000,0.973932,1.000000
2010-05-18,0.000000,0.000000,0.000000,-0.013602,0.000000,0.000000,0.000000,0.000000,0.000000,0.000000,0.000000,0.000000,0.000000,0.000000,0.000000,0.000000,1.000000,0.960684,1.000000
2010-05-19,0.000000,0.000000,0.000000,-0.005694,0.000000,0.000000,0.000000,0.000000,0.000000,0.000000,0.000000,0.000000,0.000000,0.000000,0.000000,0.000000,1.000000,0.955214,1.000000
2010-05-20,0.000000,0.000000,0.000000,-0.037759,0.000000,0.000000,0.000000,0.000000,0.000000,0.000000,0.000000,0.000000,0.000000,0.000000,0.000000,0.000000,1.000000,0.919146,1.000000
2010-05-21,0.000000,0.000000,0.000000,0.014598,0.000000,0.000000,0.000000,0.000000,0.000000,0.000000,0.000000,0.000000,0.000000,0.000000,0.000000,0.000000,1.000000,0.932564,1.000000
2010-05-24,0.000000,0.000000,0.000000,-0.012830,0.000000,0.000000,0.000000,0.000000,0.000000,0.000000,0.000000,0.000000,0.000000,0.000000,0.000000,0.000000,1.000000,0.920599,1.000000
2010-05-25,0.000000,0.000000,0.000000,0.001021,0.000000,0.000000,0.000000,0.000000,0.000000,0.000000,0.000000,0.000000,0.000000,0.000000,0.000000,0.000000,1.000000,0.921539,1.000000
2010-05-26,0.000000,0.000000,0.000000,-0.006029,0.000000,0.000000,0.000000,0.000000,0.000000,0.000000,0.000000,0.000000,0.000000,0.000000,0.000000,0.000000,1.000000,0.915983,1.000000
2010-05-27,0.000000,0.000000,0.000000,0.033498,0.000000,0.000000,0.000000,0.000000,0.000000,0.000000,0.000000,0.000000,0.000000,0.000000,0.000000,0.000000,1.000000,0.946667,1.000000
2010-05-28,0.000000,0.000000,0.000000,-0.012550,0.000000,0.000000,0.000000,0.000000,0.000000,0.000000,0.000000,0.000000,0.000000,0.000000,0.000000,0.000000,1.000000,0.934786,1.000000
2010-05-31,0.000000,0.000000,0.000000,0.000000,0.000000,0.000000,0.000000,0.000000,0.000000,0.000000,0.000000,0.000000,0.000000,0.000000,0.000000,0.000000,1.000000,0.934786,1.000000
2010-06-01,0.000000,0.000000,0.000000,-0.016824,0.000000,0.000000,0.000000,0.000000,0.000000,0.000000,0.000000,0.000000,0.000000,0.000000,0.000000,0.000000,1.000000,0.919060,1.000000
2010-06-02,0.000000,0.000000,0.000000,0.026040,0.000000,0.000000,0.000000,0.000000,0.000000,0.000000,0.000000,0.000000,0.000000,0.000000,0.000000,0.000000,1.000000,0.942992,1.000000
2010-06-03,0.000000,0.000000,0.000000,0.003444,0.000000,0.000000,0.000000,0.000000,0.000000,0.000000,0.000000,0.000000,0.000000,0.000000,0.000000,0.000000,1.000000,0.946239,1.000000
2010-06-04,0.000000,0.000000,0.000000,-0.035137,0.000000,0.000000,0.000000,0.000000,0.000000,0.000000,0.000000,0.000000,0.000000,0.000000,0.000000,0.000000,1.000000,0.912991,1.000000
2010-06-07,0.000000,0.000000,0.000000,-0.012451,0.000000,0.000000,0.000000,0.000000,0.000000,0.000000,0.000000,0.000000,0.000000,0.000000,0.000000,0.000000,1.000000,0.901624,1.000000
2010-06-08,0.000000,0.000000,0.000000,0.010712,0.000000,0.000000,0.000000,0.000000,0.000000,0.000000,0.000000,0.000000,0.000000,0.000000,0.000000,0.000000,1.000000,0.911282,1.000000
2010-06-09,0.000000,0.000000,0.000000,-0.005346,0.000000,0.000000,0.000000,0.000000,0.000000,0.000000,0.000000,0.000000,0.000000,0.000000,0.000000,0.000000,1.000000,0.906410,1.000000
2010-06-10,0.000000,0.000000,0.000000,0.029231,0.000000,0.000000,0.000000,0.000000,0.000000,0.000000,0.000000,0.000000,0.000000,0.000000,0.000000,0.000000,1.000000,0.932906,1.000000
2010-06-11,0.000000,0.000000,0.000000,0.004856,0.000000,0.000000,0.000000,0.000000,0.000000,0.000000,0.000000,0.000000,0.000000,0.000000,0.000000,0.000000,1.000000,0.937436,1.000000
2010-06-14,0.000000,0.000000,0.000000,-0.001550,0.000000,0.000000,0.000000,0.000000,0.000000,0.000000,0.000000,0.000000,0.000000,0.000000,0.000000,0.000000,1.000000,0.935983,1.000000
2010-06-15,0.000000,0.000000,0.000000,0.022737,0.000000,0.000000,0.000000,0.000000,0.000000,0.000000,0.000000,0.000000,0.000000,0.000000,0.000000,0.000000,1.000000,0.957265,1.000000
2010-06-16,0.000000,0.000000,0.000000,-0.000356,0.000000,0.000000,0.000000,0.000000,0.000000,0.000000,0.000000,0.000000,0.000000,0.000000,0.000000,0.000000,1.000000,0.956923,1.000000
2010-06-17,0.000000,0.000000,0.000000,0.001608,0.000000,0.000000,0.000000,0.000000,0.000000,0.000000,0.000000,0.000000,0.000000,0.000000,0.000000,0.000000,1.000000,0.958462,1.000000
2010-06-18,0.000000,0.000000,0.000000,0.001084,0.000000,0.000000,0.000000,0.000000,0.000000,0.000000,0.000000,0.000000,0.000000,0.000000,0.000000,0.000000,1.000000,0.959500,1.000000
2010-06-21,0.000000,0.000000,0.000000,-0.002864,0.000000,0.000000,0.000000,0.000000,0.000000,0.000000,0.000000,0.000000,0.000000,0.000000,0.000000,0.000000,1.000000,0.956753,1.000000
2010-06-22,0.000000,0.000000,0.000000,-0.016515,0.000000,0.000000,0.000000,0.000000,0.000000,0.000000,0.000000,0.000000,0.000000,0.000000,0.000000,0.000000,1.000000,0.940951,1.000000
2010-06-23,0.000000,0.000000,0.000000,-0.003103,0.000000,0.000000,0.000000,0.000000,0.000000,0.000000,0.000000,0.000000,0.000000,0.000000,0.000000,0.000000,1.000000,0.938031,1.000000
2010-06-24,0.000000,0.000000,0.000000,-0.016571,0.000000,0.000000,0.000000,0.000000,0.000000,0.000000,0.000000,0.000000,0.000000,0.000000,0.000000,0.000000,1.000000,0.922488,1.000000
2010-06-25,0.000000,0.000000,0.000000,0.004189,0.000000,0.000000,0.000000,0.000000,0.000000,0.000000,0.000000,0.000000,0.000000,0.000000,0.000000,0.000000,1.000000,0.926352,1.000000
2010-06-28,0.000000,0.000000,0.000000,-0.003152,0.000000,0.000000,0.000000,0.000000,0.000000,0.000000,0.000000,0.000000,0.000000,0.000000,0.000000,0.000000,1.000000,0.923433,1.000000
2010-06-29,0.000000,0.000000,0.000000,-0.030875,0.000000,0.000000,0.000000,0.000000,0.000000,0.000000,0.000000,0.000000,0.000000,0.000000,0.000000,0.000000,1.000000,0.894921,1.000000
2010-06-30,0.000000,0.000000,0.000000,-0.009500,0.000000,0.000000,0.000000,0.000000,0.000000,0.000000,0.000000,0.000000,0.000000,0.000000,0.000000,0.000000,1.000000,0.886420,1.000000
2010-07-01,0.000000,0.000000,0.000000,-0.004457,0.000000,0.000000,0.000000,0.000000,0.000000,0.000000,0.000000,0.000000,0.000000,0.000000,0.000000,0.000000,1.000000,0.882469,1.000000
2010-07-02,0.000000,0.000000,0.000000,-0.005449,0.000000,0.000000,0.000000,0.000000,0.000000,0.000000,0.000000,0.000000,0.000000,0.000000,0.000000,0.000000,1.000000,0.877660,1.000000
2010-07-05,0.000000,0.000000,0.000000,0.000000,0.000000,0.000000,0.000000,0.000000,0.000000,0.000000,0.000000,0.000000,0.000000,0.000000,0.000000,0.000000,1.000000,0.877660,1.000000
2010-07-06,0.000000,0.000000,0.000000,0.006556,0.000000,0.000000,0.000000,0.000000,0.000000,0.000000,0.000000,0.000000,0.000000,0.000000,0.000000,0.000000,1.000000,0.883414,1.000000
2010-07-07,0.000000,0.000000,0.000000,0.031496,0.000000,0.000000,0.000000,0.000000,0.000000,0.000000,0.000000,0.000000,0.000000,0.000000,0.000000,0.000000,1.000000,0.911238,1.000000
2010-07-08,0.000000,0.000000,0.000000,0.009895,0.000000,0.000000,0.000000,0.000000,0.000000,0.000000,0.000000,0.000000,0.000000,0.000000,0.000000,0.000000,1.000000,0.920255,1.000000
2010-07-09,0.000000,0.000000,0.000000,0.007466,0.000000,0.000000,0.000000,0.000000,0.000000,0.000000,0.000000,0.000000,0.000000,0.000000,0.000000,0.000000,1.000000,0.927125,1.000000
2010-07-12,0.000000,0.000000,0.000000,0.000648,0.000000,0.000000,0.000000,0.000000,0.000000,0.000000,0.000000,0.000000,0.000000,0.000000,0.000000,0.000000,1.000000,0.927726,1.000000
2010-07-13,0.000000,0.000000,0.000000,0.015089,0.000000,0.000000,0.000000,0.000000,0.000000,0.000000,0.000000,0.000000,0.000000,0.000000,0.000000,0.000000,1.000000,0.941725,1.000000
2010-07-14,0.000000,0.000000,0.000000,-0.000092,0.000000,0.000000,0.000000,0.000000,0.000000,0.000000,0.000000,0.000000,0.000000,0.000000,0.000000,0.000000,1.000000,0.941638,1.000000
2010-07-15,0.000000,0.000000,0.000000,0.000273,0.000000,0.000000,0.000000,0.000000,0.000000,0.000000,0.000000,0.000000,0.000000,0.000000,0.000000,0.000000,1.000000,0.941896,1.000000
2010-07-16,0.000000,0.000000,0.000000,-0.027534,0.000000,0.000000,0.000000,0.000000,0.000000,0.000000,0.000000,0.000000,0.000000,0.000000,0.000000,0.000000,1.000000,0.915961,1.000000
2010-07-19,0.000000,0.000000,0.000000,0.005906,0.000000,0.000000,0.000000,0.000000,0.000000,0.000000,0.000000,0.000000,0.000000,0.000000,0.000000,0.000000,1.000000,0.921371,1.000000
2010-07-20,0.000000,0.000000,0.000000,0.011092,0.000000,0.000000,0.000000,0.000000,0.000000,0.000000,0.000000,0.000000,0.000000,0.000000,0.000000,0.000000,1.000000,0.931591,1.000000
2010-07-21,0.000000,0.000000,0.000000,-0.012998,0.000000,0.000000,0.000000,0.000000,0.000000,0.000000,0.000000,0.000000,0.000000,0.000000,0.000000,0.000000,1.000000,0.919482,1.000000
2010-07-22,0.000000,0.000000,0.000000,0.022322,0.000000,0.000000,0.000000,0.000000,0.000000,0.000000,0.000000,0.000000,0.000000,0.000000,0.000000,0.000000,1.000000,0.940007,1.000000
2010-07-23,0.000000,0.000000,0.000000,0.008679,0.000000,0.000000,0.000000,0.000000,0.000000,0.000000,0.000000,0.000000,0.000000,0.000000,0.000000,0.000000,1.000000,0.948165,1.000000
2010-07-26,0.000000,0.000000,0.000000,0.010415,0.000000,0.000000,0.000000,0.000000,0.000000,0.000000,0.000000,0.000000,0.000000,0.000000,0.000000,0.000000,1.000000,0.958041,1.000000
2010-07-27,0.000000,0.000000,0.000000,-0.000089,0.000000,0.000000,0.000000,0.000000,0.000000,0.000000,0.000000,0.000000,0.000000,0.000000,0.000000,0.000000,1.000000,0.957955,1.000000
2010-07-28,0.000000,0.000000,0.000000,-0.006455,0.000000,0.000000,0.000000,0.000000,0.000000,0.000000,0.000000,0.000000,0.000000,0.000000,0.000000,0.000000,1.000000,0.951772,1.000000
2010-07-29,0.000000,0.000000,0.000000,-0.004872,0.000000,0.000000,0.000000,0.000000,0.000000,0.000000,0.000000,0.000000,0.000000,0.000000,0.000000,0.000000,1.000000,0.947134,1.000000
2010-07-30,0.000000,0.000000,0.000000,-0.000181,0.000000,0.000000,0.000000,0.000000,0.000000,0.000000,0.000000,0.000000,0.000000,0.000000,0.000000,0.000000,1.000000,0.946963,1.000000
2010-08-02,0.000000,0.000000,0.000000,0.022581,0.000000,0.000000,0.000000,0.000000,0.000000,0.000000,0.000000,0.000000,0.000000,0.000000,0.000000,0.000000,1.000000,0.968346,1.000000
2010-08-03,0.000000,0.000000,0.000000,-0.004789,0.000000,0.000000,0.000000,0.000000,0.000000,0.000000,0.000000,0.000000,0.000000,0.000000,0.000000,0.000000,1.000000,0.963709,1.000000
2010-08-04,0.000000,0.000000,0.000000,0.006683,0.000000,0.000000,0.000000,0.000000,0.000000,0.000000,0.000000,0.000000,0.000000,0.000000,0.000000,0.000000,1.000000,0.970150,1.000000
2010-08-05,0.000000,0.000000,0.000000,-0.001062,0.000000,0.000000,0.000000,0.000000,0.000000,0.000000,0.000000,0.000000,0.000000,0.000000,0.000000,0.000000,1.000000,0.969119,1.000000
2010-08-06,0.000000,0.000000,0.000000,-0.004077,0.000000,0.000000,0.000000,0.000000,0.000000,0.000000,0.000000,0.000000,0.000000,0.000000,0.000000,0.000000,1.000000,0.965168,1.000000
2010-08-09,0.000000,0.000000,0.000000,0.005339,0.000000,0.000000,0.000000,0.000000,0.000000,0.000000,0.000000,0.000000,0.000000,0.000000,0.000000,0.000000,1.000000,0.970321,1.000000
2010-08-10,0.000000,0.000000,0.000000,-0.005399,0.000000,0.000000,0.000000,0.000000,0.000000,0.000000,0.000000,0.000000,0.000000,0.000000,0.000000,0.000000,1.000000,0.965083,1.000000
2010-08-11,0.000000,0.000000,0.000000,-0.027407,0.000000,0.000000,0.000000,0.000000,0.000000,0.000000,0.000000,0.000000,0.000000,0.000000,0.000000,0.000000,1.000000,0.938632,1.000000
2010-08-12,0.000000,0.000000,0.000000,-0.006129,0.000000,0.000000,0.000000,0.000000,0.000000,0.000000,0.000000,0.000000,0.000000,0.000000,0.000000,0.000000,1.000000,0.932879,1.000000
2010-08-13,0.000000,0.000000,0.000000,-0.002946,0.000000,0.000000,0.000000,0.000000,0.000000,0.000000,0.000000,0.000000,0.000000,0.000000,0.000000,0.000000,1.000000,0.930131,1.000000
2010-08-16,0.000000,0.000000,0.000000,-0.000462,0.000000,0.000000,0.000000,0.000000,0.000000,0.000000,0.000000,0.000000,0.000000,0.000000,0.000000,0.000000,1.000000,0.929702,1.000000
2010-08-17,0.000000,0.000000,0.000000,0.012285,0.000000,0.000000,0.000000,0.000000,0.000000,0.000000,0.000000,0.000000,0.000000,0.000000,0.000000,0.000000,1.000000,0.941123,1.000000
2010-08-18,0.000000,0.000000,0.000000,0.001825,0.000000,0.000000,0.000000,0.000000,0.000000,0.000000,0.000000,0.000000,0.000000,0.000000,0.000000,0.000000,1.000000,0.942840,1.000000
2010-08-19,0.000000,0.000000,0.000000,-0.017397,0.000000,0.000000,0.000000,0.000000,0.000000,0.000000,0.000000,0.000000,0.000000,0.000000,0.000000,0.000000,1.000000,0.926438,1.000000
2010-08-20,0.000000,0.000000,0.000000,-0.003244,0.000000,0.000000,0.000000,0.000000,0.000000,0.000000,0.000000,0.000000,0.000000,0.000000,0.000000,0.000000,1.000000,0.923433,1.000000
2010-08-23,0.000000,0.000000,0.000000,-0.003813,0.000000,0.000000,0.000000,0.000000,0.000000,0.000000,0.000000,0.000000,0.000000,0.000000,0.000000,0.000000,1.000000,0.919912,1.000000
2010-08-24,0.000000,0.000000,0.000000,-0.014843,0.000000,0.000000,0.000000,0.000000,0.000000,0.000000,0.000000,0.000000,0.000000,0.000000,0.000000,0.000000,1.000000,0.906257,1.000000
2010-08-25,0.000000,0.000000,0.000000,0.003885,0.000000,0.000000,0.000000,0.000000,0.000000,0.000000,0.000000,0.000000,0.000000,0.000000,0.000000,0.000000,1.000000,0.909778,1.000000
2010-08-26,0.000000,0.000000,0.000000,-0.006703,0.000000,0.000000,0.000000,0.000000,0.000000,0.000000,0.000000,0.000000,0.000000,0.000000,0.000000,0.000000,1.000000,0.903681,1.000000
2010-08-27,0.000000,0.000000,0.000000,0.015490,0.000000,0.000000,0.000000,0.000000,0.000000,0.000000,0.000000,0.000000,0.000000,0.000000,0.000000,0.000000,1.000000,0.917679,1.000000
2010-08-30,0.000000,0.000000,0.000000,-0.014505,0.000000,0.000000,0.000000,0.000000,0.000000,0.000000,0.000000,0.000000,0.000000,0.000000,0.000000,0.000000,1.000000,0.904368,1.000000
2010-08-31,0.000000,0.000000,0.000000,0.000000,0.000000,0.000000,0.000000,0.000000,0.000000,0.000000,0.000000,0.000000,0.000000,0.000000,0.000000,0.000000,1.000000,0.904368,1.000000
2010-09-01,0.000000,0.000000,0.000000,0.029911,0.000000,0.000000,0.000000,0.000000,0.000000,0.000000,0.000000,0.000000,0.000000,0.000000,0.000000,0.000000,1.000000,0.931419,1.000000
2010-09-02,0.000000,0.000000,0.000000,0.009313,0.000000,0.000000,0.000000,0.000000,0.000000,0.000000,0.000000,0.000000,0.000000,0.000000,0.000000,0.000000,1.000000,0.940093,1.000000
2010-09-03,0.000000,0.000000,0.000000,0.012971,0.000000,0.000000,0.000000,0.000000,0.000000,0.000000,0.000000,0.000000,0.000000,0.000000,0.000000,0.000000,1.000000,0.952287,1.000000
2010-09-06,0.000000,0.000000,0.000000,0.000000,0.000000,0.000000,0.000000,0.000000,0.000000,0.000000,0.000000,0.000000,0.000000,0.000000,0.000000,0.000000,1.000000,0.952287,1.000000
2010-09-07,0.000000,0.000000,0.000000,-0.011272,0.000000,0.000000,0.000000,0.000000,0.000000,0.000000,0.000000,0.000000,0.000000,0.000000,0.000000,0.000000,1.000000,0.941552,1.000000
2010-09-08,0.000000,0.000000,0.000000,0.007023,0.000000,0.000000,0.000000,0.000000,0.000000,0.000000,0.000000,0.000000,0.000000,0.000000,0.000000,0.000000,1.000000,0.948165,1.000000
2010-09-09,0.000000,0.000000,0.000000,0.004619,0.000000,0.000000,0.000000,0.000000,0.000000,0.000000,0.000000,0.000000,0.000000,0.000000,0.000000,0.000000,1.000000,0.952545,1.000000
2010-09-10,0.000000,0.000000,0.000000,0.005049,0.000000,0.000000,0.000000,0.000000,0.000000,0.000000,0.000000,0.000000,0.000000,0.000000,0.000000,0.000000,1.000000,0.957354,1.000000
2010-09-13,0.000000,0.000000,0.000000,0.011123,0.000000,0.000000,0.000000,0.000000,0.000000,0.000000,0.000000,0.000000,0.000000,0.000000,0.000000,0.000000,1.000000,0.968003,1.000000
2010-09-14,0.000000,0.000000,0.000000,-0.000621,0.000000,0.000000,0.000000,0.000000,0.000000,0.000000,0.000000,0.000000,0.000000,0.000000,0.000000,0.000000,1.000000,0.967401,1.000000
2010-09-15,0.000000,0.000000,0.000000,0.003817,0.000000,0.000000,0.000000,0.000000,0.000000,0.000000,0.000000,0.000000,0.000000,0.000000,0.000000,0.000000,1.000000,0.971094,1.000000
2010-09-16,0.000000,0.000000,0.000000,-0.000265,0.000000,0.000000,0.000000,0.000000,0.000000,0.000000,0.000000,0.000000,0.000000,0.000000,0.000000,0.000000,1.000000,0.970836,1.000000
2010-09-17,0.000000,0.000000,0.000000,0.000373,0.000000,0.000000,0.000000,0.000000,0.000000,0.000000,0.000000,0.000000,0.000000,0.000000,0.000000,0.000000,1.000000,0.971199,1.000000
2010-09-20,0.000000,0.000000,0.000000,0.015291,0.000000,0.000000,0.000000,0.000000,0.000000,0.000000,0.000000,0.000000,0.000000,0.000000,0.000000,0.000000,1.000000,0.986049,1.000000
2010-09-21,0.000000,0.000000,0.000000,-0.002014,0.000000,0.000000,0.000000,0.000000,0.000000,0.000000,0.000000,0.000000,0.000000,0.000000,0.000000,0.000000,1.000000,0.984063,1.000000
2010-09-22,0.000000,0.000000,0.000000,-0.004913,0.000000,0.000000,0.000000,0.000000,0.000000,0.000000,0.000000,0.000000,0.000000,0.000000,0.000000,0.000000,1.000000,0.979228,1.000000
2010-09-23,0.000000,0.000000,0.000000,-0.008111,0.000000,0.000000,0.000000,0.000000,0.000000,0.000000,0.000000,0.000000,0.000000,0.000000,0.000000,0.000000,1.000000,0.971285,1.000000
2010-09-24,0.000000,0.000000,0.000000,0.020622,0.000000,0.000000,0.000000,0.000000,0.000000,0.000000,0.000000,0.000000,0.000000,0.000000,0.000000,0.000000,1.000000,0.991316,1.000000
2010-09-27,0.000000,0.000000,0.000000,-0.004790,0.000000,0.000000,0.000000,0.000000,0.000000,0.000000,0.000000,0.000000,0.000000,0.000000,0.000000,0.000000,1.000000,0.986567,1.000000
2010-09-28,0.000000,0.000000,0.000000,0.003500,0.000000,0.000000,0.000000,0.000000,0.000000,0.000000,0.000000,0.000000,0.000000,0.000000,0.000000,0.000000,1.000000,0.990020,1.000000
2010-09-29,0.000000,0.000000,0.000000,-0.001744,0.000000,0.000000,0.000000,0.000000,0.000000,0.000000,0.000000,0.000000,0.000000,0.000000,0.000000,0.000000,1.000000,0.988294,1.000000
2010-09-30,0.000000,0.000000,0.000000,-0.002970,0.000000,0.000000,0.000000,0.000000,0.000000,0.000000,0.000000,0.000000,0.000000,0.000000,0.000000,0.000000,1.000000,0.985358,1.000000
2010-10-01,0.000000,0.000000,0.000000,0.004205,0.000000,0.000000,0.000000,0.000000,0.000000,0.000000,0.000000,0.000000,0.000000,0.000000,0.000000,0.000000,1.000000,0.989502,1.000000
2010-10-04,0.000000,0.000000,0.000000,-0.007504,0.000000,0.000000,0.000000,0.000000,0.000000,0.000000,0.000000,0.000000,0.000000,0.000000,0.000000,0.000000,1.000000,0.982077,1.000000
2010-10-05,0.000000,0.000000,0.000000,0.020132,0.000000,0.000000,0.000000,0.000000,0.000000,0.000000,0.000000,0.000000,0.000000,0.000000,0.000000,0.000000,1.000000,1.001849,1.000000
2010-10-06,0.000000,0.000000,0.000000,-0.000086,0.000000,0.000000,0.000000,0.000000,0.000000,0.000000,0.000000,0.000000,0.000000,0.000000,0.000000,0.000000,1.000000,1.001762,1.000000
2010-10-07,0.000000,0.000000,0.000000,-0.001206,0.000000,0.000000,0.000000,0.000000,0.000000,0.000000,0.000000,0.000000,0.000000,0.000000,0.000000,0.000000,1.000000,1.000554,1.000000
2010-10-08,0.000000,0.000000,0.000000,0.005609,0.000000,0.000000,0.000000,0.000000,0.000000,0.000000,0.000000,0.000000,0.000000,0.000000,0.000000,0.000000,1.000000,1.006166,1.000000
2010-10-11,0.000000,0.000000,0.000000,0.000944,0.000000,0.000000,0.000000,0.000000,0.000000,0.000000,0.000000,0.000000,0.000000,0.000000,0.000000,0.000000,1.000000,1.007115,1.000000
2010-10-12,0.000000,0.000000,0.000000,0.003086,0.000000,0.000000,0.000000,0.000000,0.000000,0.000000,0.000000,0.000000,0.000000,0.000000,0.000000,0.000000,1.000000,1.010223,1.000000
2010-10-13,0.000000,0.000000,0.000000,0.007777,0.000000,0.000000,0.000000,0.000000,0.000000,0.000000,0.000000,0.000000,0.000000,0.000000,0.000000,0.000000,1.000000,1.018080,1.000000
2010-10-14,0.000000,0.000000,0.000000,-0.003901,0.000000,0.000000,0.000000,0.000000,0.000000,0.000000,0.000000,0.000000,0.000000,0.000000,0.000000,0.000000,1.000000,1.014108,1.000000
2010-10-15,0.000000,0.000000,0.000000,0.002043,0.000000,0.000000,0.000000,0.000000,0.000000,0.000000,0.000000,0.000000,0.000000,0.000000,0.000000,0.000000,1.000000,1.016181,1.000000
2010-10-18,0.000000,0.000000,0.000000,0.004927,0.000000,0.000000,0.000000,0.000000,0.000000,0.000000,0.000000,0.000000,0.000000,0.000000,0.000000,0.000000,1.000000,1.021188,1.000000
2010-10-19,0.000000,0.000000,0.000000,-0.013104,0.000000,0.000000,0.000000,0.000000,0.000000,0.000000,0.000000,0.000000,0.000000,0.000000,0.000000,0.000000,1.000000,1.007806,1.000000
2010-10-20,0.000000,0.000000,0.000000,0.009766,0.000000,0.000000,0.000000,0.000000,0.000000,0.000000,0.000000,0.000000,0.000000,0.000000,0.000000,0.000000,1.000000,1.017648,1.000000
2010-10-21,0.000000,0.000000,0.000000,0.002206,0.000000,0.000000,0.000000,0.000000,0.000000,0.000000,0.000000,0.000000,0.000000,0.000000,0.000000,0.000000,1.000000,1.019893,1.000000
2010-10-22,0.000000,0.000000,0.000000,0.001862,0.000000,0.000000,0.000000,0.000000,0.000000,0.000000,0.000000,0.000000,0.000000,0.000000,0.000000,0.000000,1.000000,1.021792,1.000000
2010-10-25,0.000000,0.000000,0.000000,0.002958,0.000000,0.000000,0.000000,0.000000,0.000000,0.000000,0.000000,0.000000,0.000000,0.000000,0.000000,0.000000,1.000000,1.024814,1.000000
2010-10-26,0.000000,0.000000,0.000000,0.000169,0.000000,0.000000,0.000000,0.000000,0.000000,0.000000,0.000000,0.000000,0.000000,0.000000,0.000000,0.000000,1.000000,1.024987,1.000000
2010-10-27,0.000000,0.000000,0.000000,-0.002864,0.000000,0.000000,0.000000,0.000000,0.000000,0.000000,0.000000,0.000000,0.000000,0.000000,0.000000,0.000000,1.000000,1.022051,1.000000
2010-10-28,0.000000,0.000000,0.000000,0.000169,0.000000,0.000000,0.000000,0.000000,0.000000,0.000000,0.000000,0.000000,0.000000,0.000000,0.000000,0.000000,1.000000,1.022223,1.000000
2010-10-29,0.000000,0.000000,0.000000,0.000761,0.000000,0.000000,0.000000,0.000000,0.000000,0.000000,0.000000,0.000000,0.000000,0.000000,0.000000,0.000000,1.000000,1.023001,1.000000
2010-11-01,0.000000,0.000000,0.000000,0.000337,0.000000,0.000000,0.000000,0.000000,0.000000,0.000000,0.000000,0.000000,0.000000,0.000000,0.000000,0.000000,1.000000,1.023346,1.000000
2010-11-02,0.000000,0.000000,0.000000,0.007931,0.000000,0.000000,0.000000,0.000000,0.000000,0.000000,0.000000,0.000000,0.000000,0.000000,0.000000,0.000000,1.000000,1.031462,1.000000
2010-11-03,0.000000,0.000000,0.000000,0.004018,0.000000,0.000000,0.000000,0.000000,0.000000,0.000000,0.000000,0.000000,0.000000,0.000000,0.000000,0.000000,1.000000,1.035606,1.000000
2010-11-04,0.000000,0.000000,0.000000,0.019258,0.000000,0.000000,0.000000,0.000000,0.000000,0.000000,0.000000,0.000000,0.000000,0.000000,0.000000,0.000000,1.000000,1.055550,1.000000
2010-11-05,0.000000,0.000000,0.000000,0.003763,0.000000,0.000000,0.000000,0.000000,0.000000,0.000000,0.000000,0.000000,0.000000,0.000000,0.000000,0.000000,1.000000,1.059521,1.000000
2010-11-08,0.000000,0.000000,0.000000,-0.001874,0.000000,0.000000,0.000000,0.000000,0.000000,0.000000,0.000000,0.000000,0.000000,0.000000,0.000000,0.000000,1.000000,1.057535,1.000000
2010-11-09,0.000000,0.000000,0.000000,-0.007184,0.000000,0.000000,0.000000,0.000000,0.000000,0.000000,0.000000,0.000000,0.000000,0.000000,0.000000,0.000000,1.000000,1.049938,1.000000
2010-11-10,0.000000,0.000000,0.000000,0.004029,0.000000,0.000000,0.000000,0.000000,0.000000,0.000000,0.000000,0.000000,0.000000,0.000000,0.000000,0.000000,1.000000,1.054169,1.000000
2010-11-11,0.000000,0.000000,0.000000,-0.003768,0.000000,0.000000,0.000000,0.000000,0.000000,0.000000,0.000000,0.000000,0.000000,0.000000,0.000000,0.000000,1.000000,1.050197,1.000000
2010-11-12,0.000000,0.000000,0.000000,-0.011838,0.000000,0.000000,0.000000,0.000000,0.000000,0.000000,0.000000,0.000000,0.000000,0.000000,0.000000,0.000000,1.000000,1.037764,1.000000
2010-11-15,0.000000,0.000000,0.000000,-0.001414,0.000000,0.000000,0.000000,0.000000,0.000000,0.000000,0.000000,0.000000,0.000000,0.000000,0.000000,0.000000,1.000000,1.036297,1.000000
2010-11-16,0.000000,0.000000,0.000000,-0.015579,0.000000,0.000000,0.000000,0.000000,0.000000,0.000000,0.000000,0.000000,0.000000,0.000000,0.000000,0.000000,1.000000,1.020152,1.000000
2010-11-17,0.000000,0.000000,0.000000,0.000508,0.000000,0.000000,0.000000,0.000000,0.000000,0.000000,0.000000,0.000000,0.000000,0.000000,0.000000,0.000000,1.000000,1.020670,1.000000
2010-11-18,0.000000,0.000000,0.000000,0.014718,0.000000,0.000000,0.000000,0.000000,0.000000,0.000000,0.000000,0.000000,0.000000,0.000000,0.000000,0.000000,1.000000,1.035692,1.000000
2010-11-19,0.000000,0.000000,0.000000,0.002751,0.000000,0.000000,0.000000,0.000000,0.000000,0.000000,0.000000,0.000000,0.000000,0.000000,0.000000,0.000000,1.000000,1.038541,1.000000
2010-11-22,0.000000,0.000000,0.000000,-0.000831,0.000000,0.000000,0.000000,0.000000,0.000000,0.000000,0.000000,0.000000,0.000000,0.000000,0.000000,0.000000,1.000000,1.037678,1.000000
2010-11-23,0.000000,0.000000,0.000000,-0.014477,0.000000,0.000000,0.000000,0.000000,0.000000,0.000000,0.000000,0.000000,0.000000,0.000000,0.000000,0.000000,1.000000,1.022656,1.000000
2010-11-24,0.000000,0.000000,0.000000,0.014774,0.000000,0.000000,0.000000,0.000000,0.000000,0.000000,0.000000,0.000000,0.000000,0.000000,0.000000,0.000000,1.000000,1.037764,1.000000
2010-11-25,0.000000,0.000000,0.000000,0.000000,0.000000,0.000000,0.000000,0.000000,0.000000,0.000000,0.000000,0.000000,0.000000,0.000000,0.000000,0.000000,1.000000,1.037764,1.000000
2010-11-26,0.000000,0.000000,0.000000,-0.011647,0.000000,0.000000,0.000000,0.000000,0.000000,0.000000,0.000000,0.000000,0.000000,0.000000,0.000000,0.000000,1.000000,1.025677,1.000000
2010-11-29,0.000000,0.000000,0.000000,0.003030,0.000000,0.000000,0.000000,0.000000,0.000000,0.000000,0.000000,0.000000,0.000000,0.000000,0.000000,0.000000,1.000000,1.028786,1.000000
2010-11-30,0.000000,0.000000,0.000000,-0.005623,0.000000,0.000000,0.000000,0.000000,0.000000,0.000000,0.000000,0.000000,0.000000,0.000000,0.000000,0.000000,1.000000,1.023001,1.000000
2010-12-01,0.000000,0.000000,0.000000,0.021268,0.000000,0.000000,0.000000,0.000000,0.000000,0.000000,0.000000,0.000000,0.000000,0.000000,0.000000,0.000000,1.000000,1.044758,1.000000
2010-12-02,0.000000,0.000000,0.000000,0.012809,0.000000,0.000000,0.000000,0.000000,0.000000,0.000000,0.000000,0.000000,0.000000,0.000000,0.000000,0.000000,1.000000,1.058140,1.000000
2010-12-03,0.000000,0.000000,0.000000,0.002693,0.000000,0.000000,0.000000,0.000000,0.000000,0.000000,0.000000,0.000000,0.000000,0.000000,0.000000,0.000000,1.000000,1.060989,1.000000
2010-12-06,0.000000,0.000000,0.000000,-0.001058,0.000000,0.000000,0.000000,0.000000,0.000000,0.000000,0.000000,0.000000,0.000000,0.000000,0.000000,0.000000,1.000000,1.059867,1.000000
2010-12-07,0.000000,0.000000,0.000000,0.000570,0.000000,0.000000,0.000000,0.000000,0.000000,0.000000,0.000000,0.000000,0.000000,0.000000,0.000000,0.000000,1.000000,1.060471,1.000000
2010-12-08,0.000000,0.000000,0.000000,0.003664,0.000000,0.000000,0.000000,0.000000,0.000000,0.000000,0.000000,0.000000,0.000000,0.000000,0.000000,0.000000,1.000000,1.064356,1.000000
2010-12-09,0.000000,0.000000,0.000000,0.003894,0.000000,0.000000,0.000000,0.000000,0.000000,0.000000,0.000000,0.000000,0.000000,0.000000,0.000000,0.000000,1.000000,1.068500,1.000000
2010-12-10,0.000000,0.000000,0.000000,0.005818,0.000000,0.000000,0.000000,0.000000,0.000000,0.000000,0.000000,0.000000,0.000000,0.000000,0.000000,0.000000,1.000000,1.074716,1.000000
2010-12-13,0.000000,0.000000,0.000000,0.000643,0.000000,0.000000,0.000000,0.000000,0.000000,0.000000,0.000000,0.000000,0.000000,0.000000,0.000000,0.000000,1.000000,1.075408,1.000000
2010-12-14,0.000000,0.000000,0.000000,0.000883,0.000000,0.000000,0.000000,0.000000,0.000000,0.000000,0.000000,0.000000,0.000000,0.000000,0.000000,0.000000,1.000000,1.076357,1.000000
2010-12-15,0.000000,0.000000,0.000000,-0.004572,0.000000,0.000000,0.000000,0.000000,0.000000,0.000000,0.000000,0.000000,0.000000,0.000000,0.000000,0.000000,1.000000,1.071436,1.000000
2010-12-16,0.000000,0.000000,0.000000,0.005802,0.000000,0.000000,0.000000,0.000000,0.000000,0.000000,0.000000,0.000000,0.000000,0.000000,0.000000,0.000000,1.000000,1.077652,1.000000
2010-12-17,0.000000,0.000000,0.000000,0.001071,0.000000,0.000000,0.000000,0.000000,0.000000,0.000000,0.000000,0.000000,0.000000,0.000000,0.000000,0.000000,1.000000,1.078806,1.000000
2010-12-20,0.000000,0.000000,0.000000,0.002413,0.000000,0.000000,0.000000,0.000000,0.000000,0.000000,0.000000,0.000000,0.000000,0.000000,0.000000,0.000000,1.000000,1.081410,1.000000
2010-12-21,0.000000,0.000000,0.000000,0.006341,0.000000,0.000000,0.000000,0.000000,0.000000,0.000000,0.000000,0.000000,0.000000,0.000000,0.000000,0.000000,1.000000,1.088267,1.000000
2010-12-22,0.000000,0.000000,0.000000,0.003110,0.000000,0.000000,0.000000,0.000000,0.000000,0.000000,0.000000,0.000000,0.000000,0.000000,0.000000,0.000000,1.000000,1.091652,1.000000
2010-12-23,0.000000,0.000000,0.000000,-0.001431,0.000000,0.000000,0.000000,0.000000,0.000000,0.000000,0.000000,0.000000,0.000000,0.000000,0.000000,0.000000,1.000000,1.090089,1.000000
2010-12-24,0.000000,0.000000,0.000000,0.000000,0.000000,0.000000,0.000000,0.000000,0.000000,0.000000,0.000000,0.000000,0.000000,0.000000,0.000000,0.000000,1.000000,1.090089,1.000000
2010-12-27,0.000000,0.000000,0.000000,0.000398,0.000000,0.000000,0.000000,0.000000,0.000000,0.000000,0.000000,0.000000,0.000000,0.000000,0.000000,0.000000,1.000000,1.090523,1.000000
2010-12-28,0.000000,0.000000,0.000000,0.001432,0.000000,0.000000,0.000000,0.000000,0.000000,0.000000,0.000000,0.000000,0.000000,0.000000,0.000000,0.000000,1.000000,1.092085,1.000000
2010-12-29,0.000000,0.000000,0.000000,0.000715,0.000000,0.000000,0.000000,0.000000,0.000000,0.000000,0.000000,0.000000,0.000000,0.000000,0.000000,0.000000,1.000000,1.092866,1.000000
2010-12-30,0.000000,0.000000,0.000000,-0.001588,0.000000,0.000000,0.000000,0.000000,0.000000,0.000000,0.000000,0.000000,0.000000,0.000000,0.000000,0.000000,1.000000,1.091130,1.000000
2010-12-31,0.000000,0.000000,0.000000,0.000239,0.000000,0.000000,0.000000,0.000000,0.000000,0.000000,0.000000,0.000000,0.000000,0.000000,0.000000,0.000000,1.000000,1.091391,1.000000
2011-01-03,0.000000,0.000000,0.000000,0.010338,0.000000,0.000000,0.000000,0.000000,0.000000,0.000000,0.000000,0.000000,0.000000,0.000000,0.000000,0.000000,1.000000,1.102674,1.000000
2011-01-04,0.000000,0.000000,0.000000,-0.000551,0.000000,0.000000,0.000000,0.000000,0.000000,0.000000,0.000000,0.000000,0.000000,0.000000,0.000000,0.000000,1.000000,1.102066,1.000000
2011-01-05,0.000000,0.000000,0.000000,0.005198,0.000000,0.000000,0.000000,0.000000,0.000000,0.000000,0.000000,0.000000,0.000000,0.000000,0.000000,0.000000,1.000000,1.107794,1.000000
2011-01-06,0.000000,0.000000,0.000000,-0.001959,0.000000,0.000000,0.000000,0.000000,0.000000,0.000000,0.000000,0.000000,0.000000,0.000000,0.000000,0.000000,1.000000,1.105625,1.000000
2011-01-07,0.000000,0.000000,0.000000,-0.001963,0.000000,0.000000,0.000000,0.000000,0.000000,0.000000,0.000000,0.000000,0.000000,0.000000,0.000000,0.000000,1.000000,1.103455,1.000000
2011-01-10,0.000000,0.000000,0.000000,-0.001258,0.000000,0.000000,0.000000,0.000000,0.000000,0.000000,0.000000,0.000000,0.000000,0.000000,0.000000,0.000000,1.000000,1.102066,1.000000
2011-01-11,0.000000,0.000000,0.000000,0.003544,0.000000,0.000000,0.000000,0.000000,0.000000,0.000000,0.000000,0.000000,0.000000,0.000000,0.000000,0.000000,1.000000,1.105972,1.000000
2011-01-12,0.000000,0.000000,0.000000,0.009025,0.000000,0.000000,0.000000,0.000000,0.000000,0.000000,0.000000,0.000000,0.000000,0.000000,0.000000,0.000000,1.000000,1.115953,1.000000
2011-01-13,0.000000,0.000000,0.000000,-0.001633,0.000000,0.000000,0.000000,0.000000,0.000000,0.000000,0.000000,0.000000,0.000000,0.000000,0.000000,0.000000,1.000000,1.114130,1.000000
2011-01-14,0.000000,0.000000,0.000000,0.007245,0.000000,0.000000,0.000000,0.000000,0.000000,0.000000,0.000000,0.000000,0.000000,0.000000,0.000000,0.000000,1.000000,1.122202,1.000000
2011-01-17,0.000000,0.000000,0.000000,0.000000,0.000000,0.000000,0.000000,0.000000,0.000000,0.000000,0.000000,0.000000,0.000000,0.000000,0.000000,0.000000,1.000000,1.122202,1.000000
2011-01-18,0.000000,0.000000,0.000000,0.001701,0.000000,0.000000,0.000000,0.000000,0.000000,0.000000,0.000000,0.000000,0.000000,0.000000,0.000000,0.000000,1.000000,1.124111,1.000000
2011-01-19,0.000000,0.000000,0.000000,-0.009805,0.000000,0.000000,0.000000,0.000000,0.000000,0.000000,0.000000,0.000000,0.000000,0.000000,0.000000,0.000000,1.000000,1.113089,1.000000
2011-01-20,0.000000,0.000000,0.000000,-0.001326,0.000000,0.000000,0.000000,0.000000,0.000000,0.000000,0.000000,0.000000,0.000000,0.000000,0.000000,0.000000,1.000000,1.111613,1.000000
2011-01-21,0.000000,0.000000,0.000000,0.002264,0.000000,0.000000,0.000000,0.000000,0.000000,0.000000,0.000000,0.000000,0.000000,0.000000,0.000000,0.000000,1.000000,1.114130,1.000000
2011-01-24,0.000000,0.000000,0.000000,0.005687,0.000000,0.000000,0.000000,0.000000,0.000000,0.000000,0.000000,0.000000,0.000000,0.000000,0.000000,0.000000,1.000000,1.120466,1.000000
2011-01-25,0.000000,0.000000,0.000000,0.000542,0.000000,0.000000,0.000000,0.000000,0.000000,0.000000,0.000000,0.000000,0.000000,0.000000,0.000000,0.000000,1.000000,1.121073,1.000000
2011-01-26,0.000000,0.000000,0.000000,0.003871,0.000000,0.000000,0.000000,0.000000,0.000000,0.000000,0.000000,0.000000,0.000000,0.000000,0.000000,0.000000,1.000000,1.125413,1.000000
2011-01-27,0.000000,0.000000,0.000000,0.002468,0.000000,0.000000,0.000000,0.000000,0.000000,0.000000,0.000000,0.000000,0.000000,0.000000,0.000000,0.000000,1.000000,1.128190,1.000000
2011-01-28,0.000000,0.000000,0.000000,-0.017463,0.000000,0.000000,0.000000,0.000000,0.000000,0.000000,0.000000,0.000000,0.000000,0.000000,0.000000,0.000000,1.000000,1.108489,1.000000
2011-01-31,0.000000,0.000000,0.000000,0.007516,0.000000,0.000000,0.000000,0.000000,0.000000,0.000000,0.000000,0.000000,0.000000,0.000000,0.000000,0.000000,1.000000,1.116820,1.000000
2011-02-01,0.017567,0.000250,0.017317,0.016009,0.015526,0.000000,0.000000,0.000000,0.000000,0.333333,0.333333,0.000000,0.000000,0.333333,0.000000,0.000000,1.017317,1.134700,1.015526
2011-02-02,-0.002654,0.000000,-0.002654,-0.001912,-0.003016,0.000000,0.000000,0.000000,0.000000,0.333333,0.333333,0.000000,0.000000,0.333333,0.000000,0.000000,1.014617,1.132530,1.012463
2011-02-03,0.005530,0.000000,0.005530,0.002222,0.003304,0.000000,0.000000,0.000000,0.000000,0.333333,0.333333,0.000000,0.000000,0.333333,0.000000,0.000000,1.020228,1.135047,1.015809
2011-02-04,0.003550,0.000000,0.003550,0.002829,0.002017,0.000000,0.000000,0.000000,0.000000,0.333333,0.333333,0.000000,0.000000,0.333333,0.000000,0.000000,1.023850,1.138258,1.017858
2011-02-07,0.006686,0.000000,0.006686,0.006252,0.005733,0.000000,0.000000,0.000000,0.000000,0.333333,0.333333,0.000000,0.000000,0.333333,0.000000,0.000000,1.030695,1.145375,1.023693
2011-02-08,0.007325,0.000000,0.007325,0.004547,0.004122,0.000000,0.000000,0.000000,0.000000,0.333333,0.333333,0.000000,0.000000,0.333333,0.000000,0.000000,1.038246,1.150582,1.027913
2011-02-09,-0.000866,0.000000,-0.000866,-0.002263,-0.002738,0.000000,0.000000,0.000000,0.000000,0.333333,0.333333,0.000000,0.000000,0.333333,0.000000,0.000000,1.037347,1.147979,1.025098
2011-02-10,0.002800,0.000000,0.002800,0.000378,0.001402,0.000000,0.000000,0.000000,0.000000,0.333333,0.333333,0.000000,0.000000,0.333333,0.000000,0.000000,1.040251,1.148412,1.026535
2011-02-11,0.007738,0.000000,0.007738,0.005971,0.005299,0.000000,0.000000,0.000000,0.000000,0.333333,0.333333,0.000000,0.000000,0.333333,0.000000,0.000000,1.048300,1.155269,1.031975
2011-02-14,0.001897,0.000000,0.001897,0.002404,0.002397,0.000000,0.000000,0.000000,0.000000,0.333333,0.333333,0.000000,0.000000,0.333333,0.000000,0.000000,1.050289,1.158046,1.034449
2011-02-15,-0.004618,0.000000,-0.004618,-0.003148,-0.003168,0.000000,0.000000,0.000000,0.000000,0.333333,0.333333,0.000000,0.000000,0.333333,0.000000,0.000000,1.045438,1.154401,1.031171
2011-02-16,0.008648,0.000000,0.008648,0.006316,0.006213,0.000000,0.000000,0.000000,0.000000,0.333333,0.333333,0.000000,0.000000,0.333333,0.000000,0.000000,1.054480,1.161691,1.037578
2011-02-17,0.003851,0.000000,0.003851,0.002988,0.003897,0.000000,0.000000,0.000000,0.000000,0.333333,0.333333,0.000000,0.000000,0.333333,0.000000,0.000000,1.058541,1.165163,1.041621
2011-02-18,-0.001048,0.000000,-0.001048,0.002086,0.000954,0.000000,0.000000,0.000000,0.000000,0.333333,0.333333,0.000000,0.000000,0.333333,0.000000,0.000000,1.057431,1.167593,1.042615
2011-02-21,0.000000,0.000000,0.000000,0.000000,0.000000,0.000000,0.000000,0.000000,0.000000,0.333333,0.333333,0.000000,0.000000,0.333333,0.000000,0.000000,1.057431,1.167593,1.042615
2011-02-22,-0.028320,0.000000,-0.028320,-0.020070,-0.019630,0.000000,0.000000,0.000000,0.000000,0.333333,0.333333,0.000000,0.000000,0.333333,0.000000,0.000000,1.027484,1.144159,1.022149
2011-02-23,-0.013212,0.000000,-0.013212,-0.006144,-0.005494,0.000000,0.000000,0.000000,0.000000,0.333333,0.333333,0.000000,0.000000,0.333333,0.000000,0.000000,1.013909,1.137129,1.016533
2011-02-24,0.002197,0.000000,0.002197,-0.000687,-0.001212,0.000000,0.000000,0.000000,0.000000,0.333333,0.333333,0.000000,0.000000,0.333333,0.000000,0.000000,1.016137,1.136348,1.015300
2011-02-25,0.011397,0.000000,0.011397,0.010693,0.010407,0.000000,0.000000,0.000000,0.000000,0.333333,0.333333,0.000000,0.000000,0.333333,0.000000,0.000000,1.027718,1.148499,1.025867
2011-02-28,0.007772,0.000000,0.007772,0.006197,0.007540,0.000000,0.000000,0.000000,0.000000,0.333333,0.333333,0.000000,0.000000,0.333333,0.000000,0.000000,1.035706,1.155616,1.033601
2011-03-01,-0.021548,0.000167,-0.021714,-0.016673,-0.016656,0.000000,0.000000,0.333333,0.000000,0.333333,0.000000,0.000000,0.000000,0.333333,0.000000,0.000000,1.013216,1.136348,1.016386
2011-03-02,0.004772,0.000000,0.004772,0.002139,0.002247,0.000000,0.000000,0.333333,0.000000,0.333333,0.000000,0.000000,0.000000,0.333333,0.000000,0.000000,1.018051,1.138779,1.018669
2011-03-03,0.020509,0.000000,0.020509,0.017224,0.017577,0.000000,0.000000,0.333333,0.000000,0.333333,0.000000,0.000000,0.000000,0.333333,0.000000,0.000000,1.038930,1.158393,1.036574
2011-03-04,-0.009093,0.000000,-0.009093,-0.007493,-0.007427,0.000000,0.000000,0.333333,0.000000,0.333333,0.000000,0.000000,0.000000,0.333333,0.000000,0.000000,1.029483,1.149714,1.028875
2011-03-07,-0.011136,0.000000,-0.011136,-0.007851,-0.007709,0.000000,0.000000,0.333333,0.000000,0.333333,0.000000,0.000000,0.000000,0.333333,0.000000,0.000000,1.018018,1.140688,1.020944
2011-03-08,0.006284,0.000000,0.006284,0.008750,0.009189,0.000000,0.000000,0.333333,0.000000,0.333333,0.000000,0.000000,0.000000,0.333333,0.000000,0.000000,1.024416,1.150669,1.030325
2011-03-09,-0.008419,0.000000,-0.008419,-0.001433,-0.001159,0.000000,0.000000,0.333333,0.000000,0.333333,0.000000,0.000000,0.000000,0.333333,0.000000,0.000000,1.015792,1.149020,1.029131
2011-03-10,-0.026141,0.000000,-0.026141,-0.018506,-0.018061,0.000000,0.000000,0.333333,0.000000,0.333333,0.000000,0.000000,0.000000,0.333333,0.000000,0.000000,0.989238,1.127756,1.010545
2011-03-11,0.014641,0.000000,0.014641,0.006926,0.007434,0.000000,0.000000,0.333333,0.000000,0.333333,0.000000,0.000000,0.000000,0.333333,0.000000,0.000000,1.003722,1.135567,1.018057
2011-03-14,-0.002229,0.000000,-0.002229,-0.006038,-0.006432,0.000000,0.000000,0.333333,0.000000,0.333333,0.000000,0.000000,0.000000,0.333333,0.000000,0.000000,1.001484,1.128711,1.011509
2011-03-15,-0.005633,0.000000,-0.005633,-0.011457,-0.010121,0.000000,0.000000,0.333333,0.000000,0.333333,0.000000,0.000000,0.000000,0.333333,0.000000,0.000000,0.995843,1.115779,1.001271
2011-03-16,-0.018244,0.000000,-0.018244,-0.018513,-0.018011,0.000000,0.000000,0.333333,0.000000,0.333333,0.000000,0.000000,0.000000,0.333333,0.000000,0.000000,0.977675,1.095123,0.983237
2011-03-17,0.021300,0.000000,0.021300,0.013235,0.012085,0.000000,0.000000,0.333333,0.000000,0.333333,0.000000,0.000000,0.000000,0.333333,0.000000,0.000000,0.998499,1.109617,0.995119
2011-03-18,0.002188,0.000000,0.002188,0.003637,0.004354,0.000000,0.000000,0.333333,0.000000,0.333333,0.000000,0.000000,0.000000,0.333333,0.000000,0.000000,1.000684,1.113653,0.999452
2011-03-21,0.023189,0.000000,0.023189,0.015498,0.015476,0.000000,0.000000,0.333333,0.000000,0.333333,0.000000,0.000000,0.000000,0.333333,0.000000,0.000000,1.023889,1.130912,1.014919
2011-03-22,-0.004141,0.000000,-0.004141,-0.003468,-0.003083,0.000000,0.000000,0.333333,0.000000,0.333333,0.000000,0.000000,0.000000,0.333333,0.000000,0.000000,1.019649,1.126989,1.011790
2011-03-23,0.006832,0.000000,0.006832,0.002862,0.003637,0.000000,0.000000,0.333333,0.000000,0.333333,0.000000,0.000000,0.000000,0.333333,0.000000,0.000000,1.026615,1.130215,1.015470
2011-03-24,0.006122,0.000000,0.006122,0.009563,0.008759,0.000000,0.000000,0.333333,0.000000,0.333333,0.000000,0.000000,0.000000,0.333333,0.000000,0.000000,1.032899,1.141023,1.024364
2011-03-25,0.005958,0.000000,0.005958,0.003056,0.002989,0.000000,0.000000,0.333333,0.000000,0.333333,0.000000,0.000000,0.000000,0.333333,0.000000,0.000000,1.039053,1.144510,1.027426
2011-03-28,-0.002604,0.000000,-0.002604,-0.002438,-0.003071,0.000000,0.000000,0.333333,0.000000,0.333333,0.000000,0.000000,0.000000,0.333333,0.000000,0.000000,1.036348,1.141721,1.024271
2011-03-29,0.010274,0.000000,0.010274,0.006719,0.007688,0.000000,0.000000,0.333333,0.000000,0.333333,0.000000,0.000000,0.000000,0.333333,0.000000,0.000000,1.046995,1.149391,1.032145
2011-03-30,0.007109,0.000000,0.007109,0.006902,0.007603,0.000000,0.000000,0.333333,0.000000,0.333333,0.000000,0.000000,0.000000,0.333333,0.000000,0.000000,1.054438,1.157324,1.039992
2011-03-31,0.001503,0.000000,0.001503,-0.001356,-0.000947,0.000000,0.000000,0.333333,0.000000,0.333333,0.000000,0.000000,0.000000,0.333333,0.000000,0.000000,1.056023,1.155755,1.039007
2011-04-01,0.004995,0.000000,0.004995,0.004223,0.005111,0.000000,0.000000,0.333333,0.000000,0.333333,0.000000,0.000000,0.000000,0.333333,0.000000,0.000000,1.061298,1.160636,1.044318
2011-04-04,0.002805,0.000000,0.002805,0.000826,0.001491,0.000000,0.000000,0.333333,0.000000,0.333333,0.000000,0.000000,0.000000,0.333333,0.000000,0.000000,1.064275,1.161595,1.045875
2011-04-05,0.003730,0.000000,0.003730,-0.000150,0.000534,0.000000,0.000000,0.333333,0.000000,0.333333,0.000000,0.000000,0.000000,0.333333,0.000000,0.000000,1.068245,1.161421,1.046433
2011-04-06,-0.005906,0.000000,-0.005906,0.003152,0.001478,0.000000,0.000000,0.333333,0.000000,0.333333,0.000000,0.000000,0.000000,0.333333,0.000000,0.000000,1.061936,1.165082,1.047980
2011-04-07,-0.002239,0.000000,-0.002239,-0.002544,-0.002189,0.000000,0.000000,0.333333,0.000000,0.333333,0.000000,0.000000,0.000000,0.333333,0.000000,0.000000,1.059557,1.162118,1.045687
2011-04-08,-0.004126,0.000000,-0.004126,-0.003450,-0.004376,0.000000,0.000000,0.333333,0.000000,0.333333,0.000000,0.000000,0.000000,0.333333,0.000000,0.000000,1.055185,1.158108,1.041110
2011-04-11,-0.010563,0.000000,-0.010563,-0.003011,-0.003902,0.000000,0.000000,0.333333,0.000000,0.333333,0.000000,0.000000,0.000000,0.333333,0.000000,0.000000,1.044039,1.154622,1.037048
2011-04-12,-0.017347,0.000000,-0.017347,-0.007474,-0.007280,0.000000,0.000000,0.333333,0.000000,0.333333,0.000000,0.000000,0.000000,0.333333,0.000000,0.000000,1.025928,1.145992,1.029498
2011-04-13,-0.001579,0.000000,-0.001579,-0.000076,-0.000021,0.000000,0.000000,0.333333,0.000000,0.333333,0.000000,0.000000,0.000000,0.333333,0.000000,0.000000,1.024309,1.145904,1.029477
2011-04-14,0.003306,0.000000,0.003306,0.000761,0.001530,0.000000,0.000000,0.333333,0.000000,0.333333,0.000000,0.000000,0.000000,0.333333,0.000000,0.000000,1.027695,1.146776,1.031052
2011-04-15,0.006130,0.000000,0.006130,0.003649,0.005124,0.000000,0.000000,0.333333,0.000000,0.333333,0.000000,0.000000,0.000000,0.333333,0.000000,0.000000,1.033995,1.150960,1.036335
2011-04-18,-0.014382,0.000000,-0.014382,-0.011209,-0.011119,0.000000,0.000000,0.333333,0.000000,0.333333,0.000000,0.000000,0.000000,0.333333,0.000000,0.000000,1.019124,1.138059,1.024812
2011-04-19,0.012216,0.000000,0.012216,0.005745,0.006163,0.000000,0.000000,0.333333,0.000000,0.333333,0.000000,0.000000,0.000000,0.333333,0.000000,0.000000,1.031574,1.144597,1.031128
2011-04-20,0.017660,0.000000,0.017660,0.013632,0.013599,0.000000,0.000000,0.333333,0.000000,0.333333,0.000000,0.000000,0.000000,0.333333,0.000000,0.000000,1.049792,1.160200,1.045151
2011-04-21,0.006085,0.000000,0.006085,0.005109,0.004608,0.000000,0.000000,0.333333,0.000000,0.333333,0.000000,0.000000,0.000000,0.333333,0.000000,0.000000,1.056180,1.166128,1.049967
2011-04-22,0.000000,0.000000,0.000000,0.000000,0.000000,0.000000,0.000000,0.333333,0.000000,0.333333,0.000000,0.000000,0.000000,0.333333,0.000000,0.000000,1.056180,1.166128,1.049967
2011-04-25,-0.005259,0.000000,-0.005259,-0.001046,-0.001938,0.000000,0.000000,0.333333,0.000000,0.333333,0.000000,0.000000,0.000000,0.333333,0.000000,0.000000,1.050625,1.164907,1.047932
2011-04-26,0.013442,0.000000,0.013442,0.008605,0.009242,0.000000,0.000000,0.333333,0.000000,0.333333,0.000000,0.000000,0.000000,0.333333,0.000000,0.000000,1.064748,1.174932,1.057617
2011-04-27,0.002381,0.000000,0.002381,0.006528,0.006338,0.000000,0.000000,0.333333,0.000000,0.333333,0.000000,0.000000,0.000000,0.333333,0.000000,0.000000,1.067284,1.182602,1.064320
2011-04-28,0.001004,0.000000,0.001004,0.003243,0.003967,0.000000,0.000000,0.333333,0.000000,0.333333,0.000000,0.000000,0.000000,0.333333,0.000000,0.000000,1.068356,1.186438,1.068543
2011-04-29,0.007654,0.000000,0.007654,0.002351,0.002673,0.000000,0.000000,0.333333,0.000000,0.333333,0.000000,0.000000,0.000000,0.333333,0.000000,0.000000,1.076533,1.189227,1.071399
2011-05-02,-0.007313,0.000000,-0.007313,-0.001539,-0.001635,0.000000,0.000000,0.333333,0.000000,0.333333,0.000000,0.000000,0.000000,0.333333,0.000000,0.000000,1.068660,1.187397,1.069647
2011-05-03,-0.012773,0.000000,-0.012773,-0.003597,-0.003663,0.000000,0.000000,0.333333,0.000000,0.333333,0.000000,0.000000,0.000000,0.333333,0.000000,0.000000,1.055010,1.183125,1.065729
2011-05-04,-0.016635,0.000000,-0.016635,-0.006631,-0.007443,0.000000,0.000000,0.333333,0.000000,0.333333,0.000000,0.000000,0.000000,0.333333,0.000000,0.000000,1.037460,1.175280,1.057797
2011-05-05,-0.012474,0.000000,-0.012474,-0.009048,-0.008847,0.000000,0.000000,0.333333,0.000000,0.333333,0.000000,0.000000,0.000000,0.333333,0.000000,0.000000,1.024519,1.164646,1.048439
2011-05-06,0.007124,0.000000,0.007124,0.004415,0.004932,0.000000,0.000000,0.333333,0.000000,0.333333,0.000000,0.000000,0.000000,0.333333,0.000000,0.000000,1.031818,1.169788,1.053609
2011-05-09,0.012067,0.000000,0.012067,0.003875,0.005594,0.000000,0.000000,0.333333,0.000000,0.333333,0.000000,0.000000,0.000000,0.333333,0.000000,0.000000,1.044269,1.174322,1.059504
2011-05-10,0.007467,0.000000,0.007467,0.008536,0.008914,0.000000,0.000000,0.333333,0.000000,0.333333,0.000000,0.000000,0.000000,0.333333,0.000000,0.000000,1.052067,1.184345,1.068948
2011-05-11,-0.022985,0.000000,-0.022985,-0.010525,-0.011980,0.000000,0.000000,0.333333,0.000000,0.333333,0.000000,0.000000,0.000000,0.333333,0.000000,0.000000,1.027885,1.171881,1.056142
2011-05-12,-0.000133,0.000000,-0.000133,0.004761,0.005680,0.000000,0.000000,0.333333,0.000000,0.333333,0.000000,0.000000,0.000000,0.333333,0.000000,0.000000,1.027748,1.177459,1.062141
2011-05-13,-0.009896,0.000000,-0.009896,-0.007699,-0.008105,0.000000,0.000000,0.333333,0.000000,0.333333,0.000000,0.000000,0.000000,0.333333,0.000000,0.000000,1.017577,1.168394,1.053533
2011-05-16,-0.004976,0.000000,-0.004976,-0.006341,-0.004524,0.000000,0.000000,0.333333,0.000000,0.333333,0.000000,0.000000,0.000000,0.333333,0.000000,0.000000,1.012514,1.160985,1.048767
2011-05-17,-0.008424,0.000000,-0.008424,-0.000150,-0.000790,0.000000,0.000000,0.333333,0.000000,0.333333,0.000000,0.000000,0.000000,0.333333,0.000000,0.000000,1.003985,1.160810,1.047938
2011-05-18,0.018682,0.000000,0.018682,0.008936,0.009507,0.000000,0.000000,0.333333,0.000000,0.333333,0.000000,0.000000,0.000000,0.333333,0.000000,0.000000,1.022742,1.171183,1.057900
2011-05-19,0.002091,0.000000,0.002091,0.002382,0.001902,0.000000,0.000000,0.333333,0.000000,0.333333,0.000000,0.000000,0.000000,0.333333,0.000000,0.000000,1.024880,1.173973,1.059912
2011-05-20,-0.007274,0.000000,-0.007274,-0.007945,-0.007047,0.000000,0.000000,0.333333,0.000000,0.333333,0.000000,0.000000,0.000000,0.333333,0.000000,0.000000,1.017425,1.164646,1.052443
2011-05-23,-0.013371,0.000000,-0.013371,-0.011601,-0.011831,0.000000,0.000000,0.333333,0.000000,0.333333,0.000000,0.000000,0.000000,0.333333,0.000000,0.000000,1.003821,1.151135,1.039992
2011-05-24,0.004661,0.000000,0.004661,-0.000833,-0.000005,0.000000,0.000000,0.333333,0.000000,0.333333,0.000000,0.000000,0.000000,0.333333,0.000000,0.000000,1.008500,1.150176,1.039986
2011-05-25,0.013156,0.000000,0.013156,0.003335,0.004029,0.000000,0.000000,0.333333,0.000000,0.333333,0.000000,0.000000,0.000000,0.333333,0.000000,0.000000,1.021768,1.154011,1.044176
2011-05-26,0.003797,0.000000,0.003797,0.004608,0.003876,0.000000,0.000000,0.333333,0.000000,0.333333,0.000000,0.000000,0.000000,0.333333,0.000000,0.000000,1.025648,1.159328,1.048224
2011-05-27,0.006045,0.000000,0.006045,0.003835,0.004148,0.000000,0.000000,0.333333,0.000000,0.333333,0.000000,0.000000,0.000000,0.333333,0.000000,0.000000,1.031848,1.163774,1.052572
2011-05-30,0.000000,0.000000,0.000000,0.000000,0.000000,0.000000,0.000000,0.333333,0.000000,0.333333,0.000000,0.000000,0.000000,0.333333,0.000000,0.000000,1.031848,1.163774,1.052572
2011-05-31,0.009790,0.000000,0.009790,0.010411,0.009775,0.000000,0.000000,0.333333,0.000000,0.333333,0.000000,0.000000,0.000000,0.333333,0.000000,0.000000,1.041949,1.175890,1.062860
2011-06-01,-0.029248,0.000000,-0.029248,-0.022461,-0.022126,0.000000,0.000000,0.333333,0.000000,0.333333,0.000000,0.000000,0.000000,0.333333,0.000000,0.000000,1.011474,1.149479,1.039344
2011-06-02,0.002126,0.000000,0.002126,-0.001062,-0.001253,0.000000,0.000000,0.333333,0.000000,0.333333,0.000000,0.000000,0.000000,0.333333,0.000000,0.000000,1.013625,1.148258,1.038042
2011-06-03,-0.008610,0.000000,-0.008610,-0.009944,-0.009586,0.000000,0.000000,0.333333,0.000000,0.333333,0.000000,0.000000,0.000000,0.333333,0.000000,0.000000,1.004898,1.136839,1.028091
2011-06-06,-0.013257,0.000000,-0.013257,-0.010581,-0.010266,0.000000,0.000000,0.333333,0.000000,0.333333,0.000000,0.000000,0.000000,0.333333,0.000000,0.000000,0.991576,1.124810,1.017537
2011-06-07,0.001052,0.000000,0.001052,-0.000620,-0.000001,0.000000,0.000000,0.333333,0.000000,0.333333,0.000000,0.000000,0.000000,0.333333,0.000000,0.000000,0.992619,1.124113,1.017536
2011-06-08,-0.005323,0.000000,-0.005323,-0.004187,-0.003963,0.000000,0.000000,0.333333,0.000000,0.333333,0.000000,0.000000,0.000000,0.333333,0.000000,0.000000,0.987335,1.119406,1.013503
2011-06-09,0.012571,0.000000,0.012571,0.007631,0.008368,0.000000,0.000000,0.333333,0.000000,0.333333,0.000000,0.000000,0.000000,0.333333,0.000000,0.000000,0.999747,1.127948,1.021984
2011-06-10,-0.015976,0.000000,-0.015976,-0.013910,-0.013716,0.000000,0.000000,0.333333,0.000000,0.333333,0.000000,0.000000,0.000000,0.333333,0.000000,0.000000,0.983775,1.112258,1.007966
2011-06-13,-0.007129,0.000000,-0.007129,0.000784,0.000242,0.000000,0.000000,0.333333,0.000000,0.333333,0.000000,0.000000,0.000000,0.333333,0.000000,0.000000,0.976761,1.113130,1.008210
2011-06-14,0.019876,0.000000,0.019876,0.012686,0.013147,0.000000,0.000000,0.333333,0.000000,0.333333,0.000000,0.000000,0.000000,0.333333,0.000000,0.000000,0.996175,1.127251,1.021465
2011-06-15,-0.020359,0.000000,-0.020359,-0.017785,-0.017551,0.000000,0.000000,0.333333,0.000000,0.333333,0.000000,0.000000,0.000000,0.333333,0.000000,0.000000,0.975894,1.107202,1.003537
2011-06-16,-0.001584,0.000000,-0.001584,0.002204,0.001511,0.000000,0.000000,0.333333,0.000000,0.333333,0.000000,0.000000,0.000000,0.333333,0.000000,0.000000,0.974348,1.109643,1.005053
2011-06-17,0.000560,0.000000,0.000560,0.002984,0.003646,0.000000,0.000000,0.333333,0.000000,0.333333,0.000000,0.000000,0.000000,0.333333,0.000000,0.000000,0.974894,1.112954,1.008718
2011-06-20,0.006665,0.000000,0.006665,0.005116,0.006043,0.000000,0.000000,0.333333,0.000000,0.333333,0.000000,0.000000,0.000000,0.333333,0.000000,0.000000,0.981392,1.118648,1.014813
2011-06-21,0.020422,0.000000,0.020422,0.013704,0.013289,0.000000,0.000000,0.333333,0.000000,0.333333,0.000000,0.000000,0.000000,0.333333,0.000000,0.000000,1.001434,1.133978,1.028300
2011-06-22,-0.004198,0.000000,-0.004198,-0.006025,-0.005822,0.000000,0.000000,0.333333,0.000000,0.333333,0.000000,0.000000,0.000000,0.333333,0.000000,0.000000,0.997230,1.127146,1.022313
2011-06-23,-0.004651,0.000000,-0.004651,-0.002876,-0.003567,0.000000,0.000000,0.333333,0.000000,0.333333,0.000000,0.000000,0.000000,0.333333,0.000000,0.000000,0.992592,1.123904,1.018666
2011-06-24,-0.012230,0.000000,-0.012230,-0.011613,-0.009608,0.000000,0.000000,0.333333,0.000000,0.333333,0.000000,0.000000,0.000000,0.333333,0.000000,0.000000,0.980452,1.110852,1.008879
2011-06-27,0.005117,0.000000,0.005117,0.008911,0.007583,0.000000,0.000000,0.333333,0.000000,0.333333,0.000000,0.000000,0.000000,0.333333,0.000000,0.000000,0.985470,1.120751,1.016530
2011-06-28,0.021401,0.000000,0.021401,0.013053,0.013433,0.000000,0.000000,0.333333,0.000000,0.333333,0.000000,0.000000,0.000000,0.333333,0.000000,0.000000,1.006560,1.135380,1.030185
2011-06-29,0.010954,0.000000,0.010954,0.008564,0.008943,0.000000,0.000000,0.333333,0.000000,0.333333,0.000000,0.000000,0.000000,0.333333,0.000000,0.000000,1.017586,1.145103,1.039397
2011-06-30,0.014326,0.000000,0.014326,0.009563,0.008942,0.000000,0.000000,0.333333,0.000000,0.333333,0.000000,0.000000,0.000000,0.333333,0.000000,0.000000,1.032164,1.156054,1.048692
2011-07-01,0.012903,0.000167,0.012737,0.014775,0.013669,0.000000,0.000000,0.333333,0.000000,0.000000,0.333333,0.000000,0.000000,0.333333,0.000000,0.000000,1.045310,1.173135,1.063026
2011-07-04,0.000000,0.000000,0.000000,0.000000,0.000000,0.000000,0.000000,0.333333,0.000000,0.000000,0.333333,0.000000,0.000000,0.333333,0.000000,0.000000,1.045310,1.173135,1.063026
2011-07-05,0.003942,0.000000,0.003942,-0.000821,-0.001127,0.000000,0.000000,0.333333,0.000000,0.000000,0.333333,0.000000,0.000000,0.333333,0.000000,0.000000,1.049431,1.172172,1.061829
2011-07-06,-0.000483,0.000000,-0.000483,0.001196,0.001505,0.000000,0.000000,0.333333,0.000000,0.000000,0.333333,0.000000,0.000000,0.333333,0.000000,0.000000,1.048924,1.173573,1.063427
2011-07-07,0.014655,0.000000,0.014655,0.010375,0.010385,0.000000,0.000000,0.333333,0.000000,0.000000,0.333333,0.000000,0.000000,0.333333,0.000000,0.000000,1.064296,1.185750,1.074471
2011-07-08,-0.007346,0.000000,-0.007346,-0.007092,-0.007108,0.000000,0.000000,0.333333,0.000000,0.000000,0.333333,0.000000,0.000000,0.333333,0.000000,0.000000,1.056478,1.177340,1.066834
2011-07-11,-0.021047,0.000000,-0.021047,-0.018080,-0.017449,0.000000,0.000000,0.333333,0.000000,0.000000,0.333333,0.000000,0.000000,0.333333,0.000000,0.000000,1.034242,1.156054,1.048218
2011-07-12,-0.004240,0.000000,-0.004240,-0.004319,-0.003770,0.000000,0.000000,0.333333,0.000000,0.000000,0.333333,0.000000,0.000000,0.333333,0.000000,0.000000,1.029857,1.151060,1.044267
2011-07-13,0.007117,0.000000,0.007117,0.003348,0.003301,0.000000,0.000000,0.333333,0.000000,0.000000,0.333333,0.000000,0.000000,0.333333,0.000000,0.000000,1.037186,1.154914,1.047714
2011-07-14,-0.007957,0.000000,-0.007957,-0.006902,-0.006799,0.000000,0.000000,0.333333,0.000000,0.000000,0.333333,0.000000,0.000000,0.333333,0.000000,0.000000,1.028933,1.146943,1.040591
2011-07-15,0.012092,0.000000,0.012092,0.005805,0.005032,0.000000,0.000000,0.333333,0.000000,0.000000,0.333333,0.000000,0.000000,0.333333,0.000000,0.000000,1.041375,1.153601,1.045827
2011-07-18,-0.008313,0.000000,-0.008313,-0.008201,-0.008496,0.000000,0.000000,0.333333,0.000000,0.000000,0.333333,0.000000,0.000000,0.333333,0.000000,0.000000,1.032718,1.144140,1.036943
2011-07-19,0.017555,0.000000,0.017555,0.016232,0.014824,0.000000,0.000000,0.333333,0.000000,0.000000,0.333333,0.000000,0.000000,0.333333,0.000000,0.000000,1.050847,1.162711,1.052314
2011-07-20,-0.002828,0.000000,-0.002828,-0.000603,0.000320,0.000000,0.000000,0.333333,0.000000,0.000000,0.333333,0.000000,0.000000,0.333333,0.000000,0.000000,1.047875,1.162010,1.052651
2011-07-21,0.014462,0.000000,0.014462,0.013871,0.013909,0.000000,0.000000,0.333333,0.000000,0.000000,0.333333,0.000000,0.000000,0.333333,0.000000,0.000000,1.063029,1.178129,1.067292
2011-07-22,0.001406,0.000000,0.001406,0.000669,-0.001103,0.000000,0.000000,0.333333,0.000000,0.000000,0.333333,0.000000,0.000000,0.333333,0.000000,0.000000,1.064524,1.178917,1.066115
2011-07-25,-0.004362,0.000000,-0.004362,-0.005572,-0.004379,0.000000,0.000000,0.333333,0.000000,0.000000,0.333333,0.000000,0.000000,0.333333,0.000000,0.000000,1.059880,1.172347,1.061447
2011-07-26,-0.005763,0.000000,-0.005763,-0.003736,-0.005179,0.000000,0.000000,0.333333,0.000000,0.000000,0.333333,0.000000,0.000000,0.333333,0.000000,0.000000,1.053771,1.167968,1.055950
2011-07-27,-0.019703,0.000000,-0.019703,-0.020476,-0.018634,0.000000,0.000000,0.333333,0.000000,0.000000,0.333333,0.000000,0.000000,0.333333,0.000000,0.000000,1.033009,1.144052,1.036273
2011-07-28,-0.003733,0.000000,-0.003733,-0.002910,-0.003077,0.000000,0.000000,0.333333,0.000000,0.000000,0.333333,0.000000,0.000000,0.333333,0.000000,0.000000,1.029153,1.140723,1.033084
2011-07-29,-0.008642,0.000000,-0.008642,-0.006835,-0.007046,0.000000,0.000000,0.333333,0.000000,0.000000,0.333333,0.000000,0.000000,0.333333,0.000000,0.000000,1.020258,1.132927,1.025805
2011-08-01,-0.003385,0.000000,-0.003385,-0.004253,-0.004245,0.000000,0.000000,0.333333,0.000000,0.000000,0.333333,0.000000,0.000000,0.333333,0.000000,0.000000,1.016805,1.128109,1.021451
2011-08-02,-0.032189,0.000000,-0.032189,-0.025547,-0.025674,0.000000,0.000000,0.333333,0.000000,0.000000,0.333333,0.000000,0.000000,0.333333,0.000000,0.000000,0.984075,1.099289,0.995226
2011-08-03,0.002298,0.000000,0.002298,0.005418,0.004097,0.000000,0.000000,0.333333,0.000000,0.000000,0.333333,0.000000,0.000000,0.333333,0.000000,0.000000,0.986336,1.105245,0.999304
2011-08-04,-0.061659,0.000000,-0.061659,-0.046841,-0.048154,0.000000,0.000000,0.333333,0.000000,0.000000,0.333333,0.000000,0.000000,0.333333,0.000000,0.000000,0.925520,1.053474,0.951184
2011-08-05,-0.004251,0.000000,-0.004251,-0.001497,-0.000868,0.000000,0.000000,0.333333,0.000000,0.000000,0.333333,0.000000,0.000000,0.333333,0.000000,0.000000,0.921585,1.051898,0.950358
2011-08-08,-0.073645,0.000000,-0.073645,-0.065123,-0.064928,0.000000,0.000000,0.333333,0.000000,0.000000,0.333333,0.000000,0.000000,0.333333,0.000000,0.000000,0.853715,0.983395,0.888653
2011-08-09,0.052968,0.000000,0.052968,0.046499,0.047216,0.000000,0.000000,0.333333,0.000000,0.000000,0.333333,0.000000,0.000000,0.333333,0.000000,0.000000,0.898935,1.029121,0.930612
2011-08-10,-0.037176,0.000000,-0.037176,-0.044178,-0.041177,0.000000,0.000000,0.333333,0.000000,0.000000,0.333333,0.000000,0.000000,0.333333,0.000000,0.000000,0.865516,0.983657,0.892292
2011-08-11,0.048511,0.000000,0.048511,0.044884,0.044955,0.000000,0.000000,0.333333,0.000000,0.000000,0.333333,0.000000,0.000000,0.333333,0.000000,0.000000,0.907503,1.027807,0.932406
2011-08-12,0.008716,0.000000,0.008716,0.006733,0.006851,0.000000,0.000000,0.333333,0.000000,0.000000,0.333333,0.000000,0.000000,0.333333,0.000000,0.000000,0.915413,1.034728,0.938794
2011-08-15,0.021472,0.000000,0.021472,0.021165,0.021592,0.000000,0.000000,0.333333,0.000000,0.000000,0.333333,0.000000,0.000000,0.333333,0.000000,0.000000,0.935069,1.056628,0.959064
2011-08-16,-0.012694,0.000000,-0.012694,-0.008539,-0.008785,0.000000,0.000000,0.333333,0.000000,0.000000,0.333333,0.000000,0.000000,0.333333,0.000000,0.000000,0.923199,1.047605,0.950639
2011-08-17,0.001832,0.000000,0.001832,0.000669,0.002101,0.000000,0.000000,0.333333,0.000000,0.000000,0.333333,0.000000,0.000000,0.333333,0.000000,0.000000,0.924890,1.048306,0.952637
2011-08-18,-0.055225,0.000000,-0.055225,-0.043119,-0.042290,0.000000,0.000000,0.333333,0.000000,0.000000,0.333333,0.000000,0.000000,0.333333,0.000000,0.000000,0.873813,1.003104,0.912349
2011-08-19,-0.016056,0.000000,-0.016056,-0.016331,-0.013511,0.000000,0.000000,0.333333,0.000000,0.000000,0.333333,0.000000,0.000000,0.333333,0.000000,0.000000,0.859783,0.986723,0.900023
2011-08-22,-0.001709,0.000000,-0.001709,0.000799,-0.000940,0.000000,0.000000,0.333333,0.000000,0.000000,0.333333,0.000000,0.000000,0.333333,0.000000,0.000000,0.858314,0.987511,0.899177
2011-08-23,0.039693,0.000000,0.039693,0.032911,0.032736,0.000000,0.000000,0.333333,0.000000,0.000000,0.333333,0.000000,0.000000,0.333333,0.000000,0.000000,0.892383,1.020011,0.928612
2011-08-24,0.012632,0.000000,0.012632,0.014084,0.014568,0.000000,0.000000,0.333333,0.000000,0.000000,0.333333,0.000000,0.000000,0.333333,0.000000,0.000000,0.903656,1.034377,0.942141
2011-08-25,-0.017344,0.000000,-0.017344,-0.015244,-0.015201,0.000000,0.000000,0.333333,0.000000,0.000000,0.333333,0.000000,0.000000,0.333333,0.000000,0.000000,0.887982,1.018609,0.927819
2011-08-26,0.020448,0.000000,0.020448,0.014534,0.014438,0.000000,0.000000,0.333333,0.000000,0.000000,0.333333,0.000000,0.000000,0.333333,0.000000,0.000000,0.906139,1.033414,0.941214
2011-08-29,0.029534,0.000000,0.029534,0.028736,0.027781,0.000000,0.000000,0.333333,0.000000,0.000000,0.333333,0.000000,0.000000,0.333333,0.000000,0.000000,0.932901,1.063110,0.967362
2011-08-30,0.006258,0.000000,0.006258,0.002636,0.003455,0.000000,0.000000,0.333333,0.000000,0.000000,0.333333,0.000000,0.000000,0.333333,0.000000,0.000000,0.938739,1.065913,0.970704
2011-08-31,0.005399,0.000000,0.005399,0.004438,0.005575,0.000000,0.000000,0.333333,0.000000,0.000000,0.333333,0.000000,0.000000,0.333333,0.000000,0.000000,0.943808,1.070643,0.976115
2011-09-01,-0.010289,0.000167,-0.010456,-0.010473,-0.011096,0.333333,0.000000,0.333333,0.000000,0.000000,0.333333,0.000000,0.000000,0.000000,0.000000,0.000000,0.933940,1.059431,0.965284
2011-09-02,-0.026314,0.000000,-0.026314,-0.025550,-0.025038,0.333333,0.000000,0.333333,0.000000,0.000000,0.333333,0.000000,0.000000,0.000000,0.000000,0.000000,0.909364,1.032363,0.941115
2011-09-05,0.000000,0.000000,0.000000,0.000000,0.000000,0.333333,0.000000,0.333333,0.000000,0.000000,0.333333,0.000000,0.000000,0.000000,0.000000,0.000000,0.909364,1.032363,0.941115
2011-09-06,-0.006194,0.000000,-0.006194,-0.007298,-0.006455,0.333333,0.000000,0.333333,0.000000,0.000000,0.333333,0.000000,0.000000,0.000000,0.000000,0.000000,0.903732,1.024829,0.935040
2011-09-07,0.029486,0.000000,0.029486,0.028208,0.027687,0.333333,0.000000,0.333333,0.000000,0.000000,0.333333,0.000000,0.000000,0.000000,0.000000,0.000000,0.930380,1.053737,0.960929
2011-09-08,-0.010056,0.000000,-0.010056,-0.010392,-0.010447,0.333333,0.000000,0.333333,0.000000,0.000000,0.333333,0.000000,0.000000,0.000000,0.000000,0.000000,0.921024,1.042787,0.950890
2011-09-09,-0.026906,0.000000,-0.026906,-0.026210,-0.027146,0.333333,0.000000,0.333333,0.000000,0.000000,0.333333,0.000000,0.000000,0.000000,0.000000,0.000000,0.896242,1.015456,0.925077
2011-09-12,0.009519,0.000000,0.009519,0.006470,0.005337,0.333333,0.000000,0.333333,0.000000,0.000000,0.333333,0.000000,0.000000,0.000000,0.000000,0.000000,0.904773,1.022026,0.930014
2011-09-13,0.008753,0.000000,0.008753,0.009171,0.009804,0.333333,0.000000,0.333333,0.000000,0.000000,0.333333,0.000000,0.000000,0.000000,0.000000,0.000000,0.912693,1.031399,0.939132
2011-09-14,0.014635,0.000000,0.014635,0.013844,0.013048,0.333333,0.000000,0.333333,0.000000,0.000000,0.333333,0.000000,0.000000,0.000000,0.000000,0.000000,0.926050,1.045678,0.951385
2011-09-15,0.017530,0.000000,0.017530,0.017257,0.016551,0.333333,0.000000,0.333333,0.000000,0.000000,0.333333,0.000000,0.000000,0.000000,0.000000,0.000000,0.942283,1.063723,0.967132
2011-09-16,0.006703,0.000000,0.006703,0.005919,0.006119,0.333333,0.000000,0.333333,0.000000,0.000000,0.333333,0.000000,0.000000,0.000000,0.000000,0.000000,0.948600,1.070019,0.973050
2011-09-19,-0.006685,0.000000,-0.006685,-0.009957,-0.010526,0.333333,0.000000,0.333333,0.000000,0.000000,0.333333,0.000000,0.000000,0.000000,0.000000,0.000000,0.942258,1.059365,0.962807
2011-09-20,-0.004641,0.000000,-0.004641,-0.001164,-0.001166,0.333333,0.000000,0.333333,0.000000,0.000000,0.333333,0.000000,0.000000,0.000000,0.000000,0.000000,0.937886,1.058132,0.961684
2011-09-21,-0.029584,0.000000,-0.029584,-0.029458,-0.032305,0.333333,0.000000,0.333333,0.000000,0.000000,0.333333,0.000000,0.000000,0.000000,0.000000,0.000000,0.910139,1.026961,0.930617
2011-09-22,-0.039172,0.000000,-0.039172,-0.032324,-0.032871,0.333333,0.000000,0.333333,0.000000,0.000000,0.333333,0.000000,0.000000,0.000000,0.000000,0.000000,0.874487,0.993765,0.900026
2011-09-23,0.005217,0.000000,0.005217,0.006025,0.005228,0.333333,0.000000,0.333333,0.000000,0.000000,0.333333,0.000000,0.000000,0.000000,0.000000,0.000000,0.879049,0.999753,0.904732
2011-09-26,0.024155,0.000000,0.024155,0.023780,0.024248,0.333333,0.000000,0.333333,0.000000,0.000000,0.333333,0.000000,0.000000,0.000000,0.000000,0.000000,0.900282,1.023527,0.926670
2011-09-27,0.011407,0.000000,0.011407,0.011184,0.011385,0.333333,0.000000,0.333333,0.000000,0.000000,0.333333,0.000000,0.000000,0.000000,0.000000,0.000000,0.910552,1.034974,0.937220
2011-09-28,-0.021352,0.000000,-0.021352,-0.020419,-0.023167,0.333333,0.000000,0.333333,0.000000,0.000000,0.333333,0.000000,0.000000,0.000000,0.000000,0.000000,0.891110,1.013841,0.915507
2011-09-29,-0.000268,0.000000,-0.000268,0.007904,0.008312,0.333333,0.000000,0.333333,0.000000,0.000000,0.333333,0.000000,0.000000,0.000000,0.000000,0.000000,0.890871,1.021854,0.923117
2011-09-30,-0.027753,0.000000,-0.027753,-0.024989,-0.024758,0.333333,0.000000,0.333333,0.000000,0.000000,0.333333,0.000000,0.000000,0.000000,0.000000,0.000000,0.866147,0.996319,0.900262
2011-10-03,-0.024101,0.000333,-0.024435,-0.028458,-0.028563,0.000000,0.000000,0.333333,0.000000,0.000000,0.000000,0.333333,0.333333,0.000000,0.000000,0.000000,0.844983,0.967966,0.874548
2011-10-04,0.012479,0.000000,0.012479,0.021923,0.022976,0.000000,0.000000,0.333333,0.000000,0.000000,0.000000,0.333333,0.333333,0.000000,0.000000,0.000000,0.855527,0.989186,0.894642
2011-10-05,0.012934,0.000000,0.012934,0.018516,0.018844,0.000000,0.000000,0.333333,0.000000,0.000000,0.000000,0.333333,0.333333,0.000000,0.000000,0.000000,0.866593,1.007502,0.911501
2011-10-06,0.016143,0.000000,0.016143,0.018091,0.019481,0.000000,0.000000,0.333333,0.000000,0.000000,0.000000,0.333333,0.333333,0.000000,0.000000,0.000000,0.880582,1.025728,0.929258
2011-10-07,-0.000810,0.000000,-0.000810,-0.006696,-0.006804,0.000000,0.000000,0.333333,0.000000,0.000000,0.000000,0.333333,0.333333,0.000000,0.000000,0.000000,0.879869,1.018860,0.922935
2011-10-10,0.026804,0.000000,0.026804,0.033446,0.032955,0.000000,0.000000,0.333333,0.000000,0.000000,0.000000,0.333333,0.333333,0.000000,0.000000,0.000000,0.903453,1.052937,0.953351
2011-10-11,-0.003009,0.000000,-0.003009,0.001003,0.000154,0.000000,0.000000,0.333333,0.000000,0.000000,0.000000,0.333333,0.333333,0.000000,0.000000,0.000000,0.900734,1.053993,0.953497
2011-10-12,0.003611,0.000000,0.003611,0.008772,0.008125,0.000000,0.000000,0.333333,0.000000,0.000000,0.000000,0.333333,0.333333,0.000000,0.000000,0.000000,0.903987,1.063239,0.961245
2011-10-13,-0.001444,0.000000,-0.001444,-0.001988,-0.003571,0.000000,0.000000,0.333333,0.000000,0.000000,0.000000,0.333333,0.333333,0.000000,0.000000,0.000000,0.902681,1.061126,0.957812
2011-10-14,0.019106,0.000000,0.019106,0.017094,0.017465,0.000000,0.000000,0.333333,0.000000,0.000000,0.000000,0.333333,0.333333,0.000000,0.000000,0.000000,0.919927,1.079265,0.974540
2011-10-17,-0.009697,0.000000,-0.009697,-0.019091,-0.019579,0.000000,0.000000,0.333333,0.000000,0.000000,0.000000,0.333333,0.333333,0.000000,0.000000,0.000000,0.911007,1.058660,0.955460
2011-10-18,0.015570,0.000000,0.015570,0.019546,0.020600,0.000000,0.000000,0.333333,0.000000,0.000000,0.000000,0.333333,0.333333,0.000000,0.000000,0.000000,0.925191,1.079353,0.975142
2011-10-19,-0.004135,0.000000,-0.004135,-0.011829,-0.011529,0.000000,0.000000,0.333333,0.000000,0.000000,0.000000,0.333333,0.333333,0.000000,0.000000,0.000000,0.921365,1.066585,0.963900
2011-10-20,0.006291,0.000000,0.006291,0.004376,0.005719,0.000000,0.000000,0.333333,0.000000,0.000000,0.000000,0.333333,0.333333,0.000000,0.000000,0.000000,0.927162,1.071252,0.969413
2011-10-21,0.017159,0.000000,0.017159,0.018988,0.020387,0.000000,0.000000,0.333333,0.000000,0.000000,0.000000,0.333333,0.333333,0.000000,0.000000,0.000000,0.943071,1.091592,0.989176
2011-10-24,0.000613,0.000000,0.000613,0.012261,0.012454,0.000000,0.000000,0.333333,0.000000,0.000000,0.000000,0.333333,0.333333,0.000000,0.000000,0.000000,0.943649,1.104976,1.001496
2011-10-25,-0.014649,0.000000,-0.014649,-0.019443,-0.019722,0.000000,0.000000,0.333333,0.000000,0.000000,0.000000,0.333333,0.333333,0.000000,0.000000,0.000000,0.929825,1.083491,0.981744
2011-10-26,0.011911,0.000000,0.011911,0.010158,0.010256,0.000000,0.000000,0.333333,0.000000,0.000000,0.000000,0.333333,0.333333,0.000000,0.000000,0.000000,0.940900,1.094498,0.991813
2011-10-27,0.026981,0.000000,0.026981,0.034835,0.035510,0.000000,0.000000,0.333333,0.000000,0.000000,0.000000,0.333333,0.333333,0.000000,0.000000,0.000000,0.966287,1.132625,1.027032
2011-10-28,-0.001331,0.000000,-0.001331,-0.000233,0.000027,0.000000,0.000000,0.333333,0.000000,0.000000,0.000000,0.333333,0.333333,0.000000,0.000000,0.000000,0.965000,1.132361,1.027059
2011-10-31,-0.021693,0.000000,-0.021693,-0.024106,-0.024853,0.000000,0.000000,0.333333,0.000000,0.000000,0.000000,0.333333,0.333333,0.000000,0.000000,0.000000,0.944067,1.105064,1.001534
2011-11-01,-0.019138,0.000167,-0.019305,-0.027889,-0.027026,0.000000,0.000000,0.000000,0.333333,0.000000,0.000000,0.333333,0.333333,0.000000,0.000000,0.000000,0.925842,1.074246,0.974467
2011-11-02,0.011259,0.000000,0.011259,0.016311,0.017821,0.000000,0.000000,0.000000,0.333333,0.000000,0.000000,0.333333,0.333333,0.000000,0.000000,0.000000,0.936266,1.091768,0.991833
2011-11-03,0.011767,0.000000,0.011767,0.018227,0.017853,0.000000,0.000000,0.000000,0.333333,0.000000,0.000000,0.333333,0.333333,0.000000,0.000000,0.000000,0.947283,1.111668,1.009541
2011-11-04,-0.006527,0.000000,-0.006527,-0.006099,-0.005965,0.000000,0.000000,0.000000,0.333333,0.000000,0.000000,0.333333,0.333333,0.000000,0.000000,0.000000,0.941100,1.104888,1.003518
2011-11-07,0.008524,0.000000,0.008524,0.006216,0.006648,0.000000,0.000000,0.000000,0.333333,0.000000,0.000000,0.333333,0.333333,0.000000,0.000000,0.000000,0.949122,1.111756,1.010190
2011-11-08,0.009556,0.000000,0.009556,0.012830,0.012005,0.000000,0.000000,0.000000,0.333333,0.000000,0.000000,0.333333,0.333333,0.000000,0.000000,0.000000,0.958192,1.126021,1.022317
2011-11-09,-0.024677,0.000000,-0.024677,-0.036909,-0.036719,0.000000,0.000000,0.000000,0.333333,0.000000,0.000000,0.333333,0.333333,0.000000,0.000000,0.000000,0.934547,1.084460,0.984779
2011-11-10,0.010205,0.000000,0.010205,0.009419,0.009946,0.000000,0.000000,0.000000,0.333333,0.000000,0.000000,0.333333,0.333333,0.000000,0.000000,0.000000,0.944083,1.094674,0.994574
2011-11-11,0.014511,0.000000,0.014511,0.018822,0.019931,0.000000,0.000000,0.000000,0.333333,0.000000,0.000000,0.333333,0.333333,0.000000,0.000000,0.000000,0.957783,1.115278,1.014397
2011-11-14,-0.009068,0.000000,-0.009068,-0.009474,-0.010272,0.000000,0.000000,0.000000,0.333333,0.000000,0.000000,0.333333,0.333333,0.000000,0.000000,0.000000,0.949097,1.104712,1.003977
2011-11-15,0.002963,0.000000,0.002963,0.004942,0.004154,0.000000,0.000000,0.000000,0.333333,0.000000,0.000000,0.333333,0.333333,0.000000,0.000000,0.000000,0.951909,1.110171,1.008148
2011-11-16,-0.013364,0.000000,-0.013364,-0.015863,-0.016841,0.000000,0.000000,0.000000,0.333333,0.000000,0.000000,0.333333,0.333333,0.000000,0.000000,0.000000,0.939188,1.092561,0.991170
2011-11-17,-0.006422,0.000000,-0.006422,-0.015877,-0.016055,0.000000,0.000000,0.000000,0.333333,0.000000,0.000000,0.333333,0.333333,0.000000,0.000000,0.000000,0.933157,1.075214,0.975256
2011-11-18,0.002585,0.000000,0.002585,-0.001065,0.000453,0.000000,0.000000,0.000000,0.333333,0.000000,0.000000,0.333333,0.333333,0.000000,0.000000,0.000000,0.935570,1.074070,0.975698
2011-11-21,-0.015896,0.000000,-0.015896,-0.019020,-0.018216,0.000000,0.000000,0.000000,0.333333,0.000000,0.000000,0.333333,0.333333,0.000000,0.000000,0.000000,0.920698,1.053641,0.957924
2011-11-22,-0.002938,0.000000,-0.002938,-0.003928,-0.004842,0.000000,0.000000,0.000000,0.333333,0.000000,0.000000,0.333333,0.333333,0.000000,0.000000,0.000000,0.917993,1.049503,0.953286
2011-11-23,-0.013675,0.000000,-0.013675,-0.022066,-0.021339,0.000000,0.000000,0.000000,0.333333,0.000000,0.000000,0.333333,0.333333,0.000000,0.000000,0.000000,0.905440,1.026345,0.932944
2011-11-24,0.000000,0.000000,0.000000,0.000000,0.000000,0.000000,0.000000,0.000000,0.333333,0.000000,0.000000,0.333333,0.333333,0.000000,0.000000,0.000000,0.905440,1.026345,0.932944
2011-11-25,0.001659,0.000000,0.001659,-0.001888,-0.001906,0.000000,0.000000,0.000000,0.333333,0.000000,0.000000,0.333333,0.333333,0.000000,0.000000,0.000000,0.906942,1.024407,0.931165
2011-11-28,0.018391,0.000000,0.018391,0.028967,0.028561,0.000000,0.000000,0.000000,0.333333,0.000000,0.000000,0.333333,0.333333,0.000000,0.000000,0.000000,0.923621,1.054081,0.957760
2011-11-29,0.008535,0.000000,0.008535,0.002840,0.004001,0.000000,0.000000,0.000000,0.333333,0.000000,0.000000,0.333333,0.333333,0.000000,0.000000,0.000000,0.931504,1.057075,0.961592
2011-11-30,0.029479,0.000000,0.029479,0.041149,0.042548,0.000000,0.000000,0.000000,0.333333,0.000000,0.000000,0.333333,0.333333,0.000000,0.000000,0.000000,0.958964,1.100573,1.002506
2011-12-01,-0.000977,0.000000,-0.000977,-0.000160,-0.001920,0.000000,0.000000,0.000000,0.333333,0.000000,0.000000,0.333333,0.333333,0.000000,0.000000,0.000000,0.958026,1.100397,1.000581
2011-12-02,-0.008695,0.000000,-0.008695,-0.000880,-0.001939,0.000000,0.000000,0.000000,0.333333,0.000000,0.000000,0.333333,0.333333,0.000000,0.000000,0.000000,0.949696,1.099428,0.998641
2011-12-05,0.005182,0.000000,0.005182,0.010892,0.010107,0.000000,0.000000,0.000000,0.333333,0.000000,0.000000,0.333333,0.333333,0.000000,0.000000,0.000000,0.954618,1.111404,1.008735
2011-12-06,0.002760,0.000000,0.002760,0.000317,0.001581,0.000000,0.000000,0.000000,0.333333,0.000000,0.000000,0.333333,0.333333,0.000000,0.000000,0.000000,0.957252,1.111756,1.010329
2011-12-07,0.002832,0.000000,0.002832,0.003723,0.002131,0.000000,0.000000,0.000000,0.333333,0.000000,0.000000,0.333333,0.333333,0.000000,0.000000,0.000000,0.959963,1.115895,1.012482
2011-12-08,-0.014879,0.000000,-0.014879,-0.021937,-0.022694,0.000000,0.000000,0.000000,0.333333,0.000000,0.000000,0.333333,0.333333,0.000000,0.000000,0.000000,0.945679,1.091416,0.989504
2011-12-09,0.012617,0.000000,0.012617,0.016942,0.016690,0.000000,0.000000,0.000000,0.333333,0.000000,0.000000,0.333333,0.333333,0.000000,0.000000,0.000000,0.957610,1.109907,1.006019
2011-12-12,-0.009820,0.000000,-0.009820,-0.014597,-0.014913,0.000000,0.000000,0.000000,0.333333,0.000000,0.000000,0.333333,0.333333,0.000000,0.000000,0.000000,0.948207,1.093705,0.991017
2011-12-13,-0.000085,0.000000,-0.000085,-0.009339,-0.009183,0.000000,0.000000,0.000000,0.333333,0.000000,0.000000,0.333333,0.333333,0.000000,0.000000,0.000000,0.948126,1.083491,0.981917
2011-12-14,-0.003991,0.000000,-0.003991,-0.010647,-0.010427,0.000000,0.000000,0.000000,0.333333,0.000000,0.000000,0.333333,0.333333,0.000000,0.000000,0.000000,0.944343,1.071956,0.971678
2011-12-15,0.011132,0.000000,0.011132,0.003614,0.004779,0.000000,0.000000,0.000000,0.333333,0.000000,0.000000,0.333333,0.333333,0.000000,0.000000,0.000000,0.954855,1.075831,0.976321
2011-12-16,-0.002465,0.000000,-0.002465,0.001483,0.002290,0.000000,0.000000,0.000000,0.333333,0.000000,0.000000,0.333333,0.333333,0.000000,0.000000,0.000000,0.952501,1.077426,0.978557
2011-12-19,-0.003885,0.000000,-0.003885,-0.010692,-0.011161,0.000000,0.000000,0.000000,0.333333,0.000000,0.000000,0.333333,0.333333,0.000000,0.000000,0.000000,0.948800,1.065906,0.967636
2011-12-20,0.020991,0.000000,0.020991,0.030260,0.030126,0.000000,0.000000,0.000000,0.333333,0.000000,0.000000,0.333333,0.333333,0.000000,0.000000,0.000000,0.968717,1.098161,0.996786
2011-12-21,0.010642,0.000000,0.010642,0.001936,0.004132,0.000000,0.000000,0.000000,0.333333,0.000000,0.000000,0.333333,0.333333,0.000000,0.000000,0.000000,0.979025,1.100287,1.000905
2011-12-22,0.002700,0.000000,0.002700,0.008859,0.008315,0.000000,0.000000,0.000000,0.333333,0.000000,0.000000,0.333333,0.333333,0.000000,0.000000,0.000000,0.981668,1.110034,1.009227
2011-12-23,0.006646,0.000000,0.006646,0.008941,0.008065,0.000000,0.000000,0.000000,0.333333,0.000000,0.000000,0.333333,0.333333,0.000000,0.000000,0.000000,0.988193,1.119959,1.017366
2011-12-26,0.000000,0.000000,0.000000,0.000000,0.000000,0.000000,0.000000,0.000000,0.333333,0.000000,0.000000,0.333333,0.333333,0.000000,0.000000,0.000000,0.988193,1.119959,1.017366
2011-12-27,0.004081,0.000000,0.004081,0.000791,0.001505,0.000000,0.000000,0.000000,0.333333,0.000000,0.000000,0.333333,0.333333,0.000000,0.000000,0.000000,0.992226,1.120845,1.018898
2011-12-28,-0.006467,0.000000,-0.006467,-0.013124,-0.012817,0.000000,0.000000,0.000000,0.333333,0.000000,0.000000,0.333333,0.333333,0.000000,0.000000,0.000000,0.985809,1.106136,1.005838
2011-12-29,0.006756,0.000000,0.006756,0.010334,0.009943,0.000000,0.000000,0.000000,0.333333,0.000000,0.000000,0.333333,0.333333,0.000000,0.000000,0.000000,0.992470,1.117566,1.015840
2011-12-30,-0.004499,0.000000,-0.004499,-0.004916,-0.003952,0.000000,0.000000,0.000000,0.333333,0.000000,0.000000,0.333333,0.333333,0.000000,0.000000,0.000000,0.988004,1.112072,1.011825
2012-01-02,0.000000,0.000000,0.000000,0.000000,0.000000,0.000000,0.000000,0.000000,0.333333,0.000000,0.000000,0.333333,0.333333,0.000000,0.000000,0.000000,0.988004,1.112072,1.011825
2012-01-03,-0.001913,0.000000,-0.001913,0.015936,0.013387,0.000000,0.000000,0.000000,0.333333,0.000000,0.000000,0.333333,0.333333,0.000000,0.000000,0.000000,0.986114,1.129795,1.025370
2012-01-04,-0.004218,0.000000,-0.004218,0.001568,0.001123,0.000000,0.000000,0.000000,0.333333,0.000000,0.000000,0.333333,0.333333,0.000000,0.000000,0.000000,0.981955,1.131567,1.026522
2012-01-05,0.001411,0.000000,0.001411,0.002663,0.003064,0.000000,0.000000,0.000000,0.333333,0.000000,0.000000,0.333333,0.333333,0.000000,0.000000,0.000000,0.983341,1.134580,1.029667
2012-01-06,-0.003391,0.000000,-0.003391,-0.002577,-0.002623,0.000000,0.000000,0.000000,0.333333,0.000000,0.000000,0.333333,0.333333,0.000000,0.000000,0.000000,0.980006,1.131656,1.026966
2012-01-09,0.001563,0.000000,0.001563,0.002427,0.002359,0.000000,0.000000,0.000000,0.333333,0.000000,0.000000,0.333333,0.333333,0.000000,0.000000,0.000000,0.981539,1.134403,1.029389
2012-01-10,0.004076,0.000000,0.004076,0.008670,0.009103,0.000000,0.000000,0.000000,0.333333,0.000000,0.000000,0.333333,0.333333,0.000000,0.000000,0.000000,0.985540,1.144238,1.038759
2012-01-11,-0.002680,0.000000,-0.002680,0.000542,0.000858,0.000000,0.000000,0.000000,0.333333,0.000000,0.000000,0.333333,0.333333,0.000000,0.000000,0.000000,0.982898,1.144859,1.039651
2012-01-12,0.000453,0.000000,0.000453,0.002399,0.002916,0.000000,0.000000,0.000000,0.333333,0.000000,0.000000,0.333333,0.333333,0.000000,0.000000,0.000000,0.983344,1.147606,1.042683
2012-01-13,-0.002000,0.000000,-0.002000,-0.005173,-0.004399,0.000000,0.000000,0.000000,0.333333,0.000000,0.000000,0.333333,0.333333,0.000000,0.000000,0.000000,0.981376,1.141669,1.038096
2012-01-16,0.000000,0.000000,0.000000,0.000000,0.000000,0.000000,0.000000,0.000000,0.333333,0.000000,0.000000,0.333333,0.333333,0.000000,0.000000,0.000000,0.981376,1.141669,1.038096
2012-01-17,0.003028,0.000000,0.003028,0.003881,0.002902,0.000000,0.000000,0.000000,0.333333,0.000000,0.000000,0.333333,0.333333,0.000000,0.000000,0.000000,0.984348,1.146099,1.041109
2012-01-18,0.002498,0.000000,0.002498,0.011057,0.010009,0.000000,0.000000,0.000000,0.333333,0.000000,0.000000,0.333333,0.333333,0.000000,0.000000,0.000000,0.986806,1.158771,1.051529
2012-01-19,-0.002155,0.000000,-0.002155,0.005276,0.003803,0.000000,0.000000,0.000000,0.333333,0.000000,0.000000,0.333333,0.333333,0.000000,0.000000,0.000000,0.984680,1.164885,1.055528
2012-01-20,0.000585,0.000000,0.000585,0.003727,-0.000989,0.000000,0.000000,0.000000,0.333333,0.000000,0.000000,0.333333,0.333333,0.000000,0.000000,0.000000,0.985256,1.169227,1.054484
2012-01-23,-0.000448,0.000000,-0.000448,-0.002577,0.001240,0.000000,0.000000,0.000000,0.333333,0.000000,0.000000,0.333333,0.333333,0.000000,0.000000,0.000000,0.984815,1.166214,1.055791
2012-01-24,-0.004446,0.000000,-0.004446,-0.001140,-0.001598,0.000000,0.000000,0.000000,0.333333,0.000000,0.000000,0.333333,0.333333,0.000000,0.000000,0.000000,0.980436,1.164885,1.054104
2012-01-25,0.011771,0.000000,0.011771,0.008368,0.010190,0.000000,0.000000,0.000000,0.333333,0.000000,0.000000,0.333333,0.333333,0.000000,0.000000,0.000000,0.991977,1.174632,1.064845
2012-01-26,-0.001570,0.000000,-0.001570,-0.005129,-0.004145,0.000000,0.000000,0.000000,0.333333,0.000000,0.000000,0.333333,0.333333,0.000000,0.000000,0.000000,0.990419,1.168607,1.060431
2012-01-27,-0.006151,0.000000,-0.006151,-0.000455,-0.001910,0.000000,0.000000,0.000000,0.333333,0.000000,0.000000,0.333333,0.333333,0.000000,0.000000,0.000000,0.984327,1.168075,1.058405
2012-01-30,-0.004749,0.000000,-0.004749,-0.003414,-0.003641,0.000000,0.000000,0.000000,0.333333,0.000000,0.000000,0.333333,0.333333,0.000000,0.000000,0.000000,0.979652,1.164087,1.054551
2012-01-31,0.002130,0.000000,0.002130,-0.000381,0.000446,0.000000,0.000000,0.000000,0.333333,0.000000,0.000000,0.333333,0.333333,0.000000,0.000000,0.000000,0.981739,1.163644,1.055021
2012-02-01,0.006806,0.000000,0.006806,0.008757,0.008236,0.000000,0.000000,0.000000,0.333333,0.000000,0.000000,0.333333,0.333333,0.000000,0.000000,0.000000,0.988420,1.173835,1.063710
2012-02-02,-0.000625,0.000000,-0.000625,0.001585,0.000861,0.000000,0.000000,0.000000,0.333333,0.000000,0.000000,0.333333,0.333333,0.000000,0.000000,0.000000,0.987802,1.175695,1.064626
2012-02-03,0.003837,0.000000,0.003837,0.014019,0.013385,0.000000,0.000000,0.000000,0.333333,0.000000,0.000000,0.333333,0.333333,0.000000,0.000000,0.000000,0.991592,1.192177,1.078876
2012-02-06,-0.003481,0.000000,-0.003481,-0.000669,-0.001441,0.000000,0.000000,0.000000,0.333333,0.000000,0.000000,0.333333,0.333333,0.000000,0.000000,0.000000,0.988140,1.191380,1.077322
2012-02-07,0.003914,0.000000,0.003914,0.002529,0.002372,0.000000,0.000000,0.000000,0.333333,0.000000,0.000000,0.333333,0.333333,0.000000,0.000000,0.000000,0.992007,1.194393,1.079877
2012-02-08,0.000484,0.000000,0.000484,0.002968,0.001919,0.000000,0.000000,0.000000,0.333333,0.000000,0.000000,0.333333,0.333333,0.000000,0.000000,0.000000,0.992488,1.197937,1.081950
2012-02-09,-0.000859,0.000000,-0.000859,0.001257,0.000950,0.000000,0.000000,0.000000,0.333333,0.000000,0.000000,0.333333,0.333333,0.000000,0.000000,0.000000,0.991636,1.199443,1.082977
2012-02-10,-0.002774,0.000000,-0.002774,-0.007387,-0.007480,0.000000,0.000000,0.000000,0.333333,0.000000,0.000000,0.333333,0.333333,0.000000,0.000000,0.000000,0.988885,1.190583,1.074876
2012-02-13,0.003561,0.000000,0.003561,0.007442,0.006319,0.000000,0.000000,0.000000,0.333333,0.000000,0.000000,0.333333,0.333333,0.000000,0.000000,0.000000,0.992407,1.199443,1.081669
2012-02-14,0.002296,0.000000,0.002296,-0.001255,-0.001852,0.000000,0.000000,0.000000,0.333333,0.000000,0.000000,0.333333,0.333333,0.000000,0.000000,0.000000,0.994685,1.197937,1.079666
2012-02-15,-0.001417,0.000000,-0.001417,-0.004661,-0.003794,0.000000,0.000000,0.000000,0.333333,0.000000,0.000000,0.333333,0.333333,0.000000,0.000000,0.000000,0.993276,1.192354,1.075569
2012-02-16,0.007531,0.000000,0.007531,0.011073,0.010812,0.000000,0.000000,0.000000,0.333333,0.000000,0.000000,0.333333,0.333333,0.000000,0.000000,0.000000,1.000756,1.205558,1.087198
2012-02-17,-0.000987,0.000000,-0.000987,0.002646,0.002212,0.000000,0.000000,0.000000,0.333333,0.000000,0.000000,0.333333,0.333333,0.000000,0.000000,0.000000,0.999768,1.208748,1.089603
2012-02-20,0.000000,0.000000,0.000000,0.000000,0.000000,0.000000,0.000000,0.000000,0.333333,0.000000,0.000000,0.333333,0.333333,0.000000,0.000000,0.000000,0.999768,1.208748,1.089603
2012-02-21,-0.005544,0.000000,-0.005544,0.000440,-0.000045,0.000000,0.000000,0.000000,0.333333,0.000000,0.000000,0.333333,0.333333,0.000000,0.000000,0.000000,0.994226,1.209279,1.089554
2012-02-22,-0.000531,0.000000,-0.000531,-0.003224,-0.002324,0.000000,0.000000,0.000000,0.333333,0.000000,0.000000,0.333333,0.333333,0.000000,0.000000,0.000000,0.993698,1.205380,1.087021
2012-02-23,0.001721,0.000000,0.001721,0.004411,0.003572,0.000000,0.000000,0.000000,0.333333,0.000000,0.000000,0.333333,0.333333,0.000000,0.000000,0.000000,0.995408,1.210697,1.090904
2012-02-24,0.004211,0.000000,0.004211,0.002195,0.001906,0.000000,0.000000,0.000000,0.333333,0.000000,0.000000,0.333333,0.333333,0.000000,0.000000,0.000000,0.999599,1.213355,1.092984
2012-02-27,0.000549,0.000000,0.000549,0.001680,0.001626,0.000000,0.000000,0.000000,0.333333,0.000000,0.000000,0.333333,0.333333,0.000000,0.000000,0.000000,1.000148,1.215394,1.094761
2012-02-28,0.000780,0.000000,0.000780,0.002916,0.001829,0.000000,0.000000,0.000000,0.333333,0.000000,0.000000,0.333333,0.333333,0.000000,0.000000,0.000000,1.000929,1.218938,1.096763
2012-02-29,-0.001507,0.000000,-0.001507,-0.003926,-0.005896,0.000000,0.000000,0.000000,0.333333,0.000000,0.000000,0.333333,0.333333,0.000000,0.000000,0.000000,0.999420,1.214153,1.090296
2012-03-01,0.002109,0.000000,0.002109,0.005182,0.006174,0.000000,0.000000,0.000000,0.333333,0.000000,0.000000,0.333333,0.333333,0.000000,0.000000,0.000000,1.001528,1.220444,1.097028
2012-03-02,-0.000439,0.000000,-0.000439,-0.003049,-0.002934,0.000000,0.000000,0.000000,0.333333,0.000000,0.000000,0.333333,0.333333,0.000000,0.000000,0.000000,1.001088,1.216723,1.093810
2012-03-05,0.001534,0.000000,0.001534,-0.004078,-0.004274,0.000000,0.000000,0.000000,0.333333,0.000000,0.000000,0.333333,0.333333,0.000000,0.000000,0.000000,1.002624,1.211760,1.089135
2012-03-06,-0.008454,0.000000,-0.008454,-0.014625,-0.014918,0.000000,0.000000,0.000000,0.333333,0.000000,0.000000,0.333333,0.333333,0.000000,0.000000,0.000000,0.994148,1.194038,1.072888
2012-03-07,0.002186,0.000000,0.002186,0.006976,0.006549,0.000000,0.000000,0.000000,0.333333,0.000000,0.000000,0.333333,0.333333,0.000000,0.000000,0.000000,0.996321,1.202367,1.079914
2012-03-08,0.007076,0.000000,0.007076,0.009949,0.010013,0.000000,0.000000,0.000000,0.333333,0.000000,0.000000,0.333333,0.333333,0.000000,0.000000,0.000000,1.003371,1.214330,1.090727
2012-03-09,0.003808,0.000000,0.003808,0.003868,0.003471,0.000000,0.000000,0.000000,0.333333,0.000000,0.000000,0.333333,0.333333,0.000000,0.000000,0.000000,1.007192,1.219027,1.094513
2012-03-12,0.004986,0.000000,0.004986,0.000073,-0.000038,0.000000,0.000000,0.000000,0.333333,0.000000,0.000000,0.333333,0.333333,0.000000,0.000000,0.000000,1.012214,1.219115,1.094472
2012-03-13,0.008358,0.000000,0.008358,0.018026,0.016460,0.000000,0.000000,0.000000,0.333333,0.000000,0.000000,0.333333,0.333333,0.000000,0.000000,0.000000,1.020674,1.241091,1.112487
2012-03-14,-0.006025,0.000000,-0.006025,-0.001071,-0.003360,0.000000,0.000000,0.000000,0.333333,0.000000,0.000000,0.333333,0.333333,0.000000,0.000000,0.000000,1.014524,1.239761,1.108749
2012-03-15,0.000849,0.000000,0.000849,0.005790,0.005218,0.000000,0.000000,0.000000,0.333333,0.000000,0.000000,0.333333,0.333333,0.000000,0.000000,0.000000,1.015386,1.246939,1.114534
2012-03-16,-0.000523,0.000000,-0.000523,0.001385,0.001634,0.000000,0.000000,0.000000,0.333333,0.000000,0.000000,0.333333,0.333333,0.000000,0.000000,0.000000,1.014856,1.248666,1.116355
2012-03-19,-0.002192,0.000000,-0.002192,0.003920,0.002423,0.000000,0.000000,0.000000,0.333333,0.000000,0.000000,0.333333,0.333333,0.000000,0.000000,0.000000,1.012631,1.253561,1.119060
2012-03-20,-0.001531,0.000000,-0.001531,-0.002911,-0.003467,0.000000,0.000000,0.000000,0.333333,0.000000,0.000000,0.333333,0.333333,0.000000,0.000000,0.000000,1.011080,1.249911,1.115180
2012-03-21,-0.000361,0.000000,-0.000361,-0.001638,-0.001878,0.000000,0.000000,0.000000,0.333333,0.000000,0.000000,0.333333,0.333333,0.000000,0.000000,0.000000,1.010716,1.247864,1.113086
2012-03-22,-0.000022,0.000000,-0.000022,-0.007203,-0.007562,0.000000,0.000000,0.000000,0.333333,0.000000,0.000000,0.333333,0.333333,0.000000,0.000000,0.000000,1.010693,1.238876,1.104668
2012-03-23,0.001892,0.000000,0.001892,0.003233,0.004260,0.000000,0.000000,0.000000,0.333333,0.000000,0.000000,0.333333,0.333333,0.000000,0.000000,0.000000,1.012606,1.242881,1.109374
2012-03-26,0.010409,0.000000,0.010409,0.014035,0.012552,0.000000,0.000000,0.000000,0.333333,0.000000,0.000000,0.333333,0.333333,0.000000,0.000000,0.000000,1.023146,1.260324,1.123299
2012-03-27,0.002057,0.000000,0.002057,-0.003107,-0.002271,0.000000,0.000000,0.000000,0.333333,0.000000,0.000000,0.333333,0.333333,0.000000,0.000000,0.000000,1.025250,1.256409,1.120749
2012-03-28,-0.004260,0.000000,-0.004260,-0.004959,-0.006498,0.000000,0.000000,0.000000,0.333333,0.000000,0.000000,0.333333,0.333333,0.000000,0.000000,0.000000,1.020882,1.250179,1.113466
2012-03-29,0.001962,0.000000,0.001962,-0.001709,-0.000500,0.000000,0.000000,0.000000,0.333333,0.000000,0.000000,0.333333,0.333333,0.000000,0.000000,0.000000,1.022884,1.248042,1.112909
2012-03-30,0.006189,0.000000,0.006189,0.004136,0.004669,0.000000,0.000000,0.000000,0.333333,0.000000,0.000000,0.333333,0.333333,0.000000,0.000000,0.000000,1.029215,1.253205,1.118105
2012-04-02,0.005505,0.000000,0.005505,0.007315,0.007513,0.000000,0.000000,0.000000,0.333333,0.000000,0.000000,0.333333,0.333333,0.000000,0.000000,0.000000,1.034881,1.262372,1.126505
2012-04-03,-0.002210,0.000000,-0.002210,-0.004089,-0.004251,0.000000,0.000000,0.000000,0.333333,0.000000,0.000000,0.333333,0.333333,0.000000,0.000000,0.000000,1.032595,1.257210,1.121716
2012-04-04,-0.003314,0.000000,-0.003314,-0.009911,-0.008985,0.000000,0.000000,0.000000,0.333333,0.000000,0.000000,0.333333,0.333333,0.000000,0.000000,0.000000,1.029172,1.244749,1.111637
2012-04-05,-0.002554,0.000000,-0.002554,-0.000500,-0.001820,0.000000,0.000000,0.000000,0.333333,0.000000,0.000000,0.333333,0.333333,0.000000,0.000000,0.000000,1.026543,1.244126,1.109614
2012-04-06,0.000000,0.000000,0.000000,0.000000,0.000000,0.000000,0.000000,0.000000,0.333333,0.000000,0.000000,0.333333,0.333333,0.000000,0.000000,0.000000,1.026543,1.244126,1.109614
2012-04-09,-0.008931,0.000000,-0.008931,-0.011231,-0.011299,0.000000,0.000000,0.000000,0.333333,0.000000,0.000000,0.333333,0.333333,0.000000,0.000000,0.000000,1.017375,1.230154,1.097077
2012-04-10,-0.011065,0.000000,-0.011065,-0.016785,-0.017093,0.000000,0.000000,0.000000,0.333333,0.000000,0.000000,0.333333,0.333333,0.000000,0.000000,0.000000,1.006118,1.209506,1.078325
2012-04-11,0.003656,0.000000,0.003656,0.008094,0.007651,0.000000,0.000000,0.000000,0.333333,0.000000,0.000000,0.333333,0.333333,0.000000,0.000000,0.000000,1.009797,1.219296,1.086575
2012-04-12,0.003080,0.000000,0.003080,0.013066,0.013695,0.000000,0.000000,0.000000,0.333333,0.000000,0.000000,0.333333,0.333333,0.000000,0.000000,0.000000,1.012907,1.235226,1.101455
2012-04-13,-0.004499,0.000000,-0.004499,-0.011888,-0.010515,0.000000,0.000000,0.000000,0.333333,0.000000,0.000000,0.333333,0.333333,0.000000,0.000000,0.000000,1.008350,1.220542,1.089873
2012-04-16,0.004586,0.000000,0.004586,-0.000656,0.000674,0.000000,0.000000,0.000000,0.333333,0.000000,0.000000,0.333333,0.333333,0.000000,0.000000,0.000000,1.012974,1.219741,1.090608
2012-04-17,0.010007,0.000000,0.010007,0.014812,0.013537,0.000000,0.000000,0.000000,0.333333,0.000000,0.000000,0.333333,0.333333,0.000000,0.000000,0.000000,1.023111,1.237808,1.105372
2012-04-18,-0.001472,0.000000,-0.001472,-0.003379,-0.002860,0.000000,0.000000,0.000000,0.333333,0.000000,0.000000,0.333333,0.333333,0.000000,0.000000,0.000000,1.021605,1.233625,1.102210
2012-04-19,-0.001398,0.000000,-0.001398,-0.006421,-0.004871,0.000000,0.000000,0.000000,0.333333,0.000000,0.000000,0.333333,0.333333,0.000000,0.000000,0.000000,1.020177,1.225704,1.096841
2012-04-20,0.008105,0.000000,0.008105,0.001670,0.002505,0.000000,0.000000,0.000000,0.333333,0.000000,0.000000,0.333333,0.333333,0.000000,0.000000,0.000000,1.028445,1.227751,1.099588
2012-04-23,-0.009169,0.000000,-0.009169,-0.008409,-0.008651,0.000000,0.000000,0.000000,0.333333,0.000000,0.000000,0.333333,0.333333,0.000000,0.000000,0.000000,1.019015,1.217427,1.090076
2012-04-24,0.003564,0.000000,0.003564,0.003801,0.004123,0.000000,0.000000,0.000000,0.333333,0.000000,0.000000,0.333333,0.333333,0.000000,0.000000,0.000000,1.022647,1.222055,1.094570
2012-04-25,0.007380,0.000000,0.007380,0.013692,0.012078,0.000000,0.000000,0.000000,0.333333,0.000000,0.000000,0.333333,0.333333,0.000000,0.000000,0.000000,1.030194,1.238787,1.107790
2012-04-26,0.004839,0.000000,0.004839,0.006969,0.006514,0.000000,0.000000,0.000000,0.333333,0.000000,0.000000,0.333333,0.333333,0.000000,0.000000,0.000000,1.035179,1.247420,1.115007
2012-04-27,0.000819,0.000000,0.000819,0.001641,0.002866,0.000000,0.000000,0.000000,0.333333,0.000000,0.000000,0.333333,0.333333,0.000000,0.000000,0.000000,1.036027,1.249467,1.118203
2012-04-30,-0.000585,0.000000,-0.000585,-0.003704,-0.003379,0.000000,0.000000,0.000000,0.333333,0.000000,0.000000,0.333333,0.333333,0.000000,0.000000,0.000000,1.035421,1.244838,1.114425
2012-05-01,0.004188,0.000333,0.003855,0.006220,0.006111,0.333333,0.000000,0.000000,0.000000,0.000000,0.333333,0.333333,0.000000,0.000000,0.000000,0.000000,1.039412,1.252582,1.121235
2012-05-02,0.002330,0.000000,0.002330,-0.002984,-0.003263,0.333333,0.000000,0.000000,0.000000,0.000000,0.333333,0.333333,0.000000,0.000000,0.000000,0.000000,1.041834,1.248844,1.117577
2012-05-03,-0.004897,0.000000,-0.004897,-0.007625,-0.007337,0.333333,0.000000,0.000000,0.000000,0.000000,0.333333,0.333333,0.000000,0.000000,0.000000,0.000000,1.036732,1.239321,1.109378
2012-05-04,-0.016058,0.000000,-0.016058,-0.016158,-0.014399,0.333333,0.000000,0.000000,0.000000,0.000000,0.333333,0.333333,0.000000,0.000000,0.000000,0.000000,1.020084,1.219296,1.093404
2012-05-07,-0.000577,0.000000,-0.000577,0.000730,-0.000046,0.333333,0.000000,0.000000,0.000000,0.000000,0.333333,0.333333,0.000000,0.000000,0.000000,0.000000,1.019495,1.220186,1.093354
2012-05-08,-0.005941,0.000000,-0.005941,-0.004012,-0.003658,0.333333,0.000000,0.000000,0.000000,0.000000,0.333333,0.333333,0.000000,0.000000,0.000000,0.000000,1.013439,1.215291,1.089354
2012-05-09,-0.002942,0.000000,-0.002942,-0.005932,-0.005753,0.333333,0.000000,0.000000,0.000000,0.000000,0.333333,0.333333,0.000000,0.000000,0.000000,0.000000,1.010457,1.208082,1.083087
2012-05-10,0.000955,0.000000,0.000955,0.002063,0.002866,0.333333,0.000000,0.000000,0.000000,0.000000,0.333333,0.333333,0.000000,0.000000,0.000000,0.000000,1.011422,1.210574,1.086192
2012-05-11,-0.001324,0.000000,-0.001324,-0.003014,-0.003113,0.333333,0.000000,0.000000,0.000000,0.000000,0.333333,0.333333,0.000000,0.000000,0.000000,0.000000,1.010083,1.206925,1.082810
2012-05-14,-0.008947,0.000000,-0.008947,-0.011061,-0.010366,0.333333,0.000000,0.000000,0.000000,0.000000,0.333333,0.333333,0.000000,0.000000,0.000000,0.000000,1.001045,1.193575,1.071586
2012-05-15,-0.001866,0.000000,-0.001866,-0.005742,-0.006757,0.333333,0.000000,0.000000,0.000000,0.000000,0.333333,0.333333,0.000000,0.000000,0.000000,0.000000,0.999177,1.186722,1.064345
2012-05-16,-0.002156,0.000000,-0.002156,-0.003825,-0.003965,0.333333,0.000000,0.000000,0.000000,0.000000,0.333333,0.333333,0.000000,0.000000,0.000000,0.000000,0.997023,1.182183,1.060125
2012-05-17,-0.015912,0.000000,-0.015912,-0.014831,-0.014747,0.333333,0.000000,0.000000,0.000000,0.000000,0.333333,0.333333,0.000000,0.000000,0.000000,0.000000,0.981159,1.164650,1.044491
2012-05-18,-0.007622,0.000000,-0.007622,-0.008559,-0.006694,0.333333,0.000000,0.000000,0.000000,0.000000,0.333333,0.333333,0.000000,0.000000,0.000000,0.000000,0.973680,1.154682,1.037500
2012-05-21,0.015416,0.000000,0.015416,0.017188,0.015676,0.333333,0.000000,0.000000,0.000000,0.000000,0.333333,0.333333,0.000000,0.000000,0.000000,0.000000,0.988690,1.174529,1.053763
2012-05-22,0.000656,0.000000,0.000656,0.001743,0.001027,0.333333,0.000000,0.000000,0.000000,0.000000,0.333333,0.333333,0.000000,0.000000,0.000000,0.000000,0.989339,1.176576,1.054845
2012-05-23,0.001252,0.000000,0.001252,0.000530,0.002071,0.333333,0.000000,0.000000,0.000000,0.000000,0.333333,0.333333,0.000000,0.000000,0.000000,0.000000,0.990578,1.177199,1.057029
2012-05-24,0.002821,0.000000,0.002821,0.001965,0.003010,0.333333,0.000000,0.000000,0.000000,0.000000,0.333333,0.333333,0.000000,0.000000,0.000000,0.000000,0.993372,1.179512,1.060211
2012-05-25,-0.001549,0.000000,-0.001549,-0.003244,-0.002552,0.333333,0.000000,0.000000,0.000000,0.000000,0.333333,0.333333,0.000000,0.000000,0.000000,0.000000,0.991833,1.175686,1.057505
2012-05-28,0.000000,0.000000,0.000000,0.000000,0.000000,0.333333,0.000000,0.000000,0.000000,0.000000,0.333333,0.333333,0.000000,0.000000,0.000000,0.000000,0.991833,1.175686,1.057505
2012-05-29,0.011407,0.000000,0.011407,0.012112,0.011379,0.333333,0.000000,0.000000,0.000000,0.000000,0.333333,0.333333,0.000000,0.000000,0.000000,0.000000,1.003147,1.189926,1.069538
2012-05-30,-0.010101,0.000000,-0.010101,-0.014510,-0.014516,0.333333,0.000000,0.000000,0.000000,0.000000,0.333333,0.333333,0.000000,0.000000,0.000000,0.000000,0.993014,1.172660,1.054013
2012-05-31,-0.002928,0.000000,-0.002928,-0.002201,-0.001817,0.333333,0.000000,0.000000,0.000000,0.000000,0.333333,0.333333,0.000000,0.000000,0.000000,0.000000,0.990107,1.170079,1.052098
2012-06-01,-0.025348,0.000000,-0.025348,-0.025177,-0.023224,0.333333,0.000000,0.000000,0.000000,0.000000,0.333333,0.333333,0.000000,0.000000,0.000000,0.000000,0.965009,1.140620,1.027664
2012-06-04,0.004264,0.000000,0.004264,-0.000468,-0.000168,0.333333,0.000000,0.000000,0.000000,0.000000,0.333333,0.333333,0.000000,0.000000,0.000000,0.000000,0.969124,1.140086,1.027491
2012-06-05,0.003501,0.000000,0.003501,0.007572,0.006380,0.333333,0.000000,0.000000,0.000000,0.000000,0.333333,0.333333,0.000000,0.000000,0.000000,0.000000,0.972517,1.148719,1.034047
2012-06-06,0.019343,0.000000,0.019343,0.022468,0.022180,0.333333,0.000000,0.000000,0.000000,0.000000,0.333333,0.333333,0.000000,0.000000,0.000000,0.000000,0.991329,1.174529,1.056982
2012-06-07,-0.000470,0.000000,-0.000470,0.000607,0.001556,0.333333,0.000000,0.000000,0.000000,0.000000,0.333333,0.333333,0.000000,0.000000,0.000000,0.000000,0.990863,1.175241,1.058627
2012-06-08,0.009492,0.000000,0.009492,0.007951,0.007028,0.333333,0.000000,0.000000,0.000000,0.000000,0.333333,0.333333,0.000000,0.000000,0.000000,0.000000,1.000268,1.184586,1.066067
2012-06-11,-0.011339,0.000000,-0.011339,-0.012697,-0.011894,0.333333,0.000000,0.000000,0.000000,0.000000,0.333333,0.333333,0.000000,0.000000,0.000000,0.000000,0.988926,1.169545,1.053386
2012-06-12,0.008500,0.000000,0.008500,0.011490,0.011090,0.333333,0.000000,0.000000,0.000000,0.000000,0.333333,0.333333,0.000000,0.000000,0.000000,0.000000,0.997332,1.182984,1.065069
2012-06-13,-0.007358,0.000000,-0.007358,-0.006395,-0.007168,0.333333,0.000000,0.000000,0.000000,0.000000,0.333333,0.333333,0.000000,0.000000,0.000000,0.000000,0.989994,1.175419,1.057434
2012-06-14,0.010729,0.000000,0.010729,0.010601,0.010873,0.333333,0.000000,0.000000,0.000000,0.000000,0.333333,0.333333,0.000000,0.000000,0.000000,0.000000,1.000616,1.187879,1.068932
2012-06-15,0.007367,0.000000,0.007367,0.010227,0.009364,0.333333,0.000000,0.000000,0.000000,0.000000,0.333333,0.333333,0.000000,0.000000,0.000000,0.000000,1.007987,1.200028,1.078942
2012-06-18,0.005721,0.000000,0.005721,0.001938,0.002292,0.333333,0.000000,0.000000,0.000000,0.000000,0.333333,0.333333,0.000000,0.000000,0.000000,0.000000,1.013754,1.202353,1.081416
2012-06-19,0.005324,0.000000,0.005324,0.009673,0.009627,0.333333,0.000000,0.000000,0.000000,0.000000,0.333333,0.333333,0.000000,0.000000,0.000000,0.000000,1.019151,1.213984,1.091826
2012-06-20,-0.001544,0.000000,-0.001544,-0.001621,-0.003322,0.333333,0.000000,0.000000,0.000000,0.000000,0.333333,0.333333,0.000000,0.000000,0.000000,0.000000,1.017578,1.212015,1.088199
2012-06-21,-0.019014,0.000000,-0.019014,-0.022439,-0.021829,0.333333,0.000000,0.000000,0.000000,0.000000,0.333333,0.333333,0.000000,0.000000,0.000000,0.000000,0.998230,1.184819,1.064445
2012-06-22,0.006123,0.000000,0.006123,0.007702,0.005972,0.333333,0.000000,0.000000,0.000000,0.000000,0.333333,0.333333,0.000000,0.000000,0.000000,0.000000,1.004342,1.193944,1.070802
2012-06-25,-0.014009,0.000000,-0.014009,-0.016035,-0.014505,0.333333,0.000000,0.000000,0.000000,0.000000,0.333333,0.333333,0.000000,0.000000,0.000000,0.000000,0.990272,1.174800,1.055270
2012-06-26,0.006249,0.000000,0.006249,0.005026,0.004879,0.333333,0.000000,0.000000,0.000000,0.000000,0.333333,0.333333,0.000000,0.000000,0.000000,0.000000,0.996460,1.180704,1.060418
2012-06-27,0.003533,0.000000,0.003533,0.009016,0.009563,0.333333,0.000000,0.000000,0.000000,0.000000,0.333333,0.333333,0.000000,0.000000,0.000000,0.000000,0.999981,1.191350,1.070559
2012-06-28,-0.003105,0.000000,-0.003105,-0.002853,-0.000523,0.333333,0.000000,0.000000,0.000000,0.000000,0.333333,0.333333,0.000000,0.000000,0.000000,0.000000,0.996876,1.187950,1.069999
2012-06-29,0.022629,0.000000,0.022629,0.024927,0.023727,0.333333,0.000000,0.000000,0.000000,0.000000,0.333333,0.333333,0.000000,0.000000,0.000000,0.000000,1.019434,1.217562,1.095388
2012-07-02,0.004764,0.000000,0.004764,0.003012,0.001830,0.333333,0.000000,0.000000,0.000000,0.000000,0.333333,0.333333,0.000000,0.000000,0.000000,0.000000,1.024290,1.221230,1.097393
2012-07-03,0.003875,0.000000,0.003875,0.006593,0.007003,0.333333,0.000000,0.000000,0.000000,0.000000,0.333333,0.333333,0.000000,0.000000,0.000000,0.000000,1.028259,1.229281,1.105078
2012-07-04,0.000000,0.000000,0.000000,0.000000,0.000000,0.333333,0.000000,0.000000,0.000000,0.000000,0.333333,0.333333,0.000000,0.000000,0.000000,0.000000,1.028259,1.229281,1.105078
2012-07-05,-0.000398,0.000000,-0.000398,-0.004512,-0.004876,0.333333,0.000000,0.000000,0.000000,0.000000,0.333333,0.333333,0.000000,0.000000,0.000000,0.000000,1.027850,1.223735,1.099689
2012-07-06,-0.006895,0.000000,-0.006895,-0.009504,-0.008303,0.333333,0.000000,0.000000,0.000000,0.000000,0.333333,0.333333,0.000000,0.000000,0.000000,0.000000,1.020763,1.212105,1.090559
2012-07-09,-0.002906,0.000000,-0.002906,-0.001255,-0.002155,0.333333,0.000000,0.000000,0.000000,0.000000,0.333333,0.333333,0.000000,0.000000,0.000000,0.000000,1.017797,1.210584,1.088208
2012-07-10,-0.005335,0.000000,-0.005335,-0.008720,-0.008159,0.333333,0.000000,0.000000,0.000000,0.000000,0.333333,0.333333,0.000000,0.000000,0.000000,0.000000,1.012367,1.200028,1.079329
2012-07-11,-0.003933,0.000000,-0.003933,0.000149,0.000356,0.333333,0.000000,0.000000,0.000000,0.000000,0.333333,0.333333,0.000000,0.000000,0.000000,0.000000,1.008385,1.200206,1.079713
2012-07-12,-0.003801,0.000000,-0.003801,-0.004845,-0.003346,0.333333,0.000000,0.000000,0.000000,0.000000,0.333333,0.333333,0.000000,0.000000,0.000000,0.000000,1.004553,1.194392,1.076100
2012-07-13,0.013578,0.000000,0.013578,0.016778,0.015937,0.333333,0.000000,0.000000,0.000000,0.000000,0.333333,0.333333,0.000000,0.000000,0.000000,0.000000,1.018193,1.214431,1.093250
2012-07-16,-0.004192,0.000000,-0.004192,-0.002358,-0.002294,0.333333,0.000000,0.000000,0.000000,0.000000,0.333333,0.333333,0.000000,0.000000,0.000000,0.000000,1.013925,1.211568,1.090742
2012-07-17,0.006028,0.000000,0.006028,0.006867,0.007565,0.333333,0.000000,0.000000,0.000000,0.000000,0.333333,0.333333,0.000000,0.000000,0.000000,0.000000,1.020037,1.219887,1.098994
2012-07-18,0.007607,0.000000,0.007607,0.007407,0.006246,0.333333,0.000000,0.000000,0.000000,0.000000,0.333333,0.333333,0.000000,0.000000,0.000000,0.000000,1.027796,1.228924,1.105859
2012-07-19,0.004614,0.000000,0.004614,0.002620,0.003136,0.333333,0.000000,0.000000,0.000000,0.000000,0.333333,0.333333,0.000000,0.000000,0.000000,0.000000,1.032539,1.232144,1.109327
2012-07-20,-0.009925,0.000000,-0.009925,-0.009148,-0.007980,0.333333,0.000000,0.000000,0.000000,0.000000,0.333333,0.333333,0.000000,0.000000,0.000000,0.000000,1.022291,1.220872,1.100475
2012-07-23,-0.010975,0.000000,-0.010975,-0.010112,-0.010022,0.333333,0.000000,0.000000,0.000000,0.000000,0.333333,0.333333,0.000000,0.000000,0.000000,0.000000,1.011071,1.208526,1.089446
2012-07-24,-0.006692,0.000000,-0.006692,-0.008586,-0.009494,0.333333,0.000000,0.000000,0.000000,0.000000,0.333333,0.333333,0.000000,0.000000,0.000000,0.000000,1.004305,1.198149,1.079103
2012-07-25,-0.001905,0.000000,-0.001905,0.000224,0.000699,0.333333,0.000000,0.000000,0.000000,0.000000,0.333333,0.333333,0.000000,0.000000,0.000000,0.000000,1.002392,1.198417,1.079857
2012-07-26,0.015972,0.000000,0.015972,0.016497,0.015218,0.333333,0.000000,0.000000,0.000000,0.000000,0.333333,0.333333,0.000000,0.000000,0.000000,0.000000,1.018402,1.218188,1.096290
2012-07-27,0.017638,0.000000,0.017638,0.018433,0.018337,0.333333,0.000000,0.000000,0.000000,0.000000,0.333333,0.333333,0.000000,0.000000,0.000000,0.000000,1.036364,1.240643,1.116393
2012-07-30,0.000520,0.000000,0.000520,0.000000,-0.000304,0.333333,0.000000,0.000000,0.000000,0.000000,0.333333,0.333333,0.000000,0.000000,0.000000,0.000000,1.036903,1.240643,1.116054
2012-07-31,-0.004425,0.000000,-0.004425,-0.006994,-0.005879,0.333333,0.000000,0.000000,0.000000,0.000000,0.333333,0.333333,0.000000,0.000000,0.000000,0.000000,1.032315,1.231966,1.109493
2012-08-01,-0.003754,0.000333,-0.004087,-0.000872,-0.002893,0.000000,0.000000,0.000000,0.333333,0.000000,0.333333,0.000000,0.333333,0.000000,0.000000,0.000000,1.028096,1.230892,1.106284
2012-08-02,-0.004226,0.000000,-0.004226,-0.006904,-0.007606,0.000000,0.000000,0.000000,0.333333,0.000000,0.333333,0.000000,0.333333,0.000000,0.000000,0.000000,1.023751,1.222393,1.097869
2012-08-03,0.014457,0.000000,0.014457,0.019833,0.018706,0.000000,0.000000,0.000000,0.333333,0.000000,0.333333,0.000000,0.333333,0.000000,0.000000,0.000000,1.038552,1.246637,1.118405
2012-08-06,0.000497,0.000000,0.000497,0.001938,0.002655,0.000000,0.000000,0.000000,0.333333,0.000000,0.333333,0.000000,0.333333,0.000000,0.000000,0.000000,1.039068,1.249053,1.121375
2012-08-07,-0.001074,0.000000,-0.001074,0.005013,0.004336,0.000000,0.000000,0.000000,0.333333,0.000000,0.333333,0.000000,0.333333,0.000000,0.000000,0.000000,1.037952,1.255315,1.126237
2012-08-08,0.000028,0.000000,0.000028,0.001211,0.000893,0.000000,0.000000,0.000000,0.333333,0.000000,0.333333,0.000000,0.333333,0.000000,0.000000,0.000000,1.037981,1.256835,1.127243
2012-08-09,-0.000397,0.000000,-0.000397,0.000854,0.001168,0.000000,0.000000,0.000000,0.333333,0.000000,0.333333,0.000000,0.333333,0.000000,0.000000,0.000000,1.037569,1.257909,1.128560
2012-08-10,0.002065,0.000000,0.002065,0.001636,0.001615,0.000000,0.000000,0.000000,0.333333,0.000000,0.333333,0.000000,0.333333,0.000000,0.000000,0.000000,1.039712,1.259967,1.130382
2012-08-13,-0.001067,0.000000,-0.001067,-0.000497,-0.001254,0.000000,0.000000,0.000000,0.333333,0.000000,0.333333,0.000000,0.333333,0.000000,0.000000,0.000000,1.038602,1.259340,1.128965
2012-08-14,0.001330,0.000000,0.001330,0.000142,-0.000337,0.000000,0.000000,0.000000,0.333333,0.000000,0.333333,0.000000,0.333333,0.000000,0.000000,0.000000,1.039983,1.259519,1.128585
2012-08-15,0.000217,0.000000,0.000217,0.001137,0.000958,0.000000,0.000000,0.000000,0.333333,0.000000,0.333333,0.000000,0.333333,0.000000,0.000000,0.000000,1.040209,1.260951,1.129666
2012-08-16,0.001083,0.000000,0.001083,0.007378,0.006650,0.000000,0.000000,0.000000,0.333333,0.000000,0.333333,0.000000,0.333333,0.000000,0.000000,0.000000,1.041335,1.270254,1.137177
2012-08-17,-0.001368,0.000000,-0.001368,0.001339,0.000965,0.000000,0.000000,0.000000,0.333333,0.000000,0.333333,0.000000,0.333333,0.000000,0.000000,0.000000,1.039911,1.271955,1.138274
2012-08-20,-0.000072,0.000000,-0.000072,0.000070,-0.000458,0.000000,0.000000,0.000000,0.333333,0.000000,0.333333,0.000000,0.333333,0.000000,0.000000,0.000000,1.039836,1.272044,1.137753
2012-08-21,-0.003988,0.000000,-0.003988,-0.003025,-0.002805,0.000000,0.000000,0.000000,0.333333,0.000000,0.333333,0.000000,0.333333,0.000000,0.000000,0.000000,1.035690,1.268196,1.134561
2012-08-22,0.000677,0.000000,0.000677,0.000424,0.000715,0.000000,0.000000,0.000000,0.333333,0.000000,0.333333,0.000000,0.333333,0.000000,0.000000,0.000000,1.036391,1.268734,1.135372
2012-08-23,-0.006153,0.000000,-0.006153,-0.008179,-0.008918,0.000000,0.000000,0.000000,0.333333,0.000000,0.333333,0.000000,0.333333,0.000000,0.000000,0.000000,1.030014,1.258356,1.125246
2012-08-24,0.007159,0.000000,0.007159,0.006042,0.005600,0.000000,0.000000,0.000000,0.333333,0.000000,0.333333,0.000000,0.333333,0.000000,0.000000,0.000000,1.037388,1.265960,1.131548
2012-08-27,0.000558,0.000000,0.000558,0.000213,-0.000560,0.000000,0.000000,0.000000,0.333333,0.000000,0.333333,0.000000,0.333333,0.000000,0.000000,0.000000,1.037967,1.266229,1.130915
2012-08-28,-0.000489,0.000000,-0.000489,-0.000989,-0.001099,0.000000,0.000000,0.000000,0.333333,0.000000,0.333333,0.000000,0.333333,0.000000,0.000000,0.000000,1.037459,1.264976,1.129672
2012-08-29,0.002189,0.000000,0.002189,0.000778,0.000399,0.000000,0.000000,0.000000,0.333333,0.000000,0.333333,0.000000,0.333333,0.000000,0.000000,0.000000,1.039730,1.265960,1.130122
2012-08-30,-0.004583,0.000000,-0.004583,-0.007208,-0.006910,0.000000,0.000000,0.000000,0.333333,0.000000,0.333333,0.000000,0.333333,0.000000,0.000000,0.000000,1.034964,1.256835,1.122313
2012-08-31,0.002063,0.000000,0.002063,0.004769,0.005273,0.000000,0.000000,0.000000,0.333333,0.000000,0.333333,0.000000,0.333333,0.000000,0.000000,0.000000,1.037099,1.262829,1.128231
2012-09-03,0.000000,0.000167,-0.000167,0.000000,0.000000,0.333333,0.000000,0.000000,0.333333,0.000000,0.333333,0.000000,0.000000,0.000000,0.000000,0.000000,1.036927,1.262829,1.128231
2012-09-04,-0.000118,0.000000,-0.000118,-0.000921,-0.002403,0.333333,0.000000,0.000000,0.333333,0.000000,0.333333,0.000000,0.000000,0.000000,0.000000,0.000000,1.036804,1.261666,1.125520
2012-09-05,0.000271,0.000000,0.000271,-0.000851,-0.000810,0.333333,0.000000,0.000000,0.333333,0.000000,0.333333,0.000000,0.000000,0.000000,0.000000,0.000000,1.037085,1.260593,1.124609
2012-09-06,0.020221,0.000000,0.020221,0.020297,0.019653,0.333333,0.000000,0.000000,0.333333,0.000000,0.333333,0.000000,0.000000,0.000000,0.000000,0.000000,1.058056,1.286179,1.146710
2012-09-07,0.001087,0.000000,0.001087,0.003895,0.005291,0.333333,0.000000,0.000000,0.333333,0.000000,0.333333,0.000000,0.000000,0.000000,0.000000,0.000000,1.059206,1.291188,1.152777
2012-09-10,-0.005217,0.000000,-0.005217,-0.005681,-0.004291,0.333333,0.000000,0.000000,0.333333,0.000000,0.333333,0.000000,0.000000,0.000000,0.000000,0.000000,1.053680,1.283853,1.147830
2012-09-11,0.000893,0.000000,0.000893,0.002787,0.002792,0.333333,0.000000,0.000000,0.333333,0.000000,0.333333,0.000000,0.000000,0.000000,0.000000,0.000000,1.054621,1.287431,1.151035
2012-09-12,0.003649,0.000000,0.003649,0.003335,0.001386,0.333333,0.000000,0.000000,0.333333,0.000000,0.333333,0.000000,0.000000,0.000000,0.000000,0.000000,1.058469,1.291725,1.152631
2012-09-13,0.012159,0.000000,0.012159,0.015237,0.016286,0.333333,0.000000,0.000000,0.333333,0.000000,0.333333,0.000000,0.000000,0.000000,0.000000,0.000000,1.071339,1.311407,1.171403
2012-09-14,0.001585,0.000000,0.001585,0.004435,0.003365,0.333333,0.000000,0.000000,0.333333,0.000000,0.333333,0.000000,0.000000,0.000000,0.000000,0.000000,1.073036,1.317222,1.175345
2012-09-17,0.000992,0.000000,0.000992,-0.003396,-0.004163,0.333333,0.000000,0.000000,0.333333,0.000000,0.333333,0.000000,0.000000,0.000000,0.000000,0.000000,1.074101,1.312748,1.170452
2012-09-18,-0.000316,0.000000,-0.000316,-0.000817,-0.001428,0.333333,0.000000,0.000000,0.333333,0.000000,0.333333,0.000000,0.000000,0.000000,0.000000,0.000000,1.073761,1.311675,1.168781
2012-09-19,0.004103,0.000000,0.004103,0.000545,0.001540,0.333333,0.000000,0.000000,0.333333,0.000000,0.333333,0.000000,0.000000,0.000000,0.000000,0.000000,1.078166,1.312391,1.170580
2012-09-20,0.000364,0.000000,0.000364,0.000068,-0.000353,0.333333,0.000000,0.000000,0.333333,0.000000,0.333333,0.000000,0.000000,0.000000,0.000000,0.000000,1.078559,1.312480,1.170166
2012-09-21,0.001426,0.000000,0.001426,-0.000418,-0.001031,0.333333,0.000000,0.000000,0.333333,0.000000,0.333333,0.000000,0.000000,0.000000,0.000000,0.000000,1.080096,1.311931,1.168960
2012-09-24,-0.002115,0.000000,-0.002115,-0.001508,-0.000107,0.333333,0.000000,0.000000,0.333333,0.000000,0.333333,0.000000,0.000000,0.000000,0.000000,0.000000,1.077812,1.309953,1.168834
2012-09-25,-0.008870,0.000000,-0.008870,-0.010642,-0.010124,0.333333,0.000000,0.000000,0.333333,0.000000,0.333333,0.000000,0.000000,0.000000,0.000000,0.000000,1.068251,1.296012,1.157001
2012-09-26,-0.006391,0.000000,-0.006391,-0.005621,-0.004627,0.333333,0.000000,0.000000,0.333333,0.000000,0.333333,0.000000,0.000000,0.000000,0.000000,0.000000,1.061424,1.288727,1.151648
2012-09-27,0.009631,0.000000,0.009631,0.009421,0.008046,0.333333,0.000000,0.000000,0.333333,0.000000,0.333333,0.000000,0.000000,0.000000,0.000000,0.000000,1.071647,1.300869,1.160914
2012-09-28,-0.005187,0.000000,-0.005187,-0.004632,-0.003545,0.333333,0.000000,0.000000,0.333333,0.000000,0.333333,0.000000,0.000000,0.000000,0.000000,0.000000,1.066088,1.294843,1.156798
2012-10-01,0.001024,0.000000,0.001024,0.002640,0.002473,0.333333,0.000000,0.000000,0.333333,0.000000,0.333333,0.000000,0.000000,0.000000,0.000000,0.000000,1.067180,1.298261,1.159660
2012-10-02,0.001278,0.000000,0.001278,0.001039,0.000726,0.333333,0.000000,0.000000,0.333333,0.000000,0.333333,0.000000,0.000000,0.000000,0.000000,0.000000,1.068544,1.299610,1.160502
2012-10-03,0.007170,0.000000,0.007170,0.004083,0.002963,0.333333,0.000000,0.000000,0.333333,0.000000,0.333333,0.000000,0.000000,0.000000,0.000000,0.000000,1.076205,1.304916,1.163941
2012-10-04,0.006055,0.000000,0.006055,0.007168,0.008035,0.333333,0.000000,0.000000,0.333333,0.000000,0.333333,0.000000,0.000000,0.000000,0.000000,0.000000,1.082721,1.314270,1.173294
2012-10-05,-0.000410,0.000000,-0.000410,0.000068,0.000685,0.333333,0.000000,0.000000,0.333333,0.000000,0.333333,0.000000,0.000000,0.000000,0.000000,0.000000,1.082277,1.314360,1.174097
2012-10-08,-0.004326,0.000000,-0.004326,-0.003421,-0.001961,0.333333,0.000000,0.000000,0.333333,0.000000,0.333333,0.000000,0.000000,0.000000,0.000000,0.000000,1.077595,1.309863,1.171794
2012-10-09,-0.013635,0.000000,-0.013635,-0.009888,-0.008703,0.333333,0.000000,0.000000,0.333333,0.000000,0.333333,0.000000,0.000000,0.000000,0.000000,0.000000,1.062902,1.296911,1.161597
2012-10-10,-0.005853,0.000000,-0.005853,-0.006380,-0.006982,0.333333,0.000000,0.000000,0.333333,0.000000,0.333333,0.000000,0.000000,0.000000,0.000000,0.000000,1.056681,1.288637,1.153487
2012-10-11,-0.002589,0.000000,-0.002589,0.000558,0.001261,0.333333,0.000000,0.000000,0.333333,0.000000,0.333333,0.000000,0.000000,0.000000,0.000000,0.000000,1.053945,1.289357,1.154942
2012-10-12,-0.000790,0.000000,-0.000790,-0.003278,-0.003305,0.333333,0.000000,0.000000,0.333333,0.000000,0.333333,0.000000,0.000000,0.000000,0.000000,0.000000,1.053112,1.285130,1.151125
2012-10-15,0.009782,0.000000,0.009782,0.008328,0.008002,0.333333,0.000000,0.000000,0.333333,0.000000,0.333333,0.000000,0.000000,0.000000,0.000000,0.000000,1.063414,1.295833,1.160337
2012-10-16,0.011129,0.000000,0.011129,0.010133,0.010720,0.333333,0.000000,0.000000,0.333333,0.000000,0.333333,0.000000,0.000000,0.000000,0.000000,0.000000,1.075249,1.308963,1.172775
2012-10-17,0.000160,0.000000,0.000160,0.004535,0.006325,0.333333,0.000000,0.000000,0.333333,0.000000,0.333333,0.000000,0.000000,0.000000,0.000000,0.000000,1.075420,1.314899,1.180193
2012-10-18,-0.003556,0.000000,-0.003556,-0.002599,-0.000743,0.333333,0.000000,0.000000,0.333333,0.000000,0.333333,0.000000,0.000000,0.000000,0.000000,0.000000,1.071596,1.311482,1.179316
2012-10-19,-0.019504,0.000000,-0.019504,-0.016664,-0.016147,0.333333,0.000000,0.000000,0.333333,0.000000,0.333333,0.000000,0.000000,0.000000,0.000000,0.000000,1.050696,1.289627,1.160273
2012-10-22,0.001449,0.000000,0.001449,0.000139,-0.000104,0.333333,0.000000,0.000000,0.333333,0.000000,0.333333,0.000000,0.000000,0.000000,0.000000,0.000000,1.052218,1.289807,1.160153
2012-10-23,-0.010704,0.000000,-0.010704,-0.013877,-0.014990,0.333333,0.000000,0.000000,0.333333,0.000000,0.333333,0.000000,0.000000,0.000000,0.000000,0.000000,1.040956,1.271909,1.142762
2012-10-24,-0.002663,0.000000,-0.002663,-0.002828,-0.003323,0.333333,0.000000,0.000000,0.333333,0.000000,0.333333,0.000000,0.000000,0.000000,0.000000,0.000000,1.038184,1.268312,1.138965
2012-10-25,0.001167,0.000000,0.001167,0.002907,0.003328,0.333333,0.000000,0.000000,0.333333,0.000000,0.333333,0.000000,0.000000,0.000000,0.000000,0.000000,1.039395,1.271999,1.142755
2012-10-26,0.000351,0.000000,0.000351,-0.000566,-0.000372,0.333333,0.000000,0.000000,0.333333,0.000000,0.333333,0.000000,0.000000,0.000000,0.000000,0.000000,1.039760,1.271279,1.142330
2012-10-29,0.000000,0.000000,0.000000,0.000000,0.000000,0.333333,0.000000,0.000000,0.333333,0.000000,0.333333,0.000000,0.000000,0.000000,0.000000,0.000000,1.039760,1.271279,1.142330
2012-10-30,0.000000,0.000000,0.000000,0.000000,0.000000,0.333333,0.000000,0.000000,0.333333,0.000000,0.333333,0.000000,0.000000,0.000000,0.000000,0.000000,1.039760,1.271279,1.142330
2012-10-31,-0.002688,0.000000,-0.002688,0.000000,0.001148,0.333333,0.000000,0.000000,0.333333,0.000000,0.333333,0.000000,0.000000,0.000000,0.000000,0.000000,1.036965,1.271279,1.143641
2012-11-01,0.010776,0.000167,0.010609,0.010470,0.008906,0.000000,0.333333,0.000000,0.333333,0.000000,0.333333,0.000000,0.000000,0.000000,0.000000,0.000000,1.047966,1.284590,1.153826
2012-11-02,-0.004102,0.000000,-0.004102,-0.008892,-0.008980,0.000000,0.333333,0.000000,0.333333,0.000000,0.333333,0.000000,0.000000,0.000000,0.000000,0.000000,1.043667,1.273168,1.143465
2012-11-05,0.000400,0.000000,0.000400,0.002048,0.000968,0.000000,0.333333,0.000000,0.333333,0.000000,0.333333,0.000000,0.000000,0.000000,0.000000,0.000000,1.044085,1.275776,1.144571
2012-11-06,0.005874,0.000000,0.005874,0.007825,0.007486,0.000000,0.333333,0.000000,0.333333,0.000000,0.333333,0.000000,0.000000,0.000000,0.000000,0.000000,1.050217,1.285760,1.153139
2012-11-07,-0.020607,0.000000,-0.020607,-0.022664,-0.020565,0.000000,0.333333,0.000000,0.333333,0.000000,0.333333,0.000000,0.000000,0.000000,0.000000,0.000000,1.028576,1.256619,1.129425
2012-11-08,-0.012128,0.000000,-0.012128,-0.012025,-0.011708,0.000000,0.333333,0.000000,0.333333,0.000000,0.333333,0.000000,0.000000,0.000000,0.000000,0.000000,1.016101,1.241509,1.116202
2012-11-09,-0.000238,0.000000,-0.000238,0.000870,-0.000177,0.000000,0.333333,0.000000,0.333333,0.000000,0.333333,0.000000,0.000000,0.000000,0.000000,0.000000,1.015860,1.242589,1.116004
2012-11-12,0.002641,0.000000,0.002641,0.000796,0.000323,0.000000,0.333333,0.000000,0.333333,0.000000,0.333333,0.000000,0.000000,0.000000,0.000000,0.000000,1.018542,1.243578,1.116365
2012-11-13,-0.002678,0.000000,-0.002678,-0.003471,-0.002044,0.000000,0.333333,0.000000,0.333333,0.000000,0.333333,0.000000,0.000000,0.000000,0.000000,0.000000,1.015815,1.239261,1.114083
2012-11-14,-0.014803,0.000000,-0.014803,-0.013499,-0.013863,0.000000,0.333333,0.000000,0.333333,0.000000,0.333333,0.000000,0.000000,0.000000,0.000000,0.000000,1.000778,1.222533,1.098638
2012-11-15,-0.000508,0.000000,-0.000508,-0.001692,-0.001727,0.000000,0.333333,0.000000,0.333333,0.000000,0.333333,0.000000,0.000000,0.000000,0.000000,0.000000,1.000269,1.220464,1.096741
2012-11-16,0.006926,0.000000,0.006926,0.004937,0.005137,0.000000,0.333333,0.000000,0.333333,0.000000,0.333333,0.000000,0.000000,0.000000,0.000000,0.000000,1.007196,1.226490,1.102375
2012-11-19,0.016993,0.000000,0.016993,0.020239,0.018437,0.000000,0.333333,0.000000,0.333333,0.000000,0.333333,0.000000,0.000000,0.000000,0.000000,0.000000,1.024312,1.251313,1.122699
2012-11-20,0.005238,0.000000,0.005238,0.000431,0.001240,0.000000,0.333333,0.000000,0.333333,0.000000,0.333333,0.000000,0.000000,0.000000,0.000000,0.000000,1.029677,1.251853,1.124092
2012-11-21,0.000897,0.000000,0.000897,0.001868,0.001265,0.000000,0.333333,0.000000,0.333333,0.000000,0.333333,0.000000,0.000000,0.000000,0.000000,0.000000,1.030601,1.254191,1.125514
2012-11-22,0.000000,0.000000,0.000000,0.000000,0.000000,0.000000,0.333333,0.000000,0.333333,0.000000,0.333333,0.000000,0.000000,0.000000,0.000000,0.000000,1.030601,1.254191,1.125514
2012-11-23,0.012620,0.000000,0.012620,0.013625,0.011794,0.000000,0.333333,0.000000,0.333333,0.000000,0.333333,0.000000,0.000000,0.000000,0.000000,0.000000,1.043607,1.271279,1.138788
2012-11-26,-0.004317,0.000000,-0.004317,-0.002122,-0.001251,0.000000,0.333333,0.000000,0.333333,0.000000,0.333333,0.000000,0.000000,0.000000,0.000000,0.000000,1.039101,1.268581,1.137364
2012-11-27,-0.006315,0.000000,-0.006315,-0.005105,-0.004062,0.000000,0.333333,0.000000,0.333333,0.000000,0.333333,0.000000,0.000000,0.000000,0.000000,0.000000,1.032540,1.262106,1.132744
2012-11-28,0.008238,0.000000,0.008238,0.008052,0.007327,0.000000,0.333333,0.000000,0.333333,0.000000,0.333333,0.000000,0.000000,0.000000,0.000000,0.000000,1.041046,1.272268,1.141044
2012-11-29,0.004952,0.000000,0.004952,0.004666,0.005061,0.000000,0.333333,0.000000,0.333333,0.000000,0.333333,0.000000,0.000000,0.000000,0.000000,0.000000,1.046201,1.278205,1.146819
2012-11-30,0.000273,0.000000,0.000273,0.000211,0.001314,0.000000,0.333333,0.000000,0.333333,0.000000,0.333333,0.000000,0.000000,0.000000,0.000000,0.000000,1.046487,1.278475,1.148325
2012-12-03,-0.003768,0.000000,-0.003768,-0.004924,-0.006398,0.000000,0.333333,0.000000,0.333333,0.000000,0.333333,0.000000,0.000000,0.000000,0.000000,0.000000,1.042543,1.272179,1.140978
2012-12-04,-0.001512,0.000000,-0.001512,-0.001414,-0.001251,0.000000,0.333333,0.000000,0.333333,0.000000,0.333333,0.000000,0.000000,0.000000,0.000000,0.000000,1.040967,1.270380,1.139551
2012-12-05,0.004130,0.000000,0.004130,0.001770,0.002764,0.000000,0.333333,0.000000,0.333333,0.000000,0.333333,0.000000,0.000000,0.000000,0.000000,0.000000,1.045266,1.272628,1.142701
2012-12-06,0.003017,0.000000,0.003017,0.003392,0.002335,0.000000,0.333333,0.000000,0.333333,0.000000,0.333333,0.000000,0.000000,0.000000,0.000000,0.000000,1.048420,1.276945,1.145369
2012-12-07,0.005069,0.000000,0.005069,0.003029,0.004301,0.000000,0.333333,0.000000,0.333333,0.000000,0.333333,0.000000,0.000000,0.000000,0.000000,0.000000,1.053734,1.280812,1.150295
2012-12-10,-0.001330,0.000000,-0.001330,0.000421,0.000883,0.000000,0.333333,0.000000,0.333333,0.000000,0.333333,0.000000,0.000000,0.000000,0.000000,0.000000,1.052333,1.281352,1.151311
2012-12-11,0.006254,0.000000,0.006254,0.006809,0.005676,0.000000,0.333333,0.000000,0.333333,0.000000,0.333333,0.000000,0.000000,0.000000,0.000000,0.000000,1.058915,1.290077,1.157846
2012-12-12,0.001388,0.000000,0.001388,0.000488,0.000144,0.000000,0.333333,0.000000,0.333333,0.000000,0.333333,0.000000,0.000000,0.000000,0.000000,0.000000,1.060384,1.290706,1.158013
2012-12-13,-0.006678,0.000000,-0.006678,-0.006132,-0.005337,0.000000,0.333333,0.000000,0.333333,0.000000,0.333333,0.000000,0.000000,0.000000,0.000000,0.000000,1.053303,1.282791,1.151832
2012-12-14,-0.003974,0.000000,-0.003974,-0.003716,-0.002854,0.000000,0.333333,0.000000,0.333333,0.000000,0.333333,0.000000,0.000000,0.000000,0.000000,0.000000,1.049118,1.278025,1.148545
2012-12-17,0.015485,0.000000,0.015485,0.011752,0.011638,0.000000,0.333333,0.000000,0.333333,0.000000,0.333333,0.000000,0.000000,0.000000,0.000000,0.000000,1.065363,1.293044,1.161911
2012-12-18,0.011426,0.000000,0.011426,0.011129,0.010995,0.000000,0.333333,0.000000,0.333333,0.000000,0.333333,0.000000,0.000000,0.000000,0.000000,0.000000,1.077535,1.307434,1.174686
2012-12-19,-0.007925,0.000000,-0.007925,-0.007429,-0.006991,0.000000,0.333333,0.000000,0.333333,0.000000,0.333333,0.000000,0.000000,0.000000,0.000000,0.000000,1.068996,1.297721,1.166474
2012-12-20,0.005842,0.000000,0.005842,0.005752,0.005504,0.000000,0.333333,0.000000,0.333333,0.000000,0.333333,0.000000,0.000000,0.000000,0.000000,0.000000,1.075241,1.305186,1.172895
2012-12-21,-0.009702,0.000000,-0.009702,-0.009078,-0.008355,0.000000,0.333333,0.000000,0.333333,0.000000,0.333333,0.000000,0.000000,0.000000,0.000000,0.000000,1.064808,1.293338,1.163095
2012-12-24,-0.001654,0.000000,-0.001654,-0.003081,-0.002278,0.000000,0.333333,0.000000,0.333333,0.000000,0.333333,0.000000,0.000000,0.000000,0.000000,0.000000,1.063047,1.289353,1.160446
2012-12-25,0.000000,0.000000,0.000000,0.000000,0.000000,0.000000,0.333333,0.000000,0.333333,0.000000,0.333333,0.000000,0.000000,0.000000,0.000000,0.000000,1.063047,1.289353,1.160446
2012-12-26,-0.004617,0.000000,-0.004617,-0.004215,-0.004245,0.000000,0.333333,0.000000,0.333333,0.000000,0.333333,0.000000,0.000000,0.000000,0.000000,0.000000,1.058139,1.283919,1.155519
2012-12-27,-0.001296,0.000000,-0.001296,-0.001341,-0.001313,0.000000,0.333333,0.000000,0.333333,0.000000,0.333333,0.000000,0.000000,0.000000,0.000000,0.000000,1.056768,1.282198,1.154002
2012-12-28,-0.008621,0.000000,-0.008621,-0.010808,-0.010961,0.000000,0.333333,0.000000,0.333333,0.000000,0.333333,0.000000,0.000000,0.000000,0.000000,0.000000,1.047658,1.268340,1.141353
2012-12-31,0.014539,0.000000,0.014539,0.016996,0.016466,0.000000,0.333333,0.000000,0.333333,0.000000,0.333333,0.000000,0.000000,0.000000,0.000000,0.000000,1.062890,1.289897,1.160146
2013-01-01,0.000000,0.000000,0.000000,0.000000,0.000000,0.000000,0.333333,0.000000,0.333333,0.000000,0.333333,0.000000,0.000000,0.000000,0.000000,0.000000,1.062890,1.289897,1.160146
2013-01-02,0.023322,0.000000,0.023322,0.025630,0.024281,0.000000,0.333333,0.000000,0.333333,0.000000,0.333333,0.000000,0.000000,0.000000,0.000000,0.000000,1.087679,1.322957,1.188316
2013-01-03,0.000840,0.000000,0.000840,-0.002259,-0.001489,0.000000,0.333333,0.000000,0.333333,0.000000,0.333333,0.000000,0.000000,0.000000,0.000000,0.000000,1.088593,1.319968,1.186546
2013-01-04,0.006666,0.000000,0.006666,0.004391,0.006076,0.000000,0.333333,0.000000,0.333333,0.000000,0.333333,0.000000,0.000000,0.000000,0.000000,0.000000,1.095849,1.325765,1.193755
2013-01-07,-0.000544,0.000000,-0.000544,-0.002733,-0.003736,0.000000,0.333333,0.000000,0.333333,0.000000,0.333333,0.000000,0.000000,0.000000,0.000000,0.000000,1.095254,1.322142,1.189296
2013-01-08,-0.001858,0.000000,-0.001858,-0.002877,-0.002739,0.000000,0.333333,0.000000,0.333333,0.000000,0.333333,0.000000,0.000000,0.000000,0.000000,0.000000,1.093218,1.318338,1.186038
2013-01-09,0.003812,0.000000,0.003812,0.002542,0.003147,0.000000,0.333333,0.000000,0.333333,0.000000,0.333333,0.000000,0.000000,0.000000,0.000000,0.000000,1.097386,1.321689,1.189771
2013-01-10,0.008384,0.000000,0.008384,0.007950,0.006524,0.000000,0.333333,0.000000,0.333333,0.000000,0.333333,0.000000,0.000000,0.000000,0.000000,0.000000,1.106587,1.332196,1.197533
2013-01-11,-0.000584,0.000000,-0.000584,-0.000068,0.000148,0.000000,0.333333,0.000000,0.333333,0.000000,0.333333,0.000000,0.000000,0.000000,0.000000,0.000000,1.105940,1.332106,1.197710
2013-01-14,0.000164,0.000000,0.000164,-0.000680,-0.000068,0.000000,0.333333,0.000000,0.333333,0.000000,0.333333,0.000000,0.000000,0.000000,0.000000,0.000000,1.106121,1.331199,1.197628
2013-01-15,0.003419,0.000000,0.003419,0.000681,0.001998,0.000000,0.333333,0.000000,0.333333,0.000000,0.333333,0.000000,0.000000,0.000000,0.000000,0.000000,1.109902,1.332106,1.200021
2013-01-16,-0.001267,0.000000,-0.001267,-0.000136,-0.001481,0.000000,0.333333,0.000000,0.333333,0.000000,0.333333,0.000000,0.000000,0.000000,0.000000,0.000000,1.108496,1.331924,1.198244
2013-01-17,0.006285,0.000000,0.006285,0.006460,0.006484,0.000000,0.333333,0.000000,0.333333,0.000000,0.333333,0.000000,0.000000,0.000000,0.000000,0.000000,1.115464,1.340529,1.206013
2013-01-18,0.001901,0.000000,0.001901,0.002230,0.004557,0.000000,0.333333,0.000000,0.333333,0.000000,0.333333,0.000000,0.000000,0.000000,0.000000,0.000000,1.117585,1.343518,1.211509
2013-01-21,0.000000,0.000000,0.000000,0.000000,0.000000,0.000000,0.333333,0.000000,0.333333,0.000000,0.333333,0.000000,0.000000,0.000000,0.000000,0.000000,1.117585,1.343518,1.211509
2013-01-22,0.004928,0.000000,0.004928,0.005394,0.005488,0.000000,0.333333,0.000000,0.333333,0.000000,0.333333,0.000000,0.000000,0.000000,0.000000,0.000000,1.123092,1.350764,1.218157
2013-01-23,-0.000320,0.000000,-0.000320,0.001609,-0.000213,0.000000,0.333333,0.000000,0.333333,0.000000,0.333333,0.000000,0.000000,0.000000,0.000000,0.000000,1.122733,1.352938,1.217898
2013-01-24,0.006398,0.000000,0.006398,0.000268,0.002354,0.000000,0.333333,0.000000,0.333333,0.000000,0.333333,0.000000,0.000000,0.000000,0.000000,0.000000,1.129916,1.353301,1.220765
2013-01-25,0.007628,0.000000,0.007628,0.005621,0.005559,0.000000,0.333333,0.000000,0.333333,0.000000,0.333333,0.000000,0.000000,0.000000,0.000000,0.000000,1.138535,1.360908,1.227551
2013-01-28,-0.004074,0.000000,-0.004074,-0.001197,-0.002117,0.000000,0.333333,0.000000,0.333333,0.000000,0.333333,0.000000,0.000000,0.000000,0.000000,0.000000,1.133897,1.359279,1.224953
2013-01-29,0.003616,0.000000,0.003616,0.003931,0.005390,0.000000,0.333333,0.000000,0.333333,0.000000,0.333333,0.000000,0.000000,0.000000,0.000000,0.000000,1.137997,1.364622,1.231556
2013-01-30,-0.003125,0.000000,-0.003125,-0.003916,-0.003686,0.000000,0.333333,0.000000,0.333333,0.000000,0.333333,0.000000,0.000000,0.000000,0.000000,0.000000,1.134440,1.359279,1.227016
2013-01-31,-0.002710,0.000000,-0.002710,-0.002466,-0.002365,0.000000,0.333333,0.000000,0.333333,0.000000,0.333333,0.000000,0.000000,0.000000,0.000000,0.000000,1.131367,1.355926,1.224114
2013-02-01,0.008981,0.000000,0.008981,0.010288,0.008931,0.000000,0.333333,0.000000,0.333333,0.000000,0.333333,0.000000,0.000000,0.000000,0.000000,0.000000,1.141527,1.369876,1.235047
2013-02-04,-0.011584,0.000000,-0.011584,-0.011241,-0.010206,0.000000,0.333333,0.000000,0.333333,0.000000,0.333333,0.000000,0.000000,0.000000,0.000000,0.000000,1.128303,1.354477,1.222442
2013-02-05,0.010465,0.000000,0.010465,0.010098,0.008964,0.000000,0.333333,0.000000,0.333333,0.000000,0.333333,0.000000,0.000000,0.000000,0.000000,0.000000,1.140112,1.368155,1.233401
2013-02-06,0.001220,0.000000,0.001220,0.000728,0.001065,0.000000,0.333333,0.000000,0.333333,0.000000,0.333333,0.000000,0.000000,0.000000,0.000000,0.000000,1.141503,1.369152,1.234714
2013-02-07,-0.002907,0.000000,-0.002907,-0.001323,-0.001237,0.000000,0.333333,0.000000,0.333333,0.000000,0.333333,0.000000,0.000000,0.000000,0.000000,0.000000,1.138185,1.367340,1.233187
2013-02-08,0.005819,0.000000,0.005819,0.005564,0.004959,0.000000,0.333333,0.000000,0.333333,0.000000,0.333333,0.000000,0.000000,0.000000,0.000000,0.000000,1.144807,1.374948,1.239302
2013-02-11,-0.000293,0.000000,-0.000293,-0.000197,-0.000377,0.000000,0.333333,0.000000,0.333333,0.000000,0.333333,0.000000,0.000000,0.000000,0.000000,0.000000,1.144471,1.374676,1.238835
2013-02-12,0.003573,0.000000,0.003573,0.001647,0.002033,0.000000,0.333333,0.000000,0.333333,0.000000,0.333333,0.000000,0.000000,0.000000,0.000000,0.000000,1.148561,1.376940,1.241353
2013-02-13,-0.000257,0.000000,-0.000257,0.000855,0.001388,0.000000,0.333333,0.000000,0.333333,0.000000,0.333333,0.000000,0.000000,0.000000,0.000000,0.000000,1.148266,1.378118,1.243076
2013-02-14,0.001950,0.000000,0.001950,0.000920,0.000445,0.000000,0.333333,0.000000,0.333333,0.000000,0.333333,0.000000,0.000000,0.000000,0.000000,0.000000,1.150505,1.379385,1.243629
2013-02-15,-0.000332,0.000000,-0.000332,-0.001181,-0.001043,0.000000,0.333333,0.000000,0.333333,0.000000,0.333333,0.000000,0.000000,0.000000,0.000000,0.000000,1.150123,1.377756,1.242332
2013-02-18,0.000000,0.000000,0.000000,0.000000,0.000000,0.000000,0.333333,0.000000,0.333333,0.000000,0.333333,0.000000,0.000000,0.000000,0.000000,0.000000,1.150123,1.377756,1.242332
2013-02-19,0.006507,0.000000,0.006507,0.007494,0.006627,0.000000,0.333333,0.000000,0.333333,0.000000,0.333333,0.000000,0.000000,0.000000,0.000000,0.000000,1.157607,1.388081,1.250564
2013-02-20,-0.012241,0.000000,-0.012241,-0.012463,-0.012909,0.000000,0.333333,0.000000,0.333333,0.000000,0.333333,0.000000,0.000000,0.000000,0.000000,0.000000,1.143437,1.370781,1.234421
2013-02-21,-0.006959,0.000000,-0.006959,-0.006079,-0.005961,0.000000,0.333333,0.000000,0.333333,0.000000,0.333333,0.000000,0.000000,0.000000,0.000000,0.000000,1.135479,1.362448,1.227063
2013-02-22,0.007521,0.000000,0.007521,0.009772,0.009147,0.000000,0.333333,0.000000,0.333333,0.000000,0.333333,0.000000,0.000000,0.000000,0.000000,0.000000,1.144019,1.375762,1.238286
2013-02-25,-0.017885,0.000000,-0.017885,-0.019026,-0.017780,0.000000,0.333333,0.000000,0.333333,0.000000,0.333333,0.000000,0.000000,0.000000,0.000000,0.000000,1.123559,1.349587,1.216270
2013-02-26,0.005897,0.000000,0.005897,0.006846,0.006162,0.000000,0.333333,0.000000,0.333333,0.000000,0.333333,0.000000,0.000000,0.000000,0.000000,0.000000,1.130184,1.358826,1.223764
2013-02-27,0.013904,0.000000,0.013904,0.012598,0.013189,0.000000,0.333333,0.000000,0.333333,0.000000,0.333333,0.000000,0.000000,0.000000,0.000000,0.000000,1.145898,1.375944,1.239904
2013-02-28,0.000770,0.000000,0.000770,-0.001975,0.000254,0.000000,0.333333,0.000000,0.333333,0.000000,0.333333,0.000000,0.000000,0.000000,0.000000,0.000000,1.146781,1.373227,1.240219
2013-03-01,0.004265,0.000000,0.004265,0.003298,0.002207,0.000000,0.333333,0.000000,0.333333,0.000000,0.333333,0.000000,0.000000,0.000000,0.000000,0.000000,1.151671,1.377756,1.242956
2013-03-04,0.007600,0.000000,0.007600,0.005325,0.004523,0.000000,0.333333,0.000000,0.333333,0.000000,0.333333,0.000000,0.000000,0.000000,0.000000,0.000000,1.160424,1.385092,1.248578
2013-03-05,0.009054,0.000000,0.009054,0.008959,0.008554,0.000000,0.333333,0.000000,0.333333,0.000000,0.333333,0.000000,0.000000,0.000000,0.000000,0.000000,1.170930,1.397502,1.259258
2013-03-06,0.002649,0.000000,0.002649,0.001361,0.001593,0.000000,0.333333,0.000000,0.333333,0.000000,0.333333,0.000000,0.000000,0.000000,0.000000,0.000000,1.174032,1.399403,1.261264
2013-03-07,0.002752,0.000000,0.002752,0.001812,0.001640,0.000000,0.333333,0.000000,0.333333,0.000000,0.333333,0.000000,0.000000,0.000000,0.000000,0.000000,1.177262,1.401940,1.263333
2013-03-08,0.005037,0.000000,0.005037,0.004264,0.004824,0.000000,0.333333,0.000000,0.333333,0.000000,0.333333,0.000000,0.000000,0.000000,0.000000,0.000000,1.183192,1.407917,1.269427
2013-03-11,0.005103,0.000000,0.005103,0.003796,0.003382,0.000000,0.333333,0.000000,0.333333,0.000000,0.333333,0.000000,0.000000,0.000000,0.000000,0.000000,1.189230,1.413261,1.273720
2013-03-12,-0.001272,0.000000,-0.001272,-0.002243,-0.001659,0.000000,0.333333,0.000000,0.333333,0.000000,0.333333,0.000000,0.000000,0.000000,0.000000,0.000000,1.187717,1.410091,1.271607
2013-03-13,0.002824,0.000000,0.002824,0.001413,0.001654,0.000000,0.333333,0.000000,0.333333,0.000000,0.333333,0.000000,0.000000,0.000000,0.000000,0.000000,1.191071,1.412084,1.273711
2013-03-14,0.002857,0.000000,0.002857,0.005324,0.005088,0.000000,0.333333,0.000000,0.333333,0.000000,0.333333,0.000000,0.000000,0.000000,0.000000,0.000000,1.194474,1.419602,1.280192
2013-03-15,-0.000865,0.000000,-0.000865,-0.001320,-0.000414,0.000000,0.333333,0.000000,0.333333,0.000000,0.333333,0.000000,0.000000,0.000000,0.000000,0.000000,1.193440,1.417727,1.279662
2013-03-18,-0.007948,0.000000,-0.007948,-0.005518,-0.005933,0.000000,0.333333,0.000000,0.333333,0.000000,0.333333,0.000000,0.000000,0.000000,0.000000,0.000000,1.183954,1.409904,1.272069
2013-03-19,-0.003963,0.000000,-0.003963,-0.002323,-0.002056,0.000000,0.333333,0.000000,0.333333,0.000000,0.333333,0.000000,0.000000,0.000000,0.000000,0.000000,1.179262,1.406629,1.269453
2013-03-20,0.008835,0.000000,0.008835,0.006985,0.006983,0.000000,0.333333,0.000000,0.333333,0.000000,0.333333,0.000000,0.000000,0.000000,0.000000,0.000000,1.189681,1.416454,1.278319
2013-03-21,-0.008666,0.000000,-0.008666,-0.008543,-0.008615,0.000000,0.333333,0.000000,0.333333,0.000000,0.333333,0.000000,0.000000,0.000000,0.000000,0.000000,1.179371,1.404353,1.267306
2013-03-22,0.008675,0.000000,0.008675,0.008034,0.006683,0.000000,0.333333,0.000000,0.333333,0.000000,0.333333,0.000000,0.000000,0.000000,0.000000,0.000000,1.189602,1.415635,1.275776
2013-03-25,-0.002451,0.000000,-0.002451,-0.004178,-0.003657,0.000000,0.333333,0.000000,0.333333,0.000000,0.333333,0.000000,0.000000,0.000000,0.000000,0.000000,1.186686,1.409721,1.271110
2013-03-26,0.007725,0.000000,0.007725,0.008003,0.007889,0.000000,0.333333,0.000000,0.333333,0.000000,0.333333,0.000000,0.000000,0.000000,0.000000,0.000000,1.195853,1.421003,1.281137
2013-03-27,0.000174,0.000000,0.000174,0.000000,0.000536,0.000000,0.333333,0.000000,0.333333,0.000000,0.333333,0.000000,0.000000,0.000000,0.000000,0.000000,1.196061,1.421003,1.281825
2013-03-28,0.005044,0.000000,0.005044,0.003073,0.004612,0.000000,0.333333,0.000000,0.333333,0.000000,0.333333,0.000000,0.000000,0.000000,0.000000,0.000000,1.202094,1.425370,1.287737
2013-03-29,0.000000,0.000000,0.000000,0.000000,0.000000,0.000000,0.333333,0.000000,0.333333,0.000000,0.333333,0.000000,0.000000,0.000000,0.000000,0.000000,1.202094,1.425370,1.287737
2013-04-01,-0.003293,0.000000,-0.003293,-0.003958,-0.004689,0.000000,0.333333,0.000000,0.333333,0.000000,0.333333,0.000000,0.000000,0.000000,0.000000,0.000000,1.198137,1.419729,1.281699
2013-04-02,0.009660,0.000000,0.009660,0.004935,0.003167,0.000000,0.333333,0.000000,0.333333,0.000000,0.333333,0.000000,0.000000,0.000000,0.000000,0.000000,1.209710,1.426735,1.285758
2013-04-03,-0.010562,0.000000,-0.010562,-0.010140,-0.009608,0.000000,0.333333,0.000000,0.333333,0.000000,0.333333,0.000000,0.000000,0.000000,0.000000,0.000000,1.196933,1.412269,1.273404
2013-04-04,0.006384,0.000000,0.006384,0.004059,0.005112,0.000000,0.333333,0.000000,0.333333,0.000000,0.333333,0.000000,0.000000,0.000000,0.000000,0.000000,1.204575,1.418001,1.279914
2013-04-05,-0.004602,0.000000,-0.004602,-0.004491,-0.003148,0.000000,0.333333,0.000000,0.333333,0.000000,0.333333,0.000000,0.000000,0.000000,0.000000,0.000000,1.199031,1.411632,1.275885
2013-04-08,0.007418,0.000000,0.007418,0.006767,0.006808,0.000000,0.333333,0.000000,0.333333,0.000000,0.333333,0.000000,0.000000,0.000000,0.000000,0.000000,1.207925,1.421185,1.284571
2013-04-09,0.001114,0.000000,0.001114,0.003457,0.003302,0.000000,0.333333,0.000000,0.333333,0.000000,0.333333,0.000000,0.000000,0.000000,0.000000,0.000000,1.209271,1.426098,1.288812
2013-04-10,0.014039,0.000000,0.014039,0.012249,0.011209,0.000000,0.333333,0.000000,0.333333,0.000000,0.333333,0.000000,0.000000,0.000000,0.000000,0.000000,1.226248,1.443566,1.303259
2013-04-11,0.006751,0.000000,0.006751,0.003277,0.003913,0.000000,0.333333,0.000000,0.333333,0.000000,0.333333,0.000000,0.000000,0.000000,0.000000,0.000000,1.234527,1.448297,1.308358
2013-04-12,0.000976,0.000000,0.000976,-0.002450,-0.003279,0.000000,0.333333,0.000000,0.333333,0.000000,0.333333,0.000000,0.000000,0.000000,0.000000,0.000000,1.235731,1.444749,1.304067
2013-04-15,-0.021850,0.000000,-0.021850,-0.023174,-0.024495,0.000000,0.333333,0.000000,0.333333,0.000000,0.333333,0.000000,0.000000,0.000000,0.000000,0.000000,1.208731,1.411268,1.272124
2013-04-16,0.014760,0.000000,0.014760,0.014763,0.014619,0.000000,0.333333,0.000000,0.333333,0.000000,0.333333,0.000000,0.000000,0.000000,0.000000,0.000000,1.226573,1.432102,1.290721
2013-04-17,-0.011120,0.000000,-0.011120,-0.014611,-0.013487,0.000000,0.333333,0.000000,0.333333,0.000000,0.333333,0.000000,0.000000,0.000000,0.000000,0.000000,1.212933,1.411178,1.273313
2013-04-18,-0.011218,0.000000,-0.011218,-0.006254,-0.004638,0.000000,0.333333,0.000000,0.333333,0.000000,0.333333,0.000000,0.000000,0.000000,0.000000,0.000000,1.199326,1.402352,1.267407
2013-04-19,0.013352,0.000000,0.013352,0.008694,0.009637,0.000000,0.333333,0.000000,0.333333,0.000000,0.333333,0.000000,0.000000,0.000000,0.000000,0.000000,1.215340,1.414544,1.279622
2013-04-22,0.003839,0.000000,0.003839,0.004438,0.004674,0.000000,0.333333,0.000000,0.333333,0.000000,0.333333,0.000000,0.000000,0.000000,0.000000,0.000000,1.220006,1.420821,1.285603
2013-04-23,0.011532,0.000000,0.011532,0.010309,0.009226,0.000000,0.333333,0.000000,0.333333,0.000000,0.333333,0.000000,0.000000,0.000000,0.000000,0.000000,1.234075,1.435468,1.297463
2013-04-24,-0.003505,0.000000,-0.003505,0.000634,0.001911,0.000000,0.333333,0.000000,0.333333,0.000000,0.333333,0.000000,0.000000,0.000000,0.000000,0.000000,1.229750,1.436379,1.299942
2013-04-25,0.006152,0.000000,0.006152,0.004054,0.004681,0.000000,0.333333,0.000000,0.333333,0.000000,0.333333,0.000000,0.000000,0.000000,0.000000,0.000000,1.237315,1.442202,1.306027
2013-04-26,-0.002967,0.000000,-0.002967,-0.001766,-0.002976,0.000000,0.333333,0.000000,0.333333,0.000000,0.333333,0.000000,0.000000,0.000000,0.000000,0.000000,1.233643,1.439654,1.302139
2013-04-29,0.003655,0.000000,0.003655,0.006699,0.007458,0.000000,0.333333,0.000000,0.333333,0.000000,0.333333,0.000000,0.000000,0.000000,0.000000,0.000000,1.238152,1.449298,1.311851
2013-04-30,-0.000704,0.000000,-0.000704,0.002385,0.001685,0.000000,0.333333,0.000000,0.333333,0.000000,0.333333,0.000000,0.000000,0.000000,0.000000,0.000000,1.237280,1.452754,1.314061
2013-05-01,-0.009035,0.000000,-0.009035,-0.008767,-0.010340,0.000000,0.333333,0.000000,0.333333,0.000000,0.333333,0.000000,0.000000,0.000000,0.000000,0.000000,1.226101,1.440018,1.300474
2013-05-02,0.009838,0.000000,0.009838,0.009287,0.008613,0.000000,0.333333,0.000000,0.333333,0.000000,0.333333,0.000000,0.000000,0.000000,0.000000,0.000000,1.238164,1.453391,1.311675
2013-05-03,0.010021,0.000000,0.010021,0.010141,0.010523,0.000000,0.333333,0.000000,0.333333,0.000000,0.333333,0.000000,0.000000,0.000000,0.000000,0.000000,1.250571,1.468130,1.325479
2013-05-06,0.002449,0.000000,0.002449,0.002540,0.000767,0.000000,0.333333,0.000000,0.333333,0.000000,0.333333,0.000000,0.000000,0.000000,0.000000,0.000000,1.253634,1.471860,1.326496
2013-05-07,0.005617,0.000000,0.005617,0.005069,0.006658,0.000000,0.333333,0.000000,0.333333,0.000000,0.333333,0.000000,0.000000,0.000000,0.000000,0.000000,1.260676,1.479320,1.335328
2013-05-08,0.004005,0.000000,0.004005,0.004551,0.003218,0.000000,0.333333,0.000000,0.333333,0.000000,0.333333,0.000000,0.000000,0.000000,0.000000,0.000000,1.265724,1.486053,1.339625
2013-05-09,-0.001405,0.000000,-0.001405,-0.002816,-0.003478,0.000000,0.333333,0.000000,0.333333,0.000000,0.333333,0.000000,0.000000,0.000000,0.000000,0.000000,1.263947,1.481868,1.334966
2013-05-10,0.007279,0.000000,0.007279,0.003255,0.003077,0.000000,0.333333,0.000000,0.333333,0.000000,0.333333,0.000000,0.000000,0.000000,0.000000,0.000000,1.273146,1.486691,1.339074
2013-05-13,0.003865,0.000000,0.003865,0.000795,-0.000635,0.000000,0.333333,0.000000,0.333333,0.000000,0.333333,0.000000,0.000000,0.000000,0.000000,0.000000,1.278067,1.487872,1.338223
2013-05-14,0.012464,0.000000,0.012464,0.010334,0.010911,0.000000,0.333333,0.000000,0.333333,0.000000,0.333333,0.000000,0.000000,0.000000,0.000000,0.000000,1.293997,1.503248,1.352824
2013-05-15,0.006622,0.000000,0.006622,0.005387,0.005481,0.000000,0.333333,0.000000,0.333333,0.000000,0.333333,0.000000,0.000000,0.000000,0.000000,0.000000,1.302566,1.511346,1.360240
2013-05-16,-0.009505,0.000000,-0.009505,-0.004695,-0.005764,0.000000,0.333333,0.000000,0.333333,0.000000,0.333333,0.000000,0.000000,0.000000,0.000000,0.000000,1.290185,1.504249,1.352399
2013-05-17,0.009530,0.000000,0.009530,0.009677,0.010249,0.000000,0.333333,0.000000,0.333333,0.000000,0.333333,0.000000,0.000000,0.000000,0.000000,0.000000,1.302480,1.518805,1.366259
2013-05-20,-0.002624,0.000000,-0.002624,-0.000060,-0.000561,0.000000,0.333333,0.000000,0.333333,0.000000,0.333333,0.000000,0.000000,0.000000,0.000000,0.000000,1.299062,1.518714,1.365493
2013-05-21,0.005967,0.000000,0.005967,0.001438,0.001762,0.000000,0.333333,0.000000,0.333333,0.000000,0.333333,0.000000,0.000000,0.000000,0.000000,0.000000,1.306814,1.520898,1.367899
2013-05-22,-0.006674,0.000000,-0.006674,-0.007418,-0.009271,0.000000,0.333333,0.000000,0.333333,0.000000,0.333333,0.000000,0.000000,0.000000,0.000000,0.000000,1.298093,1.509617,1.355216
2013-05-23,-0.002853,0.000000,-0.002853,-0.002893,-0.002395,0.000000,0.333333,0.000000,0.333333,0.000000,0.333333,0.000000,0.000000,0.000000,0.000000,0.000000,1.294389,1.505250,1.351971
2013-05-24,-0.001671,0.000000,-0.001671,-0.000846,-0.002258,0.000000,0.333333,0.000000,0.333333,0.000000,0.333333,0.000000,0.000000,0.000000,0.000000,0.000000,1.292226,1.503976,1.348918
2013-05-27,0.000000,0.000000,0.000000,0.000000,0.000000,0.000000,0.333333,0.000000,0.333333,0.000000,0.333333,0.000000,0.000000,0.000000,0.000000,0.000000,1.292226,1.503976,1.348918
2013-05-28,0.010000,0.000000,0.010000,0.005989,0.005526,0.000000,0.333333,0.000000,0.333333,0.000000,0.333333,0.000000,0.000000,0.000000,0.000000,0.000000,1.305148,1.512983,1.356372
2013-05-29,-0.008669,0.000000,-0.008669,-0.006494,-0.008174,0.000000,0.333333,0.000000,0.333333,0.000000,0.333333,0.000000,0.000000,0.000000,0.000000,0.000000,1.293833,1.503157,1.345284
2013-05-30,0.006403,0.000000,0.006403,0.003692,0.003453,0.000000,0.333333,0.000000,0.333333,0.000000,0.333333,0.000000,0.000000,0.000000,0.000000,0.000000,1.302118,1.508707,1.349929
2013-05-31,-0.016531,0.000000,-0.016531,-0.014352,-0.014393,0.000000,0.333333,0.000000,0.333333,0.000000,0.333333,0.000000,0.000000,0.000000,0.000000,0.000000,1.280593,1.487053,1.330499
2013-06-03,0.003622,0.000000,0.003622,0.005507,0.005390,0.000000,0.333333,0.000000,0.333333,0.000000,0.333333,0.000000,0.000000,0.000000,0.000000,0.000000,1.285231,1.495242,1.337670
2013-06-04,-0.006271,0.000000,-0.006271,-0.004807,-0.004556,0.000000,0.333333,0.000000,0.333333,0.000000,0.333333,0.000000,0.000000,0.000000,0.000000,0.000000,1.277172,1.488054,1.331576
2013-06-05,-0.015793,0.000000,-0.015793,-0.014001,-0.014456,0.000000,0.333333,0.000000,0.333333,0.000000,0.333333,0.000000,0.000000,0.000000,0.000000,0.000000,1.257001,1.467221,1.312327
2013-06-06,0.013004,0.000000,0.013004,0.009053,0.008635,0.000000,0.333333,0.000000,0.333333,0.000000,0.333333,0.000000,0.000000,0.000000,0.000000,0.000000,1.273347,1.480504,1.323659
2013-06-07,0.014916,0.000000,0.014916,0.012720,0.012581,0.000000,0.333333,0.000000,0.333333,0.000000,0.333333,0.000000,0.000000,0.000000,0.000000,0.000000,1.292341,1.499336,1.340311
2013-06-10,-0.000349,0.000000,-0.000349,0.000000,-0.000019,0.000000,0.333333,0.000000,0.333333,0.000000,0.333333,0.000000,0.000000,0.000000,0.000000,0.000000,1.291890,1.499336,1.340286
2013-06-11,-0.010172,0.000000,-0.010172,-0.010316,-0.009793,0.000000,0.333333,0.000000,0.333333,0.000000,0.333333,0.000000,0.000000,0.000000,0.000000,0.000000,1.278749,1.483870,1.327160
2013-06-12,-0.010622,0.000000,-0.010622,-0.008277,-0.007931,0.000000,0.333333,0.000000,0.333333,0.000000,0.333333,0.000000,0.000000,0.000000,0.000000,0.000000,1.265166,1.471588,1.316635
2013-06-13,0.017743,0.000000,0.017743,0.015208,0.015704,0.000000,0.333333,0.000000,0.333333,0.000000,0.333333,0.000000,0.000000,0.000000,0.000000,0.000000,1.287614,1.493968,1.337311
2013-06-14,-0.005985,0.000000,-0.005985,-0.006273,-0.005576,0.000000,0.333333,0.000000,0.333333,0.000000,0.333333,0.000000,0.000000,0.000000,0.000000,0.000000,1.279908,1.484597,1.329854
2013-06-17,0.005829,0.000000,0.005829,0.007722,0.007718,0.000000,0.333333,0.000000,0.333333,0.000000,0.333333,0.000000,0.000000,0.000000,0.000000,0.000000,1.287368,1.496061,1.340118
2013-06-18,0.008417,0.000000,0.008417,0.007905,0.007271,0.000000,0.333333,0.000000,0.333333,0.000000,0.333333,0.000000,0.000000,0.000000,0.000000,0.000000,1.298203,1.507888,1.349862
2013-06-19,-0.013614,0.000000,-0.013614,-0.013817,-0.014142,0.000000,0.333333,0.000000,0.333333,0.000000,0.333333,0.000000,0.000000,0.000000,0.000000,0.000000,1.280529,1.487053,1.330772
2013-06-20,-0.024422,0.000000,-0.024422,-0.024778,-0.025749,0.000000,0.333333,0.000000,0.333333,0.000000,0.333333,0.000000,0.000000,0.000000,0.000000,0.000000,1.249256,1.450208,1.296505
2013-06-21,0.004228,0.000000,0.004228,0.003210,0.003541,0.000000,0.333333,0.000000,0.333333,0.000000,0.333333,0.000000,0.000000,0.000000,0.000000,0.000000,1.254539,1.454863,1.301096
2013-06-24,-0.011775,0.000000,-0.011775,-0.012636,-0.011104,0.000000,0.333333,0.000000,0.333333,0.000000,0.333333,0.000000,0.000000,0.000000,0.000000,0.000000,1.239766,1.436479,1.286648
2013-06-25,0.010913,0.000000,0.010913,0.009614,0.009544,0.000000,0.333333,0.000000,0.333333,0.000000,0.333333,0.000000,0.000000,0.000000,0.000000,0.000000,1.253296,1.450290,1.298927
2013-06-26,0.012300,0.000000,0.012300,0.009901,0.009616,0.000000,0.333333,0.000000,0.333333,0.000000,0.333333,0.000000,0.000000,0.000000,0.000000,0.000000,1.268711,1.464649,1.311417
2013-06-27,0.008370,0.000000,0.008370,0.005870,0.005329,0.000000,0.333333,0.000000,0.333333,0.000000,0.333333,0.000000,0.000000,0.000000,0.000000,0.000000,1.279331,1.473247,1.318406
2013-06-28,-0.003428,0.000000,-0.003428,-0.004098,-0.003762,0.000000,0.333333,0.000000,0.333333,0.000000,0.333333,0.000000,0.000000,0.000000,0.000000,0.000000,1.274944,1.467210,1.313447
2013-07-01,0.004243,0.000000,0.004243,0.005860,0.003973,0.000000,0.333333,0.000000,0.333333,0.000000,0.333333,0.000000,0.000000,0.000000,0.000000,0.000000,1.280355,1.475807,1.318665
2013-07-02,0.000230,0.000000,0.000230,-0.000930,-0.000926,0.000000,0.333333,0.000000,0.333333,0.000000,0.333333,0.000000,0.000000,0.000000,0.000000,0.000000,1.280650,1.474435,1.317443
2013-07-03,0.000010,0.000000,0.000010,0.000434,0.000023,0.000000,0.333333,0.000000,0.333333,0.000000,0.333333,0.000000,0.000000,0.000000,0.000000,0.000000,1.280662,1.475075,1.317473
2013-07-04,0.000000,0.000000,0.000000,0.000000,0.000000,0.000000,0.333333,0.000000,0.333333,0.000000,0.333333,0.000000,0.000000,0.000000,0.000000,0.000000,1.280662,1.475075,1.317473
2013-07-05,0.014163,0.000000,0.014163,0.010789,0.009262,0.000000,0.333333,0.000000,0.333333,0.000000,0.333333,0.000000,0.000000,0.000000,0.000000,0.000000,1.298800,1.490991,1.329676
2013-07-08,0.007505,0.000000,0.007505,0.005704,0.006798,0.000000,0.333333,0.000000,0.333333,0.000000,0.333333,0.000000,0.000000,0.000000,0.000000,0.000000,1.308547,1.499495,1.338716
2013-07-09,0.005115,0.000000,0.005115,0.007197,0.008164,0.000000,0.333333,0.000000,0.333333,0.000000,0.333333,0.000000,0.000000,0.000000,0.000000,0.000000,1.315240,1.510288,1.349645
2013-07-10,0.000549,0.000000,0.000549,0.000363,0.000557,0.000000,0.333333,0.000000,0.333333,0.000000,0.333333,0.000000,0.000000,0.000000,0.000000,0.000000,1.315963,1.510836,1.350397
2013-07-11,0.012232,0.000000,0.012232,0.013621,0.013945,0.000000,0.333333,0.000000,0.333333,0.000000,0.333333,0.000000,0.000000,0.000000,0.000000,0.000000,1.332059,1.531415,1.369228
2013-07-12,0.005896,0.000000,0.005896,0.000418,0.001977,0.000000,0.333333,0.000000,0.333333,0.000000,0.333333,0.000000,0.000000,0.000000,0.000000,0.000000,1.339913,1.532055,1.371936
2013-07-15,0.000971,0.000000,0.000971,0.003821,0.003192,0.000000,0.333333,0.000000,0.333333,0.000000,0.333333,0.000000,0.000000,0.000000,0.000000,0.000000,1.341214,1.537909,1.376315
2013-07-16,-0.005031,0.000000,-0.005031,-0.003747,-0.004711,0.000000,0.333333,0.000000,0.333333,0.000000,0.333333,0.000000,0.000000,0.000000,0.000000,0.000000,1.334466,1.532147,1.369831
2013-07-17,0.002515,0.000000,0.002515,0.002567,0.002950,0.000000,0.333333,0.000000,0.333333,0.000000,0.333333,0.000000,0.000000,0.000000,0.000000,0.000000,1.337823,1.536080,1.373872
2013-07-18,0.007251,0.000000,0.007251,0.005478,0.005845,0.000000,0.333333,0.000000,0.333333,0.000000,0.333333,0.000000,0.000000,0.000000,0.000000,0.000000,1.347523,1.544494,1.381903
2013-07-19,0.004289,0.000000,0.004289,0.001776,0.003627,0.000000,0.333333,0.000000,0.333333,0.000000,0.333333,0.000000,0.000000,0.000000,0.000000,0.000000,1.353302,1.547237,1.386914
2013-07-22,0.003675,0.000000,0.003675,0.001951,0.001016,0.000000,0.333333,0.000000,0.333333,0.000000,0.333333,0.000000,0.000000,0.000000,0.000000,0.000000,1.358276,1.550256,1.388323
2013-07-23,-0.002906,0.000000,-0.002906,-0.002123,-0.000915,0.000000,0.333333,0.000000,0.333333,0.000000,0.333333,0.000000,0.000000,0.000000,0.000000,0.000000,1.354328,1.546964,1.387052
2013-07-24,-0.004053,0.000000,-0.004053,-0.003666,-0.006150,0.000000,0.333333,0.000000,0.333333,0.000000,0.333333,0.000000,0.000000,0.000000,0.000000,0.000000,1.348840,1.541293,1.378522
2013-07-25,0.002421,0.000000,0.002421,0.002433,0.004335,0.000000,0.333333,0.000000,0.333333,0.000000,0.333333,0.000000,0.000000,0.000000,0.000000,0.000000,1.352105,1.545043,1.384498
2013-07-26,0.002910,0.000000,0.002910,0.001065,0.000489,0.000000,0.333333,0.000000,0.333333,0.000000,0.333333,0.000000,0.000000,0.000000,0.000000,0.000000,1.356040,1.546689,1.385175
2013-07-29,-0.005136,0.000000,-0.005136,-0.003075,-0.002520,0.000000,0.333333,0.000000,0.333333,0.000000,0.333333,0.000000,0.000000,0.000000,0.000000,0.000000,1.349075,1.541933,1.381685
2013-07-30,-0.000942,0.000000,-0.000942,0.000000,0.000489,0.000000,0.333333,0.000000,0.333333,0.000000,0.333333,0.000000,0.000000,0.000000,0.000000,0.000000,1.347804,1.541933,1.382360
2013-07-31,0.002043,0.000000,0.002043,0.000712,-0.000167,0.000000,0.333333,0.000000,0.333333,0.000000,0.333333,0.000000,0.000000,0.000000,0.000000,0.000000,1.350558,1.543030,1.382129
2013-08-01,0.012624,0.000000,0.012624,0.011559,0.011770,0.000000,0.333333,0.000000,0.333333,0.000000,0.333333,0.000000,0.000000,0.000000,0.000000,0.000000,1.367608,1.560865,1.398397
2013-08-02,0.002347,0.000000,0.002347,0.001699,0.001534,0.000000,0.333333,0.000000,0.333333,0.000000,0.333333,0.000000,0.000000,0.000000,0.000000,0.000000,1.370818,1.563517,1.400542
2013-08-05,-0.001809,0.000000,-0.001809,-0.001462,-0.002011,0.000000,0.333333,0.000000,0.333333,0.000000,0.333333,0.000000,0.000000,0.000000,0.000000,0.000000,1.368339,1.561231,1.397725
2013-08-06,-0.005984,0.000000,-0.005984,-0.005682,-0.005816,0.000000,0.333333,0.000000,0.333333,0.000000,0.333333,0.000000,0.000000,0.000000,0.000000,0.000000,1.360150,1.552360,1.389595
2013-08-07,-0.004934,0.000000,-0.004934,-0.003240,-0.002448,0.000000,0.333333,0.000000,0.333333,0.000000,0.333333,0.000000,0.000000,0.000000,0.000000,0.000000,1.353438,1.547330,1.386193
2013-08-08,0.003045,0.000000,0.003045,0.003665,0.005140,0.000000,0.333333,0.000000,0.333333,0.000000,0.333333,0.000000,0.000000,0.000000,0.000000,0.000000,1.357559,1.553000,1.393318
2013-08-09,-0.003033,0.000000,-0.003033,-0.002886,-0.002857,0.000000,0.333333,0.000000,0.333333,0.000000,0.333333,0.000000,0.000000,0.000000,0.000000,0.000000,1.353442,1.548518,1.389337
2013-08-12,-0.003125,0.000000,-0.003125,-0.001181,-0.001714,0.000000,0.333333,0.000000,0.333333,0.000000,0.333333,0.000000,0.000000,0.000000,0.000000,0.000000,1.349213,1.546689,1.386956
2013-08-13,0.002888,0.000000,0.002888,0.002957,0.002297,0.000000,0.333333,0.000000,0.333333,0.000000,0.333333,0.000000,0.000000,0.000000,0.000000,0.000000,1.353109,1.551263,1.390142
2013-08-14,-0.007591,0.000000,-0.007591,-0.005130,-0.005658,0.000000,0.333333,0.000000,0.333333,0.000000,0.333333,0.000000,0.000000,0.000000,0.000000,0.000000,1.342838,1.543305,1.382276
2013-08-15,-0.016365,0.000000,-0.016365,-0.013986,-0.013098,0.000000,0.333333,0.000000,0.333333,0.000000,0.333333,0.000000,0.000000,0.000000,0.000000,0.000000,1.320862,1.521720,1.364171
2013-08-16,-0.003410,0.000000,-0.003410,-0.003306,-0.004353,0.000000,0.333333,0.000000,0.333333,0.000000,0.333333,0.000000,0.000000,0.000000,0.000000,0.000000,1.316358,1.516690,1.358233
2013-08-19,-0.005157,0.000000,-0.005157,-0.006392,-0.006741,0.000000,0.333333,0.000000,0.333333,0.000000,0.333333,0.000000,0.000000,0.000000,0.000000,0.000000,1.309570,1.506995,1.349076
2013-08-20,0.007548,0.000000,0.007548,0.004916,0.005275,0.000000,0.333333,0.000000,0.333333,0.000000,0.333333,0.000000,0.000000,0.000000,0.000000,0.000000,1.319455,1.514404,1.356193
2013-08-21,-0.007206,0.000000,-0.007206,-0.006160,-0.007000,0.000000,0.333333,0.000000,0.333333,0.000000,0.333333,0.000000,0.000000,0.000000,0.000000,0.000000,1.309947,1.505074,1.346699
2013-08-22,0.009369,0.000000,0.009369,0.009116,0.009214,0.000000,0.333333,0.000000,0.333333,0.000000,0.333333,0.000000,0.000000,0.000000,0.000000,0.000000,1.322220,1.518794,1.359108
2013-08-23,0.001262,0.000000,0.001262,0.003372,0.004501,0.000000,0.333333,0.000000,0.333333,0.000000,0.333333,0.000000,0.000000,0.000000,0.000000,0.000000,1.323889,1.523915,1.365225
2013-08-26,-0.002375,0.000000,-0.002375,-0.003721,-0.003873,0.000000,0.333333,0.000000,0.333333,0.000000,0.333333,0.000000,0.000000,0.000000,0.000000,0.000000,1.320745,1.518245,1.359938
2013-08-27,-0.018866,0.000000,-0.018866,-0.016085,-0.013767,0.000000,0.333333,0.000000,0.333333,0.000000,0.333333,0.000000,0.000000,0.000000,0.000000,0.000000,1.295828,1.493824,1.341215
2013-08-28,0.003740,0.000000,0.003740,0.003552,0.002591,0.000000,0.333333,0.000000,0.333333,0.000000,0.333333,0.000000,0.000000,0.000000,0.000000,0.000000,1.300674,1.499130,1.344691
2013-08-29,0.003487,0.000000,0.003487,0.001586,0.001092,0.000000,0.333333,0.000000,0.333333,0.000000,0.333333,0.000000,0.000000,0.000000,0.000000,0.000000,1.305209,1.501507,1.346158
2013-08-30,-0.004886,0.000000,-0.004886,-0.003167,-0.002589,0.000000,0.333333,0.000000,0.333333,0.000000,0.333333,0.000000,0.000000,0.000000,0.000000,0.000000,1.298832,1.496752,1.342673
2013-09-02,0.000000,0.000000,0.000000,0.000000,0.000000,0.000000,0.333333,0.000000,0.333333,0.000000,0.333333,0.000000,0.000000,0.000000,0.000000,0.000000,1.298832,1.496752,1.342673
2013-09-03,0.007280,0.000000,0.007280,0.004521,0.003351,0.000000,0.333333,0.000000,0.333333,0.000000,0.333333,0.000000,0.000000,0.000000,0.000000,0.000000,1.308288,1.503520,1.347172
2013-09-04,0.009887,0.000000,0.009887,0.008273,0.007821,0.000000,0.333333,0.000000,0.333333,0.000000,0.333333,0.000000,0.000000,0.000000,0.000000,0.000000,1.321223,1.515959,1.357708
2013-09-05,0.001423,0.000000,0.001423,0.001267,0.000764,0.000000,0.333333,0.000000,0.333333,0.000000,0.333333,0.000000,0.000000,0.000000,0.000000,0.000000,1.323103,1.517879,1.358745
2013-09-06,-0.000264,0.000000,-0.000264,0.000482,0.000851,0.000000,0.333333,0.000000,0.333333,0.000000,0.333333,0.000000,0.000000,0.000000,0.000000,0.000000,1.322753,1.518611,1.359901
2013-09-09,0.008886,0.000000,0.008886,0.009576,0.009775,0.000000,0.333333,0.000000,0.333333,0.000000,0.333333,0.000000,0.000000,0.000000,0.000000,0.000000,1.334506,1.533153,1.373194
2013-09-10,0.009317,0.000000,0.009317,0.007397,0.007416,0.000000,0.333333,0.000000,0.333333,0.000000,0.333333,0.000000,0.000000,0.000000,0.000000,0.000000,1.346940,1.544494,1.383378
2013-09-11,0.005014,0.000000,0.005014,0.003138,0.002854,0.000000,0.333333,0.000000,0.333333,0.000000,0.333333,0.000000,0.000000,0.000000,0.000000,0.000000,1.353693,1.549341,1.387326
2013-09-12,-0.003761,0.000000,-0.003761,-0.002657,-0.003692,0.000000,0.333333,0.000000,0.333333,0.000000,0.333333,0.000000,0.000000,0.000000,0.000000,0.000000,1.348602,1.545225,1.382205
2013-09-13,0.002720,0.000000,0.002720,0.002249,0.003777,0.000000,0.333333,0.000000,0.333333,0.000000,0.333333,0.000000,0.000000,0.000000,0.000000,0.000000,1.352270,1.548701,1.387425
2013-09-16,0.008119,0.000000,0.008119,0.005788,0.006497,0.000000,0.333333,0.000000,0.333333,0.000000,0.333333,0.000000,0.000000,0.000000,0.000000,0.000000,1.363250,1.557664,1.396439
2013-09-17,0.003755,0.000000,0.003755,0.004462,0.003502,0.000000,0.333333,0.000000,0.333333,0.000000,0.333333,0.000000,0.000000,0.000000,0.000000,0.000000,1.368369,1.564615,1.401330
2013-09-18,0.008823,0.000000,0.008823,0.011574,0.014285,0.000000,0.333333,0.000000,0.333333,0.000000,0.333333,0.000000,0.000000,0.000000,0.000000,0.000000,1.380441,1.582724,1.421348
2013-09-19,-0.002486,0.000000,-0.002486,-0.001675,-0.002068,0.000000,0.333333,0.000000,0.333333,0.000000,0.333333,0.000000,0.000000,0.000000,0.000000,0.000000,1.377010,1.580072,1.418410
2013-09-20,-0.004406,0.000000,-0.004406,-0.006992,-0.008270,0.000000,0.333333,0.000000,0.333333,0.000000,0.333333,0.000000,0.000000,0.000000,0.000000,0.000000,1.370943,1.569025,1.406679
2013-09-23,-0.009630,0.000000,-0.009630,-0.004627,-0.003754,0.000000,0.333333,0.000000,0.333333,0.000000,0.333333,0.000000,0.000000,0.000000,0.000000,0.000000,1.357740,1.561765,1.401398
2013-09-24,-0.002963,0.000000,-0.002963,-0.002354,-0.001585,0.000000,0.333333,0.000000,0.333333,0.000000,0.333333,0.000000,0.000000,0.000000,0.000000,0.000000,1.353717,1.558087,1.399177
2013-09-25,-0.002819,0.000000,-0.002819,-0.002890,-0.003037,0.000000,0.333333,0.000000,0.333333,0.000000,0.333333,0.000000,0.000000,0.000000,0.000000,0.000000,1.349900,1.553585,1.394928
2013-09-26,0.004340,0.000000,0.004340,0.003845,0.003723,0.000000,0.333333,0.000000,0.333333,0.000000,0.333333,0.000000,0.000000,0.000000,0.000000,0.000000,1.355758,1.559559,1.400121
2013-09-27,-0.001105,0.000000,-0.001105,-0.004596,-0.004870,0.000000,0.333333,0.000000,0.333333,0.000000,0.333333,0.000000,0.000000,0.000000,0.000000,0.000000,1.354260,1.552390,1.393303
2013-09-30,-0.004310,0.000000,-0.004310,-0.005329,-0.005322,0.000000,0.333333,0.000000,0.333333,0.000000,0.333333,0.000000,0.000000,0.000000,0.000000,0.000000,1.348423,1.544118,1.385888
2013-10-01,0.008994,0.000167,0.008827,0.007916,0.006934,0.000000,0.000000,0.000000,0.333333,0.333333,0.333333,0.000000,0.000000,0.000000,0.000000,0.000000,1.360325,1.556342,1.395497
2013-10-02,-0.002460,0.000000,-0.002460,-0.000945,-0.000429,0.000000,0.000000,0.000000,0.333333,0.333333,0.333333,0.000000,0.000000,0.000000,0.000000,0.000000,1.356979,1.554872,1.394898
2013-10-03,-0.010357,0.000000,-0.010357,-0.009222,-0.009021,0.000000,0.000000,0.000000,0.333333,0.333333,0.333333,0.000000,0.000000,0.000000,0.000000,0.000000,1.342925,1.540534,1.382315
2013-10-04,0.009005,0.000000,0.009005,0.007577,0.007466,0.000000,0.000000,0.000000,0.333333,0.333333,0.333333,0.000000,0.000000,0.000000,0.000000,0.000000,1.355018,1.552206,1.392634
2013-10-07,-0.010716,0.000000,-0.010716,-0.008644,-0.008505,0.000000,0.000000,0.000000,0.333333,0.333333,0.333333,0.000000,0.000000,0.000000,0.000000,0.000000,1.340498,1.538788,1.380791
2013-10-08,-0.013844,0.000000,-0.013844,-0.011647,-0.009965,0.000000,0.000000,0.000000,0.333333,0.333333,0.333333,0.000000,0.000000,0.000000,0.000000,0.000000,1.321941,1.520866,1.367031
2013-10-09,-0.002269,0.000000,-0.002269,0.000725,0.000365,0.000000,0.000000,0.000000,0.333333,0.333333,0.333333,0.000000,0.000000,0.000000,0.000000,0.000000,1.318942,1.521969,1.367529
2013-10-10,0.024102,0.000000,0.024102,0.021558,0.021221,0.000000,0.000000,0.000000,0.333333,0.333333,0.333333,0.000000,0.000000,0.000000,0.000000,0.000000,1.350730,1.554779,1.396550
2013-10-11,0.006019,0.000000,0.006019,0.006443,0.006256,0.000000,0.000000,0.000000,0.333333,0.333333,0.333333,0.000000,0.000000,0.000000,0.000000,0.000000,1.358860,1.564798,1.405287
2013-10-14,0.005060,0.000000,0.005060,0.003994,0.003607,0.000000,0.000000,0.000000,0.333333,0.333333,0.333333,0.000000,0.000000,0.000000,0.000000,0.000000,1.365737,1.571047,1.410356
2013-10-15,-0.008634,0.000000,-0.008634,-0.007254,-0.008022,0.000000,0.000000,0.000000,0.333333,0.333333,0.333333,0.000000,0.000000,0.000000,0.000000,0.000000,1.353945,1.559650,1.399042
2013-10-16,0.013183,0.000000,0.013183,0.013966,0.013274,0.000000,0.000000,0.000000,0.333333,0.333333,0.333333,0.000000,0.000000,0.000000,0.000000,0.000000,1.371795,1.581433,1.417613
2013-10-17,0.007817,0.000000,0.007817,0.006683,0.008335,0.000000,0.000000,0.000000,0.333333,0.333333,0.333333,0.000000,0.000000,0.000000,0.000000,0.000000,1.382518,1.592002,1.429429
2013-10-18,0.004331,0.000000,0.004331,0.006754,0.005558,0.000000,0.000000,0.000000,0.333333,0.333333,0.333333,0.000000,0.000000,0.000000,0.000000,0.000000,1.388505,1.602755,1.437374
2013-10-21,-0.000014,0.000000,-0.000014,0.000057,-0.000612,0.000000,0.000000,0.000000,0.333333,0.333333,0.333333,0.000000,0.000000,0.000000,0.000000,0.000000,1.388485,1.602846,1.436495
2013-10-22,0.007606,0.000000,0.007606,0.005792,0.007754,0.000000,0.000000,0.000000,0.333333,0.333333,0.333333,0.000000,0.000000,0.000000,0.000000,0.000000,1.399046,1.612129,1.447633
2013-10-23,-0.002623,0.000000,-0.002623,-0.004788,-0.004477,0.000000,0.000000,0.000000,0.333333,0.333333,0.333333,0.000000,0.000000,0.000000,0.000000,0.000000,1.395377,1.604410,1.441152
2013-10-24,0.005814,0.000000,0.005814,0.003322,0.003014,0.000000,0.000000,0.000000,0.333333,0.333333,0.333333,0.000000,0.000000,0.000000,0.000000,0.000000,1.403490,1.609740,1.445496
2013-10-25,0.004654,0.000000,0.004654,0.004567,0.005038,0.000000,0.000000,0.000000,0.333333,0.333333,0.333333,0.000000,0.000000,0.000000,0.000000,0.000000,1.410021,1.617092,1.452778
2013-10-28,0.000027,0.000000,0.000027,0.001592,0.000872,0.000000,0.000000,0.000000,0.333333,0.333333,0.333333,0.000000,0.000000,0.000000,0.000000,0.000000,1.410060,1.619666,1.454045
2013-10-29,0.005115,0.000000,0.005115,0.005334,0.004870,0.000000,0.000000,0.000000,0.333333,0.333333,0.333333,0.000000,0.000000,0.000000,0.000000,0.000000,1.417272,1.628305,1.461126
2013-10-30,-0.004942,0.000000,-0.004942,-0.004967,-0.005401,0.000000,0.000000,0.000000,0.333333,0.333333,0.333333,0.000000,0.000000,0.000000,0.000000,0.000000,1.410267,1.620217,1.453234
2013-10-31,-0.000409,0.000000,-0.000409,-0.002836,-0.003210,0.000000,0.000000,0.000000,0.333333,0.333333,0.333333,0.000000,0.000000,0.000000,0.000000,0.000000,1.409690,1.615622,1.448569
2013-11-01,0.003810,0.000167,0.003643,0.002389,0.002672,0.000000,0.333333,0.000000,0.333333,0.000000,0.333333,0.000000,0.000000,0.000000,0.000000,0.000000,1.414826,1.619482,1.452440
2013-11-04,0.001566,0.000000,0.001566,0.003518,0.003531,0.000000,0.333333,0.000000,0.333333,0.000000,0.333333,0.000000,0.000000,0.000000,0.000000,0.000000,1.417042,1.625180,1.457569
2013-11-05,-0.002906,0.000000,-0.002906,-0.003167,-0.003452,0.000000,0.333333,0.000000,0.333333,0.000000,0.333333,0.000000,0.000000,0.000000,0.000000,0.000000,1.412924,1.620033,1.452537
2013-11-06,0.000033,0.000000,0.000033,0.005106,0.005261,0.000000,0.333333,0.000000,0.333333,0.000000,0.333333,0.000000,0.000000,0.000000,0.000000,0.000000,1.412971,1.628305,1.460179
2013-11-07,-0.013598,0.000000,-0.013598,-0.012643,-0.012995,0.000000,0.333333,0.000000,0.333333,0.000000,0.333333,0.000000,0.000000,0.000000,0.000000,0.000000,1.393757,1.607718,1.441203
2013-11-08,0.017880,0.000000,0.017880,0.013491,0.012537,0.000000,0.333333,0.000000,0.333333,0.000000,0.333333,0.000000,0.000000,0.000000,0.000000,0.000000,1.418677,1.629407,1.459271
2013-11-11,0.001501,0.000000,0.001501,0.000170,0.000330,0.000000,0.333333,0.000000,0.333333,0.000000,0.333333,0.000000,0.000000,0.000000,0.000000,0.000000,1.420807,1.629684,1.459752
2013-11-12,-0.003960,0.000000,-0.003960,-0.002031,-0.003116,0.000000,0.333333,0.000000,0.333333,0.000000,0.333333,0.000000,0.000000,0.000000,0.000000,0.000000,1.415181,1.626374,1.455203
2013-11-13,0.010048,0.000000,0.010048,0.008024,0.008010,0.000000,0.333333,0.000000,0.333333,0.000000,0.333333,0.000000,0.000000,0.000000,0.000000,0.000000,1.429400,1.639425,1.466860
2013-11-14,0.008012,0.000000,0.008012,0.004990,0.006175,0.000000,0.333333,0.000000,0.333333,0.000000,0.333333,0.000000,0.000000,0.000000,0.000000,0.000000,1.440852,1.647605,1.475917
2013-11-15,0.004631,0.000000,0.004631,0.004351,0.004265,0.000000,0.333333,0.000000,0.333333,0.000000,0.333333,0.000000,0.000000,0.000000,0.000000,0.000000,1.447525,1.654774,1.482212
2013-11-18,-0.004248,0.000000,-0.004248,-0.003499,-0.003675,0.000000,0.333333,0.000000,0.333333,0.000000,0.333333,0.000000,0.000000,0.000000,0.000000,0.000000,1.441376,1.648984,1.476764
2013-11-19,-0.000605,0.000000,-0.000605,-0.002174,-0.002778,0.000000,0.333333,0.000000,0.333333,0.000000,0.333333,0.000000,0.000000,0.000000,0.000000,0.000000,1.440504,1.645399,1.472661
2013-11-20,-0.001675,0.000000,-0.001675,-0.003128,-0.004264,0.000000,0.333333,0.000000,0.333333,0.000000,0.333333,0.000000,0.000000,0.000000,0.000000,0.000000,1.438091,1.640252,1.466382
2013-11-21,0.009539,0.000000,0.009539,0.008069,0.007460,0.000000,0.333333,0.000000,0.333333,0.000000,0.333333,0.000000,0.000000,0.000000,0.000000,0.000000,1.451809,1.653488,1.477321
2013-11-22,0.007882,0.000000,0.007882,0.005002,0.005032,0.000000,0.333333,0.000000,0.333333,0.000000,0.333333,0.000000,0.000000,0.000000,0.000000,0.000000,1.463252,1.661758,1.484755
2013-11-25,0.002101,0.000000,0.002101,-0.000995,-0.001856,0.000000,0.333333,0.000000,0.333333,0.000000,0.333333,0.000000,0.000000,0.000000,0.000000,0.000000,1.466327,1.660104,1.481998
2013-11-26,0.000680,0.000000,0.000680,0.000277,-0.000916,0.000000,0.333333,0.000000,0.333333,0.000000,0.333333,0.000000,0.000000,0.000000,0.000000,0.000000,1.467324,1.660563,1.480641
2013-11-27,0.002086,0.000000,0.002086,0.002436,0.001180,0.000000,0.333333,0.000000,0.333333,0.000000,0.333333,0.000000,0.000000,0.000000,0.000000,0.000000,1.470385,1.664608,1.482388
2013-11-28,0.000000,0.000000,0.000000,0.000000,0.000000,0.000000,0.333333,0.000000,0.333333,0.000000,0.333333,0.000000,0.000000,0.000000,0.000000,0.000000,1.470385,1.664608,1.482388
2013-11-29,-0.001113,0.000000,-0.001113,-0.000662,-0.000798,0.000000,0.333333,0.000000,0.333333,0.000000,0.333333,0.000000,0.000000,0.000000,0.000000,0.000000,1.468749,1.663506,1.481204
2013-12-02,-0.001610,0.000000,-0.001610,-0.002597,-0.002612,0.000000,0.333333,0.000000,0.333333,0.000000,0.333333,0.000000,0.000000,0.000000,0.000000,0.000000,1.466384,1.659185,1.477335
2013-12-03,-0.009475,0.000000,-0.009475,-0.004321,-0.003787,0.000000,0.333333,0.000000,0.333333,0.000000,0.333333,0.000000,0.000000,0.000000,0.000000,0.000000,1.452490,1.652016,1.471741
2013-12-04,-0.001145,0.000000,-0.001145,-0.000111,-0.000319,0.000000,0.333333,0.000000,0.333333,0.000000,0.333333,0.000000,0.000000,0.000000,0.000000,0.000000,1.450828,1.651833,1.471271
2013-12-05,-0.003379,0.000000,-0.003379,-0.004396,-0.004350,0.000000,0.333333,0.000000,0.333333,0.000000,0.333333,0.000000,0.000000,0.000000,0.000000,0.000000,1.445926,1.644572,1.464871
2013-12-06,0.011710,0.000000,0.011710,0.011177,0.011293,0.000000,0.333333,0.000000,0.333333,0.000000,0.333333,0.000000,0.000000,0.000000,0.000000,0.000000,1.462857,1.662953,1.481413
2013-12-09,0.001811,0.000000,0.001811,0.002542,0.001695,0.000000,0.333333,0.000000,0.333333,0.000000,0.333333,0.000000,0.000000,0.000000,0.000000,0.000000,1.465506,1.667181,1.483924
2013-12-10,-0.002362,0.000000,-0.002362,-0.003583,-0.003317,0.000000,0.333333,0.000000,0.333333,0.000000,0.333333,0.000000,0.000000,0.000000,0.000000,0.000000,1.462045,1.661208,1.479001
2013-12-11,-0.013335,0.000000,-0.013335,-0.011231,-0.011400,0.000000,0.333333,0.000000,0.333333,0.000000,0.333333,0.000000,0.000000,0.000000,0.000000,0.000000,1.442549,1.642550,1.462140
2013-12-12,-0.003434,0.000000,-0.003434,-0.003302,-0.002909,0.000000,0.333333,0.000000,0.333333,0.000000,0.333333,0.000000,0.000000,0.000000,0.000000,0.000000,1.437596,1.637127,1.457887
2013-12-13,0.001393,0.000000,0.001393,-0.000112,0.000252,0.000000,0.333333,0.000000,0.333333,0.000000,0.333333,0.000000,0.000000,0.000000,0.000000,0.000000,1.439599,1.636943,1.458254
2013-12-16,0.004841,0.000000,0.004841,0.006233,0.005754,0.000000,0.333333,0.000000,0.333333,0.000000,0.333333,0.000000,0.000000,0.000000,0.000000,0.000000,1.446568,1.647146,1.466645
2013-12-17,-0.004676,0.000000,-0.004676,-0.003181,-0.002272,0.000000,0.333333,0.000000,0.333333,0.000000,0.333333,0.000000,0.000000,0.000000,0.000000,0.000000,1.439805,1.641906,1.463313
2013-12-18,0.020941,0.000000,0.020941,0.017073,0.016061,0.000000,0.333333,0.000000,0.333333,0.000000,0.333333,0.000000,0.000000,0.000000,0.000000,0.000000,1.469955,1.669939,1.486815
2013-12-19,-0.001393,0.000000,-0.001393,-0.001156,-0.000694,0.000000,0.333333,0.000000,0.333333,0.000000,0.333333,0.000000,0.000000,0.000000,0.000000,0.000000,1.467907,1.668008,1.485783
2013-12-20,0.005097,0.000000,0.005097,0.005817,0.005614,0.000000,0.333333,0.000000,0.333333,0.000000,0.333333,0.000000,0.000000,0.000000,0.000000,0.000000,1.475389,1.677711,1.494124
2013-12-23,0.004290,0.000000,0.004290,0.005343,0.003440,0.000000,0.333333,0.000000,0.333333,0.000000,0.333333,0.000000,0.000000,0.000000,0.000000,0.000000,1.481718,1.686675,1.499263
2013-12-24,0.000717,0.000000,0.000717,0.002191,0.003490,0.000000,0.333333,0.000000,0.333333,0.000000,0.333333,0.000000,0.000000,0.000000,0.000000,0.000000,1.482780,1.690370,1.504497
2013-12-25,0.000000,0.000000,0.000000,0.000000,0.000000,0.000000,0.333333,0.000000,0.333333,0.000000,0.333333,0.000000,0.000000,0.000000,0.000000,0.000000,1.482780,1.690370,1.504497
2013-12-26,0.005722,0.000000,0.005722,0.005084,0.004305,0.000000,0.333333,0.000000,0.333333,0.000000,0.333333,0.000000,0.000000,0.000000,0.000000,0.000000,1.491265,1.698964,1.510974
2013-12-27,-0.002006,0.000000,-0.002006,-0.000054,0.000695,0.000000,0.333333,0.000000,0.333333,0.000000,0.333333,0.000000,0.000000,0.000000,0.000000,0.000000,1.488273,1.698872,1.512024
2013-12-30,0.001439,0.000000,0.001439,-0.000163,-0.000017,0.000000,0.333333,0.000000,0.333333,0.000000,0.333333,0.000000,0.000000,0.000000,0.000000,0.000000,1.490415,1.698595,1.511999
2013-12-31,0.002808,0.000000,0.002808,0.004733,0.004065,0.000000,0.333333,0.000000,0.333333,0.000000,0.333333,0.000000,0.000000,0.000000,0.000000,0.000000,1.494599,1.706634,1.518145
2014-01-01,0.000000,0.000167,-0.000167,0.000000,0.000000,0.000000,0.000000,0.000000,0.333333,0.333333,0.333333,0.000000,0.000000,0.000000,0.000000,0.000000,1.494350,1.706634,1.518145
2014-01-02,-0.008066,0.000000,-0.008066,-0.009584,-0.009925,0.000000,0.000000,0.000000,0.333333,0.333333,0.333333,0.000000,0.000000,0.000000,0.000000,0.000000,1.482296,1.690278,1.503077
2014-01-03,0.000790,0.000000,0.000790,-0.000164,-0.000744,0.000000,0.000000,0.000000,0.333333,0.333333,0.333333,0.000000,0.000000,0.000000,0.000000,0.000000,1.483467,1.690001,1.501959
2014-01-06,-0.005383,0.000000,-0.005383,-0.002898,-0.002577,0.000000,0.000000,0.000000,0.333333,0.333333,0.333333,0.000000,0.000000,0.000000,0.000000,0.000000,1.475481,1.685103,1.498089
2014-01-07,0.007612,0.000000,0.007612,0.006142,0.005834,0.000000,0.000000,0.000000,0.333333,0.333333,0.333333,0.000000,0.000000,0.000000,0.000000,0.000000,1.486713,1.695453,1.506828
2014-01-08,0.001452,0.000000,0.001452,0.000218,-0.000701,0.000000,0.000000,0.000000,0.333333,0.333333,0.333333,0.000000,0.000000,0.000000,0.000000,0.000000,1.488872,1.695822,1.505772
2014-01-09,0.004060,0.000000,0.004060,0.000654,0.001488,0.000000,0.000000,0.000000,0.333333,0.333333,0.333333,0.000000,0.000000,0.000000,0.000000,0.000000,1.494917,1.696931,1.508013
2014-01-10,0.002820,0.000000,0.002820,0.002723,0.003140,0.000000,0.000000,0.000000,0.333333,0.333333,0.333333,0.000000,0.000000,0.000000,0.000000,0.000000,1.499132,1.701551,1.512748
2014-01-13,-0.013429,0.000000,-0.013429,-0.013306,-0.012820,0.000000,0.000000,0.000000,0.333333,0.333333,0.333333,0.000000,0.000000,0.000000,0.000000,0.000000,1.479000,1.678911,1.493355
2014-01-14,0.010585,0.000000,0.010585,0.010898,0.010056,0.000000,0.000000,0.000000,0.333333,0.333333,0.333333,0.000000,0.000000,0.000000,0.000000,0.000000,1.494656,1.697209,1.508372
2014-01-15,0.002900,0.000000,0.002900,0.005390,0.003812,0.000000,0.000000,0.000000,0.333333,0.333333,0.333333,0.000000,0.000000,0.000000,0.000000,0.000000,1.498990,1.706357,1.514122
2014-01-16,-0.001785,0.000000,-0.001785,-0.001300,-0.000117,0.000000,0.000000,0.000000,0.333333,0.333333,0.333333,0.000000,0.000000,0.000000,0.000000,0.000000,1.496314,1.704139,1.513944
2014-01-17,-0.003493,0.000000,-0.003493,-0.004229,-0.003476,0.000000,0.000000,0.000000,0.333333,0.333333,0.333333,0.000000,0.000000,0.000000,0.000000,0.000000,1.491087,1.696931,1.508682
2014-01-20,0.000000,0.000000,0.000000,0.000000,0.000000,0.000000,0.000000,0.000000,0.333333,0.333333,0.333333,0.000000,0.000000,0.000000,0.000000,0.000000,1.491087,1.696931,1.508682
2014-01-21,0.001944,0.000000,0.001944,0.002940,0.004552,0.000000,0.000000,0.000000,0.333333,0.333333,0.333333,0.000000,0.000000,0.000000,0.000000,0.000000,1.493986,1.701920,1.515549
2014-01-22,0.002190,0.000000,0.002190,0.000652,0.000203,0.000000,0.000000,0.000000,0.333333,0.333333,0.333333,0.000000,0.000000,0.000000,0.000000,0.000000,1.497258,1.703029,1.515857
2014-01-23,-0.008647,0.000000,-0.008647,-0.008193,-0.009125,0.000000,0.000000,0.000000,0.333333,0.333333,0.333333,0.000000,0.000000,0.000000,0.000000,0.000000,1.484311,1.689077,1.502025
2014-01-24,-0.024595,0.000000,-0.024595,-0.021336,-0.020416,0.000000,0.000000,0.000000,0.333333,0.333333,0.333333,0.000000,0.000000,0.000000,0.000000,0.000000,1.447805,1.653038,1.471359
2014-01-27,-0.003673,0.000000,-0.003673,-0.004919,-0.003995,0.000000,0.000000,0.000000,0.333333,0.333333,0.333333,0.000000,0.000000,0.000000,0.000000,0.000000,1.442488,1.644907,1.465480
2014-01-28,0.009929,0.000000,0.009929,0.005955,0.006873,0.000000,0.000000,0.000000,0.333333,0.333333,0.333333,0.000000,0.000000,0.000000,0.000000,0.000000,1.456810,1.654702,1.475553
2014-01-29,-0.011953,0.000000,-0.011953,-0.009605,-0.008326,0.000000,0.000000,0.000000,0.333333,0.333333,0.333333,0.000000,0.000000,0.000000,0.000000,0.000000,1.439396,1.638808,1.463267
2014-01-30,0.014938,0.000000,0.014938,0.010601,0.010690,0.000000,0.000000,0.000000,0.333333,0.333333,0.333333,0.000000,0.000000,0.000000,0.000000,0.000000,1.460898,1.656180,1.478910
2014-01-31,-0.009259,0.000000,-0.009259,-0.005858,-0.005920,0.000000,0.000000,0.000000,0.333333,0.333333,0.333333,0.000000,0.000000,0.000000,0.000000,0.000000,1.447371,1.646478,1.470154
2014-02-03,-0.024568,0.000000,-0.024568,-0.022505,-0.021179,0.000000,0.000000,0.000000,0.333333,0.333333,0.333333,0.000000,0.000000,0.000000,0.000000,0.000000,1.411812,1.609423,1.439017
2014-02-04,0.009492,0.000000,0.009492,0.007005,0.006718,0.000000,0.000000,0.000000,0.333333,0.333333,0.333333,0.000000,0.000000,0.000000,0.000000,0.000000,1.425213,1.620697,1.448685
2014-02-05,-0.001571,0.000000,-0.001571,-0.001254,-0.001900,0.000000,0.000000,0.000000,0.333333,0.333333,0.333333,0.000000,0.000000,0.000000,0.000000,0.000000,1.422974,1.618664,1.445932
2014-02-06,0.013551,0.000000,0.013551,0.013187,0.012785,0.000000,0.000000,0.000000,0.333333,0.333333,0.333333,0.000000,0.000000,0.000000,0.000000,0.000000,1.442258,1.640010,1.464419
2014-02-07,0.015601,0.000000,0.015601,0.012396,0.012467,0.000000,0.000000,0.000000,0.333333,0.333333,0.333333,0.000000,0.000000,0.000000,0.000000,0.000000,1.464759,1.660339,1.482676
2014-02-10,0.000459,0.000000,0.000459,0.001836,0.001747,0.000000,0.000000,0.000000,0.333333,0.333333,0.333333,0.000000,0.000000,0.000000,0.000000,0.000000,1.465431,1.663388,1.485265
2014-02-11,0.010685,0.000000,0.010685,0.010944,0.011149,0.000000,0.000000,0.000000,0.333333,0.333333,0.333333,0.000000,0.000000,0.000000,0.000000,0.000000,1.481089,1.681592,1.501825
2014-02-12,0.002216,0.000000,0.002216,0.000495,0.000377,0.000000,0.000000,0.000000,0.333333,0.333333,0.333333,0.000000,0.000000,0.000000,0.000000,0.000000,1.484371,1.682424,1.502392
2014-02-13,0.003667,0.000000,0.003667,0.005163,0.005695,0.000000,0.000000,0.000000,0.333333,0.333333,0.333333,0.000000,0.000000,0.000000,0.000000,0.000000,1.489815,1.691110,1.510948
2014-02-14,0.005369,0.000000,0.005369,0.005519,0.005874,0.000000,0.000000,0.000000,0.333333,0.333333,0.333333,0.000000,0.000000,0.000000,0.000000,0.000000,1.497813,1.700443,1.519823
2014-02-17,0.000000,0.000000,0.000000,0.000000,0.000000,0.000000,0.000000,0.000000,0.333333,0.333333,0.333333,0.000000,0.000000,0.000000,0.000000,0.000000,1.497813,1.700443,1.519823
2014-02-18,0.003242,0.000000,0.003242,0.001195,0.001672,0.000000,0.000000,0.000000,0.333333,0.333333,0.333333,0.000000,0.000000,0.000000,0.000000,0.000000,1.502669,1.702475,1.522365
2014-02-19,-0.007867,0.000000,-0.007867,-0.006622,-0.006031,0.000000,0.000000,0.000000,0.333333,0.333333,0.333333,0.000000,0.000000,0.000000,0.000000,0.000000,1.490847,1.691202,1.513183
2014-02-20,0.007975,0.000000,0.007975,0.005901,0.006575,0.000000,0.000000,0.000000,0.333333,0.333333,0.333333,0.000000,0.000000,0.000000,0.000000,0.000000,1.502736,1.701182,1.523133
2014-02-21,0.000433,0.000000,0.000433,-0.001141,-0.001350,0.000000,0.000000,0.000000,0.333333,0.333333,0.333333,0.000000,0.000000,0.000000,0.000000,0.000000,1.503387,1.699241,1.521077
2014-02-24,0.006404,0.000000,0.006404,0.005547,0.004808,0.000000,0.000000,0.000000,0.333333,0.333333,0.333333,0.000000,0.000000,0.000000,0.000000,0.000000,1.513015,1.708667,1.528390
2014-02-25,0.000404,0.000000,0.000404,-0.000379,-0.000193,0.000000,0.000000,0.000000,0.333333,0.333333,0.333333,0.000000,0.000000,0.000000,0.000000,0.000000,1.513626,1.708020,1.528096
2014-02-26,0.002194,0.000000,0.002194,0.000054,0.000350,0.000000,0.000000,0.000000,0.333333,0.333333,0.333333,0.000000,0.000000,0.000000,0.000000,0.000000,1.516946,1.708113,1.528631
2014-02-27,0.005211,0.000000,0.005211,0.005248,0.004427,0.000000,0.000000,0.000000,0.333333,0.333333,0.333333,0.000000,0.000000,0.000000,0.000000,0.000000,1.524851,1.717076,1.535398
2014-02-28,0.001994,0.000000,0.001994,0.002529,0.003833,0.000000,0.000000,0.000000,0.333333,0.333333,0.333333,0.000000,0.000000,0.000000,0.000000,0.000000,1.527891,1.721419,1.541283
2014-03-03,-0.007851,0.000000,-0.007851,-0.007032,-0.007351,0.000000,0.000000,0.000000,0.333333,0.333333,0.333333,0.000000,0.000000,0.000000,0.000000,0.000000,1.515896,1.709314,1.529953
2014-03-04,0.015341,0.000000,0.015341,0.014055,0.014107,0.000000,0.000000,0.000000,0.333333,0.333333,0.333333,0.000000,0.000000,0.000000,0.000000,0.000000,1.539152,1.733339,1.551537
2014-03-05,0.001005,0.000000,0.001005,0.000906,-0.000236,0.000000,0.000000,0.000000,0.333333,0.333333,0.333333,0.000000,0.000000,0.000000,0.000000,0.000000,1.540699,1.734909,1.551170
2014-03-06,0.000689,0.000000,0.000689,0.002291,0.001372,0.000000,0.000000,0.000000,0.333333,0.333333,0.333333,0.000000,0.000000,0.000000,0.000000,0.000000,1.541760,1.738883,1.553299
2014-03-07,-0.000260,0.000000,-0.000260,0.000425,0.000454,0.000000,0.000000,0.000000,0.333333,0.333333,0.333333,0.000000,0.000000,0.000000,0.000000,0.000000,1.541359,1.739622,1.554005
2014-03-10,-0.000935,0.000000,-0.000935,-0.000531,-0.000535,0.000000,0.000000,0.000000,0.333333,0.333333,0.333333,0.000000,0.000000,0.000000,0.000000,0.000000,1.539917,1.738698,1.553173
2014-03-11,-0.005005,0.000000,-0.005005,-0.004943,-0.005416,0.000000,0.000000,0.000000,0.333333,0.333333,0.333333,0.000000,0.000000,0.000000,0.000000,0.000000,1.532211,1.730105,1.544761
2014-03-12,-0.001191,0.000000,-0.001191,0.000267,0.001183,0.000000,0.000000,0.000000,0.333333,0.333333,0.333333,0.000000,0.000000,0.000000,0.000000,0.000000,1.530386,1.730567,1.546589
2014-03-13,-0.013297,0.000000,-0.013297,-0.011213,-0.008478,0.000000,0.000000,0.000000,0.333333,0.333333,0.333333,0.000000,0.000000,0.000000,0.000000,0.000000,1.510037,1.711162,1.533477
2014-03-14,-0.003412,0.000000,-0.003412,-0.002808,-0.001854,0.000000,0.000000,0.000000,0.333333,0.333333,0.333333,0.000000,0.000000,0.000000,0.000000,0.000000,1.504885,1.706357,1.530634
2014-03-17,0.009568,0.000000,0.009568,0.009043,0.008549,0.000000,0.000000,0.000000,0.333333,0.333333,0.333333,0.000000,0.000000,0.000000,0.000000,0.000000,1.519284,1.721788,1.543719
2014-03-18,0.006813,0.000000,0.006813,0.007138,0.005914,0.000000,0.000000,0.000000,0.333333,0.333333,0.333333,0.000000,0.000000,0.000000,0.000000,0.000000,1.529634,1.734078,1.552850
2014-03-19,-0.006653,0.000000,-0.006653,-0.005329,-0.007154,0.000000,0.000000,0.000000,0.333333,0.333333,0.333333,0.000000,0.000000,0.000000,0.000000,0.000000,1.519457,1.724837,1.541740
2014-03-20,0.001824,0.000000,0.001824,0.005839,0.005779,0.000000,0.000000,0.000000,0.333333,0.333333,0.333333,0.000000,0.000000,0.000000,0.000000,0.000000,1.522228,1.734909,1.550649
2014-03-21,-0.008143,0.000000,-0.008143,-0.003878,-0.002640,0.000000,0.000000,0.000000,0.333333,0.333333,0.333333,0.000000,0.000000,0.000000,0.000000,0.000000,1.509832,1.728181,1.546555
2014-03-24,-0.008171,0.000000,-0.008171,-0.004135,-0.003765,0.000000,0.000000,0.000000,0.333333,0.333333,0.333333,0.000000,0.000000,0.000000,0.000000,0.000000,1.497496,1.721034,1.540732
2014-03-25,0.003999,0.000000,0.003999,0.004746,0.004796,0.000000,0.000000,0.000000,0.333333,0.333333,0.333333,0.000000,0.000000,0.000000,0.000000,0.000000,1.503484,1.729202,1.548121
2014-03-26,-0.005968,0.000000,-0.005968,-0.007192,-0.007312,0.000000,0.000000,0.000000,0.333333,0.333333,0.333333,0.000000,0.000000,0.000000,0.000000,0.000000,1.494511,1.716765,1.536801
2014-03-27,-0.002812,0.000000,-0.002812,-0.002109,-0.000522,0.000000,0.000000,0.000000,0.333333,0.333333,0.333333,0.000000,0.000000,0.000000,0.000000,0.000000,1.490309,1.713145,1.535999
2014-03-28,0.003709,0.000000,0.003709,0.004930,0.004728,0.000000,0.000000,0.000000,0.333333,0.333333,0.333333,0.000000,0.000000,0.000000,0.000000,0.000000,1.495836,1.721591,1.543261
2014-03-31,0.010653,0.000000,0.010653,0.008195,0.008806,0.000000,0.000000,0.000000,0.333333,0.333333,0.333333,0.000000,0.000000,0.000000,0.000000,0.000000,1.511772,1.735699,1.556851
2014-04-01,0.009101,0.000000,0.009101,0.006630,0.004861,0.000000,0.000000,0.000000,0.333333,0.333333,0.333333,0.000000,0.000000,0.000000,0.000000,0.000000,1.525530,1.747207,1.564419
2014-04-02,0.006048,0.000000,0.006048,0.003346,0.003507,0.000000,0.000000,0.000000,0.333333,0.333333,0.333333,0.000000,0.000000,0.000000,0.000000,0.000000,1.534756,1.753054,1.569905
2014-04-03,-0.001845,0.000000,-0.001845,-0.001323,-0.000020,0.000000,0.000000,0.000000,0.333333,0.333333,0.333333,0.000000,0.000000,0.000000,0.000000,0.000000,1.531924,1.750734,1.569874
2014-04-04,-0.014890,0.000000,-0.014890,-0.011822,-0.009766,0.000000,0.000000,0.000000,0.333333,0.333333,0.333333,0.000000,0.000000,0.000000,0.000000,0.000000,1.509113,1.730037,1.554542
2014-04-07,-0.014588,0.000000,-0.014588,-0.011051,-0.010997,0.000000,0.000000,0.000000,0.333333,0.333333,0.333333,0.000000,0.000000,0.000000,0.000000,0.000000,1.487099,1.710917,1.537446
2014-04-08,0.000637,0.000000,0.000637,0.004124,0.005060,0.000000,0.000000,0.000000,0.333333,0.333333,0.333333,0.000000,0.000000,0.000000,0.000000,0.000000,1.488047,1.717972,1.545225
2014-04-09,0.014980,0.000000,0.014980,0.010750,0.009886,0.000000,0.000000,0.000000,0.333333,0.333333,0.333333,0.000000,0.000000,0.000000,0.000000,0.000000,1.510337,1.736441,1.560501
2014-04-10,-0.026016,0.000000,-0.026016,-0.021006,-0.019093,0.000000,0.000000,0.000000,0.333333,0.333333,0.333333,0.000000,0.000000,0.000000,0.000000,0.000000,1.471043,1.699966,1.530706
2014-04-11,-0.011043,0.000000,-0.011043,-0.009009,-0.008595,0.000000,0.000000,0.000000,0.333333,0.333333,0.333333,0.000000,0.000000,0.000000,0.000000,0.000000,1.454798,1.684652,1.517550
2014-04-14,0.006378,0.000000,0.006378,0.007879,0.008082,0.000000,0.000000,0.000000,0.333333,0.333333,0.333333,0.000000,0.000000,0.000000,0.000000,0.000000,1.464077,1.697924,1.529814
2014-04-15,0.006339,0.000000,0.006339,0.006887,0.007690,0.000000,0.000000,0.000000,0.333333,0.333333,0.333333,0.000000,0.000000,0.000000,0.000000,0.000000,1.473359,1.709618,1.541578
2014-04-16,0.011427,0.000000,0.011427,0.010478,0.010635,0.000000,0.000000,0.000000,0.333333,0.333333,0.333333,0.000000,0.000000,0.000000,0.000000,0.000000,1.490195,1.727531,1.557973
2014-04-17,0.002972,0.000000,0.002972,0.001397,0.001058,0.000000,0.000000,0.000000,0.333333,0.333333,0.333333,0.000000,0.000000,0.000000,0.000000,0.000000,1.494623,1.729944,1.559621
2014-04-18,0.000000,0.000000,0.000000,0.000000,0.000000,0.000000,0.000000,0.000000,0.333333,0.333333,0.333333,0.000000,0.000000,0.000000,0.000000,0.000000,1.494623,1.729944,1.559621
2014-04-21,0.005821,0.000000,0.005821,0.003487,0.002968,0.000000,0.000000,0.000000,0.333333,0.333333,0.333333,0.000000,0.000000,0.000000,0.000000,0.000000,1.503322,1.735977,1.564249
2014-04-22,0.006704,0.000000,0.006704,0.004544,0.003784,0.000000,0.000000,0.000000,0.333333,0.333333,0.333333,0.000000,0.000000,0.000000,0.000000,0.000000,1.513401,1.743866,1.570169
2014-04-23,-0.001952,0.000000,-0.001952,-0.002342,-0.001110,0.000000,0.000000,0.000000,0.333333,0.333333,0.333333,0.000000,0.000000,0.000000,0.000000,0.000000,1.510447,1.739783,1.568427
2014-04-24,0.000672,0.000000,0.000672,0.002028,0.001781,0.000000,0.000000,0.000000,0.333333,0.333333,0.333333,0.000000,0.000000,0.000000,0.000000,0.000000,1.511462,1.743310,1.571220
2014-04-25,-0.011429,0.000000,-0.011429,-0.008199,-0.006158,0.000000,0.000000,0.000000,0.333333,0.333333,0.333333,0.000000,0.000000,0.000000,0.000000,0.000000,1.494187,1.729016,1.561545
2014-04-28,0.001325,0.000000,0.001325,0.003167,0.002367,0.000000,0.000000,0.000000,0.333333,0.333333,0.333333,0.000000,0.000000,0.000000,0.000000,0.000000,1.496167,1.734492,1.565240
2014-04-29,0.004379,0.000000,0.004379,0.004655,0.003658,0.000000,0.000000,0.000000,0.333333,0.333333,0.333333,0.000000,0.000000,0.000000,0.000000,0.000000,1.502718,1.742566,1.570965
2014-04-30,0.003917,0.000000,0.003917,0.002983,0.003125,0.000000,0.000000,0.000000,0.333333,0.333333,0.333333,0.000000,0.000000,0.000000,0.000000,0.000000,1.508605,1.747765,1.575875
2014-05-01,-0.002169,0.000167,-0.002336,0.000106,0.000150,0.000000,0.000000,0.000000,0.333333,0.333333,0.000000,0.000000,0.000000,0.333333,0.000000,0.000000,1.505081,1.747950,1.576111
2014-05-02,-0.002099,0.000000,-0.002099,-0.001434,-0.002831,0.000000,0.000000,0.000000,0.333333,0.333333,0.000000,0.000000,0.000000,0.333333,0.000000,0.000000,1.501922,1.745444,1.571650
2014-05-05,0.004711,0.000000,0.004711,0.001914,0.003063,0.000000,0.000000,0.000000,0.333333,0.333333,0.000000,0.000000,0.000000,0.333333,0.000000,0.000000,1.508997,1.748785,1.576464
2014-05-06,-0.007117,0.000000,-0.007117,-0.008704,-0.007865,0.000000,0.000000,0.000000,0.333333,0.333333,0.000000,0.000000,0.000000,0.333333,0.000000,0.000000,1.498257,1.733564,1.564066
2014-05-07,0.006374,0.000000,0.006374,0.005889,0.007366,0.000000,0.000000,0.000000,0.333333,0.333333,0.000000,0.000000,0.000000,0.333333,0.000000,0.000000,1.507807,1.743773,1.575587
2014-05-08,-0.003172,0.000000,-0.003172,-0.001064,-0.002772,0.000000,0.000000,0.000000,0.333333,0.333333,0.000000,0.000000,0.000000,0.333333,0.000000,0.000000,1.503024,1.741918,1.571219
2014-05-09,0.002282,0.000000,0.002282,0.001492,0.000233,0.000000,0.000000,0.000000,0.333333,0.333333,0.000000,0.000000,0.000000,0.333333,0.000000,0.000000,1.506453,1.744516,1.571585
2014-05-12,0.012627,0.000000,0.012627,0.009736,0.008072,0.000000,0.000000,0.000000,0.333333,0.333333,0.000000,0.000000,0.000000,0.333333,0.000000,0.000000,1.525476,1.761501,1.584271
2014-05-13,0.001347,0.000000,0.001347,0.000896,0.001002,0.000000,0.000000,0.000000,0.333333,0.333333,0.000000,0.000000,0.000000,0.333333,0.000000,0.000000,1.527530,1.763078,1.585858
2014-05-14,-0.002177,0.000000,-0.002177,-0.004738,-0.003277,0.000000,0.000000,0.000000,0.333333,0.333333,0.000000,0.000000,0.000000,0.333333,0.000000,0.000000,1.524204,1.754725,1.580660
2014-05-15,-0.010971,0.000000,-0.010971,-0.008780,-0.009080,0.000000,0.000000,0.000000,0.333333,0.333333,0.000000,0.000000,0.000000,0.333333,0.000000,0.000000,1.507483,1.739318,1.566307
2014-05-16,0.002778,0.000000,0.002778,0.003468,0.003347,0.000000,0.000000,0.000000,0.333333,0.333333,0.000000,0.000000,0.000000,0.333333,0.000000,0.000000,1.511670,1.745351,1.571549
2014-05-19,0.004774,0.000000,0.004774,0.003670,0.001791,0.000000,0.000000,0.000000,0.333333,0.333333,0.000000,0.000000,0.000000,0.333333,0.000000,0.000000,1.518887,1.751756,1.574364
2014-05-20,-0.008350,0.000000,-0.008350,-0.006305,-0.005805,0.000000,0.000000,0.000000,0.333333,0.333333,0.000000,0.000000,0.000000,0.333333,0.000000,0.000000,1.506204,1.740710,1.565225
2014-05-21,0.007638,0.000000,0.007638,0.008425,0.007279,0.000000,0.000000,0.000000,0.333333,0.333333,0.000000,0.000000,0.000000,0.333333,0.000000,0.000000,1.517709,1.755375,1.576618
2014-05-22,0.003380,0.000000,0.003380,0.002432,0.003062,0.000000,0.000000,0.000000,0.333333,0.333333,0.000000,0.000000,0.000000,0.333333,0.000000,0.000000,1.522839,1.759644,1.581445
2014-05-23,0.005137,0.000000,0.005137,0.004009,0.003561,0.000000,0.000000,0.000000,0.333333,0.333333,0.000000,0.000000,0.000000,0.333333,0.000000,0.000000,1.530662,1.766698,1.587076
2014-05-26,0.000000,0.000000,0.000000,0.000000,0.000000,0.000000,0.000000,0.000000,0.333333,0.333333,0.000000,0.000000,0.000000,0.333333,0.000000,0.000000,1.530662,1.766698,1.587076
2014-05-27,0.003551,0.000000,0.003551,0.006147,0.005160,0.000000,0.000000,0.000000,0.333333,0.333333,0.000000,0.000000,0.000000,0.333333,0.000000,0.000000,1.536096,1.777558,1.595266
2014-05-28,-0.000570,0.000000,-0.000570,-0.000732,-0.000106,0.000000,0.000000,0.000000,0.333333,0.333333,0.000000,0.000000,0.000000,0.333333,0.000000,0.000000,1.535220,1.776258,1.595097
2014-05-29,0.007370,0.000000,0.007370,0.005173,0.005961,0.000000,0.000000,0.000000,0.333333,0.333333,0.000000,0.000000,0.000000,0.333333,0.000000,0.000000,1.546535,1.785447,1.604605
2014-05-30,0.000580,0.000000,0.000580,0.001611,0.002184,0.000000,0.000000,0.000000,0.333333,0.333333,0.000000,0.000000,0.000000,0.333333,0.000000,0.000000,1.547433,1.788324,1.608109
2014-06-02,0.003223,0.000000,0.003223,0.001142,0.001132,0.000000,0.000000,0.000000,0.333333,0.333333,0.000000,0.000000,0.000000,0.333333,0.000000,0.000000,1.552420,1.790366,1.609930
2014-06-03,-0.000500,0.000000,-0.000500,-0.000519,0.000009,0.000000,0.000000,0.000000,0.333333,0.333333,0.000000,0.000000,0.000000,0.333333,0.000000,0.000000,1.551643,1.789437,1.609944
2014-06-04,0.001426,0.000000,0.001426,0.002023,0.001807,0.000000,0.000000,0.000000,0.333333,0.333333,0.000000,0.000000,0.000000,0.333333,0.000000,0.000000,1.553855,1.793057,1.612853
2014-06-05,0.005327,0.000000,0.005327,0.006522,0.006292,0.000000,0.000000,0.000000,0.333333,0.333333,0.000000,0.000000,0.000000,0.333333,0.000000,0.000000,1.562132,1.804751,1.623001
2014-06-06,0.004633,0.000000,0.004633,0.004783,0.004252,0.000000,0.000000,0.000000,0.333333,0.333333,0.000000,0.000000,0.000000,0.333333,0.000000,0.000000,1.569369,1.813383,1.629903
2014-06-09,-0.000902,0.000000,-0.000902,0.001023,-0.000179,0.000000,0.000000,0.000000,0.333333,0.333333,0.000000,0.000000,0.000000,0.333333,0.000000,0.000000,1.567953,1.815239,1.629612
2014-06-10,0.000805,0.000000,0.000805,0.000103,-0.000381,0.000000,0.000000,0.000000,0.333333,0.333333,0.000000,0.000000,0.000000,0.333333,0.000000,0.000000,1.569215,1.815425,1.628991
2014-06-11,-0.004732,0.000000,-0.004732,-0.003476,-0.004175,0.000000,0.000000,0.000000,0.333333,0.333333,0.000000,0.000000,0.000000,0.333333,0.000000,0.000000,1.561789,1.809114,1.622190
2014-06-12,-0.008983,0.000000,-0.008983,-0.007080,-0.006136,0.000000,0.000000,0.000000,0.333333,0.333333,0.000000,0.000000,0.000000,0.333333,0.000000,0.000000,1.547760,1.796305,1.612236
2014-06-13,0.002181,0.000000,0.002181,0.003049,0.003216,0.000000,0.000000,0.000000,0.333333,0.333333,0.000000,0.000000,0.000000,0.333333,0.000000,0.000000,1.551134,1.801782,1.617421
2014-06-16,-0.000442,0.000000,-0.000442,0.000824,0.001411,0.000000,0.000000,0.000000,0.333333,0.333333,0.000000,0.000000,0.000000,0.333333,0.000000,0.000000,1.550449,1.803267,1.619703
2014-06-17,0.001431,0.000000,0.001431,0.002779,0.002079,0.000000,0.000000,0.000000,0.333333,0.333333,0.000000,0.000000,0.000000,0.333333,0.000000,0.000000,1.552667,1.808278,1.623071
2014-06-18,0.008167,0.000000,0.008167,0.007340,0.009452,0.000000,0.000000,0.000000,0.333333,0.333333,0.000000,0.000000,0.000000,0.333333,0.000000,0.000000,1.565348,1.821550,1.638413
2014-06-19,0.001286,0.000000,0.001286,0.001121,0.002156,0.000000,0.000000,0.000000,0.333333,0.333333,0.000000,0.000000,0.000000,0.333333,0.000000,0.000000,1.567361,1.823593,1.641944
2014-06-20,0.006236,0.000000,0.006236,0.002030,0.001947,0.000000,0.000000,0.000000,0.333333,0.333333,0.000000,0.000000,0.000000,0.333333,0.000000,0.000000,1.577135,1.827295,1.645142
2014-06-23,-0.002732,0.000000,-0.002732,-0.000306,-0.000813,0.000000,0.000000,0.000000,0.333333,0.333333,0.000000,0.000000,0.000000,0.333333,0.000000,0.000000,1.572827,1.826735,1.643804
2014-06-24,-0.006283,0.000000,-0.006283,-0.006024,-0.006072,0.000000,0.000000,0.000000,0.333333,0.333333,0.000000,0.000000,0.000000,0.333333,0.000000,0.000000,1.562945,1.815731,1.633823
2014-06-25,0.006585,0.000000,0.006585,0.004520,0.004750,0.000000,0.000000,0.000000,0.333333,0.333333,0.000000,0.000000,0.000000,0.333333,0.000000,0.000000,1.573237,1.823937,1.641584
2014-06-26,0.000123,0.000000,0.000123,-0.000716,-0.000327,0.000000,0.000000,0.000000,0.333333,0.333333,0.000000,0.000000,0.000000,0.333333,0.000000,0.000000,1.573430,1.822632,1.641048
2014-06-27,-0.001078,0.000000,-0.001078,0.001944,0.001650,0.000000,0.000000,0.000000,0.333333,0.333333,0.000000,0.000000,0.000000,0.333333,0.000000,0.000000,1.571733,1.826176,1.643756
2014-06-30,-0.001577,0.000000,-0.001577,-0.000511,0.000231,0.000000,0.000000,0.000000,0.333333,0.333333,0.000000,0.000000,0.000000,0.333333,0.000000,0.000000,1.569255,1.825243,1.644136
2014-07-01,0.007060,0.000000,0.007060,0.006693,0.004561,0.000000,0.000000,0.000000,0.333333,0.333333,0.000000,0.000000,0.000000,0.333333,0.000000,0.000000,1.580334,1.837460,1.651634
2014-07-02,0.002394,0.000000,0.002394,0.001015,-0.001043,0.000000,0.000000,0.000000,0.333333,0.333333,0.000000,0.000000,0.000000,0.333333,0.000000,0.000000,1.584116,1.839325,1.649911
2014-07-03,0.006246,0.000000,0.006246,0.004918,0.004126,0.000000,0.000000,0.000000,0.333333,0.333333,0.000000,0.000000,0.000000,0.333333,0.000000,0.000000,1.594011,1.848370,1.656717
2014-07-04,0.000000,0.000000,0.000000,0.000000,0.000000,0.000000,0.000000,0.000000,0.333333,0.333333,0.000000,0.000000,0.000000,0.333333,0.000000,0.000000,1.594011,1.848370,1.656717
2014-07-07,-0.007680,0.000000,-0.007680,-0.003481,-0.003771,0.000000,0.000000,0.000000,0.333333,0.333333,0.000000,0.000000,0.000000,0.333333,0.000000,0.000000,1.581768,1.841936,1.650471
2014-07-08,-0.006266,0.000000,-0.006266,-0.006430,-0.004784,0.000000,0.000000,0.000000,0.333333,0.333333,0.000000,0.000000,0.000000,0.333333,0.000000,0.000000,1.571856,1.830093,1.642574
2014-07-09,0.003113,0.000000,0.003113,0.004485,0.004141,0.000000,0.000000,0.000000,0.333333,0.333333,0.000000,0.000000,0.000000,0.333333,0.000000,0.000000,1.576749,1.838300,1.649376
2014-07-10,-0.003663,0.000000,-0.003663,-0.003957,-0.003785,0.000000,0.000000,0.000000,0.333333,0.333333,0.000000,0.000000,0.000000,0.333333,0.000000,0.000000,1.570974,1.831025,1.643134
2014-07-11,0.003232,0.000000,0.003232,0.001375,0.000658,0.000000,0.000000,0.000000,0.333333,0.333333,0.000000,0.000000,0.000000,0.333333,0.000000,0.000000,1.576052,1.833542,1.644215
2014-07-14,0.002792,0.000000,0.002792,0.005036,0.002810,0.000000,0.000000,0.000000,0.333333,0.333333,0.000000,0.000000,0.000000,0.333333,0.000000,0.000000,1.580452,1.842776,1.648835
2014-07-15,-0.003346,0.000000,-0.003346,-0.001873,-0.001796,0.000000,0.000000,0.000000,0.333333,0.333333,0.000000,0.000000,0.000000,0.333333,0.000000,0.000000,1.575164,1.839325,1.645874
2014-07-16,0.002611,0.000000,0.002611,0.003701,0.004056,0.000000,0.000000,0.000000,0.333333,0.333333,0.000000,0.000000,0.000000,0.333333,0.000000,0.000000,1.579276,1.846133,1.652550
2014-07-17,-0.010246,0.000000,-0.010246,-0.011366,-0.010856,0.000000,0.000000,0.000000,0.333333,0.333333,0.000000,0.000000,0.000000,0.333333,0.000000,0.000000,1.563096,1.825150,1.634611
2014-07-18,0.010332,0.000000,0.010332,0.010219,0.009662,0.000000,0.000000,0.000000,0.333333,0.333333,0.000000,0.000000,0.000000,0.333333,0.000000,0.000000,1.579246,1.843802,1.650405
2014-07-21,-0.002476,0.000000,-0.002476,-0.001871,-0.002219,0.000000,0.000000,0.000000,0.333333,0.333333,0.000000,0.000000,0.000000,0.333333,0.000000,0.000000,1.575336,1.840352,1.646742
2014-07-22,0.004587,0.000000,0.004587,0.004357,0.003627,0.000000,0.000000,0.000000,0.333333,0.333333,0.000000,0.000000,0.000000,0.333333,0.000000,0.000000,1.582562,1.848370,1.652715
2014-07-23,0.002758,0.000000,0.002758,0.002220,0.001943,0.000000,0.000000,0.000000,0.333333,0.333333,0.000000,0.000000,0.000000,0.333333,0.000000,0.000000,1.586926,1.852474,1.655926
2014-07-24,-0.002695,0.000000,-0.002695,0.000050,0.000242,0.000000,0.000000,0.000000,0.333333,0.333333,0.000000,0.000000,0.000000,0.333333,0.000000,0.000000,1.582649,1.852567,1.656328
2014-07-25,-0.001501,0.000000,-0.001501,-0.004681,-0.004646,0.000000,0.000000,0.000000,0.333333,0.333333,0.000000,0.000000,0.000000,0.333333,0.000000,0.000000,1.580273,1.843895,1.648632
2014-07-28,-0.000485,0.000000,-0.000485,0.000405,0.001006,0.000000,0.000000,0.000000,0.333333,0.333333,0.000000,0.000000,0.000000,0.333333,0.000000,0.000000,1.579507,1.844641,1.650291
2014-07-29,-0.006292,0.000000,-0.006292,-0.004297,-0.005029,0.000000,0.000000,0.000000,0.333333,0.333333,0.000000,0.000000,0.000000,0.333333,0.000000,0.000000,1.569568,1.836714,1.641991
2014-07-30,-0.000077,0.000000,-0.000077,0.000152,-0.002524,0.000000,0.000000,0.000000,0.333333,0.333333,0.000000,0.000000,0.000000,0.333333,0.000000,0.000000,1.569448,1.836993,1.637847
2014-07-31,-0.020119,0.000000,-0.020119,-0.019748,-0.019183,0.000000,0.000000,0.000000,0.333333,0.333333,0.000000,0.000000,0.000000,0.333333,0.000000,0.000000,1.537872,1.800716,1.606429
2014-08-01,-0.002143,0.000167,-0.002310,-0.003055,-0.001485,0.000000,0.000000,0.333333,0.333333,0.000000,0.000000,0.000000,0.000000,0.333333,0.000000,0.000000,1.534320,1.795214,1.604043
2014-08-04,0.010991,0.000000,0.010991,0.007221,0.006603,0.000000,0.000000,0.333333,0.333333,0.000000,0.000000,0.000000,0.000000,0.333333,0.000000,0.000000,1.551185,1.808177,1.614634
2014-08-05,-0.013948,0.000000,-0.013948,-0.009696,-0.010109,0.000000,0.000000,0.333333,0.333333,0.000000,0.000000,0.000000,0.000000,0.333333,0.000000,0.000000,1.529549,1.790645,1.598311
2014-08-06,0.003275,0.000000,0.003275,0.000312,-0.000070,0.000000,0.000000,0.333333,0.333333,0.000000,0.000000,0.000000,0.000000,0.333333,0.000000,0.000000,1.534558,1.791204,1.598199
2014-08-07,-0.009300,0.000000,-0.009300,-0.005415,-0.004168,0.000000,0.000000,0.333333,0.333333,0.000000,0.000000,0.000000,0.000000,0.333333,0.000000,0.000000,1.520286,1.781505,1.591537
2014-08-08,0.013026,0.000000,0.013026,0.011569,0.012803,0.000000,0.000000,0.333333,0.333333,0.000000,0.000000,0.000000,0.000000,0.333333,0.000000,0.000000,1.540090,1.802115,1.611914
2014-08-11,-0.000469,0.000000,-0.000469,0.002898,0.001821,0.000000,0.000000,0.333333,0.333333,0.000000,0.000000,0.000000,0.000000,0.333333,0.000000,0.000000,1.539367,1.807338,1.614850
2014-08-12,-0.001640,0.000000,-0.001640,-0.001393,-0.001050,0.000000,0.000000,0.333333,0.333333,0.000000,0.000000,0.000000,0.000000,0.333333,0.000000,0.000000,1.536842,1.804819,1.613154
2014-08-13,0.006928,0.000000,0.006928,0.006769,0.006215,0.000000,0.000000,0.333333,0.333333,0.000000,0.000000,0.000000,0.000000,0.333333,0.000000,0.000000,1.547490,1.817037,1.623181
2014-08-14,0.002017,0.000000,0.002017,0.004722,0.004328,0.000000,0.000000,0.333333,0.333333,0.000000,0.000000,0.000000,0.000000,0.333333,0.000000,0.000000,1.550611,1.825616,1.630205
2014-08-15,0.003806,0.000000,0.003806,-0.000204,0.000859,0.000000,0.000000,0.333333,0.333333,0.000000,0.000000,0.000000,0.000000,0.333333,0.000000,0.000000,1.556512,1.825243,1.631606
2014-08-18,0.006766,0.000000,0.006766,0.008379,0.007597,0.000000,0.000000,0.333333,0.333333,0.000000,0.000000,0.000000,0.000000,0.333333,0.000000,0.000000,1.567044,1.840537,1.644001
2014-08-19,0.005737,0.000000,0.005737,0.005219,0.005618,0.000000,0.000000,0.333333,0.333333,0.000000,0.000000,0.000000,0.000000,0.333333,0.000000,0.000000,1.576034,1.850144,1.653236
2014-08-20,0.001129,0.000000,0.001129,0.002671,0.002527,0.000000,0.000000,0.333333,0.333333,0.000000,0.000000,0.000000,0.000000,0.333333,0.000000,0.000000,1.577813,1.855086,1.657414
2014-08-21,0.000288,0.000000,0.000288,0.002916,0.002194,0.000000,0.000000,0.333333,0.333333,0.000000,0.000000,0.000000,0.000000,0.333333,0.000000,0.000000,1.578268,1.860495,1.661050
2014-08-22,-0.003224,0.000000,-0.003224,-0.001554,-0.002219,0.000000,0.000000,0.333333,0.333333,0.000000,0.000000,0.000000,0.000000,0.333333,0.000000,0.000000,1.573179,1.857604,1.657364
2014-08-25,0.006758,0.000000,0.006758,0.005071,0.005458,0.000000,0.000000,0.333333,0.333333,0.000000,0.000000,0.000000,0.000000,0.333333,0.000000,0.000000,1.583810,1.867023,1.666409
2014-08-26,0.003242,0.000000,0.003242,0.000650,-0.000377,0.000000,0.000000,0.333333,0.333333,0.000000,0.000000,0.000000,0.000000,0.333333,0.000000,0.000000,1.588945,1.868236,1.665781
2014-08-27,-0.000939,0.000000,-0.000939,-0.000400,0.000732,0.000000,0.000000,0.333333,0.333333,0.000000,0.000000,0.000000,0.000000,0.333333,0.000000,0.000000,1.587452,1.867489,1.667001
2014-08-28,0.000228,0.000000,0.000228,-0.000549,0.000123,0.000000,0.000000,0.333333,0.333333,0.000000,0.000000,0.000000,0.000000,0.333333,0.000000,0.000000,1.587813,1.866463,1.667206
2014-08-29,0.003601,0.000000,0.003601,0.002848,0.002903,0.000000,0.000000,0.333333,0.333333,0.000000,0.000000,0.000000,0.000000,0.333333,0.000000,0.000000,1.593530,1.871779,1.672047
2014-09-01,0.000000,0.000000,0.000000,0.000000,0.000000,0.000000,0.000000,0.333333,0.333333,0.000000,0.000000,0.000000,0.000000,0.333333,0.000000,0.000000,1.593530,1.871779,1.672047
2014-09-02,-0.005498,0.000000,-0.005498,-0.000498,-0.001749,0.000000,0.000000,0.333333,0.333333,0.000000,0.000000,0.000000,0.000000,0.333333,0.000000,0.000000,1.584769,1.870847,1.669122
2014-09-03,0.002933,0.000000,0.002933,-0.000548,0.000366,0.000000,0.000000,0.333333,0.333333,0.000000,0.000000,0.000000,0.000000,0.333333,0.000000,0.000000,1.589417,1.869821,1.669733
2014-09-04,-0.006165,0.000000,-0.006165,-0.001446,-0.001262,0.000000,0.000000,0.333333,0.333333,0.000000,0.000000,0.000000,0.000000,0.333333,0.000000,0.000000,1.579619,1.867116,1.667626
2014-09-05,0.005634,0.000000,0.005634,0.004495,0.005456,0.000000,0.000000,0.333333,0.333333,0.000000,0.000000,0.000000,0.000000,0.333333,0.000000,0.000000,1.588518,1.875510,1.676725
2014-09-08,-0.006449,0.000000,-0.006449,-0.002586,-0.003996,0.000000,0.000000,0.333333,0.333333,0.000000,0.000000,0.000000,0.000000,0.333333,0.000000,0.000000,1.578274,1.870660,1.670025
2014-09-09,-0.005056,0.000000,-0.005056,-0.006331,-0.006631,0.000000,0.000000,0.333333,0.333333,0.000000,0.000000,0.000000,0.000000,0.333333,0.000000,0.000000,1.570294,1.858816,1.658951
2014-09-10,0.001538,0.000000,0.001538,0.003763,0.002274,0.000000,0.000000,0.333333,0.333333,0.000000,0.000000,0.000000,0.000000,0.333333,0.000000,0.000000,1.572709,1.865810,1.662724
2014-09-11,-0.001186,0.000000,-0.001186,0.001150,0.001214,0.000000,0.000000,0.333333,0.333333,0.000000,0.000000,0.000000,0.000000,0.333333,0.000000,0.000000,1.570843,1.867955,1.664743
2014-09-12,-0.008955,0.000000,-0.008955,-0.005841,-0.007013,0.000000,0.000000,0.333333,0.333333,0.000000,0.000000,0.000000,0.000000,0.333333,0.000000,0.000000,1.556777,1.857044,1.653068
2014-09-15,0.001932,0.000000,0.001932,-0.000753,0.000322,0.000000,0.000000,0.333333,0.333333,0.000000,0.000000,0.000000,0.000000,0.333333,0.000000,0.000000,1.559784,1.855645,1.653600
2014-09-16,0.010129,0.000000,0.010129,0.007539,0.008124,0.000000,0.000000,0.333333,0.333333,0.000000,0.000000,0.000000,0.000000,0.333333,0.000000,0.000000,1.575584,1.869634,1.667034
2014-09-17,0.000439,0.000000,0.000439,0.001347,0.000771,0.000000,0.000000,0.333333,0.333333,0.000000,0.000000,0.000000,0.000000,0.333333,0.000000,0.000000,1.576275,1.872152,1.668318
2014-09-18,0.003007,0.000000,0.003007,0.005330,0.003181,0.000000,0.000000,0.333333,0.333333,0.000000,0.000000,0.000000,0.000000,0.333333,0.000000,0.000000,1.581015,1.882130,1.673625
2014-09-19,-0.000014,0.000000,-0.000014,-0.000901,0.000696,0.000000,0.000000,0.333333,0.333333,0.000000,0.000000,0.000000,0.000000,0.333333,0.000000,0.000000,1.580993,1.880435,1.674789
2014-09-22,-0.006835,0.000000,-0.006835,-0.007723,-0.007608,0.000000,0.000000,0.333333,0.333333,0.000000,0.000000,0.000000,0.000000,0.333333,0.000000,0.000000,1.570187,1.865912,1.662048
2014-09-23,-0.004656,0.000000,-0.004656,-0.005724,-0.005717,0.000000,0.000000,0.333333,0.333333,0.000000,0.000000,0.000000,0.000000,0.333333,0.000000,0.000000,1.562877,1.855231,1.652546
2014-09-24,0.009565,0.000000,0.009565,0.007828,0.007412,0.000000,0.000000,0.333333,0.333333,0.000000,0.000000,0.000000,0.000000,0.333333,0.000000,0.000000,1.577825,1.869754,1.664795
2014-09-25,-0.015625,0.000000,-0.015625,-0.016136,-0.014976,0.000000,0.000000,0.333333,0.333333,0.000000,0.000000,0.000000,0.000000,0.333333,0.000000,0.000000,1.553171,1.839584,1.639863
2014-09-26,0.008606,0.000000,0.008606,0.007945,0.007902,0.000000,0.000000,0.333333,0.333333,0.000000,0.000000,0.000000,0.000000,0.333333,0.000000,0.000000,1.566537,1.854200,1.652821
2014-09-29,-0.002875,0.000000,-0.002875,-0.001819,-0.001418,0.000000,0.000000,0.333333,0.333333,0.000000,0.000000,0.000000,0.000000,0.333333,0.000000,0.000000,1.562033,1.850828,1.650478
2014-09-30,-0.009978,0.000000,-0.009978,-0.002632,-0.003754,0.000000,0.000000,0.333333,0.333333,0.000000,0.000000,0.000000,0.000000,0.333333,0.000000,0.000000,1.546448,1.845955,1.644282
2014-10-01,-0.016539,0.000167,-0.016705,-0.013552,-0.012753,0.333333,0.000000,0.000000,0.333333,0.000000,0.000000,0.000000,0.000000,0.333333,0.000000,0.000000,1.520614,1.820940,1.623312
2014-10-02,-0.001681,0.000000,-0.001681,0.000154,-0.000425,0.333333,0.000000,0.000000,0.333333,0.000000,0.000000,0.000000,0.000000,0.333333,0.000000,0.000000,1.518058,1.821220,1.622621
2014-10-03,0.010550,0.000000,0.010550,0.011009,0.009902,0.333333,0.000000,0.000000,0.333333,0.000000,0.000000,0.000000,0.000000,0.333333,0.000000,0.000000,1.534073,1.841270,1.638689
2014-10-06,-0.001537,0.000000,-0.001537,-0.001170,-0.001606,0.333333,0.000000,0.000000,0.333333,0.000000,0.000000,0.000000,0.000000,0.333333,0.000000,0.000000,1.531715,1.839116,1.636058
2014-10-07,-0.016374,0.000000,-0.016374,-0.015437,-0.013943,0.333333,0.000000,0.000000,0.333333,0.000000,0.000000,0.000000,0.000000,0.333333,0.000000,0.000000,1.506635,1.810727,1.613246
2014-10-08,0.019179,0.000000,0.019179,0.017489,0.017440,0.333333,0.000000,0.000000,0.333333,0.000000,0.000000,0.000000,0.000000,0.333333,0.000000,0.000000,1.535531,1.842395,1.641381
2014-10-09,-0.020604,0.000000,-0.020604,-0.019833,-0.021310,0.333333,0.000000,0.000000,0.333333,0.000000,0.000000,0.000000,0.000000,0.333333,0.000000,0.000000,1.503893,1.805854,1.606403
2014-10-10,-0.015692,0.000000,-0.015692,-0.011415,-0.009216,0.333333,0.000000,0.000000,0.333333,0.000000,0.000000,0.000000,0.000000,0.333333,0.000000,0.000000,1.480294,1.785241,1.591599
2014-10-13,-0.020134,0.000000,-0.020134,-0.016427,-0.016742,0.333333,0.000000,0.000000,0.333333,0.000000,0.000000,0.000000,0.000000,0.333333,0.000000,0.000000,1.450489,1.755915,1.564952
2014-10-14,-0.000928,0.000000,-0.000928,0.001548,0.002055,0.333333,0.000000,0.000000,0.333333,0.000000,0.000000,0.000000,0.000000,0.333333,0.000000,0.000000,1.449143,1.758633,1.568168
2014-10-15,-0.002747,0.000000,-0.002747,-0.006766,-0.006182,0.333333,0.000000,0.000000,0.333333,0.000000,0.000000,0.000000,0.000000,0.333333,0.000000,0.000000,1.445162,1.746734,1.558473
2014-10-16,-0.000374,0.000000,-0.000374,-0.000859,0.002083,0.333333,0.000000,0.000000,0.333333,0.000000,0.000000,0.000000,0.000000,0.333333,0.000000,0.000000,1.444621,1.745234,1.561720
2014-10-17,0.013676,0.000000,0.013676,0.011811,0.012360,0.333333,0.000000,0.000000,0.333333,0.000000,0.000000,0.000000,0.000000,0.333333,0.000000,0.000000,1.464378,1.765847,1.581024
2014-10-20,0.011499,0.000000,0.011499,0.009710,0.010462,0.333333,0.000000,0.000000,0.333333,0.000000,0.000000,0.000000,0.000000,0.333333,0.000000,0.000000,1.481217,1.782993,1.597564
2014-10-21,0.022519,0.000000,0.022519,0.019811,0.018451,0.333333,0.000000,0.000000,0.333333,0.000000,0.000000,0.000000,0.000000,0.333333,0.000000,0.000000,1.514572,1.818316,1.627040
2014-10-22,-0.005920,0.000000,-0.005920,-0.007111,-0.006581,0.333333,0.000000,0.000000,0.333333,0.000000,0.000000,0.000000,0.000000,0.333333,0.000000,0.000000,1.505606,1.805386,1.616333
2014-10-23,0.009141,0.000000,0.009141,0.011625,0.010285,0.333333,0.000000,0.000000,0.333333,0.000000,0.000000,0.000000,0.000000,0.333333,0.000000,0.000000,1.519368,1.826373,1.632957
2014-10-24,0.010082,0.000000,0.010082,0.007696,0.006932,0.333333,0.000000,0.000000,0.333333,0.000000,0.000000,0.000000,0.000000,0.333333,0.000000,0.000000,1.534686,1.840428,1.644277
2014-10-27,-0.006276,0.000000,-0.006276,-0.001375,-0.004091,0.333333,0.000000,0.000000,0.333333,0.000000,0.000000,0.000000,0.000000,0.333333,0.000000,0.000000,1.525055,1.837898,1.637550
2014-10-28,0.010347,0.000000,0.010347,0.011470,0.011562,0.333333,0.000000,0.000000,0.333333,0.000000,0.000000,0.000000,0.000000,0.333333,0.000000,0.000000,1.540834,1.858979,1.656483
2014-10-29,-0.004302,0.000000,-0.004302,-0.001512,-0.002341,0.333333,0.000000,0.000000,0.333333,0.000000,0.000000,0.000000,0.000000,0.333333,0.000000,0.000000,1.534206,1.856168,1.652605
2014-10-30,0.009764,0.000000,0.009764,0.006410,0.007796,0.333333,0.000000,0.000000,0.333333,0.000000,0.000000,0.000000,0.000000,0.333333,0.000000,0.000000,1.549186,1.868067,1.665488
2014-10-31,0.012765,0.000000,0.012765,0.011436,0.010712,0.333333,0.000000,0.000000,0.333333,0.000000,0.000000,0.000000,0.000000,0.333333,0.000000,0.000000,1.568961,1.889429,1.683329
2014-11-03,0.003993,0.000167,0.003827,0.000546,-0.000497,0.333333,0.000000,0.000000,0.333333,0.000000,0.000000,0.000000,0.333333,0.000000,0.000000,0.000000,1.574965,1.890460,1.682493
2014-11-04,-0.001780,0.000000,-0.001780,-0.003470,-0.004795,0.333333,0.000000,0.000000,0.333333,0.000000,0.000000,0.000000,0.333333,0.000000,0.000000,0.000000,1.572162,1.883901,1.674426
2014-11-05,0.008095,0.000000,0.008095,0.006317,0.008376,0.333333,0.000000,0.000000,0.333333,0.000000,0.000000,0.000000,0.333333,0.000000,0.000000,0.000000,1.584889,1.895801,1.688451
2014-11-06,-0.003788,0.000000,-0.003788,0.004003,0.003557,0.333333,0.000000,0.000000,0.333333,0.000000,0.000000,0.000000,0.333333,0.000000,0.000000,0.000000,1.578885,1.903389,1.694458
2014-11-07,0.000606,0.000000,0.000606,0.000935,0.002381,0.333333,0.000000,0.000000,0.333333,0.000000,0.000000,0.000000,0.333333,0.000000,0.000000,0.000000,1.579841,1.905169,1.698491
2014-11-10,0.005937,0.000000,0.005937,0.003147,0.002852,0.333333,0.000000,0.000000,0.333333,0.000000,0.000000,0.000000,0.333333,0.000000,0.000000,0.000000,1.589220,1.911166,1.703336
2014-11-11,0.000174,0.000000,0.000174,0.000981,0.000699,0.333333,0.000000,0.000000,0.333333,0.000000,0.000000,0.000000,0.333333,0.000000,0.000000,0.000000,1.589498,1.913040,1.704525
2014-11-12,-0.005263,0.000000,-0.005263,-0.001077,-0.002014,0.333333,0.000000,0.000000,0.333333,0.000000,0.000000,0.000000,0.333333,0.000000,0.000000,0.000000,1.581132,1.910979,1.701093
2014-11-13,-0.001172,0.000000,-0.001172,0.001128,-0.001115,0.333333,0.000000,0.000000,0.333333,0.000000,0.000000,0.000000,0.333333,0.000000,0.000000,0.000000,1.579279,1.913134,1.699196
2014-11-14,-0.001817,0.000000,-0.001817,0.000245,0.000447,0.333333,0.000000,0.000000,0.333333,0.000000,0.000000,0.000000,0.333333,0.000000,0.000000,0.000000,1.576410,1.913602,1.699955
2014-11-17,0.005371,0.000000,0.005371,0.000637,0.001646,0.333333,0.000000,0.000000,0.333333,0.000000,0.000000,0.000000,0.333333,0.000000,0.000000,0.000000,1.584877,1.914820,1.702753
2014-11-18,0.007452,0.000000,0.007452,0.005774,0.005729,0.333333,0.000000,0.000000,0.333333,0.000000,0.000000,0.000000,0.333333,0.000000,0.000000,0.000000,1.596687,1.925876,1.712508
2014-11-19,-0.004296,0.000000,-0.004296,-0.001606,-0.000644,0.333333,0.000000,0.000000,0.333333,0.000000,0.000000,0.000000,0.333333,0.000000,0.000000,0.000000,1.589827,1.922784,1.711405
2014-11-20,-0.000456,0.000000,-0.000456,0.001754,0.002111,0.333333,0.000000,0.000000,0.333333,0.000000,0.000000,0.000000,0.333333,0.000000,0.000000,0.000000,1.589103,1.926158,1.715019
2014-11-21,0.003367,0.000000,0.003367,0.005350,0.006290,0.333333,0.000000,0.000000,0.333333,0.000000,0.000000,0.000000,0.333333,0.000000,0.000000,0.000000,1.594454,1.936463,1.725806
2014-11-24,0.000696,0.000000,0.000696,0.002806,0.000861,0.333333,0.000000,0.000000,0.333333,0.000000,0.000000,0.000000,0.333333,0.000000,0.000000,0.000000,1.595564,1.941898,1.727292
2014-11-25,0.000596,0.000000,0.000596,-0.000724,-0.001331,0.333333,0.000000,0.000000,0.333333,0.000000,0.000000,0.000000,0.333333,0.000000,0.000000,0.000000,1.596515,1.940493,1.724992
2014-11-26,0.006529,0.000000,0.006529,0.002559,0.001276,0.333333,0.000000,0.000000,0.333333,0.000000,0.000000,0.000000,0.333333,0.000000,0.000000,0.000000,1.606939,1.945458,1.727194
2014-11-27,0.000000,0.000000,0.000000,0.000000,0.000000,0.333333,0.000000,0.000000,0.333333,0.000000,0.000000,0.000000,0.333333,0.000000,0.000000,0.000000,1.606939,1.945458,1.727194
2014-11-28,0.007163,0.000000,0.007163,-0.002119,-0.005345,0.333333,0.000000,0.000000,0.333333,0.000000,0.000000,0.000000,0.333333,0.000000,0.000000,0.000000,1.618450,1.941336,1.717962
2014-12-01,-0.003927,0.000000,-0.003927,-0.006950,-0.006215,0.333333,0.000000,0.000000,0.333333,0.000000,0.000000,0.000000,0.333333,0.000000,0.000000,0.000000,1.612093,1.927844,1.707285
2014-12-02,0.006018,0.000000,0.006018,0.006464,0.006687,0.333333,0.000000,0.000000,0.333333,0.000000,0.000000,0.000000,0.333333,0.000000,0.000000,0.000000,1.621794,1.940305,1.718701
2014-12-03,0.000778,0.000000,0.000778,0.003863,0.004638,0.333333,0.000000,0.000000,0.333333,0.000000,0.000000,0.000000,0.333333,0.000000,0.000000,0.000000,1.623056,1.947801,1.726673
2014-12-04,-0.000715,0.000000,-0.000715,-0.001106,-0.001444,0.333333,0.000000,0.000000,0.333333,0.000000,0.000000,0.000000,0.333333,0.000000,0.000000,0.000000,1.621896,1.945646,1.724180
2014-12-05,-0.000333,0.000000,-0.000333,0.001637,0.000174,0.333333,0.000000,0.000000,0.333333,0.000000,0.000000,0.000000,0.333333,0.000000,0.000000,0.000000,1.621356,1.948831,1.724480
2014-12-08,0.000463,0.000000,0.000463,-0.006683,-0.007921,0.333333,0.000000,0.000000,0.333333,0.000000,0.000000,0.000000,0.333333,0.000000,0.000000,0.000000,1.622107,1.935808,1.710820
2014-12-09,0.000170,0.000000,0.000170,-0.000678,0.000747,0.333333,0.000000,0.000000,0.333333,0.000000,0.000000,0.000000,0.333333,0.000000,0.000000,0.000000,1.622383,1.934496,1.712099
2014-12-10,-0.014335,0.000000,-0.014335,-0.016031,-0.016562,0.333333,0.000000,0.000000,0.333333,0.000000,0.000000,0.000000,0.333333,0.000000,0.000000,0.000000,1.599126,1.903483,1.683742
2014-12-11,0.005760,0.000000,0.005760,0.005070,0.004580,0.333333,0.000000,0.000000,0.333333,0.000000,0.000000,0.000000,0.333333,0.000000,0.000000,0.000000,1.608337,1.913134,1.691454
2014-12-12,-0.013202,0.000000,-0.013202,-0.016161,-0.015861,0.333333,0.000000,0.000000,0.333333,0.000000,0.000000,0.000000,0.333333,0.000000,0.000000,0.000000,1.587104,1.882215,1.664625
2014-12-15,-0.007936,0.000000,-0.007936,-0.006869,-0.007016,0.333333,0.000000,0.000000,0.333333,0.000000,0.000000,0.000000,0.333333,0.000000,0.000000,0.000000,1.574508,1.869285,1.652946
2014-12-16,-0.008616,0.000000,-0.008616,-0.008020,-0.005842,0.333333,0.000000,0.000000,0.333333,0.000000,0.000000,0.000000,0.333333,0.000000,0.000000,0.000000,1.560943,1.854294,1.643289
2014-12-17,0.018449,0.000000,0.018449,0.019605,0.021100,0.333333,0.000000,0.000000,0.333333,0.000000,0.000000,0.000000,0.333333,0.000000,0.000000,0.000000,1.589740,1.890647,1.677962
2014-12-18,0.025214,0.000000,0.025214,0.024729,0.022388,0.333333,0.000000,0.000000,0.333333,0.000000,0.000000,0.000000,0.333333,0.000000,0.000000,0.000000,1.629823,1.937401,1.715529
2014-12-19,0.001725,0.000000,0.001725,0.004255,0.006379,0.333333,0.000000,0.000000,0.333333,0.000000,0.000000,0.000000,0.333333,0.000000,0.000000,0.000000,1.632634,1.945644,1.726473
2014-12-22,0.001691,0.000000,0.001691,0.004600,0.003483,0.333333,0.000000,0.000000,0.333333,0.000000,0.000000,0.000000,0.333333,0.000000,0.000000,0.000000,1.635394,1.954594,1.732486
2014-12-23,-0.005924,0.000000,-0.005924,0.001349,0.002666,0.333333,0.000000,0.000000,0.333333,0.000000,0.000000,0.000000,0.333333,0.000000,0.000000,0.000000,1.625706,1.957231,1.737104
2014-12-24,0.008287,0.000000,0.008287,0.000097,0.001207,0.333333,0.000000,0.000000,0.333333,0.000000,0.000000,0.000000,0.333333,0.000000,0.000000,0.000000,1.639178,1.957420,1.739201
2014-12-25,0.000000,0.000000,0.000000,0.000000,0.000000,0.333333,0.000000,0.000000,0.333333,0.000000,0.000000,0.000000,0.333333,0.000000,0.000000,0.000000,1.639178,1.957420,1.739201
2014-12-26,0.007834,0.000000,0.007834,0.003225,0.003752,0.333333,0.000000,0.000000,0.333333,0.000000,0.000000,0.000000,0.333333,0.000000,0.000000,0.000000,1.652019,1.963732,1.745726
2014-12-29,0.003348,0.000000,0.003348,0.001343,0.002602,0.333333,0.000000,0.000000,0.333333,0.000000,0.000000,0.000000,0.333333,0.000000,0.000000,0.000000,1.657550,1.966370,1.750269
2014-12-30,-0.010739,0.000000,-0.010739,-0.005366,-0.006653,0.333333,0.000000,0.000000,0.333333,0.000000,0.000000,0.000000,0.333333,0.000000,0.000000,0.000000,1.639749,1.955819,1.738625
2014-12-31,-0.013028,0.000000,-0.013028,-0.009923,-0.010421,0.333333,0.000000,0.000000,0.333333,0.000000,0.000000,0.000000,0.333333,0.000000,0.000000,0.000000,1.618386,1.936411,1.720507
2015-01-01,0.000000,0.000000,0.000000,0.000000,0.000000,0.333333,0.000000,0.000000,0.333333,0.000000,0.000000,0.000000,0.333333,0.000000,0.000000,0.000000,1.618386,1.936411,1.720507
2015-01-02,0.002127,0.000000,0.002127,-0.000535,0.000129,0.333333,0.000000,0.000000,0.333333,0.000000,0.000000,0.000000,0.333333,0.000000,0.000000,0.000000,1.621828,1.935375,1.720730
2015-01-05,-0.010864,0.000000,-0.010864,-0.018060,-0.018888,0.333333,0.000000,0.000000,0.333333,0.000000,0.000000,0.000000,0.333333,0.000000,0.000000,0.000000,1.604209,1.900423,1.688229
2015-01-06,-0.004929,0.000000,-0.004929,-0.009419,-0.008572,0.333333,0.000000,0.000000,0.333333,0.000000,0.000000,0.000000,0.333333,0.000000,0.000000,0.000000,1.596303,1.882523,1.673757
2015-01-07,0.013930,0.000000,0.013930,0.012461,0.011792,0.333333,0.000000,0.000000,0.333333,0.000000,0.000000,0.000000,0.333333,0.000000,0.000000,0.000000,1.618540,1.905981,1.693493
2015-01-08,0.015345,0.000000,0.015345,0.017745,0.017490,0.333333,0.000000,0.000000,0.333333,0.000000,0.000000,0.000000,0.333333,0.000000,0.000000,0.000000,1.643377,1.939803,1.723112
2015-01-09,-0.006109,0.000000,-0.006109,-0.008013,-0.008361,0.333333,0.000000,0.000000,0.333333,0.000000,0.000000,0.000000,0.333333,0.000000,0.000000,0.000000,1.633337,1.924258,1.708705
2015-01-12,-0.004511,0.000000,-0.004511,-0.007834,-0.007575,0.333333,0.000000,0.000000,0.333333,0.000000,0.000000,0.000000,0.333333,0.000000,0.000000,0.000000,1.625970,1.909184,1.695761
2015-01-13,-0.000799,0.000000,-0.000799,-0.002813,-0.003009,0.333333,0.000000,0.000000,0.333333,0.000000,0.000000,0.000000,0.333333,0.000000,0.000000,0.000000,1.624671,1.903814,1.690658
2015-01-14,0.000477,0.000000,0.000477,-0.006037,-0.004668,0.333333,0.000000,0.000000,0.333333,0.000000,0.000000,0.000000,0.333333,0.000000,0.000000,0.000000,1.625445,1.892321,1.682766
2015-01-15,-0.005210,0.000000,-0.005210,-0.009161,-0.006517,0.333333,0.000000,0.000000,0.333333,0.000000,0.000000,0.000000,0.333333,0.000000,0.000000,0.000000,1.616976,1.874986,1.671799
2015-01-16,0.012499,0.000000,0.012499,0.013114,0.013983,0.333333,0.000000,0.000000,0.333333,0.000000,0.000000,0.000000,0.333333,0.000000,0.000000,0.000000,1.637187,1.899575,1.695175
2015-01-19,0.000000,0.000000,0.000000,0.000000,0.000000,0.333333,0.000000,0.000000,0.333333,0.000000,0.000000,0.000000,0.333333,0.000000,0.000000,0.000000,1.637187,1.899575,1.695175
2015-01-20,0.003630,0.000000,0.003630,0.002133,0.001660,0.333333,0.000000,0.000000,0.333333,0.000000,0.000000,0.000000,0.333333,0.000000,0.000000,0.000000,1.643130,1.903626,1.697990
2015-01-21,0.004450,0.000000,0.004450,0.005048,0.007283,0.333333,0.000000,0.000000,0.333333,0.000000,0.000000,0.000000,0.333333,0.000000,0.000000,0.000000,1.650442,1.913235,1.710357
2015-01-22,0.008024,0.000000,0.008024,0.014871,0.012328,0.333333,0.000000,0.000000,0.333333,0.000000,0.000000,0.000000,0.333333,0.000000,0.000000,0.000000,1.663685,1.941687,1.731443
2015-01-23,-0.001043,0.000000,-0.001043,-0.005483,-0.006385,0.333333,0.000000,0.000000,0.333333,0.000000,0.000000,0.000000,0.333333,0.000000,0.000000,0.000000,1.661949,1.931041,1.720388
2015-01-26,0.000168,0.000000,0.000168,0.002342,0.003413,0.333333,0.000000,0.000000,0.333333,0.000000,0.000000,0.000000,0.333333,0.000000,0.000000,0.000000,1.662228,1.935563,1.726260
2015-01-27,-0.011518,0.000000,-0.011518,-0.013190,-0.009507,0.333333,0.000000,0.000000,0.333333,0.000000,0.000000,0.000000,0.333333,0.000000,0.000000,0.000000,1.643082,1.910033,1.709848
2015-01-28,-0.008231,0.000000,-0.008231,-0.012824,-0.014849,0.333333,0.000000,0.000000,0.333333,0.000000,0.000000,0.000000,0.333333,0.000000,0.000000,0.000000,1.629558,1.885537,1.684458
2015-01-29,0.010427,0.000000,0.010427,0.009243,0.009897,0.333333,0.000000,0.000000,0.333333,0.000000,0.000000,0.000000,0.333333,0.000000,0.000000,0.000000,1.646550,1.902966,1.701130
2015-01-30,-0.016690,0.000000,-0.016690,-0.012575,-0.011856,0.333333,0.000000,0.000000,0.333333,0.000000,0.000000,0.000000,0.333333,0.000000,0.000000,0.000000,1.619070,1.879037,1.680960
2015-02-02,0.006751,0.000000,0.006751,0.012384,0.012404,0.333333,0.000000,0.000000,0.333333,0.000000,0.000000,0.000000,0.333333,0.000000,0.000000,0.000000,1.630000,1.902307,1.701812
2015-02-03,0.007289,0.000000,0.007289,0.014461,0.014919,0.333333,0.000000,0.000000,0.333333,0.000000,0.000000,0.000000,0.333333,0.000000,0.000000,0.000000,1.641881,1.929816,1.727202
2015-02-04,-0.007566,0.000000,-0.007566,-0.003808,-0.005423,0.333333,0.000000,0.000000,0.333333,0.000000,0.000000,0.000000,0.333333,0.000000,0.000000,0.000000,1.629458,1.922468,1.717835
2015-02-05,0.011781,0.000000,0.011781,0.010095,0.011541,0.333333,0.000000,0.000000,0.333333,0.000000,0.000000,0.000000,0.333333,0.000000,0.000000,0.000000,1.648654,1.941876,1.737660
2015-02-06,-0.017809,0.000000,-0.017809,-0.002766,-0.006213,0.333333,0.000000,0.000000,0.333333,0.000000,0.000000,0.000000,0.333333,0.000000,0.000000,0.000000,1.619293,1.936506,1.726864
2015-02-09,-0.007339,0.000000,-0.007339,-0.004476,-0.004582,0.333333,0.000000,0.000000,0.333333,0.000000,0.000000,0.000000,0.333333,0.000000,0.000000,0.000000,1.607408,1.927838,1.718952
2015-02-10,0.017424,0.000000,0.017424,0.010653,0.010732,0.333333,0.000000,0.000000,0.333333,0.000000,0.000000,0.000000,0.333333,0.000000,0.000000,0.000000,1.635415,1.948376,1.737399
2015-02-11,-0.005605,0.000000,-0.005605,0.000580,-0.002236,0.333333,0.000000,0.000000,0.333333,0.000000,0.000000,0.000000,0.333333,0.000000,0.000000,0.000000,1.626248,1.949506,1.733514
2015-02-12,0.004212,0.000000,0.004212,0.009617,0.008743,0.333333,0.000000,0.000000,0.333333,0.000000,0.000000,0.000000,0.333333,0.000000,0.000000,0.000000,1.633099,1.968254,1.748670
2015-02-13,-0.001638,0.000000,-0.001638,0.004117,0.003316,0.333333,0.000000,0.000000,0.333333,0.000000,0.000000,0.000000,0.333333,0.000000,0.000000,0.000000,1.630423,1.976357,1.754469
2015-02-16,0.000000,0.000000,0.000000,0.000000,0.000000,0.333333,0.000000,0.000000,0.333333,0.000000,0.000000,0.000000,0.333333,0.000000,0.000000,0.000000,1.630423,1.976357,1.754469
2015-02-17,0.002265,0.000000,0.002265,0.001573,0.001513,0.333333,0.000000,0.000000,0.333333,0.000000,0.000000,0.000000,0.333333,0.000000,0.000000,0.000000,1.634116,1.979466,1.757123
2015-02-18,0.008590,0.000000,0.008590,0.000095,0.002330,0.333333,0.000000,0.000000,0.333333,0.000000,0.000000,0.000000,0.333333,0.000000,0.000000,0.000000,1.648153,1.979654,1.761216
2015-02-19,-0.002020,0.000000,-0.002020,-0.000714,-0.001527,0.333333,0.000000,0.000000,0.333333,0.000000,0.000000,0.000000,0.333333,0.000000,0.000000,0.000000,1.644824,1.978241,1.758528
2015-02-20,0.005284,0.000000,0.005284,0.006001,0.004417,0.333333,0.000000,0.000000,0.333333,0.000000,0.000000,0.000000,0.333333,0.000000,0.000000,0.000000,1.653515,1.990112,1.766295
2015-02-23,0.004017,0.000000,0.004017,-0.000142,0.000216,0.333333,0.000000,0.000000,0.333333,0.000000,0.000000,0.000000,0.333333,0.000000,0.000000,0.000000,1.660158,1.989829,1.766675
2015-02-24,0.003055,0.000000,0.003055,0.002841,0.003693,0.333333,0.000000,0.000000,0.333333,0.000000,0.000000,0.000000,0.333333,0.000000,0.000000,0.000000,1.665230,1.995482,1.773200
2015-02-25,-0.007686,0.000000,-0.007686,-0.000850,-0.002031,0.333333,0.000000,0.000000,0.333333,0.000000,0.000000,0.000000,0.333333,0.000000,0.000000,0.000000,1.652431,1.993786,1.769599
2015-02-26,0.000821,0.000000,0.000821,-0.001181,-0.003456,0.333333,0.000000,0.000000,0.333333,0.000000,0.000000,0.000000,0.333333,0.000000,0.000000,0.000000,1.653788,1.991430,1.763483
2015-02-27,-0.003132,0.000000,-0.003132,-0.003406,-0.002421,0.333333,0.000000,0.000000,0.333333,0.000000,0.000000,0.000000,0.333333,0.000000,0.000000,0.000000,1.648609,1.984647,1.759214
2015-03-02,-0.000782,0.000000,-0.000782,0.006314,0.003076,0.333333,0.000000,0.000000,0.333333,0.000000,0.000000,0.000000,0.333333,0.000000,0.000000,0.000000,1.647320,1.997178,1.764626
2015-03-03,-0.003215,0.000000,-0.003215,-0.004104,-0.003012,0.333333,0.000000,0.000000,0.333333,0.000000,0.000000,0.000000,0.333333,0.000000,0.000000,0.000000,1.642023,1.988981,1.759311
2015-03-04,-0.001566,0.000000,-0.001566,-0.004216,-0.003973,0.333333,0.000000,0.000000,0.333333,0.000000,0.000000,0.000000,0.333333,0.000000,0.000000,0.000000,1.639452,1.980596,1.752322
2015-03-05,0.003435,0.000000,0.003435,0.001094,0.000994,0.333333,0.000000,0.000000,0.333333,0.000000,0.000000,0.000000,0.333333,0.000000,0.000000,0.000000,1.645084,1.982763,1.754063
2015-03-06,-0.020646,0.000000,-0.020646,-0.014064,-0.016196,0.333333,0.000000,0.000000,0.333333,0.000000,0.000000,0.000000,0.333333,0.000000,0.000000,0.000000,1.611119,1.954877,1.725654
2015-03-09,0.004241,0.000000,0.004241,0.004145,0.003568,0.333333,0.000000,0.000000,0.333333,0.000000,0.000000,0.000000,0.333333,0.000000,0.000000,0.000000,1.617952,1.962979,1.731812
2015-03-10,-0.011134,0.000000,-0.011134,-0.016222,-0.014686,0.333333,0.000000,0.000000,0.333333,0.000000,0.000000,0.000000,0.333333,0.000000,0.000000,0.000000,1.599938,1.931136,1.706379
2015-03-11,-0.004496,0.000000,-0.004496,-0.002342,-0.002188,0.333333,0.000000,0.000000,0.333333,0.000000,0.000000,0.000000,0.333333,0.000000,0.000000,0.000000,1.592745,1.926613,1.702646
2015-03-12,0.012924,0.000000,0.012924,0.012714,0.012710,0.333333,0.000000,0.000000,0.333333,0.000000,0.000000,0.000000,0.333333,0.000000,0.000000,0.000000,1.613330,1.951108,1.724287
2015-03-13,-0.005901,0.000000,-0.005901,-0.006132,-0.006982,0.333333,0.000000,0.000000,0.333333,0.000000,0.000000,0.000000,0.333333,0.000000,0.000000,0.000000,1.603810,1.939144,1.712248
2015-03-16,0.017067,0.000000,0.017067,0.013360,0.012886,0.333333,0.000000,0.000000,0.333333,0.000000,0.000000,0.000000,0.333333,0.000000,0.000000,0.000000,1.631182,1.965051,1.734313
2015-03-17,-0.001402,0.000000,-0.001402,-0.002972,-0.004250,0.333333,0.000000,0.000000,0.333333,0.000000,0.000000,0.000000,0.333333,0.000000,0.000000,0.000000,1.628896,1.959210,1.726942
2015-03-18,0.017834,0.000000,0.017834,0.012021,0.014552,0.333333,0.000000,0.000000,0.333333,0.000000,0.000000,0.000000,0.333333,0.000000,0.000000,0.000000,1.657945,1.982763,1.752072
2015-03-19,-0.002093,0.000000,-0.002093,-0.004561,-0.006822,0.333333,0.000000,0.000000,0.333333,0.000000,0.000000,0.000000,0.333333,0.000000,0.000000,0.000000,1.654474,1.973719,1.740119
2015-03-20,0.007563,0.000000,0.007563,0.008827,0.009637,0.333333,0.000000,0.000000,0.333333,0.000000,0.000000,0.000000,0.333333,0.000000,0.000000,0.000000,1.666987,1.991141,1.756889
2015-03-23,-0.000712,0.000000,-0.000712,-0.001948,-0.002197,0.333333,0.000000,0.000000,0.333333,0.000000,0.000000,0.000000,0.333333,0.000000,0.000000,0.000000,1.665800,1.987261,1.753029
2015-03-24,-0.007701,0.000000,-0.007701,-0.005619,-0.006159,0.333333,0.000000,0.000000,0.333333,0.000000,0.000000,0.000000,0.333333,0.000000,0.000000,0.000000,1.652972,1.976094,1.742232
2015-03-25,-0.018541,0.000000,-0.018541,-0.014654,-0.011729,0.333333,0.000000,0.000000,0.333333,0.000000,0.000000,0.000000,0.333333,0.000000,0.000000,0.000000,1.622324,1.947137,1.721797
2015-03-26,-0.003341,0.000000,-0.003341,-0.002382,-0.002561,0.333333,0.000000,0.000000,0.333333,0.000000,0.000000,0.000000,0.333333,0.000000,0.000000,0.000000,1.616903,1.942500,1.717387
2015-03-27,0.004619,0.000000,0.004619,0.002290,0.002123,0.333333,0.000000,0.000000,0.333333,0.000000,0.000000,0.000000,0.333333,0.000000,0.000000,0.000000,1.624371,1.946947,1.721033
2015-03-30,0.011508,0.000000,0.011508,0.012200,0.013175,0.333333,0.000000,0.000000,0.333333,0.000000,0.000000,0.000000,0.333333,0.000000,0.000000,0.000000,1.643065,1.970700,1.743707
2015-03-31,-0.009131,0.000000,-0.009131,-0.008740,-0.008210,0.333333,0.000000,0.000000,0.333333,0.000000,0.000000,0.000000,0.333333,0.000000,0.000000,0.000000,1.628062,1.953477,1.729392
2015-04-01,-0.005299,0.000167,-0.005465,-0.003536,-0.002069,0.333333,0.000000,0.000000,0.333333,0.000000,0.333333,0.000000,0.000000,0.000000,0.000000,0.000000,1.619164,1.946569,1.725815
2015-04-02,0.003918,0.000000,0.003918,0.003598,0.003214,0.333333,0.000000,0.000000,0.333333,0.000000,0.333333,0.000000,0.000000,0.000000,0.000000,0.000000,1.625507,1.953572,1.731361
2015-04-03,0.000000,0.000000,0.000000,0.000000,0.000000,0.333333,0.000000,0.000000,0.333333,0.000000,0.333333,0.000000,0.000000,0.000000,0.000000,0.000000,1.625507,1.953572,1.731361
2015-04-06,0.005318,0.000000,0.005318,0.006733,0.008113,0.333333,0.000000,0.000000,0.333333,0.000000,0.333333,0.000000,0.000000,0.000000,0.000000,0.000000,1.634151,1.966726,1.745407
2015-04-07,-0.001773,0.000000,-0.001773,-0.002647,-0.003350,0.333333,0.000000,0.000000,0.333333,0.000000,0.333333,0.000000,0.000000,0.000000,0.000000,0.000000,1.631254,1.961521,1.739560
2015-04-08,0.006982,0.000000,0.006982,0.003377,0.002395,0.333333,0.000000,0.000000,0.333333,0.000000,0.333333,0.000000,0.000000,0.000000,0.000000,0.000000,1.642644,1.968145,1.743726
2015-04-09,0.003698,0.000000,0.003698,0.004424,0.003891,0.333333,0.000000,0.000000,0.333333,0.000000,0.333333,0.000000,0.000000,0.000000,0.000000,0.000000,1.648719,1.976851,1.750512
2015-04-10,0.005266,0.000000,0.005266,0.005457,0.005102,0.333333,0.000000,0.000000,0.333333,0.000000,0.333333,0.000000,0.000000,0.000000,0.000000,0.000000,1.657401,1.987640,1.759443
2015-04-13,-0.004577,0.000000,-0.004577,-0.004523,-0.005332,0.333333,0.000000,0.000000,0.333333,0.000000,0.333333,0.000000,0.000000,0.000000,0.000000,0.000000,1.649816,1.978649,1.750061
2015-04-14,-0.000665,0.000000,-0.000665,0.001913,0.003191,0.333333,0.000000,0.000000,0.333333,0.000000,0.333333,0.000000,0.000000,0.000000,0.000000,0.000000,1.648720,1.982434,1.755645
2015-04-15,0.003807,0.000000,0.003807,0.004487,0.005565,0.333333,0.000000,0.000000,0.333333,0.000000,0.333333,0.000000,0.000000,0.000000,0.000000,0.000000,1.654996,1.991330,1.765415
2015-04-16,-0.000709,0.000000,-0.000709,-0.000285,-0.001107,0.333333,0.000000,0.000000,0.333333,0.000000,0.333333,0.000000,0.000000,0.000000,0.000000,0.000000,1.653823,1.990762,1.763462
2015-04-17,-0.012416,0.000000,-0.012416,-0.011504,-0.010238,0.333333,0.000000,0.000000,0.333333,0.000000,0.333333,0.000000,0.000000,0.000000,0.000000,0.000000,1.633289,1.967861,1.745408
2015-04-20,0.011431,0.000000,0.011431,0.009137,0.008840,0.333333,0.000000,0.000000,0.333333,0.000000,0.333333,0.000000,0.000000,0.000000,0.000000,0.000000,1.651959,1.985841,1.760837
2015-04-21,0.002407,0.000000,0.002407,-0.001191,-0.002674,0.333333,0.000000,0.000000,0.333333,0.000000,0.333333,0.000000,0.000000,0.000000,0.000000,0.000000,1.655936,1.983476,1.756129
2015-04-22,0.004245,0.000000,0.004245,0.004914,0.003926,0.333333,0.000000,0.000000,0.333333,0.000000,0.333333,0.000000,0.000000,0.000000,0.000000,0.000000,1.662965,1.993222,1.763023
2015-04-23,0.004248,0.000000,0.004248,0.002516,0.002774,0.333333,0.000000,0.000000,0.333333,0.000000,0.333333,0.000000,0.000000,0.000000,0.000000,0.000000,1.670030,1.998238,1.767914
2015-04-24,0.006339,0.000000,0.006339,0.002320,0.002903,0.333333,0.000000,0.000000,0.333333,0.000000,0.333333,0.000000,0.000000,0.000000,0.000000,0.000000,1.680615,2.002875,1.773046
2015-04-27,-0.008042,0.000000,-0.008042,-0.004158,-0.004220,0.333333,0.000000,0.000000,0.333333,0.000000,0.333333,0.000000,0.000000,0.000000,0.000000,0.000000,1.667101,1.994548,1.765563
2015-04-28,0.001552,0.000000,0.001552,0.003179,0.002978,0.333333,0.000000,0.000000,0.333333,0.000000,0.333333,0.000000,0.000000,0.000000,0.000000,0.000000,1.669688,2.000887,1.770822
2015-04-29,-0.006916,0.000000,-0.006916,-0.004115,-0.003572,0.333333,0.000000,0.000000,0.333333,0.000000,0.333333,0.000000,0.000000,0.000000,0.000000,0.000000,1.658141,1.992655,1.764495
2015-04-30,-0.013027,0.000000,-0.013027,-0.010020,-0.008887,0.333333,0.000000,0.000000,0.333333,0.000000,0.333333,0.000000,0.000000,0.000000,0.000000,0.000000,1.636540,1.972688,1.748814
2015-05-01,0.013183,0.000000,0.013183,0.010841,0.010483,0.333333,0.000000,0.000000,0.333333,0.000000,0.333333,0.000000,0.000000,0.000000,0.000000,0.000000,1.658114,1.994074,1.767146
2015-05-04,0.003118,0.000000,0.003118,0.002848,0.002711,0.333333,0.000000,0.000000,0.333333,0.000000,0.333333,0.000000,0.000000,0.000000,0.000000,0.000000,1.663284,1.999753,1.771937
2015-05-05,-0.012855,0.000000,-0.012855,-0.011452,-0.012775,0.333333,0.000000,0.000000,0.333333,0.000000,0.333333,0.000000,0.000000,0.000000,0.000000,0.000000,1.641902,1.976851,1.749300
2015-05-06,-0.005483,0.000000,-0.005483,-0.004117,-0.003113,0.333333,0.000000,0.000000,0.333333,0.000000,0.333333,0.000000,0.000000,0.000000,0.000000,0.000000,1.632900,1.968713,1.743854
2015-05-07,0.005753,0.000000,0.005753,0.003989,0.003240,0.333333,0.000000,0.000000,0.333333,0.000000,0.333333,0.000000,0.000000,0.000000,0.000000,0.000000,1.642294,1.976567,1.749504
2015-05-08,0.013752,0.000000,0.013752,0.013166,0.012807,0.333333,0.000000,0.000000,0.333333,0.000000,0.333333,0.000000,0.000000,0.000000,0.000000,0.000000,1.664879,2.002590,1.771910
2015-05-11,-0.003002,0.000000,-0.003002,-0.004773,-0.005322,0.333333,0.000000,0.000000,0.333333,0.000000,0.333333,0.000000,0.000000,0.000000,0.000000,0.000000,1.659880,1.993033,1.762480
2015-05-12,-0.004535,0.000000,-0.004535,-0.002991,-0.003068,0.333333,0.000000,0.000000,0.333333,0.000000,0.333333,0.000000,0.000000,0.000000,0.000000,0.000000,1.652353,1.987071,1.757073
2015-05-13,-0.000327,0.000000,-0.000327,0.000191,-0.001388,0.333333,0.000000,0.000000,0.333333,0.000000,0.333333,0.000000,0.000000,0.000000,0.000000,0.000000,1.651812,1.987450,1.754634
2015-05-14,0.011483,0.000000,0.011483,0.010428,0.010051,0.333333,0.000000,0.000000,0.333333,0.000000,0.333333,0.000000,0.000000,0.000000,0.000000,0.000000,1.670779,2.008175,1.772270
2015-05-15,0.002277,0.000000,0.002277,0.001084,0.002960,0.333333,0.000000,0.000000,0.333333,0.000000,0.333333,0.000000,0.000000,0.000000,0.000000,0.000000,1.674583,2.010351,1.777515
2015-05-18,0.004853,0.000000,0.004853,0.003107,0.002131,0.333333,0.000000,0.000000,0.333333,0.000000,0.333333,0.000000,0.000000,0.000000,0.000000,0.000000,1.682710,2.016596,1.781302
2015-05-19,0.000633,0.000000,0.000633,-0.000328,-0.001639,0.333333,0.000000,0.000000,0.333333,0.000000,0.333333,0.000000,0.000000,0.000000,0.000000,0.000000,1.683775,2.015934,1.778382
2015-05-20,0.000284,0.000000,0.000284,-0.000704,-0.000554,0.333333,0.000000,0.000000,0.333333,0.000000,0.333333,0.000000,0.000000,0.000000,0.000000,0.000000,1.684254,2.014515,1.777397
2015-05-21,0.002805,0.000000,0.002805,0.002912,0.002908,0.333333,0.000000,0.000000,0.333333,0.000000,0.333333,0.000000,0.000000,0.000000,0.000000,0.000000,1.688978,2.020381,1.782566
2015-05-22,-0.001590,0.000000,-0.001590,-0.002388,-0.002167,0.333333,0.000000,0.000000,0.333333,0.000000,0.333333,0.000000,0.000000,0.000000,0.000000,0.000000,1.686293,2.015556,1.778703
2015-05-25,0.000000,0.000000,0.000000,0.000000,0.000000,0.333333,0.000000,0.000000,0.333333,0.000000,0.333333,0.000000,0.000000,0.000000,0.000000,0.000000,1.686293,2.015556,1.778703
2015-05-26,-0.010578,0.000000,-0.010578,-0.010752,-0.010717,0.333333,0.000000,0.000000,0.333333,0.000000,0.333333,0.000000,0.000000,0.000000,0.000000,0.000000,1.668455,1.993885,1.759641
2015-05-27,0.012633,0.000000,0.012633,0.009492,0.007828,0.333333,0.000000,0.000000,0.333333,0.000000,0.333333,0.000000,0.000000,0.000000,0.000000,0.000000,1.689533,2.012812,1.773416
2015-05-28,-0.001026,0.000000,-0.001026,-0.001128,-0.001067,0.333333,0.000000,0.000000,0.333333,0.000000,0.333333,0.000000,0.000000,0.000000,0.000000,0.000000,1.687799,2.010540,1.771523
2015-05-29,-0.005584,0.000000,-0.005584,-0.006213,-0.005673,0.333333,0.000000,0.000000,0.333333,0.000000,0.333333,0.000000,0.000000,0.000000,0.000000,0.000000,1.678374,1.998049,1.761473
2015-06-01,0.003218,0.000000,0.003218,0.002036,0.001571,0.333333,0.000000,0.000000,0.333333,0.000000,0.333333,0.000000,0.000000,0.000000,0.000000,0.000000,1.683775,2.002118,1.764240
2015-06-02,-0.002120,0.000000,-0.002120,-0.000992,-0.000957,0.333333,0.000000,0.000000,0.333333,0.000000,0.333333,0.000000,0.000000,0.000000,0.000000,0.000000,1.680205,2.000131,1.762552
2015-06-03,0.003924,0.000000,0.003924,0.002649,0.000444,0.333333,0.000000,0.000000,0.333333,0.000000,0.333333,0.000000,0.000000,0.000000,0.000000,0.000000,1.686798,2.005430,1.763335
2015-06-04,-0.007752,0.000000,-0.007752,-0.008447,-0.008578,0.333333,0.000000,0.000000,0.333333,0.000000,0.333333,0.000000,0.000000,0.000000,0.000000,0.000000,1.673721,1.988491,1.748209
2015-06-05,-0.002173,0.000000,-0.002173,-0.001713,-0.002719,0.333333,0.000000,0.000000,0.333333,0.000000,0.333333,0.000000,0.000000,0.000000,0.000000,0.000000,1.670083,1.985084,1.743454
2015-06-08,-0.007737,0.000000,-0.007737,-0.006150,-0.005793,0.333333,0.000000,0.000000,0.333333,0.000000,0.333333,0.000000,0.000000,0.000000,0.000000,0.000000,1.657163,1.972877,1.733355
2015-06-09,-0.001226,0.000000,-0.001226,-0.000144,0.000170,0.333333,0.000000,0.000000,0.333333,0.000000,0.333333,0.000000,0.000000,0.000000,0.000000,0.000000,1.655131,1.972592,1.733649
2015-06-10,0.012720,0.000000,0.012720,0.011994,0.011086,0.333333,0.000000,0.000000,0.333333,0.000000,0.333333,0.000000,0.000000,0.000000,0.000000,0.000000,1.676184,1.996251,1.752868
2015-06-11,0.003556,0.000000,0.003556,0.003224,0.002872,0.333333,0.000000,0.000000,0.333333,0.000000,0.333333,0.000000,0.000000,0.000000,0.000000,0.000000,1.682145,2.002686,1.757903
2015-06-12,-0.008572,0.000000,-0.008572,-0.007655,-0.007318,0.333333,0.000000,0.000000,0.333333,0.000000,0.333333,0.000000,0.000000,0.000000,0.000000,0.000000,1.667726,1.987355,1.745038
2015-06-15,-0.003195,0.000000,-0.003195,-0.004286,-0.004424,0.333333,0.000000,0.000000,0.333333,0.000000,0.333333,0.000000,0.000000,0.000000,0.000000,0.000000,1.662398,1.978838,1.737318
2015-06-16,0.005867,0.000000,0.005867,0.005452,0.005861,0.333333,0.000000,0.000000,0.333333,0.000000,0.333333,0.000000,0.000000,0.000000,0.000000,0.000000,1.672151,1.989626,1.747502
2015-06-17,0.001989,0.000000,0.001989,0.001617,0.002559,0.333333,0.000000,0.000000,0.333333,0.000000,0.333333,0.000000,0.000000,0.000000,0.000000,0.000000,1.675477,1.992844,1.751973
2015-06-18,0.011703,0.000000,0.011703,0.010400,0.009602,0.333333,0.000000,0.000000,0.333333,0.000000,0.333333,0.000000,0.000000,0.000000,0.000000,0.000000,1.695085,2.013568,1.768796
2015-06-19,-0.004204,0.000000,-0.004204,-0.004439,-0.006800,0.333333,0.000000,0.000000,0.333333,0.000000,0.333333,0.000000,0.000000,0.000000,0.000000,0.000000,1.687958,2.004629,1.756769
2015-06-22,0.007191,0.000000,0.007191,0.005123,0.006841,0.333333,0.000000,0.000000,0.333333,0.000000,0.333333,0.000000,0.000000,0.000000,0.000000,0.000000,1.700095,2.014900,1.768787
2015-06-23,0.002216,0.000000,0.002216,0.000708,-0.001251,0.333333,0.000000,0.000000,0.333333,0.000000,0.333333,0.000000,0.000000,0.000000,0.000000,0.000000,1.703862,2.016325,1.766575
2015-06-24,-0.007213,0.000000,-0.007213,-0.007262,-0.007844,0.333333,0.000000,0.000000,0.333333,0.000000,0.333333,0.000000,0.000000,0.000000,0.000000,0.000000,1.691572,2.001682,1.752719
2015-06-25,0.000812,0.000000,0.000812,-0.003040,-0.003431,0.333333,0.000000,0.000000,0.333333,0.000000,0.333333,0.000000,0.000000,0.000000,0.000000,0.000000,1.692946,1.995596,1.746705
2015-06-26,-0.001966,0.000000,-0.001966,-0.000191,0.000744,0.333333,0.000000,0.000000,0.333333,0.000000,0.333333,0.000000,0.000000,0.000000,0.000000,0.000000,1.689618,1.995216,1.748005
2015-06-29,-0.022789,0.000000,-0.022789,-0.020970,-0.019369,0.333333,0.000000,0.000000,0.333333,0.000000,0.333333,0.000000,0.000000,0.000000,0.000000,0.000000,1.651113,1.953375,1.714149
2015-06-30,0.002980,0.000000,0.002980,0.002093,0.002106,0.333333,0.000000,0.000000,0.333333,0.000000,0.333333,0.000000,0.000000,0.000000,0.000000,0.000000,1.656034,1.957464,1.717758
2015-07-01,0.009631,0.000000,0.009631,0.008016,0.006746,0.333333,0.000000,0.000000,0.333333,0.000000,0.333333,0.000000,0.000000,0.000000,0.000000,0.000000,1.671983,1.973154,1.729346
2015-07-02,-0.001718,0.000000,-0.001718,-0.000916,0.000174,0.333333,0.000000,0.000000,0.333333,0.000000,0.333333,0.000000,0.000000,0.000000,0.000000,0.000000,1.669110,1.971347,1.729647
2015-07-03,0.000000,0.000000,0.000000,0.000000,0.000000,0.333333,0.000000,0.000000,0.333333,0.000000,0.333333,0.000000,0.000000,0.000000,0.000000,0.000000,1.669110,1.971347,1.729647
2015-07-06,-0.002139,0.000000,-0.002139,-0.002846,-0.003616,0.333333,0.000000,0.000000,0.333333,0.000000,0.333333,0.000000,0.000000,0.000000,0.000000,0.000000,1.665540,1.965737,1.723392
2015-07-07,0.004984,0.000000,0.004984,0.006289,0.008472,0.333333,0.000000,0.000000,0.333333,0.000000,0.333333,0.000000,0.000000,0.000000,0.000000,0.000000,1.673841,1.978099,1.737993
2015-07-08,-0.017513,0.000000,-0.017513,-0.016777,-0.016291,0.333333,0.000000,0.000000,0.333333,0.000000,0.333333,0.000000,0.000000,0.000000,0.000000,0.000000,1.644527,1.944912,1.709679
2015-07-09,0.001901,0.000000,0.001901,0.001809,0.001532,0.333333,0.000000,0.000000,0.333333,0.000000,0.333333,0.000000,0.000000,0.000000,0.000000,0.000000,1.647654,1.948431,1.712299
2015-07-10,0.014632,0.000000,0.014632,0.012592,0.011429,0.333333,0.000000,0.000000,0.333333,0.000000,0.333333,0.000000,0.000000,0.000000,0.000000,0.000000,1.671763,1.972964,1.731869
2015-07-13,0.012708,0.000000,0.012708,0.011037,0.009908,0.333333,0.000000,0.000000,0.333333,0.000000,0.333333,0.000000,0.000000,0.000000,0.000000,0.000000,1.693008,1.994740,1.749029
2015-07-14,0.005027,0.000000,0.005027,0.004338,0.003689,0.333333,0.000000,0.000000,0.333333,0.000000,0.333333,0.000000,0.000000,0.000000,0.000000,0.000000,1.701519,2.003393,1.755481
2015-07-15,0.000176,0.000000,0.000176,-0.000332,-0.002044,0.333333,0.000000,0.000000,0.333333,0.000000,0.333333,0.000000,0.000000,0.000000,0.000000,0.000000,1.701819,2.002728,1.751893
2015-07-16,0.007854,0.000000,0.007854,0.008024,0.006894,0.333333,0.000000,0.000000,0.333333,0.000000,0.333333,0.000000,0.000000,0.000000,0.000000,0.000000,1.715185,2.018798,1.763970
2015-07-17,0.003819,0.000000,0.003819,0.000848,-0.002343,0.333333,0.000000,0.000000,0.333333,0.000000,0.333333,0.000000,0.000000,0.000000,0.000000,0.000000,1.721736,2.020511,1.759837
2015-07-20,0.003016,0.000000,0.003016,0.000517,-0.001612,0.333333,0.000000,0.000000,0.333333,0.000000,0.333333,0.000000,0.000000,0.000000,0.000000,0.000000,1.726929,2.021555,1.756999
2015-07-21,-0.004734,0.000000,-0.004734,-0.003951,-0.004808,0.333333,0.000000,0.000000,0.333333,0.000000,0.333333,0.000000,0.000000,0.000000,0.000000,0.000000,1.718754,2.013568,1.748551
2015-07-22,-0.003037,0.000000,-0.003037,-0.001794,-0.001308,0.333333,0.000000,0.000000,0.333333,0.000000,0.333333,0.000000,0.000000,0.000000,0.000000,0.000000,1.713535,2.009956,1.746265
2015-07-23,-0.003889,0.000000,-0.003889,-0.005631,-0.007066,0.333333,0.000000,0.000000,0.333333,0.000000,0.333333,0.000000,0.000000,0.000000,0.000000,0.000000,1.706870,1.998639,1.733926
2015-07-24,-0.010137,0.000000,-0.010137,-0.010372,-0.010966,0.333333,0.000000,0.000000,0.333333,0.000000,0.333333,0.000000,0.000000,0.000000,0.000000,0.000000,1.689568,1.977908,1.714911
2015-07-27,-0.005796,0.000000,-0.005796,-0.005817,-0.004755,0.333333,0.000000,0.000000,0.333333,0.000000,0.333333,0.000000,0.000000,0.000000,0.000000,0.000000,1.679775,1.966403,1.706757
2015-07-28,0.011633,0.000000,0.011633,0.012283,0.013744,0.333333,0.000000,0.000000,0.333333,0.000000,0.333333,0.000000,0.000000,0.000000,0.000000,0.000000,1.699316,1.990556,1.730216
2015-07-29,0.006196,0.000000,0.006196,0.006879,0.007650,0.333333,0.000000,0.000000,0.333333,0.000000,0.333333,0.000000,0.000000,0.000000,0.000000,0.000000,1.709845,2.004249,1.743451
2015-07-30,0.001358,0.000000,0.001358,0.000237,0.000577,0.333333,0.000000,0.000000,0.333333,0.000000,0.333333,0.000000,0.000000,0.000000,0.000000,0.000000,1.712166,2.004725,1.744458
2015-07-31,0.001876,0.000000,0.001876,-0.001518,-0.001202,0.333333,0.000000,0.000000,0.333333,0.000000,0.333333,0.000000,0.000000,0.000000,0.000000,0.000000,1.715378,2.001682,1.742361
2015-08-03,-0.000919,0.000167,-0.001086,-0.003373,-0.004199,0.000000,0.000000,0.000000,0.333333,0.000000,0.333333,0.333333,0.000000,0.000000,0.000000,0.000000,1.713515,1.994930,1.735044
2015-08-04,0.001243,0.000000,0.001243,-0.001954,-0.002152,0.000000,0.000000,0.000000,0.333333,0.000000,0.333333,0.333333,0.000000,0.000000,0.000000,0.000000,1.715645,1.991031,1.731309
2015-08-05,0.002088,0.000000,0.002088,0.003295,0.002840,0.000000,0.000000,0.000000,0.333333,0.000000,0.333333,0.333333,0.000000,0.000000,0.000000,0.000000,1.719229,1.997593,1.736226
2015-08-06,-0.014286,0.000000,-0.014286,-0.008187,-0.004860,0.000000,0.000000,0.000000,0.333333,0.000000,0.333333,0.333333,0.000000,0.000000,0.000000,0.000000,1.694668,1.981238,1.727788
2015-08-07,-0.002680,0.000000,-0.002680,-0.001920,-0.003297,0.000000,0.000000,0.000000,0.333333,0.000000,0.333333,0.333333,0.000000,0.000000,0.000000,0.000000,1.690126,1.977433,1.722091
2015-08-10,0.006645,0.000000,0.006645,0.012599,0.013011,0.000000,0.000000,0.000000,0.333333,0.000000,0.333333,0.333333,0.000000,0.000000,0.000000,0.000000,1.701357,2.002347,1.744498
2015-08-11,-0.007000,0.000000,-0.007000,-0.009023,-0.007661,0.000000,0.000000,0.000000,0.333333,0.000000,0.333333,0.333333,0.000000,0.000000,0.000000,0.000000,1.689447,1.984280,1.731133
2015-08-12,-0.001029,0.000000,-0.001029,0.001198,0.003576,0.000000,0.000000,0.000000,0.333333,0.000000,0.333333,0.333333,0.000000,0.000000,0.000000,0.000000,1.687709,1.986657,1.737324
2015-08-13,-0.000154,0.000000,-0.000154,-0.001245,-0.002025,0.000000,0.000000,0.000000,0.333333,0.000000,0.333333,0.333333,0.000000,0.000000,0.000000,0.000000,1.687449,1.984185,1.733806
2015-08-14,0.002210,0.000000,0.002210,0.003642,0.003895,0.000000,0.000000,0.000000,0.333333,0.000000,0.333333,0.333333,0.000000,0.000000,0.000000,0.000000,1.691179,1.991412,1.740558
2015-08-17,0.006884,0.000000,0.006884,0.005587,0.005104,0.000000,0.000000,0.000000,0.333333,0.000000,0.333333,0.333333,0.000000,0.000000,0.000000,0.000000,1.702821,2.002537,1.749441
2015-08-18,-0.001846,0.000000,-0.001846,-0.002897,-0.002887,0.000000,0.000000,0.000000,0.333333,0.000000,0.333333,0.333333,0.000000,0.000000,0.000000,0.000000,1.699677,1.996737,1.744390
2015-08-19,-0.005017,0.000000,-0.005017,-0.007906,-0.008421,0.000000,0.000000,0.000000,0.333333,0.000000,0.333333,0.333333,0.000000,0.000000,0.000000,0.000000,1.691149,1.980952,1.729701
2015-08-20,-0.020141,0.000000,-0.020141,-0.020881,-0.019338,0.000000,0.000000,0.000000,0.333333,0.000000,0.333333,0.333333,0.000000,0.000000,0.000000,0.000000,1.657088,1.939587,1.696253
2015-08-21,-0.029967,0.000000,-0.029967,-0.030103,-0.029218,0.000000,0.000000,0.000000,0.333333,0.000000,0.333333,0.333333,0.000000,0.000000,0.000000,0.000000,1.607431,1.881200,1.646692
2015-08-24,-0.039091,0.000000,-0.039091,-0.042107,-0.040902,0.000000,0.000000,0.000000,0.333333,0.000000,0.333333,0.333333,0.000000,0.000000,0.000000,0.000000,1.544595,1.801989,1.579340
2015-08-25,-0.007238,0.000000,-0.007238,-0.011768,-0.012980,0.000000,0.000000,0.000000,0.333333,0.000000,0.333333,0.333333,0.000000,0.000000,0.000000,0.000000,1.533416,1.780783,1.558840
2015-08-26,0.036582,0.000000,0.036582,0.038394,0.034255,0.000000,0.000000,0.000000,0.333333,0.000000,0.333333,0.333333,0.000000,0.000000,0.000000,0.000000,1.589511,1.849155,1.612238
2015-08-27,0.019197,0.000000,0.019197,0.024735,0.025229,0.000000,0.000000,0.000000,0.333333,0.000000,0.333333,0.333333,0.000000,0.000000,0.000000,0.000000,1.620025,1.894894,1.652914
2015-08-28,-0.002458,0.000000,-0.002458,0.000050,0.001758,0.000000,0.000000,0.000000,0.333333,0.000000,0.333333,0.333333,0.000000,0.000000,0.000000,0.000000,1.616042,1.894989,1.655820
2015-08-31,-0.010950,0.000000,-0.010950,-0.008079,-0.007830,0.000000,0.000000,0.000000,0.333333,0.000000,0.333333,0.333333,0.000000,0.000000,0.000000,0.000000,1.598347,1.879679,1.642856
2015-09-01,-0.024029,0.000000,-0.024029,-0.029848,-0.028429,0.000000,0.000000,0.000000,0.333333,0.000000,0.333333,0.333333,0.000000,0.000000,0.000000,0.000000,1.559940,1.823575,1.596151
2015-09-02,0.018403,0.000000,0.018403,0.018981,0.015496,0.000000,0.000000,0.000000,0.333333,0.000000,0.333333,0.333333,0.000000,0.000000,0.000000,0.000000,1.588648,1.858188,1.620885
2015-09-03,0.000026,0.000000,0.000026,0.000717,0.002283,0.000000,0.000000,0.000000,0.333333,0.000000,0.333333,0.333333,0.000000,0.000000,0.000000,0.000000,1.588689,1.859520,1.624586
2015-09-04,-0.013170,0.000000,-0.013170,-0.015137,-0.015404,0.000000,0.000000,0.000000,0.333333,0.000000,0.333333,0.333333,0.000000,0.000000,0.000000,0.000000,1.567767,1.831372,1.599561
2015-09-07,0.000000,0.000000,0.000000,0.000000,0.000000,0.000000,0.000000,0.000000,0.333333,0.000000,0.333333,0.333333,0.000000,0.000000,0.000000,0.000000,1.567767,1.831372,1.599561
2015-09-08,0.023988,0.000000,0.023988,0.025131,0.023894,0.000000,0.000000,0.000000,0.333333,0.000000,0.333333,0.333333,0.000000,0.000000,0.000000,0.000000,1.605374,1.877397,1.637781
2015-09-09,-0.014195,0.000000,-0.014195,-0.013372,-0.013225,0.000000,0.000000,0.000000,0.333333,0.000000,0.333333,0.333333,0.000000,0.000000,0.000000,0.000000,1.582586,1.852292,1.616121
2015-09-10,0.004720,0.000000,0.004720,0.005442,0.004005,0.000000,0.000000,0.000000,0.333333,0.000000,0.333333,0.333333,0.000000,0.000000,0.000000,0.000000,1.590056,1.862373,1.622594
2015-09-11,0.006836,0.000000,0.006836,0.004544,0.003582,0.000000,0.000000,0.000000,0.333333,0.000000,0.333333,0.333333,0.000000,0.000000,0.000000,0.000000,1.600926,1.870836,1.628406
2015-09-14,-0.003865,0.000000,-0.003865,-0.003710,-0.004385,0.000000,0.000000,0.000000,0.333333,0.000000,0.333333,0.333333,0.000000,0.000000,0.000000,0.000000,1.594738,1.863894,1.621266
2015-09-15,0.012263,0.000000,0.012263,0.012499,0.011677,0.000000,0.000000,0.000000,0.333333,0.000000,0.333333,0.333333,0.000000,0.000000,0.000000,0.000000,1.614294,1.887191,1.640198
2015-09-16,0.008499,0.000000,0.008499,0.008667,0.010671,0.000000,0.000000,0.000000,0.333333,0.000000,0.333333,0.333333,0.000000,0.000000,0.000000,0.000000,1.628013,1.903547,1.657700
2015-09-17,0.003894,0.000000,0.003894,-0.002248,-0.000562,0.000000,0.000000,0.000000,0.333333,0.000000,0.333333,0.333333,0.000000,0.000000,0.000000,0.000000,1.634352,1.899268,1.656769
2015-09-18,-0.014249,0.000000,-0.014249,-0.016341,-0.016683,0.000000,0.000000,0.000000,0.333333,0.000000,0.333333,0.333333,0.000000,0.000000,0.000000,0.000000,1.611064,1.868231,1.629129
2015-09-21,0.000969,0.000000,0.000969,0.005168,0.004706,0.000000,0.000000,0.000000,0.333333,0.000000,0.333333,0.333333,0.000000,0.000000,0.000000,0.000000,1.612625,1.877886,1.636796
2015-09-22,-0.010117,0.000000,-0.010117,-0.012980,-0.012879,0.000000,0.000000,0.000000,0.333333,0.000000,0.333333,0.333333,0.000000,0.000000,0.000000,0.000000,1.596309,1.853511,1.615716
2015-09-23,-0.000656,0.000000,-0.000656,-0.001599,-0.004175,0.000000,0.000000,0.000000,0.333333,0.000000,0.333333,0.333333,0.000000,0.000000,0.000000,0.000000,1.595262,1.850548,1.608971
2015-09-24,-0.003731,0.000000,-0.003731,-0.003616,-0.001636,0.000000,0.000000,0.000000,0.333333,0.000000,0.333333,0.333333,0.000000,0.000000,0.000000,0.000000,1.589311,1.843856,1.606338
2015-09-25,-0.007039,0.000000,-0.007039,-0.000259,0.000466,0.000000,0.000000,0.000000,0.333333,0.000000,0.333333,0.333333,0.000000,0.000000,0.000000,0.000000,1.578124,1.843379,1.607086
2015-09-28,-0.027417,0.000000,-0.027417,-0.025098,-0.024884,0.000000,0.000000,0.000000,0.333333,0.000000,0.333333,0.333333,0.000000,0.000000,0.000000,0.000000,1.534856,1.797114,1.567096
2015-09-29,0.001814,0.000000,0.001814,0.000585,0.001334,0.000000,0.000000,0.000000,0.333333,0.000000,0.333333,0.333333,0.000000,0.000000,0.000000,0.000000,1.537641,1.798167,1.569186
2015-09-30,0.018990,0.000000,0.018990,0.018658,0.018841,0.000000,0.000000,0.000000,0.333333,0.000000,0.333333,0.333333,0.000000,0.000000,0.000000,0.000000,1.566841,1.831718,1.598751
2015-10-01,0.005841,0.000000,0.005841,0.002609,0.001969,0.000000,0.000000,0.000000,0.333333,0.000000,0.333333,0.333333,0.000000,0.000000,0.000000,0.000000,1.575992,1.836496,1.601898
2015-10-02,0.016285,0.000000,0.016285,0.014938,0.017346,0.000000,0.000000,0.000000,0.333333,0.000000,0.333333,0.333333,0.000000,0.000000,0.000000,0.000000,1.601657,1.863931,1.629684
2015-10-05,0.011512,0.000000,0.011512,0.017795,0.019224,0.000000,0.000000,0.000000,0.333333,0.000000,0.333333,0.333333,0.000000,0.000000,0.000000,0.000000,1.620096,1.897098,1.661013
2015-10-06,-0.012566,0.000000,-0.012566,-0.003426,-0.001540,0.000000,0.000000,0.000000,0.333333,0.000000,0.333333,0.333333,0.000000,0.000000,0.000000,0.000000,1.599737,1.890598,1.658455
2015-10-07,0.009503,0.000000,0.009503,0.008191,0.008505,0.000000,0.000000,0.000000,0.333333,0.000000,0.333333,0.333333,0.000000,0.000000,0.000000,0.000000,1.614940,1.906083,1.672560
2015-10-08,0.009031,0.000000,0.009031,0.009027,0.010797,0.000000,0.000000,0.000000,0.333333,0.000000,0.333333,0.333333,0.000000,0.000000,0.000000,0.000000,1.629525,1.923289,1.690618
2015-10-09,0.002646,0.000000,0.002646,0.000596,-0.000271,0.000000,0.000000,0.000000,0.333333,0.000000,0.333333,0.333333,0.000000,0.000000,0.000000,0.000000,1.633837,1.924435,1.690159
2015-10-12,0.003340,0.000000,0.003340,0.000944,-0.000038,0.000000,0.000000,0.000000,0.333333,0.000000,0.333333,0.333333,0.000000,0.000000,0.000000,0.000000,1.639294,1.926252,1.690096
2015-10-13,-0.007987,0.000000,-0.007987,-0.006302,-0.006792,0.000000,0.000000,0.000000,0.333333,0.000000,0.333333,0.333333,0.000000,0.000000,0.000000,0.000000,1.626200,1.914113,1.678618
2015-10-14,-0.007885,0.000000,-0.007885,-0.004794,-0.003133,0.000000,0.000000,0.000000,0.333333,0.000000,0.333333,0.333333,0.000000,0.000000,0.000000,0.000000,1.613379,1.904936,1.673359
2015-10-15,0.014789,0.000000,0.014789,0.015355,0.014028,0.000000,0.000000,0.000000,0.333333,0.000000,0.333333,0.333333,0.000000,0.000000,0.000000,0.000000,1.637238,1.934186,1.696832
2015-10-16,0.007931,0.000000,0.007931,0.004547,0.003296,0.000000,0.000000,0.000000,0.333333,0.000000,0.333333,0.333333,0.000000,0.000000,0.000000,0.000000,1.650223,1.942980,1.702426
2015-10-19,0.004248,0.000000,0.004248,0.000492,-0.001013,0.000000,0.000000,0.000000,0.333333,0.000000,0.333333,0.333333,0.000000,0.000000,0.000000,0.000000,1.657232,1.943935,1.700702
2015-10-20,-0.005862,0.000000,-0.005862,-0.001279,0.000017,0.000000,0.000000,0.000000,0.333333,0.000000,0.333333,0.333333,0.000000,0.000000,0.000000,0.000000,1.647517,1.941450,1.700730
2015-10-21,-0.004417,0.000000,-0.004417,-0.006203,-0.005678,0.000000,0.000000,0.000000,0.333333,0.000000,0.333333,0.333333,0.000000,0.000000,0.000000,0.000000,1.640241,1.929407,1.691074
2015-10-22,0.009011,0.000000,0.009011,0.016893,0.016739,0.000000,0.000000,0.000000,0.333333,0.000000,0.333333,0.333333,0.000000,0.000000,0.000000,0.000000,1.655021,1.962001,1.719382
2015-10-23,0.008237,0.000000,0.008237,0.010962,0.006167,0.000000,0.000000,0.000000,0.333333,0.000000,0.333333,0.333333,0.000000,0.000000,0.000000,0.000000,1.668652,1.983508,1.729985
2015-10-26,0.002985,0.000000,0.002985,-0.002458,-0.004170,0.000000,0.000000,0.000000,0.333333,0.000000,0.333333,0.333333,0.000000,0.000000,0.000000,0.000000,1.673633,1.978633,1.722770
2015-10-27,0.005011,0.000000,0.005011,-0.001932,-0.003043,0.000000,0.000000,0.000000,0.333333,0.000000,0.333333,0.333333,0.000000,0.000000,0.000000,0.000000,1.682021,1.974809,1.717528
2015-10-28,0.004043,0.000000,0.004043,0.011375,0.009461,0.000000,0.000000,0.000000,0.333333,0.000000,0.333333,0.333333,0.000000,0.000000,0.000000,0.000000,1.688821,1.997273,1.733777
2015-10-29,0.002576,0.000000,0.002576,-0.000574,0.000508,0.000000,0.000000,0.000000,0.333333,0.000000,0.333333,0.333333,0.000000,0.000000,0.000000,0.000000,1.693171,1.996125,1.734657
2015-10-30,-0.005089,0.000000,-0.005089,-0.004309,-0.002784,0.000000,0.000000,0.000000,0.333333,0.000000,0.333333,0.333333,0.000000,0.000000,0.000000,0.000000,1.684555,1.987523,1.729829
2015-11-02,0.010630,0.000000,0.010630,0.011831,0.010760,0.000000,0.000000,0.000000,0.333333,0.000000,0.333333,0.333333,0.000000,0.000000,0.000000,0.000000,1.702462,2.011037,1.748441
2015-11-03,-0.001513,0.000000,-0.001513,0.002899,0.003948,0.000000,0.000000,0.000000,0.333333,0.000000,0.333333,0.333333,0.000000,0.000000,0.000000,0.000000,1.699886,2.016867,1.755345
2015-11-04,-0.005035,0.000000,-0.005035,-0.003033,-0.003317,0.000000,0.000000,0.000000,0.333333,0.000000,0.333333,0.333333,0.000000,0.000000,0.000000,0.000000,1.691327,2.010749,1.749522
2015-11-05,0.000064,0.000000,0.000064,-0.000998,-0.002168,0.000000,0.000000,0.000000,0.333333,0.000000,0.333333,0.333333,0.000000,0.000000,0.000000,0.000000,1.691435,2.008743,1.745730
2015-11-06,-0.004967,0.000000,-0.004967,-0.000523,-0.004302,0.000000,0.000000,0.000000,0.333333,0.000000,0.333333,0.333333,0.000000,0.000000,0.000000,0.000000,1.683034,2.007691,1.738219
2015-11-09,-0.009377,0.000000,-0.009377,-0.009332,-0.007836,0.000000,0.000000,0.000000,0.333333,0.000000,0.333333,0.333333,0.000000,0.000000,0.000000,0.000000,1.667252,1.988956,1.724599
2015-11-10,0.006289,0.000000,0.006289,0.002307,0.002265,0.000000,0.000000,0.000000,0.333333,0.000000,0.333333,0.333333,0.000000,0.000000,0.000000,0.000000,1.677737,1.993544,1.728506
2015-11-11,-0.005752,0.000000,-0.005752,-0.003931,-0.003459,0.000000,0.000000,0.000000,0.333333,0.000000,0.333333,0.333333,0.000000,0.000000,0.000000,0.000000,1.668087,1.985707,1.722527
2015-11-12,-0.013378,0.000000,-0.013378,-0.013960,-0.014431,0.000000,0.000000,0.000000,0.333333,0.000000,0.333333,0.333333,0.000000,0.000000,0.000000,0.000000,1.645772,1.957987,1.697669
2015-11-13,-0.012483,0.000000,-0.012483,-0.011228,-0.007213,0.000000,0.000000,0.000000,0.333333,0.000000,0.333333,0.333333,0.000000,0.000000,0.000000,0.000000,1.625228,1.936002,1.685423
2015-11-16,0.013914,0.000000,0.013914,0.015207,0.016134,0.000000,0.000000,0.000000,0.333333,0.000000,0.333333,0.333333,0.000000,0.000000,0.000000,0.000000,1.647842,1.965442,1.712615
2015-11-17,0.001918,0.000000,0.001918,-0.000730,-0.003139,0.000000,0.000000,0.000000,0.333333,0.000000,0.333333,0.333333,0.000000,0.000000,0.000000,0.000000,1.651003,1.964008,1.707240
2015-11-18,0.016804,0.000000,0.016804,0.015866,0.015312,0.000000,0.000000,0.000000,0.333333,0.000000,0.333333,0.333333,0.000000,0.000000,0.000000,0.000000,1.678747,1.995169,1.733381
2015-11-19,-0.004298,0.000000,-0.004298,-0.000862,-0.000674,0.000000,0.000000,0.000000,0.333333,0.000000,0.333333,0.333333,0.000000,0.000000,0.000000,0.000000,1.671532,1.993449,1.732212
2015-11-20,0.004494,0.000000,0.004494,0.003644,0.001993,0.000000,0.000000,0.000000,0.333333,0.000000,0.333333,0.333333,0.000000,0.000000,0.000000,0.000000,1.679044,2.000714,1.735663
2015-11-23,0.003312,0.000000,0.003312,-0.001147,-0.000642,0.000000,0.000000,0.000000,0.333333,0.000000,0.333333,0.333333,0.000000,0.000000,0.000000,0.000000,1.684605,1.998419,1.734549
2015-11-24,0.001208,0.000000,0.001208,0.001339,0.003076,0.000000,0.000000,0.000000,0.333333,0.000000,0.333333,0.333333,0.000000,0.000000,0.000000,0.000000,1.686641,2.001096,1.739883
2015-11-25,0.004369,0.000000,0.004369,-0.000143,-0.001085,0.000000,0.000000,0.000000,0.333333,0.000000,0.333333,0.333333,0.000000,0.000000,0.000000,0.000000,1.694010,2.000809,1.737996
2015-11-26,0.000000,0.000000,0.000000,0.000000,0.000000,0.000000,0.000000,0.000000,0.333333,0.000000,0.333333,0.333333,0.000000,0.000000,0.000000,0.000000,1.694010,2.000809,1.737996
2015-11-27,0.000698,0.000000,0.000698,0.001147,0.000225,0.000000,0.000000,0.000000,0.333333,0.000000,0.333333,0.333333,0.000000,0.000000,0.000000,0.000000,1.695193,2.003104,1.738387
2015-11-30,-0.010957,0.000000,-0.010957,-0.004152,-0.003483,0.000000,0.000000,0.000000,0.333333,0.000000,0.333333,0.333333,0.000000,0.000000,0.000000,0.000000,1.676618,1.994787,1.732333
2015-12-01,0.009215,0.000167,0.009049,0.009536,0.009238,0.333333,0.000000,0.000000,0.000000,0.000000,0.333333,0.333333,0.000000,0.000000,0.000000,0.000000,1.691789,2.013809,1.748336
2015-12-02,-0.006676,0.000000,-0.006676,-0.010205,-0.012995,0.333333,0.000000,0.000000,0.000000,0.000000,0.333333,0.333333,0.000000,0.000000,0.000000,0.000000,1.680494,1.993258,1.725616
2015-12-03,-0.011086,0.000000,-0.011086,-0.014003,-0.013372,0.333333,0.000000,0.000000,0.000000,0.000000,0.333333,0.333333,0.000000,0.000000,0.000000,0.000000,1.661864,1.965346,1.702541
2015-12-04,0.022142,0.000000,0.022142,0.019503,0.017409,0.333333,0.000000,0.000000,0.000000,0.000000,0.333333,0.333333,0.000000,0.000000,0.000000,0.000000,1.698661,2.003676,1.732181
2015-12-07,-0.002115,0.000000,-0.002115,-0.006058,-0.008622,0.333333,0.000000,0.000000,0.000000,0.000000,0.333333,0.333333,0.000000,0.000000,0.000000,0.000000,1.695068,1.991537,1.717247
2015-12-08,-0.002673,0.000000,-0.002673,-0.006720,-0.007223,0.333333,0.000000,0.000000,0.000000,0.000000,0.333333,0.333333,0.000000,0.000000,0.000000,0.000000,1.690538,1.978155,1.704843
2015-12-09,-0.012327,0.000000,-0.012327,-0.007780,-0.002009,0.333333,0.000000,0.000000,0.000000,0.000000,0.333333,0.333333,0.000000,0.000000,0.000000,0.000000,1.669699,1.962765,1.701418
2015-12-10,0.002448,0.000000,0.002448,0.002581,0.000318,0.333333,0.000000,0.000000,0.000000,0.000000,0.333333,0.333333,0.000000,0.000000,0.000000,0.000000,1.673787,1.967832,1.701959
2015-12-11,-0.018199,0.000000,-0.018199,-0.019381,-0.019455,0.333333,0.000000,0.000000,0.000000,0.000000,0.333333,0.333333,0.000000,0.000000,0.000000,0.000000,1.643326,1.929693,1.668847
2015-12-14,0.007579,0.000000,0.007579,0.005052,0.003571,0.333333,0.000000,0.000000,0.000000,0.000000,0.333333,0.333333,0.000000,0.000000,0.000000,0.000000,1.655781,1.939442,1.674808
2015-12-15,0.005430,0.000000,0.005430,0.010498,0.010161,0.333333,0.000000,0.000000,0.000000,0.000000,0.333333,0.333333,0.000000,0.000000,0.000000,0.000000,1.664772,1.959802,1.691826
2015-12-16,0.016547,0.000000,0.016547,0.014632,0.013961,0.333333,0.000000,0.000000,0.000000,0.000000,0.333333,0.333333,0.000000,0.000000,0.000000,0.000000,1.692318,1.988479,1.715445
2015-12-17,-0.015015,0.000000,-0.015015,-0.015238,-0.014347,0.333333,0.000000,0.000000,0.000000,0.000000,0.333333,0.333333,0.000000,0.000000,0.000000,0.000000,1.666907,1.958178,1.690833
2015-12-18,-0.017610,0.000000,-0.017610,-0.017815,-0.016974,0.333333,0.000000,0.000000,0.000000,0.000000,0.333333,0.333333,0.000000,0.000000,0.000000,0.000000,1.637552,1.923293,1.662133
2015-12-21,0.008863,0.000000,0.008863,0.008249,0.006953,0.333333,0.000000,0.000000,0.000000,0.000000,0.333333,0.333333,0.000000,0.000000,0.000000,0.000000,1.652066,1.939158,1.673690
2015-12-22,0.009212,0.000000,0.009212,0.009074,0.010045,0.333333,0.000000,0.000000,0.000000,0.000000,0.333333,0.333333,0.000000,0.000000,0.000000,0.000000,1.667286,1.956754,1.690502
2015-12-23,0.006940,0.000000,0.006940,0.012384,0.015290,0.333333,0.000000,0.000000,0.000000,0.000000,0.333333,0.333333,0.000000,0.000000,0.000000,0.000000,1.678856,1.980986,1.716350
2015-12-24,-0.001371,0.000000,-0.001371,-0.001651,-0.001813,0.333333,0.000000,0.000000,0.000000,0.000000,0.333333,0.333333,0.000000,0.000000,0.000000,0.000000,1.676554,1.977716,1.713238
2015-12-25,0.000000,0.000000,0.000000,0.000000,0.000000,0.333333,0.000000,0.000000,0.000000,0.000000,0.333333,0.333333,0.000000,0.000000,0.000000,0.000000,1.676554,1.977716,1.713238
2015-12-28,0.000160,0.000000,0.000160,-0.002285,-0.003408,0.333333,0.000000,0.000000,0.000000,0.000000,0.333333,0.333333,0.000000,0.000000,0.000000,0.000000,1.676822,1.973197,1.707400
2015-12-29,0.011293,0.000000,0.011293,0.010672,0.009765,0.333333,0.000000,0.000000,0.000000,0.000000,0.333333,0.333333,0.000000,0.000000,0.000000,0.000000,1.695758,1.994254,1.724072
2015-12-30,-0.006666,0.000000,-0.006666,-0.007087,-0.007030,0.333333,0.000000,0.000000,0.000000,0.000000,0.333333,0.333333,0.000000,0.000000,0.000000,0.000000,1.684453,1.980120,1.711951
2015-12-31,-0.011738,0.000000,-0.011738,-0.010004,-0.008484,0.333333,0.000000,0.000000,0.000000,0.000000,0.333333,0.333333,0.000000,0.000000,0.000000,0.000000,1.664682,1.960312,1.697428
2016-01-01,0.000000,0.000167,-0.000167,0.000000,0.000000,0.333333,0.333333,0.000000,0.000000,0.000000,0.333333,0.000000,0.000000,0.000000,0.000000,0.000000,1.664404,1.960312,1.697428
2016-01-04,-0.016508,0.000000,-0.016508,-0.013979,-0.012412,0.333333,0.333333,0.000000,0.000000,0.000000,0.333333,0.000000,0.000000,0.000000,0.000000,0.000000,1.636929,1.932909,1.676358
2016-01-05,-0.000018,0.000000,-0.000018,0.001691,0.002708,0.333333,0.333333,0.000000,0.000000,0.000000,0.333333,0.000000,0.000000,0.000000,0.000000,0.000000,1.636900,1.936177,1.680898
2016-01-06,-0.012485,0.000000,-0.012485,-0.012614,-0.014556,0.333333,0.333333,0.000000,0.000000,0.000000,0.333333,0.000000,0.000000,0.000000,0.000000,0.000000,1.616464,1.911754,1.656432
2016-01-07,-0.026071,0.000000,-0.026071,-0.023992,-0.021762,0.333333,0.333333,0.000000,0.000000,0.000000,0.333333,0.000000,0.000000,0.000000,0.000000,0.000000,1.574322,1.865888,1.620385
2016-01-08,-0.011420,0.000000,-0.011420,-0.010976,-0.010068,0.333333,0.333333,0.000000,0.000000,0.000000,0.333333,0.000000,0.000000,0.000000,0.000000,0.000000,1.556343,1.845407,1.604070
2016-01-11,0.005241,0.000000,0.005241,0.000990,-0.002139,0.333333,0.333333,0.000000,0.000000,0.000000,0.333333,0.000000,0.000000,0.000000,0.000000,0.000000,1.564499,1.847234,1.600640
2016-01-12,0.010210,0.000000,0.010210,0.008069,0.006322,0.333333,0.333333,0.000000,0.000000,0.000000,0.333333,0.000000,0.000000,0.000000,0.000000,0.000000,1.580473,1.862138,1.610758
2016-01-13,-0.028893,0.000000,-0.028893,-0.024941,-0.022924,0.333333,0.333333,0.000000,0.000000,0.000000,0.333333,0.000000,0.000000,0.000000,0.000000,0.000000,1.534808,1.815695,1.573833
2016-01-14,0.011600,0.000000,0.011600,0.016417,0.016641,0.333333,0.333333,0.000000,0.000000,0.000000,0.333333,0.000000,0.000000,0.000000,0.000000,0.000000,1.552612,1.845503,1.600023
2016-01-15,-0.023691,0.000000,-0.023691,-0.021466,-0.019631,0.333333,0.333333,0.000000,0.000000,0.000000,0.333333,0.000000,0.000000,0.000000,0.000000,0.000000,1.515828,1.805887,1.568613
2016-01-18,0.000000,0.000000,0.000000,0.000000,0.000000,0.333333,0.333333,0.000000,0.000000,0.000000,0.333333,0.000000,0.000000,0.000000,0.000000,0.000000,1.515828,1.805887,1.568613
2016-01-19,0.001442,0.000000,0.001442,0.001331,-0.000318,0.333333,0.333333,0.000000,0.000000,0.000000,0.333333,0.000000,0.000000,0.000000,0.000000,0.000000,1.518014,1.808291,1.568114
2016-01-20,-0.012089,0.000000,-0.012089,-0.012815,-0.012906,0.333333,0.333333,0.000000,0.000000,0.000000,0.333333,0.000000,0.000000,0.000000,0.000000,0.000000,1.499663,1.785118,1.547877
2016-01-21,0.004712,0.000000,0.004712,0.005602,0.006492,0.333333,0.333333,0.000000,0.000000,0.000000,0.333333,0.000000,0.000000,0.000000,0.000000,0.000000,1.506729,1.795118,1.557926
2016-01-22,0.021137,0.000000,0.021137,0.020515,0.020578,0.333333,0.333333,0.000000,0.000000,0.000000,0.333333,0.000000,0.000000,0.000000,0.000000,0.000000,1.538577,1.831945,1.589985
2016-01-25,-0.014435,0.000000,-0.014435,-0.015117,-0.017876,0.333333,0.333333,0.000000,0.000000,0.000000,0.333333,0.000000,0.000000,0.000000,0.000000,0.000000,1.516368,1.804252,1.561562
2016-01-26,0.013728,0.000000,0.013728,0.013644,0.015425,0.333333,0.333333,0.000000,0.000000,0.000000,0.333333,0.000000,0.000000,0.000000,0.000000,0.000000,1.537185,1.828869,1.585650
2016-01-27,-0.013336,0.000000,-0.013336,-0.010884,-0.008218,0.333333,0.333333,0.000000,0.000000,0.000000,0.333333,0.000000,0.000000,0.000000,0.000000,0.000000,1.516684,1.808964,1.572618
2016-01-28,0.008748,0.000000,0.008748,0.005209,0.007430,0.333333,0.333333,0.000000,0.000000,0.000000,0.333333,0.000000,0.000000,0.000000,0.000000,0.000000,1.529952,1.818388,1.584303
2016-01-29,0.023450,0.000000,0.023450,0.024377,0.023557,0.333333,0.333333,0.000000,0.000000,0.000000,0.333333,0.000000,0.000000,0.000000,0.000000,0.000000,1.565830,1.862715,1.621624
2016-02-01,0.001855,0.000000,0.001855,-0.000361,0.000550,0.333333,0.333333,0.000000,0.000000,0.000000,0.333333,0.000000,0.000000,0.000000,0.000000,0.000000,1.568735,1.862042,1.622516
2016-02-02,-0.021688,0.000000,-0.021688,-0.018023,-0.016443,0.333333,0.333333,0.000000,0.000000,0.000000,0.333333,0.000000,0.000000,0.000000,0.000000,0.000000,1.534712,1.828483,1.595837
2016-02-03,-0.000959,0.000000,-0.000959,0.005995,0.011028,0.333333,0.333333,0.000000,0.000000,0.000000,0.333333,0.000000,0.000000,0.000000,0.000000,0.000000,1.533240,1.839445,1.613436
2016-02-04,0.001259,0.000000,0.001259,0.001569,0.003270,0.333333,0.333333,0.000000,0.000000,0.000000,0.333333,0.000000,0.000000,0.000000,0.000000,0.000000,1.535170,1.842330,1.618712
2016-02-05,-0.024505,0.000000,-0.024505,-0.019050,-0.015061,0.333333,0.333333,0.000000,0.000000,0.000000,0.333333,0.000000,0.000000,0.000000,0.000000,0.000000,1.497550,1.807233,1.594333
2016-02-08,-0.019704,0.000000,-0.019704,-0.013461,-0.013195,0.333333,0.333333,0.000000,0.000000,0.000000,0.333333,0.000000,0.000000,0.000000,0.000000,0.000000,1.468042,1.782906,1.573296
2016-02-09,-0.002564,0.000000,-0.002564,0.000054,0.000465,0.333333,0.333333,0.000000,0.000000,0.000000,0.333333,0.000000,0.000000,0.000000,0.000000,0.000000,1.464278,1.783002,1.574026
2016-02-10,-0.001864,0.000000,-0.001864,-0.000863,-0.001968,0.333333,0.333333,0.000000,0.000000,0.000000,0.333333,0.000000,0.000000,0.000000,0.000000,0.000000,1.461548,1.781464,1.570928
2016-02-11,-0.011072,0.000000,-0.011072,-0.013008,-0.013385,0.333333,0.333333,0.000000,0.000000,0.000000,0.333333,0.000000,0.000000,0.000000,0.000000,0.000000,1.445365,1.758291,1.549902
2016-02-12,0.024849,0.000000,0.024849,0.020617,0.019464,0.333333,0.333333,0.000000,0.000000,0.000000,0.333333,0.000000,0.000000,0.000000,0.000000,0.000000,1.481281,1.794542,1.580070
2016-02-15,0.000000,0.000000,0.000000,0.000000,0.000000,0.333333,0.333333,0.000000,0.000000,0.000000,0.333333,0.000000,0.000000,0.000000,0.000000,0.000000,1.481281,1.794542,1.580070
2016-02-16,0.019382,0.000000,0.019382,0.016878,0.015184,0.333333,0.333333,0.000000,0.000000,0.000000,0.333333,0.000000,0.000000,0.000000,0.000000,0.000000,1.509991,1.824830,1.604061
2016-02-17,0.018503,0.000000,0.018503,0.016335,0.016045,0.333333,0.333333,0.000000,0.000000,0.000000,0.333333,0.000000,0.000000,0.000000,0.000000,0.000000,1.537930,1.854638,1.629798
2016-02-18,-0.005394,0.000000,-0.005394,-0.004096,-0.002939,0.333333,0.333333,0.000000,0.000000,0.000000,0.333333,0.000000,0.000000,0.000000,0.000000,0.000000,1.529634,1.847042,1.625008
2016-02-19,0.001165,0.000000,0.001165,-0.000468,-0.002058,0.333333,0.333333,0.000000,0.000000,0.000000,0.333333,0.000000,0.000000,0.000000,0.000000,0.000000,1.531416,1.846177,1.621664
2016-02-22,0.016132,0.000000,0.016132,0.014479,0.015653,0.333333,0.333333,0.000000,0.000000,0.000000,0.333333,0.000000,0.000000,0.000000,0.000000,0.000000,1.556120,1.872908,1.647047
2016-02-23,-0.013046,0.000000,-0.013046,-0.012630,-0.012738,0.333333,0.333333,0.000000,0.000000,0.000000,0.333333,0.000000,0.000000,0.000000,0.000000,0.000000,1.535819,1.849253,1.626068
2016-02-24,0.003696,0.000000,0.003696,0.004576,0.004813,0.333333,0.333333,0.000000,0.000000,0.000000,0.333333,0.000000,0.000000,0.000000,0.000000,0.000000,1.541495,1.857715,1.633894
2016-02-25,0.012116,0.000000,0.012116,0.012112,0.010814,0.333333,0.333333,0.000000,0.000000,0.000000,0.333333,0.000000,0.000000,0.000000,0.000000,0.000000,1.560171,1.880215,1.651563
2016-02-26,0.001120,0.000000,0.001120,-0.002301,-0.002035,0.333333,0.333333,0.000000,0.000000,0.000000,0.333333,0.000000,0.000000,0.000000,0.000000,0.000000,1.561918,1.875888,1.648202
2016-02-29,-0.007676,0.000000,-0.007676,-0.007842,-0.007030,0.333333,0.333333,0.000000,0.000000,0.000000,0.333333,0.000000,0.000000,0.000000,0.000000,0.000000,1.549929,1.861177,1.636615
2016-03-01,0.011478,0.000333,0.011144,0.023507,0.020814,0.333333,0.000000,0.000000,0.000000,0.000000,0.000000,0.333333,0.333333,0.000000,0.000000,0.000000,1.567202,1.904927,1.670680
2016-03-02,0.003657,0.000000,0.003657,0.004492,0.004882,0.333333,0.000000,0.000000,0.000000,0.000000,0.000000,0.333333,0.333333,0.000000,0.000000,0.000000,1.572933,1.913485,1.678836
2016-03-03,0.003696,0.000000,0.003696,0.003919,0.005484,0.333333,0.000000,0.000000,0.000000,0.000000,0.000000,0.333333,0.333333,0.000000,0.000000,0.000000,1.578747,1.920985,1.688042
2016-03-04,0.006002,0.000000,0.006002,0.003254,0.004904,0.333333,0.000000,0.000000,0.000000,0.000000,0.000000,0.333333,0.333333,0.000000,0.000000,0.000000,1.588223,1.927235,1.696320
2016-03-07,-0.002253,0.000000,-0.002253,0.000798,0.003827,0.333333,0.000000,0.000000,0.000000,0.000000,0.000000,0.333333,0.333333,0.000000,0.000000,0.000000,1.584645,1.928773,1.702811
2016-03-08,0.002218,0.000000,0.002218,-0.010918,-0.011692,0.333333,0.000000,0.000000,0.000000,0.000000,0.000000,0.333333,0.333333,0.000000,0.000000,0.000000,1.588160,1.907716,1.682902
2016-03-09,0.006903,0.000000,0.006903,0.004939,0.005726,0.333333,0.000000,0.000000,0.000000,0.000000,0.000000,0.333333,0.333333,0.000000,0.000000,0.000000,1.599123,1.917139,1.692539
2016-03-10,0.000090,0.000000,0.000090,0.000803,0.000787,0.333333,0.000000,0.000000,0.000000,0.000000,0.000000,0.333333,0.333333,0.000000,0.000000,0.000000,1.599267,1.918677,1.693870
2016-03-11,0.006562,0.000000,0.006562,0.016137,0.015462,0.333333,0.000000,0.000000,0.000000,0.000000,0.000000,0.333333,0.333333,0.000000,0.000000,0.000000,1.609761,1.949639,1.720061
2016-03-14,0.000614,0.000000,0.000614,-0.001282,-0.001573,0.333333,0.000000,0.000000,0.000000,0.000000,0.000000,0.333333,0.333333,0.000000,0.000000,0.000000,1.610749,1.947139,1.717356
2016-03-15,0.002692,0.000000,0.002692,-0.001630,-0.000930,0.333333,0.000000,0.000000,0.000000,0.000000,0.000000,0.333333,0.333333,0.000000,0.000000,0.000000,1.615084,1.943966,1.715758
2016-03-16,0.009737,0.000000,0.009737,0.005788,0.006879,0.333333,0.000000,0.000000,0.000000,0.000000,0.000000,0.333333,0.333333,0.000000,0.000000,0.000000,1.630810,1.955216,1.727561
2016-03-17,0.005084,0.000000,0.005084,0.006344,0.007901,0.333333,0.000000,0.000000,0.000000,0.000000,0.000000,0.333333,0.333333,0.000000,0.000000,0.000000,1.639102,1.967620,1.741211
2016-03-18,-0.002025,0.000000,-0.002025,0.003930,0.003494,0.333333,0.000000,0.000000,0.000000,0.000000,0.000000,0.333333,0.333333,0.000000,0.000000,0.000000,1.635782,1.975352,1.747295
2016-03-21,0.000994,0.000000,0.000994,0.001419,0.001629,0.333333,0.000000,0.000000,0.000000,0.000000,0.000000,0.333333,0.333333,0.000000,0.000000,0.000000,1.637409,1.978155,1.750141
2016-03-22,-0.002983,0.000000,-0.002983,-0.000537,-0.002931,0.333333,0.000000,0.000000,0.000000,0.000000,0.000000,0.333333,0.333333,0.000000,0.000000,0.000000,1.632524,1.977092,1.745011
2016-03-23,0.000637,0.000000,0.000637,-0.006600,-0.006727,0.333333,0.000000,0.000000,0.000000,0.000000,0.000000,0.333333,0.333333,0.000000,0.000000,0.000000,1.633564,1.964044,1.733273
2016-03-24,0.001426,0.000000,0.001426,-0.000443,0.000097,0.333333,0.000000,0.000000,0.000000,0.000000,0.000000,0.333333,0.333333,0.000000,0.000000,0.000000,1.635894,1.963174,1.733440
2016-03-25,0.000000,0.000000,0.000000,0.000000,0.000000,0.333333,0.000000,0.000000,0.000000,0.000000,0.000000,0.333333,0.333333,0.000000,0.000000,0.000000,1.635894,1.963174,1.733440
2016-03-28,-0.000283,0.000000,-0.000283,0.000591,0.000364,0.333333,0.000000,0.000000,0.000000,0.000000,0.000000,0.333333,0.333333,0.000000,0.000000,0.000000,1.635430,1.964334,1.734071
2016-03-29,0.012606,0.000000,0.012606,0.009250,0.008687,0.333333,0.000000,0.000000,0.000000,0.000000,0.000000,0.333333,0.333333,0.000000,0.000000,0.000000,1.656047,1.982505,1.749135
2016-03-30,0.003354,0.000000,0.003354,0.004388,0.003394,0.333333,0.000000,0.000000,0.000000,0.000000,0.000000,0.333333,0.333333,0.000000,0.000000,0.000000,1.661601,1.991203,1.755072
2016-03-31,-0.000465,0.000000,-0.000465,-0.002427,-0.002119,0.333333,0.000000,0.000000,0.000000,0.000000,0.000000,0.333333,0.333333,0.000000,0.000000,0.000000,1.660828,1.986370,1.751353
2016-04-01,0.007349,0.000000,0.007349,0.006812,0.005260,0.333333,0.000000,0.000000,0.000000,0.000000,0.000000,0.333333,0.333333,0.000000,0.000000,0.000000,1.673034,1.999901,1.760566
2016-04-04,-0.002549,0.000000,-0.002549,-0.003238,-0.004450,0.333333,0.000000,0.000000,0.000000,0.000000,0.000000,0.333333,0.333333,0.000000,0.000000,0.000000,1.668770,1.993426,1.752731
2016-04-05,-0.011706,0.000000,-0.011706,-0.009988,-0.009996,0.333333,0.000000,0.000000,0.000000,0.000000,0.000000,0.333333,0.333333,0.000000,0.000000,0.000000,1.649235,1.973516,1.735211
2016-04-06,0.005467,0.000000,0.005467,0.010921,0.010683,0.333333,0.000000,0.000000,0.000000,0.000000,0.000000,0.333333,0.333333,0.000000,0.000000,0.000000,1.658251,1.995069,1.753749
2016-04-07,-0.008528,0.000000,-0.008528,-0.011966,-0.010727,0.333333,0.000000,0.000000,0.000000,0.000000,0.000000,0.333333,0.333333,0.000000,0.000000,0.000000,1.644110,1.971196,1.734936
2016-04-08,0.003603,0.000000,0.003603,0.002697,0.004523,0.333333,0.000000,0.000000,0.000000,0.000000,0.000000,0.333333,0.333333,0.000000,0.000000,0.000000,1.650034,1.976512,1.742783
2016-04-11,-0.004716,0.000000,-0.004716,-0.002347,-0.002305,0.333333,0.000000,0.000000,0.000000,0.000000,0.000000,0.333333,0.333333,0.000000,0.000000,0.000000,1.642253,1.971873,1.738766
2016-04-12,0.006689,0.000000,0.006689,0.009313,0.010884,0.333333,0.000000,0.000000,0.000000,0.000000,0.000000,0.333333,0.333333,0.000000,0.000000,0.000000,1.653238,1.990236,1.757690
2016-04-13,-0.001199,0.000000,-0.001199,0.010101,0.008011,0.333333,0.000000,0.000000,0.000000,0.000000,0.000000,0.333333,0.333333,0.000000,0.000000,0.000000,1.651255,2.010340,1.771772
2016-04-14,-0.001997,0.000000,-0.001997,0.000048,0.000171,0.333333,0.000000,0.000000,0.000000,0.000000,0.000000,0.333333,0.333333,0.000000,0.000000,0.000000,1.647958,2.010436,1.772075
2016-04-15,0.002665,0.000000,0.002665,-0.001106,-0.000102,0.333333,0.000000,0.000000,0.000000,0.000000,0.000000,0.333333,0.333333,0.000000,0.000000,0.000000,1.652349,2.008213,1.771894
2016-04-18,0.004609,0.000000,0.004609,0.007027,0.006883,0.333333,0.000000,0.000000,0.000000,0.000000,0.000000,0.333333,0.333333,0.000000,0.000000,0.000000,1.659965,2.022324,1.784090
2016-04-19,-0.001515,0.000000,-0.001515,0.003154,0.006066,0.333333,0.000000,0.000000,0.000000,0.000000,0.000000,0.333333,0.333333,0.000000,0.000000,0.000000,1.657450,2.028703,1.794912
2016-04-20,-0.011414,0.000000,-0.011414,0.000953,-0.001725,0.333333,0.000000,0.000000,0.000000,0.000000,0.000000,0.333333,0.333333,0.000000,0.000000,0.000000,1.638531,2.030636,1.791815
2016-04-21,-0.014101,0.000000,-0.014101,-0.005378,-0.006850,0.333333,0.000000,0.000000,0.000000,0.000000,0.000000,0.333333,0.333333,0.000000,0.000000,0.000000,1.615426,2.019715,1.779542
2016-04-22,-0.001599,0.000000,-0.001599,0.000000,0.003197,0.333333,0.000000,0.000000,0.000000,0.000000,0.000000,0.333333,0.333333,0.000000,0.000000,0.000000,1.612843,2.019715,1.785231
2016-04-25,0.003020,0.000000,0.003020,-0.001723,-0.001688,0.333333,0.000000,0.000000,0.000000,0.000000,0.000000,0.333333,0.333333,0.000000,0.000000,0.000000,1.617714,2.016235,1.782218
2016-04-26,-0.002457,0.000000,-0.002457,0.001486,0.003400,0.333333,0.000000,0.000000,0.000000,0.000000,0.000000,0.333333,0.333333,0.000000,0.000000,0.000000,1.613739,2.019231,1.788278
2016-04-27,0.004898,0.000000,0.004898,0.002058,0.005418,0.333333,0.000000,0.000000,0.000000,0.000000,0.000000,0.333333,0.333333,0.000000,0.000000,0.000000,1.621643,2.023387,1.797966
2016-04-28,-0.004348,0.000000,-0.004348,-0.009076,-0.008120,0.333333,0.000000,0.000000,0.000000,0.000000,0.000000,0.333333,0.333333,0.000000,0.000000,0.000000,1.614593,2.005024,1.783367
2016-04-29,-0.001593,0.000000,-0.001593,-0.005399,-0.003809,0.333333,0.000000,0.000000,0.000000,0.000000,0.000000,0.333333,0.333333,0.000000,0.000000,0.000000,1.612020,1.994199,1.776574
2016-05-02,0.008962,0.000000,0.008962,0.007948,0.007042,0.333333,0.000000,0.000000,0.000000,0.000000,0.000000,0.333333,0.333333,0.000000,0.000000,0.000000,1.626467,2.010050,1.789084
2016-05-03,-0.003966,0.000000,-0.003966,-0.008704,-0.009470,0.333333,0.000000,0.000000,0.000000,0.000000,0.000000,0.333333,0.333333,0.000000,0.000000,0.000000,1.620016,1.992556,1.772141
2016-05-04,0.003876,0.000000,0.003876,-0.005578,-0.005232,0.333333,0.000000,0.000000,0.000000,0.000000,0.000000,0.333333,0.333333,0.000000,0.000000,0.000000,1.626294,1.981441,1.762869
2016-05-05,-0.001062,0.000000,-0.001062,-0.000195,-0.000361,0.333333,0.000000,0.000000,0.000000,0.000000,0.000000,0.333333,0.333333,0.000000,0.000000,0.000000,1.624567,1.981055,1.762233
2016-05-06,0.001993,0.000000,0.001993,0.003659,0.002698,0.333333,0.000000,0.000000,0.000000,0.000000,0.000000,0.333333,0.333333,0.000000,0.000000,0.000000,1.627805,1.988304,1.766988
2016-05-09,0.003727,0.000000,0.003727,0.000826,-0.000933,0.333333,0.000000,0.000000,0.000000,0.000000,0.000000,0.333333,0.333333,0.000000,0.000000,0.000000,1.633872,1.989946,1.765339
2016-05-10,0.007979,0.000000,0.007979,0.012434,0.012321,0.333333,0.000000,0.000000,0.000000,0.000000,0.000000,0.333333,0.333333,0.000000,0.000000,0.000000,1.646908,2.014689,1.787090
2016-05-11,-0.003845,0.000000,-0.003845,-0.009355,-0.007014,0.333333,0.000000,0.000000,0.000000,0.000000,0.000000,0.333333,0.333333,0.000000,0.000000,0.000000,1.640576,1.995842,1.774556
2016-05-12,0.002820,0.000000,0.002820,0.000290,0.001093,0.333333,0.000000,0.000000,0.000000,0.000000,0.000000,0.333333,0.333333,0.000000,0.000000,0.000000,1.645202,1.996422,1.776495
2016-05-13,-0.007074,0.000000,-0.007074,-0.008714,-0.009170,0.333333,0.000000,0.000000,0.000000,0.000000,0.000000,0.333333,0.333333,0.000000,0.000000,0.000000,1.633563,1.979025,1.760205
2016-05-16,0.007193,0.000000,0.007193,0.009865,0.010351,0.333333,0.000000,0.000000,0.000000,0.000000,0.000000,0.333333,0.333333,0.000000,0.000000,0.000000,1.645314,1.998548,1.778426
2016-05-17,-0.015543,0.000000,-0.015543,-0.009333,-0.008812,0.333333,0.000000,0.000000,0.000000,0.000000,0.000000,0.333333,0.333333,0.000000,0.000000,0.000000,1.619740,1.979895,1.762754
2016-05-18,-0.009482,0.000000,-0.009482,0.000292,-0.004544,0.333333,0.000000,0.000000,0.000000,0.000000,0.000000,0.333333,0.333333,0.000000,0.000000,0.000000,1.604382,1.980474,1.754743
2016-05-19,0.004823,0.000000,0.004823,-0.003465,-0.001125,0.333333,0.000000,0.000000,0.000000,0.000000,0.000000,0.333333,0.333333,0.000000,0.000000,0.000000,1.612119,1.973613,1.752769
2016-05-20,0.003071,0.000000,0.003071,0.006317,0.005584,0.333333,0.000000,0.000000,0.000000,0.000000,0.000000,0.333333,0.333333,0.000000,0.000000,0.000000,1.617070,1.986081,1.762556
2016-05-23,-0.003273,0.000000,-0.003273,-0.001363,-0.001210,0.333333,0.000000,0.000000,0.000000,0.000000,0.000000,0.333333,0.333333,0.000000,0.000000,0.000000,1.611778,1.983374,1.760423
2016-05-24,0.012405,0.000000,0.012405,0.012962,0.011192,0.333333,0.000000,0.000000,0.000000,0.000000,0.000000,0.333333,0.333333,0.000000,0.000000,0.000000,1.631771,2.009083,1.780125
2016-05-25,0.001843,0.000000,0.001843,0.006783,0.006986,0.333333,0.000000,0.000000,0.000000,0.000000,0.000000,0.333333,0.333333,0.000000,0.000000,0.000000,1.634778,2.022711,1.792561
2016-05-26,0.006198,0.000000,0.006198,0.000287,-0.000314,0.333333,0.000000,0.000000,0.000000,0.000000,0.000000,0.333333,0.333333,0.000000,0.000000,0.000000,1.644910,2.023291,1.791997
2016-05-27,0.002520,0.000000,0.002520,0.004299,0.003052,0.333333,0.000000,0.000000,0.000000,0.000000,0.000000,0.333333,0.333333,0.000000,0.000000,0.000000,1.649055,2.031990,1.797467
2016-05-30,0.000000,0.000000,0.000000,0.000000,0.000000,0.333333,0.000000,0.000000,0.000000,0.000000,0.000000,0.333333,0.333333,0.000000,0.000000,0.000000,1.649055,2.031990,1.797467
2016-05-31,0.000726,0.000000,0.000726,-0.001903,-0.000900,0.333333,0.000000,0.000000,0.000000,0.000000,0.000000,0.333333,0.333333,0.000000,0.000000,0.000000,1.650252,2.028123,1.795849
2016-06-01,0.004090,0.000167,0.003923,0.002049,0.002000,0.000000,0.000000,0.000000,0.000000,0.000000,0.333333,0.333333,0.333333,0.000000,0.000000,0.000000,1.656726,2.032280,1.799440
2016-06-02,0.002113,0.000000,0.002113,0.003044,0.002868,0.000000,0.000000,0.000000,0.000000,0.000000,0.333333,0.333333,0.333333,0.000000,0.000000,0.000000,1.660226,2.038465,1.804602
2016-06-03,0.005227,0.000000,0.005227,-0.002987,-0.000053,0.000000,0.000000,0.000000,0.000000,0.000000,0.333333,0.333333,0.333333,0.000000,0.000000,0.000000,1.668903,2.032376,1.804506
2016-06-06,0.000750,0.000000,0.000750,0.005089,0.006362,0.000000,0.000000,0.000000,0.000000,0.000000,0.333333,0.333333,0.333333,0.000000,0.000000,0.000000,1.670155,2.042718,1.815987
2016-06-07,-0.000219,0.000000,-0.000219,0.001561,0.002551,0.000000,0.000000,0.000000,0.000000,0.000000,0.333333,0.333333,0.333333,0.000000,0.000000,0.000000,1.669789,2.045907,1.820620
2016-06-08,0.004371,0.000000,0.004371,0.003260,0.003256,0.000000,0.000000,0.000000,0.000000,0.000000,0.333333,0.333333,0.333333,0.000000,0.000000,0.000000,1.677087,2.052576,1.826549
2016-06-09,0.003396,0.000000,0.003396,-0.001365,-0.001497,0.000000,0.000000,0.000000,0.000000,0.000000,0.333333,0.333333,0.333333,0.000000,0.000000,0.000000,1.682782,2.049773,1.823814
2016-06-10,-0.004096,0.000000,-0.004096,-0.009478,-0.009022,0.000000,0.000000,0.000000,0.000000,0.000000,0.333333,0.333333,0.333333,0.000000,0.000000,0.000000,1.675889,2.030347,1.807360
2016-06-13,-0.004993,0.000000,-0.004993,-0.007712,-0.007316,0.000000,0.000000,0.000000,0.000000,0.000000,0.333333,0.333333,0.333333,0.000000,0.000000,0.000000,1.667522,2.014689,1.794137
2016-06-14,0.002232,0.000000,0.002232,-0.001967,-0.001341,0.000000,0.000000,0.000000,0.000000,0.000000,0.333333,0.333333,0.333333,0.000000,0.000000,0.000000,1.671243,2.010727,1.791730
2016-06-15,-0.002148,0.000000,-0.002148,-0.001394,-0.001340,0.000000,0.000000,0.000000,0.000000,0.000000,0.333333,0.333333,0.333333,0.000000,0.000000,0.000000,1.667653,2.007923,1.789329
2016-06-16,0.004918,0.000000,0.004918,0.002985,0.002601,0.000000,0.000000,0.000000,0.000000,0.000000,0.333333,0.333333,0.333333,0.000000,0.000000,0.000000,1.675855,2.013916,1.793984
2016-06-17,-0.000668,0.000000,-0.000668,-0.003724,-0.000498,0.000000,0.000000,0.000000,0.000000,0.000000,0.333333,0.333333,0.333333,0.000000,0.000000,0.000000,1.674735,2.006416,1.793091
2016-06-20,0.002801,0.000000,0.002801,0.006440,0.005351,0.000000,0.000000,0.000000,0.000000,0.000000,0.333333,0.333333,0.333333,0.000000,0.000000,0.000000,1.679426,2.019337,1.802685
2016-06-21,0.000570,0.000000,0.000570,0.002838,0.002152,0.000000,0.000000,0.000000,0.000000,0.000000,0.333333,0.333333,0.333333,0.000000,0.000000,0.000000,1.680383,2.025068,1.806565
2016-06-22,-0.001867,0.000000,-0.001867,-0.001631,-0.001604,0.000000,0.000000,0.000000,0.000000,0.000000,0.333333,0.333333,0.333333,0.000000,0.000000,0.000000,1.677246,2.021765,1.803668
2016-06-23,0.006250,0.000000,0.006250,0.013023,0.012213,0.000000,0.000000,0.000000,0.000000,0.000000,0.333333,0.333333,0.333333,0.000000,0.000000,0.000000,1.687728,2.048095,1.825696
2016-06-24,-0.018261,0.000000,-0.018261,-0.035909,-0.032500,0.000000,0.000000,0.000000,0.000000,0.000000,0.333333,0.333333,0.333333,0.000000,0.000000,0.000000,1.656909,1.974549,1.766360
2016-06-27,-0.002717,0.000000,-0.002717,-0.017910,-0.017719,0.000000,0.000000,0.000000,0.000000,0.000000,0.333333,0.333333,0.333333,0.000000,0.000000,0.000000,1.652406,1.939185,1.735062
2016-06-28,0.009960,0.000000,0.009960,0.018036,0.016456,0.000000,0.000000,0.000000,0.000000,0.000000,0.333333,0.333333,0.333333,0.000000,0.000000,0.000000,1.668864,1.974160,1.763614
2016-06-29,0.010163,0.000000,0.010163,0.017028,0.015708,0.000000,0.000000,0.000000,0.000000,0.000000,0.333333,0.333333,0.333333,0.000000,0.000000,0.000000,1.685825,2.007776,1.791316
2016-06-30,0.017134,0.000000,0.017134,0.013645,0.014542,0.000000,0.000000,0.000000,0.000000,0.000000,0.333333,0.333333,0.333333,0.000000,0.000000,0.000000,1.714709,2.035172,1.817365
2016-07-01,-0.000739,0.000167,-0.000906,0.002101,0.002012,0.333333,0.000000,0.000000,0.000000,0.000000,0.000000,0.333333,0.333333,0.000000,0.000000,0.000000,1.713155,2.039448,1.821021
2016-07-04,0.000000,0.000000,0.000000,0.000000,0.000000,0.333333,0.000000,0.000000,0.000000,0.000000,0.000000,0.333333,0.333333,0.000000,0.000000,0.000000,1.713155,2.039448,1.821021
2016-07-05,0.001906,0.000000,0.001906,-0.007193,-0.007292,0.333333,0.000000,0.000000,0.000000,0.000000,0.000000,0.333333,0.333333,0.000000,0.000000,0.000000,1.716420,2.024778,1.807741
2016-07-06,0.003313,0.000000,0.003313,0.005998,0.005079,0.333333,0.000000,0.000000,0.000000,0.000000,0.000000,0.333333,0.333333,0.000000,0.000000,0.000000,1.722107,2.036922,1.816924
2016-07-07,-0.006829,0.000000,-0.006829,-0.000620,-0.002363,0.333333,0.000000,0.000000,0.000000,0.000000,0.000000,0.333333,0.333333,0.000000,0.000000,0.000000,1.710346,2.035659,1.812630
2016-07-08,0.012003,0.000000,0.012003,0.014890,0.015897,0.333333,0.000000,0.000000,0.000000,0.000000,0.000000,0.333333,0.333333,0.000000,0.000000,0.000000,1.730875,2.065970,1.841445
2016-07-11,0.001770,0.000000,0.001770,0.003527,0.003023,0.333333,0.000000,0.000000,0.000000,0.000000,0.000000,0.333333,0.333333,0.000000,0.000000,0.000000,1.733938,2.073257,1.847011
2016-07-12,-0.003663,0.000000,-0.003663,0.007263,0.006959,0.333333,0.000000,0.000000,0.000000,0.000000,0.000000,0.333333,0.333333,0.000000,0.000000,0.000000,1.727586,2.088316,1.859864
2016-07-13,0.004579,0.000000,0.004579,-0.000140,0.000545,0.333333,0.000000,0.000000,0.000000,0.000000,0.000000,0.333333,0.333333,0.000000,0.000000,0.000000,1.735497,2.088024,1.860877
2016-07-14,-0.000072,0.000000,-0.000072,0.005584,0.004353,0.333333,0.000000,0.000000,0.000000,0.000000,0.000000,0.333333,0.333333,0.000000,0.000000,0.000000,1.735372,2.099683,1.868976
2016-07-15,0.000669,0.000000,0.000669,-0.001342,-0.000242,0.333333,0.000000,0.000000,0.000000,0.000000,0.000000,0.333333,0.333333,0.000000,0.000000,0.000000,1.736533,2.096865,1.868524
2016-07-18,0.002824,0.000000,0.002824,0.002688,0.002504,0.333333,0.000000,0.000000,0.000000,0.000000,0.000000,0.333333,0.333333,0.000000,0.000000,0.000000,1.741437,2.102501,1.873203
2016-07-19,-0.001551,0.000000,-0.001551,-0.001017,-0.002140,0.333333,0.000000,0.000000,0.000000,0.000000,0.000000,0.333333,0.333333,0.000000,0.000000,0.000000,1.738737,2.100363,1.869196
2016-07-20,0.001230,0.000000,0.001230,0.004163,0.002163,0.333333,0.000000,0.000000,0.000000,0.000000,0.000000,0.333333,0.333333,0.000000,0.000000,0.000000,1.740876,2.109107,1.873239
2016-07-21,-0.000713,0.000000,-0.000713,-0.003777,-0.003689,0.333333,0.000000,0.000000,0.000000,0.000000,0.000000,0.333333,0.333333,0.000000,0.000000,0.000000,1.739634,2.101140,1.866328
2016-07-22,0.007961,0.000000,0.007961,0.004485,0.004900,0.333333,0.000000,0.000000,0.000000,0.000000,0.000000,0.333333,0.333333,0.000000,0.000000,0.000000,1.753484,2.110565,1.875473
2016-07-25,-0.001365,0.000000,-0.001365,-0.002716,-0.003617,0.333333,0.000000,0.000000,0.000000,0.000000,0.000000,0.333333,0.333333,0.000000,0.000000,0.000000,1.751090,2.104832,1.868691
2016-07-26,-0.004769,0.000000,-0.004769,0.000461,0.000589,0.333333,0.000000,0.000000,0.000000,0.000000,0.000000,0.333333,0.333333,0.000000,0.000000,0.000000,1.742740,2.105804,1.869791
2016-07-27,-0.006038,0.000000,-0.006038,-0.001061,-0.003285,0.333333,0.000000,0.000000,0.000000,0.000000,0.000000,0.333333,0.333333,0.000000,0.000000,0.000000,1.732218,2.103569,1.863650
2016-07-28,0.002984,0.000000,0.002984,0.001155,0.001151,0.333333,0.000000,0.000000,0.000000,0.000000,0.000000,0.333333,0.333333,0.000000,0.000000,0.000000,1.737387,2.105998,1.865795
2016-07-29,0.004873,0.000000,0.004873,0.001614,0.002022,0.333333,0.000000,0.000000,0.000000,0.000000,0.000000,0.333333,0.333333,0.000000,0.000000,0.000000,1.745853,2.109398,1.869567
2016-08-01,0.001203,0.000000,0.001203,-0.000829,-0.003406,0.333333,0.000000,0.000000,0.000000,0.000000,0.000000,0.333333,0.333333,0.000000,0.000000,0.000000,1.747953,2.107649,1.863200
2016-08-02,-0.005167,0.000000,-0.005167,-0.006407,-0.005076,0.333333,0.000000,0.000000,0.000000,0.000000,0.000000,0.333333,0.333333,0.000000,0.000000,0.000000,1.738921,2.094145,1.853743
2016-08-03,-0.002669,0.000000,-0.002669,0.002923,0.003222,0.333333,0.000000,0.000000,0.000000,0.000000,0.000000,0.333333,0.333333,0.000000,0.000000,0.000000,1.734281,2.100266,1.859717
2016-08-04,0.002339,0.000000,0.002339,0.001064,0.000612,0.333333,0.000000,0.000000,0.000000,0.000000,0.000000,0.333333,0.333333,0.000000,0.000000,0.000000,1.738338,2.102501,1.860855
2016-08-05,-0.001023,0.000000,-0.001023,0.008179,0.005712,0.333333,0.000000,0.000000,0.000000,0.000000,0.000000,0.333333,0.333333,0.000000,0.000000,0.000000,1.736559,2.119697,1.871483
2016-08-08,-0.000569,0.000000,-0.000569,-0.000596,0.000497,0.333333,0.000000,0.000000,0.000000,0.000000,0.000000,0.333333,0.333333,0.000000,0.000000,0.000000,1.735572,2.118434,1.872414
2016-08-09,0.001682,0.000000,0.001682,0.000596,-0.000370,0.333333,0.000000,0.000000,0.000000,0.000000,0.000000,0.333333,0.333333,0.000000,0.000000,0.000000,1.738492,2.119697,1.871721
2016-08-10,0.000224,0.000000,0.000224,-0.002475,-0.002183,0.333333,0.000000,0.000000,0.000000,0.000000,0.000000,0.333333,0.333333,0.000000,0.000000,0.000000,1.738880,2.114450,1.867634
2016-08-11,0.001995,0.000000,0.001995,0.004641,0.005483,0.333333,0.000000,0.000000,0.000000,0.000000,0.000000,0.333333,0.333333,0.000000,0.000000,0.000000,1.742349,2.124263,1.877874
2016-08-12,0.001259,0.000000,0.001259,-0.000869,-0.001106,0.333333,0.000000,0.000000,0.000000,0.000000,0.000000,0.333333,0.333333,0.000000,0.000000,0.000000,1.744543,2.122417,1.875797
2016-08-15,-0.004328,0.000000,-0.004328,0.002884,0.002466,0.333333,0.000000,0.000000,0.000000,0.000000,0.000000,0.333333,0.333333,0.000000,0.000000,0.000000,1.736993,2.128538,1.880423
2016-08-16,-0.007844,0.000000,-0.007844,-0.005158,-0.005426,0.333333,0.000000,0.000000,0.000000,0.000000,0.000000,0.333333,0.333333,0.000000,0.000000,0.000000,1.723368,2.117559,1.870220
2016-08-17,0.005752,0.000000,0.005752,0.001881,0.002821,0.333333,0.000000,0.000000,0.000000,0.000000,0.000000,0.333333,0.333333,0.000000,0.000000,0.000000,1.733281,2.121542,1.875497
2016-08-18,0.005408,0.000000,0.005408,0.002244,0.005019,0.333333,0.000000,0.000000,0.000000,0.000000,0.000000,0.333333,0.333333,0.000000,0.000000,0.000000,1.742654,2.126303,1.884910
2016-08-19,-0.004636,0.000000,-0.004636,-0.001462,-0.002415,0.333333,0.000000,0.000000,0.000000,0.000000,0.000000,0.333333,0.333333,0.000000,0.000000,0.000000,1.734576,2.123194,1.880358
2016-08-22,0.001348,0.000000,0.001348,-0.000046,-0.000967,0.333333,0.000000,0.000000,0.000000,0.000000,0.000000,0.333333,0.333333,0.000000,0.000000,0.000000,1.736913,2.123096,1.878540
2016-08-23,-0.000917,0.000000,-0.000917,0.002014,0.002327,0.333333,0.000000,0.000000,0.000000,0.000000,0.000000,0.333333,0.333333,0.000000,0.000000,0.000000,1.735321,2.127372,1.882913
2016-08-24,-0.002516,0.000000,-0.002516,-0.005115,-0.005224,0.333333,0.000000,0.000000,0.000000,0.000000,0.000000,0.333333,0.333333,0.000000,0.000000,0.000000,1.730955,2.116491,1.873077
2016-08-25,-0.000368,0.000000,-0.000368,-0.000689,-0.000973,0.333333,0.000000,0.000000,0.000000,0.000000,0.000000,0.333333,0.333333,0.000000,0.000000,0.000000,1.730319,2.115033,1.871255
2016-08-26,-0.008475,0.000000,-0.008475,-0.001883,-0.003913,0.333333,0.000000,0.000000,0.000000,0.000000,0.000000,0.333333,0.333333,0.000000,0.000000,0.000000,1.715654,2.111050,1.863933
2016-08-29,0.005952,0.000000,0.005952,0.004924,0.006131,0.333333,0.000000,0.000000,0.000000,0.000000,0.000000,0.333333,0.333333,0.000000,0.000000,0.000000,1.725866,2.121445,1.875360
2016-08-30,-0.006580,0.000000,-0.006580,-0.001649,-0.003137,0.333333,0.000000,0.000000,0.000000,0.000000,0.000000,0.333333,0.333333,0.000000,0.000000,0.000000,1.714510,2.117948,1.869478
2016-08-31,0.001223,0.000000,0.001223,-0.002844,-0.003614,0.333333,0.000000,0.000000,0.000000,0.000000,0.000000,0.333333,0.333333,0.000000,0.000000,0.000000,1.716607,2.111924,1.862722
2016-09-01,-0.000506,0.000000,-0.000506,0.000046,-0.000463,0.333333,0.000000,0.000000,0.000000,0.000000,0.000000,0.333333,0.333333,0.000000,0.000000,0.000000,1.715738,2.112021,1.861860
2016-09-02,0.008482,0.000000,0.008482,0.004508,0.006588,0.333333,0.000000,0.000000,0.000000,0.000000,0.000000,0.333333,0.333333,0.000000,0.000000,0.000000,1.730291,2.121542,1.874127
2016-09-05,0.000000,0.000000,0.000000,0.000000,0.000000,0.333333,0.000000,0.000000,0.000000,0.000000,0.000000,0.333333,0.333333,0.000000,0.000000,0.000000,1.730291,2.121542,1.874127
2016-09-06,0.006046,0.000000,0.006046,0.003022,0.003542,0.333333,0.000000,0.000000,0.000000,0.000000,0.000000,0.333333,0.333333,0.000000,0.000000,0.000000,1.740752,2.127954,1.880765
2016-09-07,-0.002005,0.000000,-0.002005,-0.000091,-0.000051,0.333333,0.000000,0.000000,0.000000,0.000000,0.000000,0.333333,0.333333,0.000000,0.000000,0.000000,1.737261,2.127760,1.880669
2016-09-08,-0.003432,0.000000,-0.003432,-0.002283,-0.000593,0.333333,0.000000,0.000000,0.000000,0.000000,0.000000,0.333333,0.333333,0.000000,0.000000,0.000000,1.731300,2.122903,1.879555
2016-09-09,-0.029731,0.000000,-0.029731,-0.023935,-0.026579,0.333333,0.000000,0.000000,0.000000,0.000000,0.000000,0.333333,0.333333,0.000000,0.000000,0.000000,1.679826,2.072091,1.829599
2016-09-12,0.017739,0.000000,0.017739,0.014347,0.013940,0.333333,0.000000,0.000000,0.000000,0.000000,0.000000,0.333333,0.333333,0.000000,0.000000,0.000000,1.709625,2.101820,1.855104
2016-09-13,-0.011109,0.000000,-0.011109,-0.014375,-0.015603,0.333333,0.000000,0.000000,0.000000,0.000000,0.000000,0.333333,0.333333,0.000000,0.000000,0.000000,1.690632,2.071605,1.826159
2016-09-14,0.001870,0.000000,0.001870,-0.000375,-0.001315,0.333333,0.000000,0.000000,0.000000,0.000000,0.000000,0.333333,0.333333,0.000000,0.000000,0.000000,1.693794,2.070828,1.823758
2016-09-15,0.010720,0.000000,0.010720,0.009993,0.009153,0.333333,0.000000,0.000000,0.000000,0.000000,0.000000,0.333333,0.333333,0.000000,0.000000,0.000000,1.711952,2.091522,1.840450
2016-09-16,0.000946,0.000000,0.000946,-0.003865,-0.003175,0.333333,0.000000,0.000000,0.000000,0.000000,0.000000,0.333333,0.333333,0.000000,0.000000,0.000000,1.713572,2.083438,1.834607
2016-09-19,0.001986,0.000000,0.001986,0.000187,0.001476,0.333333,0.000000,0.000000,0.000000,0.000000,0.000000,0.333333,0.333333,0.000000,0.000000,0.000000,1.716974,2.083828,1.837315
2016-09-20,0.000071,0.000000,0.000071,0.000047,-0.000536,0.333333,0.000000,0.000000,0.000000,0.000000,0.000000,0.333333,0.333333,0.000000,0.000000,0.000000,1.717095,2.083925,1.836331
2016-09-21,0.012361,0.000000,0.012361,0.011246,0.012704,0.333333,0.000000,0.000000,0.000000,0.000000,0.000000,0.333333,0.333333,0.000000,0.000000,0.000000,1.738321,2.107360,1.859659
2016-09-22,0.007019,0.000000,0.007019,0.006301,0.005493,0.333333,0.000000,0.000000,0.000000,0.000000,0.000000,0.333333,0.333333,0.000000,0.000000,0.000000,1.750523,2.120640,1.869874
2016-09-23,-0.004677,0.000000,-0.004677,-0.005479,-0.005415,0.333333,0.000000,0.000000,0.000000,0.000000,0.000000,0.333333,0.333333,0.000000,0.000000,0.000000,1.742336,2.109020,1.859749
2016-09-26,-0.005628,0.000000,-0.005628,-0.008102,-0.007663,0.333333,0.000000,0.000000,0.000000,0.000000,0.000000,0.333333,0.333333,0.000000,0.000000,0.000000,1.732530,2.091932,1.845497
2016-09-27,0.000728,0.000000,0.000728,0.006208,0.003390,0.333333,0.000000,0.000000,0.000000,0.000000,0.000000,0.333333,0.333333,0.000000,0.000000,0.000000,1.733792,2.104919,1.851754
2016-09-28,0.000728,0.000000,0.000728,0.004964,0.007837,0.333333,0.000000,0.000000,0.000000,0.000000,0.000000,0.333333,0.333333,0.000000,0.000000,0.000000,1.735054,2.115367,1.866266
2016-09-29,-0.010272,0.000000,-0.010272,-0.009047,-0.009434,0.333333,0.000000,0.000000,0.000000,0.000000,0.000000,0.333333,0.333333,0.000000,0.000000,0.000000,1.717232,2.096228,1.848661
2016-09-30,0.002809,0.000000,0.002809,0.007546,0.007820,0.333333,0.000000,0.000000,0.000000,0.000000,0.000000,0.333333,0.333333,0.000000,0.000000,0.000000,1.722056,2.112047,1.863117
2016-10-03,-0.005386,0.000167,-0.005553,-0.002404,-0.003404,0.333333,0.000000,0.000000,0.000000,0.333333,0.000000,0.000000,0.333333,0.000000,0.000000,0.000000,1.712494,2.106969,1.856776
2016-10-04,-0.010955,0.000000,-0.010955,-0.005098,-0.007388,0.333333,0.000000,0.000000,0.000000,0.333333,0.000000,0.000000,0.333333,0.000000,0.000000,0.000000,1.693733,2.096228,1.843058
2016-10-05,0.002618,0.000000,0.002618,0.004425,0.005903,0.333333,0.000000,0.000000,0.000000,0.333333,0.000000,0.000000,0.333333,0.000000,0.000000,0.000000,1.698167,2.105505,1.853938
2016-10-06,0.000699,0.000000,0.000699,0.000696,0.001370,0.333333,0.000000,0.000000,0.000000,0.333333,0.000000,0.000000,0.333333,0.000000,0.000000,0.000000,1.699354,2.106969,1.856478
2016-10-07,-0.005619,0.000000,-0.005619,-0.003429,-0.005515,0.333333,0.000000,0.000000,0.000000,0.333333,0.000000,0.000000,0.333333,0.000000,0.000000,0.000000,1.689805,2.099744,1.846240
2016-10-10,0.005417,0.000000,0.005417,0.005208,0.005474,0.333333,0.000000,0.000000,0.000000,0.333333,0.000000,0.000000,0.333333,0.000000,0.000000,0.000000,1.698958,2.110679,1.856346
2016-10-11,-0.011014,0.000000,-0.011014,-0.012629,-0.012172,0.333333,0.000000,0.000000,0.000000,0.333333,0.000000,0.000000,0.333333,0.000000,0.000000,0.000000,1.680246,2.084023,1.833749
2016-10-12,0.004470,0.000000,0.004470,0.001312,0.001310,0.333333,0.000000,0.000000,0.000000,0.333333,0.000000,0.000000,0.333333,0.000000,0.000000,0.000000,1.687757,2.086757,1.836152
2016-10-13,0.001924,0.000000,0.001924,-0.003275,-0.001966,0.333333,0.000000,0.000000,0.000000,0.333333,0.000000,0.000000,0.333333,0.000000,0.000000,0.000000,1.691004,2.079922,1.832541
2016-10-14,0.000098,0.000000,0.000098,0.000516,-0.000588,0.333333,0.000000,0.000000,0.000000,0.333333,0.000000,0.000000,0.333333,0.000000,0.000000,0.000000,1.691169,2.080996,1.831463
2016-10-17,0.000238,0.000000,0.000238,-0.003472,-0.002694,0.333333,0.000000,0.000000,0.000000,0.333333,0.000000,0.000000,0.333333,0.000000,0.000000,0.000000,1.691571,2.073770,1.826529
2016-10-18,0.005381,0.000000,0.005381,0.006262,0.006577,0.333333,0.000000,0.000000,0.000000,0.333333,0.000000,0.000000,0.333333,0.000000,0.000000,0.000000,1.700673,2.086757,1.838541
2016-10-19,0.000923,0.000000,0.000923,0.002667,0.003106,0.333333,0.000000,0.000000,0.000000,0.333333,0.000000,0.000000,0.333333,0.000000,0.000000,0.000000,1.702243,2.092322,1.844252
2016-10-20,-0.003548,0.000000,-0.003548,-0.001867,-0.001153,0.333333,0.000000,0.000000,0.000000,0.333333,0.000000,0.000000,0.333333,0.000000,0.000000,0.000000,1.696203,2.088417,1.842125
2016-10-21,-0.001486,0.000000,-0.001486,0.000468,-0.000754,0.333333,0.000000,0.000000,0.000000,0.333333,0.000000,0.000000,0.333333,0.000000,0.000000,0.000000,1.693682,2.089394,1.840736
2016-10-24,0.005119,0.000000,0.005119,0.004253,0.003285,0.333333,0.000000,0.000000,0.000000,0.333333,0.000000,0.000000,0.333333,0.000000,0.000000,0.000000,1.702353,2.098279,1.846783
2016-10-25,0.000019,0.000000,0.000019,-0.003351,-0.002848,0.333333,0.000000,0.000000,0.000000,0.333333,0.000000,0.000000,0.333333,0.000000,0.000000,0.000000,1.702386,2.091248,1.841523
2016-10-26,0.000114,0.000000,0.000114,-0.002007,-0.000493,0.333333,0.000000,0.000000,0.000000,0.333333,0.000000,0.000000,0.333333,0.000000,0.000000,0.000000,1.702579,2.087050,1.840615
2016-10-27,-0.004684,0.000000,-0.004684,-0.002667,-0.002758,0.333333,0.000000,0.000000,0.000000,0.333333,0.000000,0.000000,0.333333,0.000000,0.000000,0.000000,1.694604,2.081485,1.835539
2016-10-28,0.002681,0.000000,0.002681,-0.002956,-0.001823,0.333333,0.000000,0.000000,0.000000,0.333333,0.000000,0.000000,0.333333,0.000000,0.000000,0.000000,1.699147,2.075333,1.832194
2016-10-31,0.007174,0.000000,0.007174,0.000047,0.000740,0.333333,0.000000,0.000000,0.000000,0.333333,0.000000,0.000000,0.333333,0.000000,0.000000,0.000000,1.711336,2.075430,1.833549
2016-11-01,-0.014091,0.000333,-0.014424,-0.007245,-0.008205,0.000000,0.000000,0.000000,0.000000,0.000000,0.000000,0.333333,0.333333,0.000000,0.333333,0.000000,1.686651,2.060393,1.818505
2016-11-02,-0.010178,0.000000,-0.010178,-0.006018,-0.007497,0.000000,0.000000,0.000000,0.000000,0.000000,0.000000,0.333333,0.333333,0.000000,0.333333,0.000000,1.669485,2.047993,1.804872
2016-11-03,-0.002487,0.000000,-0.002487,-0.004577,-0.002552,0.000000,0.000000,0.000000,0.000000,0.000000,0.000000,0.333333,0.333333,0.000000,0.333333,0.000000,1.665333,2.038618,1.800267
2016-11-04,-0.001806,0.000000,-0.001806,-0.001102,-0.000628,0.000000,0.000000,0.000000,0.000000,0.000000,0.000000,0.333333,0.333333,0.000000,0.333333,0.000000,1.662325,2.036372,1.799135
2016-11-07,0.017582,0.000000,0.017582,0.022057,0.020964,0.000000,0.000000,0.000000,0.000000,0.000000,0.000000,0.333333,0.333333,0.000000,0.333333,0.000000,1.691552,2.081288,1.836853
2016-11-08,0.006071,0.000000,0.006071,0.004504,0.004098,0.000000,0.000000,0.000000,0.000000,0.000000,0.000000,0.333333,0.333333,0.000000,0.333333,0.000000,1.701821,2.090663,1.844381
2016-11-09,-0.024321,0.000000,-0.024321,0.010602,0.006811,0.000000,0.000000,0.000000,0.000000,0.000000,0.000000,0.333333,0.333333,0.000000,0.333333,0.000000,1.660430,2.112828,1.856943
2016-11-10,-0.021939,0.000000,-0.021939,0.002496,0.000692,0.000000,0.000000,0.000000,0.000000,0.000000,0.000000,0.333333,0.333333,0.000000,0.333333,0.000000,1.624002,2.118101,1.858228
2016-11-11,-0.001361,0.000000,-0.001361,-0.002305,-0.003773,0.000000,0.000000,0.000000,0.000000,0.000000,0.000000,0.333333,0.333333,0.000000,0.333333,0.000000,1.621791,2.113219,1.851217
2016-11-14,0.005728,0.000000,0.005728,0.000786,0.003561,0.000000,0.000000,0.000000,0.000000,0.000000,0.000000,0.333333,0.333333,0.000000,0.333333,0.000000,1.631080,2.114879,1.857809
2016-11-15,0.005200,0.000000,0.005200,0.007802,0.007165,0.000000,0.000000,0.000000,0.000000,0.000000,0.000000,0.333333,0.333333,0.000000,0.333333,0.000000,1.639561,2.131380,1.871121
2016-11-16,-0.002439,0.000000,-0.002439,-0.001878,-0.002580,0.000000,0.000000,0.000000,0.000000,0.000000,0.000000,0.333333,0.333333,0.000000,0.333333,0.000000,1.635562,2.127377,1.866294
2016-11-17,-0.003638,0.000000,-0.003638,0.005141,0.002103,0.000000,0.000000,0.000000,0.000000,0.000000,0.000000,0.333333,0.333333,0.000000,0.333333,0.000000,1.629613,2.138313,1.870219
2016-11-18,-0.001514,0.000000,-0.001514,-0.002238,-0.001678,0.000000,0.000000,0.000000,0.000000,0.000000,0.000000,0.333333,0.333333,0.000000,0.333333,0.000000,1.627145,2.133529,1.867081
2016-11-21,0.004875,0.000000,0.004875,0.007551,0.007942,0.000000,0.000000,0.000000,0.000000,0.000000,0.000000,0.333333,0.333333,0.000000,0.333333,0.000000,1.635077,2.149640,1.881910
2016-11-22,0.008725,0.000000,0.008725,0.001953,0.003732,0.000000,0.000000,0.000000,0.000000,0.000000,0.000000,0.333333,0.333333,0.000000,0.333333,0.000000,1.649343,2.153839,1.888933
2016-11-23,-0.007485,0.000000,-0.007485,0.000544,0.000034,0.000000,0.000000,0.000000,0.000000,0.000000,0.000000,0.333333,0.333333,0.000000,0.333333,0.000000,1.636997,2.155010,1.888997
2016-11-24,0.000000,0.000000,0.000000,0.000000,0.000000,0.000000,0.000000,0.000000,0.000000,0.000000,0.000000,0.333333,0.333333,0.000000,0.333333,0.000000,1.636997,2.155010,1.888997
2016-11-25,0.008875,0.000000,0.008875,0.003715,0.004203,0.000000,0.000000,0.000000,0.000000,0.000000,0.000000,0.333333,0.333333,0.000000,0.333333,0.000000,1.651526,2.163017,1.896936
2016-11-28,0.008368,0.000000,0.008368,-0.004694,-0.002588,0.000000,0.000000,0.000000,0.000000,0.000000,0.000000,0.333333,0.333333,0.000000,0.333333,0.000000,1.665346,2.152863,1.892026
2016-11-29,0.004162,0.000000,0.004162,0.001950,0.001456,0.000000,0.000000,0.000000,0.000000,0.000000,0.000000,0.333333,0.333333,0.000000,0.333333,0.000000,1.672276,2.157061,1.894780
2016-11-30,-0.019874,0.000000,-0.019874,-0.002399,-0.001301,0.000000,0.000000,0.000000,0.000000,0.000000,0.000000,0.333333,0.333333,0.000000,0.333333,0.000000,1.639041,2.151886,1.892316
2016-12-01,-0.008709,0.000333,-0.009042,-0.003676,-0.003047,0.333333,0.000000,0.333333,0.000000,0.000000,0.000000,0.000000,0.333333,0.000000,0.000000,0.000000,1.624221,2.143976,1.886551
2016-12-02,0.005219,0.000000,0.005219,0.000501,0.001767,0.333333,0.000000,0.333333,0.000000,0.000000,0.000000,0.000000,0.333333,0.000000,0.000000,0.000000,1.632698,2.145050,1.889885
2016-12-05,0.006580,0.000000,0.006580,0.006009,0.005707,0.333333,0.000000,0.333333,0.000000,0.000000,0.000000,0.000000,0.333333,0.000000,0.000000,0.000000,1.643441,2.157940,1.900672
2016-12-06,-0.000268,0.000000,-0.000268,0.003167,0.002340,0.333333,0.000000,0.333333,0.000000,0.000000,0.000000,0.000000,0.333333,0.000000,0.000000,0.000000,1.643000,2.164775,1.905119
2016-12-07,0.013347,0.000000,0.013347,0.013081,0.013451,0.333333,0.000000,0.333333,0.000000,0.000000,0.000000,0.000000,0.333333,0.000000,0.000000,0.000000,1.664929,2.193092,1.930744
2016-12-08,0.003192,0.000000,0.003192,0.002449,0.002300,0.333333,0.000000,0.333333,0.000000,0.000000,0.000000,0.000000,0.333333,0.000000,0.000000,0.000000,1.670244,2.198462,1.935185
2016-12-09,0.006975,0.000000,0.006975,0.006040,0.005602,0.333333,0.000000,0.333333,0.000000,0.000000,0.000000,0.000000,0.333333,0.000000,0.000000,0.000000,1.681894,2.211742,1.946026
2016-12-12,0.004014,0.000000,0.004014,-0.001148,0.000516,0.333333,0.000000,0.333333,0.000000,0.000000,0.000000,0.000000,0.333333,0.000000,0.000000,0.000000,1.688645,2.209203,1.947030
2016-12-13,0.011400,0.000000,0.011400,0.006674,0.005799,0.333333,0.000000,0.333333,0.000000,0.000000,0.000000,0.000000,0.333333,0.000000,0.000000,0.000000,1.707895,2.223947,1.958321
2016-12-14,-0.014712,0.000000,-0.014712,-0.008254,-0.011108,0.333333,0.000000,0.333333,0.000000,0.000000,0.000000,0.000000,0.333333,0.000000,0.000000,0.000000,1.682769,2.205590,1.936568
2016-12-15,0.004605,0.000000,0.004605,0.004117,0.003020,0.333333,0.000000,0.333333,0.000000,0.000000,0.000000,0.000000,0.333333,0.000000,0.000000,0.000000,1.690519,2.214671,1.942416
2016-12-16,0.003721,0.000000,0.003721,-0.001956,0.001308,0.333333,0.000000,0.333333,0.000000,0.000000,0.000000,0.000000,0.333333,0.000000,0.000000,0.000000,1.696810,2.210340,1.944957
2016-12-19,0.002116,0.000000,0.002116,0.002177,0.001967,0.333333,0.000000,0.333333,0.000000,0.000000,0.000000,0.000000,0.333333,0.000000,0.000000,0.000000,1.700400,2.215152,1.948782
2016-12-20,0.000893,0.000000,0.000893,0.003858,0.002758,0.333333,0.000000,0.333333,0.000000,0.000000,0.000000,0.000000,0.333333,0.000000,0.000000,0.000000,1.701919,2.223698,1.954156
2016-12-21,-0.001523,0.000000,-0.001523,-0.002783,-0.002949,0.333333,0.000000,0.333333,0.000000,0.000000,0.000000,0.000000,0.333333,0.000000,0.000000,0.000000,1.699328,2.217510,1.948393
2016-12-22,0.001847,0.000000,0.001847,-0.001727,-0.001540,0.333333,0.000000,0.333333,0.000000,0.000000,0.000000,0.000000,0.333333,0.000000,0.000000,0.000000,1.702467,2.213679,1.945393
2016-12-23,-0.000033,0.000000,-0.000033,0.001464,0.001283,0.333333,0.000000,0.333333,0.000000,0.000000,0.000000,0.000000,0.333333,0.000000,0.000000,0.000000,1.702410,2.216921,1.947888
2016-12-26,0.000000,0.000000,0.000000,0.000000,0.000000,0.333333,0.000000,0.333333,0.000000,0.000000,0.000000,0.000000,0.333333,0.000000,0.000000,0.000000,1.702410,2.216921,1.947888
2016-12-27,0.002378,0.000000,0.002378,0.002481,0.002418,0.333333,0.000000,0.333333,0.000000,0.000000,0.000000,0.000000,0.333333,0.000000,0.000000,0.000000,1.706458,2.222421,1.952599
2016-12-28,-0.009750,0.000000,-0.009750,-0.008264,-0.008818,0.333333,0.000000,0.333333,0.000000,0.000000,0.000000,0.000000,0.333333,0.000000,0.000000,0.000000,1.689820,2.204053,1.935382
2016-12-29,0.003904,0.000000,0.003904,-0.000223,0.001843,0.333333,0.000000,0.333333,0.000000,0.000000,0.000000,0.000000,0.333333,0.000000,0.000000,0.000000,1.696417,2.203563,1.938949
2016-12-30,-0.005412,0.000000,-0.005412,-0.003655,-0.003170,0.333333,0.000000,0.333333,0.000000,0.000000,0.000000,0.000000,0.333333,0.000000,0.000000,0.000000,1.687236,2.195509,1.932802
2017-01-02,0.000000,0.000000,0.000000,0.000000,0.000000,0.333333,0.000000,0.333333,0.000000,0.000000,0.000000,0.000000,0.333333,0.000000,0.000000,0.000000,1.687236,2.195509,1.932802
2017-01-03,0.005902,0.000000,0.005902,0.007650,0.006655,0.333333,0.000000,0.333333,0.000000,0.000000,0.000000,0.000000,0.333333,0.000000,0.000000,0.000000,1.697194,2.212304,1.945665
2017-01-04,0.001700,0.000000,0.001700,0.005949,0.006752,0.333333,0.000000,0.333333,0.000000,0.000000,0.000000,0.000000,0.333333,0.000000,0.000000,0.000000,1.700078,2.225465,1.958803
2017-01-05,0.000054,0.000000,0.000054,-0.000794,-0.000299,0.333333,0.000000,0.333333,0.000000,0.000000,0.000000,0.000000,0.333333,0.000000,0.000000,0.000000,1.700171,2.223698,1.958217
2017-01-06,0.003782,0.000000,0.003782,0.003578,0.003021,0.333333,0.000000,0.333333,0.000000,0.000000,0.000000,0.000000,0.333333,0.000000,0.000000,0.000000,1.706600,2.231653,1.964133
2017-01-09,-0.009268,0.000000,-0.009268,-0.003301,-0.005360,0.333333,0.000000,0.333333,0.000000,0.000000,0.000000,0.000000,0.333333,0.000000,0.000000,0.000000,1.690783,2.224286,1.953605
2017-01-10,-0.004001,0.000000,-0.004001,0.000000,-0.001554,0.333333,0.000000,0.333333,0.000000,0.000000,0.000000,0.000000,0.333333,0.000000,0.000000,0.000000,1.684019,2.224286,1.950570
2017-01-11,0.008620,0.000000,0.008620,0.002826,0.003411,0.333333,0.000000,0.333333,0.000000,0.000000,0.000000,0.000000,0.333333,0.000000,0.000000,0.000000,1.698535,2.230573,1.957224
2017-01-12,-0.001911,0.000000,-0.001911,-0.002510,-0.001731,0.333333,0.000000,0.333333,0.000000,0.000000,0.000000,0.000000,0.333333,0.000000,0.000000,0.000000,1.695289,2.224974,1.953837
2017-01-13,-0.000453,0.000000,-0.000453,0.002295,0.000944,0.333333,0.000000,0.333333,0.000000,0.000000,0.000000,0.000000,0.333333,0.000000,0.000000,0.000000,1.694520,2.230082,1.955682
2017-01-16,0.000000,0.000000,0.000000,0.000000,0.000000,0.333333,0.000000,0.333333,0.000000,0.000000,0.000000,0.000000,0.333333,0.000000,0.000000,0.000000,1.694520,2.230082,1.955682
2017-01-17,0.004428,0.000000,0.004428,-0.003524,-0.000390,0.333333,0.000000,0.333333,0.000000,0.000000,0.000000,0.000000,0.333333,0.000000,0.000000,0.000000,1.702024,2.222224,1.954919
2017-01-18,-0.000289,0.000000,-0.000289,0.002210,0.002021,0.333333,0.000000,0.333333,0.000000,0.000000,0.000000,0.000000,0.333333,0.000000,0.000000,0.000000,1.701532,2.227135,1.958869
2017-01-19,-0.005227,0.000000,-0.005227,-0.003705,-0.004176,0.333333,0.000000,0.333333,0.000000,0.000000,0.000000,0.000000,0.333333,0.000000,0.000000,0.000000,1.692638,2.218884,1.950689
2017-01-20,0.003692,0.000000,0.003692,0.003674,0.003789,0.333333,0.000000,0.333333,0.000000,0.000000,0.000000,0.000000,0.333333,0.000000,0.000000,0.000000,1.698887,2.227037,1.958079
2017-01-23,-0.004644,0.000000,-0.004644,-0.002602,-0.002164,0.333333,0.000000,0.333333,0.000000,0.000000,0.000000,0.000000,0.333333,0.000000,0.000000,0.000000,1.690998,2.221242,1.953842
2017-01-24,0.005663,0.000000,0.005663,0.006412,0.007367,0.333333,0.000000,0.333333,0.000000,0.000000,0.000000,0.000000,0.333333,0.000000,0.000000,0.000000,1.700575,2.235485,1.968235
2017-01-25,0.004931,0.000000,0.004931,0.008655,0.005797,0.333333,0.000000,0.333333,0.000000,0.000000,0.000000,0.000000,0.333333,0.000000,0.000000,0.000000,1.708960,2.254833,1.979645
2017-01-26,-0.000516,0.000000,-0.000516,-0.001045,-0.000525,0.333333,0.000000,0.333333,0.000000,0.000000,0.000000,0.000000,0.333333,0.000000,0.000000,0.000000,1.708078,2.252476,1.978606
2017-01-27,-0.002216,0.000000,-0.002216,-0.001570,-0.002365,0.333333,0.000000,0.333333,0.000000,0.000000,0.000000,0.000000,0.333333,0.000000,0.000000,0.000000,1.704292,2.248940,1.973927
2017-01-30,-0.008525,0.000000,-0.008525,-0.006202,-0.006473,0.333333,0.000000,0.333333,0.000000,0.000000,0.000000,0.000000,0.333333,0.000000,0.000000,0.000000,1.689764,2.234993,1.961151
2017-01-31,0.003643,0.000000,0.003643,-0.000088,0.001729,0.333333,0.000000,0.333333,0.000000,0.000000,0.000000,0.000000,0.333333,0.000000,0.000000,0.000000,1.695920,2.234797,1.964542
2017-02-01,-0.002619,0.000333,-0.002952,0.000396,-0.002465,0.000000,0.333333,0.333333,0.000000,0.333333,0.000000,0.000000,0.000000,0.000000,0.000000,0.000000,1.690914,2.235681,1.959699
2017-02-02,-0.000029,0.000000,-0.000029,0.000659,0.002403,0.000000,0.333333,0.333333,0.000000,0.333333,0.000000,0.000000,0.000000,0.000000,0.000000,0.000000,1.690865,2.237154,1.964407
2017-02-03,0.012105,0.000000,0.012105,0.006893,0.006185,0.000000,0.333333,0.333333,0.000000,0.333333,0.000000,0.000000,0.000000,0.000000,0.000000,0.000000,1.711333,2.252574,1.976557
2017-02-06,-0.003890,0.000000,-0.003890,-0.001788,-0.002926,0.000000,0.333333,0.333333,0.000000,0.333333,0.000000,0.000000,0.000000,0.000000,0.000000,0.000000,1.704676,2.248547,1.970773
2017-02-07,-0.004989,0.000000,-0.004989,0.000044,-0.001022,0.000000,0.333333,0.333333,0.000000,0.333333,0.000000,0.000000,0.000000,0.000000,0.000000,0.000000,1.696171,2.248645,1.968758
2017-02-08,-0.001945,0.000000,-0.001945,0.001311,0.002533,0.000000,0.333333,0.333333,0.000000,0.333333,0.000000,0.000000,0.000000,0.000000,0.000000,0.000000,1.692872,2.251592,1.973745
2017-02-09,0.010878,0.000000,0.010878,0.005933,0.004510,0.000000,0.333333,0.333333,0.000000,0.333333,0.000000,0.000000,0.000000,0.000000,0.000000,0.000000,1.711286,2.264950,1.982647
2017-02-10,0.006152,0.000000,0.006152,0.003946,0.005238,0.000000,0.333333,0.333333,0.000000,0.333333,0.000000,0.000000,0.000000,0.000000,0.000000,0.000000,1.721814,2.273888,1.993032
2017-02-13,0.007769,0.000000,0.007769,0.005443,0.005299,0.000000,0.333333,0.333333,0.000000,0.333333,0.000000,0.000000,0.000000,0.000000,0.000000,0.000000,1.735191,2.286264,2.003594
2017-02-14,0.005123,0.000000,0.005123,0.003995,0.001990,0.000000,0.333333,0.333333,0.000000,0.333333,0.000000,0.000000,0.000000,0.000000,0.000000,0.000000,1.744081,2.295397,2.007581
2017-02-15,0.003074,0.000000,0.003074,0.005221,0.003105,0.000000,0.333333,0.333333,0.000000,0.333333,0.000000,0.000000,0.000000,0.000000,0.000000,0.000000,1.749443,2.307381,2.013815
2017-02-16,-0.005258,0.000000,-0.005258,-0.000851,-0.000444,0.000000,0.333333,0.333333,0.000000,0.333333,0.000000,0.000000,0.000000,0.000000,0.000000,0.000000,1.740245,2.305417,2.012921
2017-02-17,-0.001149,0.000000,-0.001149,0.001576,0.001022,0.000000,0.333333,0.333333,0.000000,0.333333,0.000000,0.000000,0.000000,0.000000,0.000000,0.000000,1.738246,2.309051,2.014979
2017-02-20,0.000000,0.000000,0.000000,0.000000,0.000000,0.000000,0.333333,0.333333,0.000000,0.333333,0.000000,0.000000,0.000000,0.000000,0.000000,0.000000,1.738246,2.309051,2.014979
2017-02-21,0.005574,0.000000,0.005574,0.005955,0.006858,0.000000,0.333333,0.333333,0.000000,0.333333,0.000000,0.000000,0.000000,0.000000,0.000000,0.000000,1.747934,2.322801,2.028797
2017-02-22,-0.005695,0.000000,-0.005695,-0.000888,-0.001416,0.000000,0.333333,0.333333,0.000000,0.333333,0.000000,0.000000,0.000000,0.000000,0.000000,0.000000,1.737980,2.320738,2.025925
2017-02-23,-0.000769,0.000000,-0.000769,0.000677,0.001185,0.000000,0.333333,0.333333,0.000000,0.333333,0.000000,0.000000,0.000000,0.000000,0.000000,0.000000,1.736643,2.322310,2.028326
2017-02-24,-0.004267,0.000000,-0.004267,0.001269,0.002466,0.000000,0.333333,0.333333,0.000000,0.333333,0.000000,0.000000,0.000000,0.000000,0.000000,0.000000,1.729232,2.325257,2.033328
2017-02-27,0.005853,0.000000,0.005853,0.001563,0.001532,0.000000,0.333333,0.333333,0.000000,0.333333,0.000000,0.000000,0.000000,0.000000,0.000000,0.000000,1.739353,2.328891,2.036443
2017-02-28,-0.002521,0.000000,-0.002521,-0.002699,-0.001541,0.000000,0.333333,0.333333,0.000000,0.333333,0.000000,0.000000,0.000000,0.000000,0.000000,0.000000,1.734968,2.322604,2.033305
2017-03-01,0.021634,0.000167,0.021467,0.013998,0.011365,0.000000,0.333333,0.000000,0.000000,0.333333,0.000000,0.000000,0.000000,0.333333,0.000000,0.000000,1.772212,2.355116,2.056413
2017-03-02,-0.012301,0.000000,-0.012301,-0.006297,-0.005463,0.000000,0.333333,0.000000,0.000000,0.333333,0.000000,0.000000,0.000000,0.333333,0.000000,0.000000,1.750412,2.340285,2.045178
2017-03-03,0.001709,0.000000,0.001709,0.000630,-0.000194,0.000000,0.333333,0.000000,0.000000,0.333333,0.000000,0.000000,0.000000,0.333333,0.000000,0.000000,1.753403,2.341758,2.044782
2017-03-06,-0.005493,0.000000,-0.005493,-0.002978,-0.003319,0.000000,0.333333,0.000000,0.000000,0.333333,0.000000,0.000000,0.000000,0.333333,0.000000,0.000000,1.743772,2.334784,2.037995
2017-03-07,-0.003747,0.000000,-0.003747,-0.002987,-0.003568,0.000000,0.333333,0.000000,0.000000,0.333333,0.000000,0.000000,0.000000,0.333333,0.000000,0.000000,1.737239,2.327811,2.030723
2017-03-08,-0.001027,0.000000,-0.001027,-0.001857,-0.005124,0.000000,0.333333,0.000000,0.000000,0.333333,0.000000,0.000000,0.000000,0.333333,0.000000,0.000000,1.735455,2.323489,2.020317
2017-03-09,-0.001333,0.000000,-0.001333,0.001268,-0.000643,0.000000,0.333333,0.000000,0.000000,0.333333,0.000000,0.000000,0.000000,0.333333,0.000000,0.000000,1.733142,2.326435,2.019019
2017-03-10,0.003311,0.000000,0.003311,0.003504,0.003103,0.000000,0.333333,0.000000,0.000000,0.333333,0.000000,0.000000,0.000000,0.333333,0.000000,0.000000,1.738881,2.334588,2.025285
2017-03-13,0.001564,0.000000,0.001564,0.000505,0.001261,0.000000,0.333333,0.000000,0.000000,0.333333,0.000000,0.000000,0.000000,0.333333,0.000000,0.000000,1.741600,2.335766,2.027838
2017-03-14,-0.006950,0.000000,-0.006950,-0.003827,-0.004349,0.000000,0.333333,0.000000,0.000000,0.333333,0.000000,0.000000,0.000000,0.333333,0.000000,0.000000,1.729496,2.326828,2.019019
2017-03-15,0.008586,0.000000,0.008586,0.008654,0.011536,0.000000,0.333333,0.000000,0.000000,0.333333,0.000000,0.000000,0.000000,0.333333,0.000000,0.000000,1.744345,2.346964,2.042311
2017-03-16,-0.003257,0.000000,-0.003257,-0.001967,-0.003783,0.000000,0.333333,0.000000,0.000000,0.333333,0.000000,0.000000,0.000000,0.333333,0.000000,0.000000,1.738663,2.342346,2.034585
2017-03-17,-0.000013,0.000000,-0.000013,-0.001756,0.000234,0.000000,0.333333,0.000000,0.000000,0.333333,0.000000,0.000000,0.000000,0.333333,0.000000,0.000000,1.738641,2.338234,2.035061
2017-03-20,-0.001489,0.000000,-0.001489,-0.001097,-0.001250,0.000000,0.333333,0.000000,0.000000,0.333333,0.000000,0.000000,0.000000,0.333333,0.000000,0.000000,1.736053,2.335669,2.032517
2017-03-21,-0.020005,0.000000,-0.020005,-0.012840,-0.009050,0.000000,0.333333,0.000000,0.000000,0.333333,0.000000,0.000000,0.000000,0.333333,0.000000,0.000000,1.701323,2.305679,2.014122
2017-03-22,0.001447,0.000000,0.001447,0.002353,0.001570,0.000000,0.333333,0.000000,0.000000,0.333333,0.000000,0.000000,0.000000,0.333333,0.000000,0.000000,1.703784,2.311106,2.017283
2017-03-23,0.001659,0.000000,0.001659,-0.001067,-0.000037,0.000000,0.333333,0.000000,0.000000,0.333333,0.000000,0.000000,0.000000,0.333333,0.000000,0.000000,1.706610,2.308639,2.017208
2017-03-24,-0.004242,0.000000,-0.004242,-0.000726,-0.001221,0.000000,0.333333,0.000000,0.000000,0.333333,0.000000,0.000000,0.000000,0.333333,0.000000,0.000000,1.699371,2.306962,2.014745
2017-03-27,-0.001753,0.000000,-0.001753,-0.001026,-0.002032,0.000000,0.333333,0.000000,0.000000,0.333333,0.000000,0.000000,0.000000,0.333333,0.000000,0.000000,1.696392,2.304595,2.010651
2017-03-28,0.011937,0.000000,0.011937,0.007277,0.007236,0.000000,0.333333,0.000000,0.000000,0.333333,0.000000,0.000000,0.000000,0.333333,0.000000,0.000000,1.716642,2.321364,2.025200
2017-03-29,-0.001900,0.000000,-0.001900,0.000935,0.001858,0.000000,0.333333,0.000000,0.000000,0.333333,0.000000,0.000000,0.000000,0.333333,0.000000,0.000000,1.713381,2.323535,2.028963
2017-03-30,0.006285,0.000000,0.006285,0.003184,0.001566,0.000000,0.333333,0.000000,0.000000,0.333333,0.000000,0.000000,0.000000,0.333333,0.000000,0.000000,1.724150,2.330934,2.032141
2017-03-31,-0.004227,0.000000,-0.004227,-0.002328,-0.001524,0.000000,0.333333,0.000000,0.000000,0.333333,0.000000,0.000000,0.000000,0.333333,0.000000,0.000000,1.716861,2.325508,2.029044
2017-04-03,-0.001732,0.000167,-0.001899,-0.001739,-0.001448,0.333333,0.333333,0.000000,0.000000,0.333333,0.000000,0.000000,0.000000,0.000000,0.000000,0.000000,1.713601,2.321464,2.026106
2017-04-04,0.000701,0.000000,0.000701,0.000637,0.001413,0.333333,0.333333,0.000000,0.000000,0.333333,0.000000,0.000000,0.000000,0.000000,0.000000,0.000000,1.714802,2.322943,2.028968
2017-04-05,-0.004988,0.000000,-0.004988,-0.002973,-0.001896,0.333333,0.333333,0.000000,0.000000,0.333333,0.000000,0.000000,0.000000,0.000000,0.000000,0.000000,1.706248,2.316037,2.025121
2017-04-06,0.003118,0.000000,0.003118,0.002811,0.003073,0.333333,0.333333,0.000000,0.000000,0.333333,0.000000,0.000000,0.000000,0.000000,0.000000,0.000000,1.711569,2.322549,2.031344
2017-04-07,-0.001241,0.000000,-0.001241,-0.001019,-0.000997,0.333333,0.333333,0.000000,0.000000,0.333333,0.000000,0.000000,0.000000,0.000000,0.000000,0.000000,1.709444,2.320181,2.029318
2017-04-10,-0.000660,0.000000,-0.000660,0.000595,0.001912,0.333333,0.333333,0.000000,0.000000,0.333333,0.000000,0.000000,0.000000,0.000000,0.000000,0.000000,1.708317,2.321562,2.033198
2017-04-11,-0.001794,0.000000,-0.001794,-0.001190,-0.000539,0.333333,0.333333,0.000000,0.000000,0.333333,0.000000,0.000000,0.000000,0.000000,0.000000,0.000000,1.705252,2.318800,2.032102
2017-04-12,-0.008433,0.000000,-0.008433,-0.004382,-0.003626,0.333333,0.333333,0.000000,0.000000,0.333333,0.000000,0.000000,0.000000,0.000000,0.000000,0.000000,1.690871,2.308639,2.024733
2017-04-13,-0.008020,0.000000,-0.008020,-0.006495,-0.007154,0.333333,0.333333,0.000000,0.000000,0.333333,0.000000,0.000000,0.000000,0.000000,0.000000,0.000000,1.677311,2.293645,2.010248
2017-04-14,0.000000,0.000000,0.000000,0.000000,0.000000,0.333333,0.333333,0.000000,0.000000,0.333333,0.000000,0.000000,0.000000,0.000000,0.000000,0.000000,1.677311,2.293645,2.010248
2017-04-17,0.012522,0.000000,0.012522,0.008860,0.008397,0.333333,0.333333,0.000000,0.000000,0.333333,0.000000,0.000000,0.000000,0.000000,0.000000,0.000000,1.698315,2.313966,2.027129
2017-04-18,-0.004292,0.000000,-0.004292,-0.002984,-0.002489,0.333333,0.333333,0.000000,0.000000,0.333333,0.000000,0.000000,0.000000,0.000000,0.000000,0.000000,1.691025,2.307060,2.022085
2017-04-19,-0.000953,0.000000,-0.000953,-0.001838,-0.002513,0.333333,0.333333,0.000000,0.000000,0.333333,0.000000,0.000000,0.000000,0.000000,0.000000,0.000000,1.689413,2.302819,2.017003
2017-04-20,0.012707,0.000000,0.012707,0.008139,0.006460,0.333333,0.333333,0.000000,0.000000,0.333333,0.000000,0.000000,0.000000,0.000000,0.000000,0.000000,1.710880,2.321562,2.030034
2017-04-21,-0.003801,0.000000,-0.003801,-0.003187,-0.002698,0.333333,0.333333,0.000000,0.000000,0.333333,0.000000,0.000000,0.000000,0.000000,0.000000,0.000000,1.704377,2.314164,2.024557
2017-04-24,0.016173,0.000000,0.016173,0.010998,0.008669,0.333333,0.333333,0.000000,0.000000,0.333333,0.000000,0.000000,0.000000,0.000000,0.000000,0.000000,1.731942,2.339615,2.042108
2017-04-25,0.006299,0.000000,0.006299,0.005819,0.006049,0.333333,0.333333,0.000000,0.000000,0.333333,0.000000,0.000000,0.000000,0.000000,0.000000,0.000000,1.742851,2.353228,2.054460
2017-04-26,-0.000599,0.000000,-0.000599,-0.000629,-0.001472,0.333333,0.333333,0.000000,0.000000,0.333333,0.000000,0.000000,0.000000,0.000000,0.000000,0.000000,1.741808,2.351748,2.051436
2017-04-27,-0.000279,0.000000,-0.000279,0.000839,-0.000371,0.333333,0.333333,0.000000,0.000000,0.333333,0.000000,0.000000,0.000000,0.000000,0.000000,0.000000,1.741322,2.353721,2.050675
2017-04-28,-0.003917,0.000000,-0.003917,-0.002179,-0.003158,0.333333,0.333333,0.000000,0.000000,0.333333,0.000000,0.000000,0.000000,0.000000,0.000000,0.000000,1.734502,2.348591,2.044199
2017-05-01,0.003633,0.000000,0.003633,0.002520,0.000877,0.333333,0.333333,0.000000,0.000000,0.333333,0.000000,0.000000,0.000000,0.000000,0.000000,0.000000,1.740804,2.354510,2.045991
2017-05-02,0.001920,0.000000,0.001920,0.000377,0.000106,0.333333,0.333333,0.000000,0.000000,0.333333,0.000000,0.000000,0.000000,0.000000,0.000000,0.000000,1.744147,2.355398,2.046209
2017-05-03,0.002322,0.000000,0.002322,-0.001215,-0.002556,0.333333,0.333333,0.000000,0.000000,0.333333,0.000000,0.000000,0.000000,0.000000,0.000000,0.000000,1.748196,2.352537,2.040979
2017-05-04,0.000667,0.000000,0.000667,0.001174,0.000198,0.333333,0.333333,0.000000,0.000000,0.333333,0.000000,0.000000,0.000000,0.000000,0.000000,0.000000,1.749362,2.355300,2.041383
2017-05-05,0.002361,0.000000,0.002361,0.003937,0.005898,0.333333,0.333333,0.000000,0.000000,0.333333,0.000000,0.000000,0.000000,0.000000,0.000000,0.000000,1.753492,2.364572,2.053423
2017-05-08,0.000279,0.000000,0.000279,-0.000167,-0.001048,0.333333,0.333333,0.000000,0.000000,0.333333,0.000000,0.000000,0.000000,0.000000,0.000000,0.000000,1.753982,2.364178,2.051272
2017-05-09,-0.000387,0.000000,-0.000387,-0.000918,-0.002479,0.333333,0.333333,0.000000,0.000000,0.333333,0.000000,0.000000,0.000000,0.000000,0.000000,0.000000,1.753303,2.362007,2.046188
2017-05-10,0.001692,0.000000,0.001692,0.001796,0.002291,0.333333,0.333333,0.000000,0.000000,0.333333,0.000000,0.000000,0.000000,0.000000,0.000000,0.000000,1.756269,2.366249,2.050876
2017-05-11,-0.002621,0.000000,-0.002621,-0.002042,-0.001879,0.333333,0.333333,0.000000,0.000000,0.333333,0.000000,0.000000,0.000000,0.000000,0.000000,0.000000,1.751667,2.361416,2.047022
2017-05-12,-0.002417,0.000000,-0.002417,-0.001671,-0.001812,0.333333,0.333333,0.000000,0.000000,0.333333,0.000000,0.000000,0.000000,0.000000,0.000000,0.000000,1.747434,2.357470,2.043312
2017-05-15,0.005965,0.000000,0.005965,0.005524,0.005318,0.333333,0.333333,0.000000,0.000000,0.333333,0.000000,0.000000,0.000000,0.000000,0.000000,0.000000,1.757857,2.370492,2.054179
2017-05-16,0.002184,0.000000,0.002184,-0.000916,-0.001882,0.333333,0.333333,0.000000,0.000000,0.333333,0.000000,0.000000,0.000000,0.000000,0.000000,0.000000,1.761696,2.368321,2.050314
2017-05-17,-0.026249,0.000000,-0.026249,-0.017744,-0.013156,0.333333,0.333333,0.000000,0.000000,0.333333,0.000000,0.000000,0.000000,0.000000,0.000000,0.000000,1.715454,2.326297,2.023340
2017-05-18,0.003715,0.000000,0.003715,0.004029,0.002775,0.333333,0.333333,0.000000,0.000000,0.333333,0.000000,0.000000,0.000000,0.000000,0.000000,0.000000,1.721826,2.335669,2.028955
2017-05-19,0.009212,0.000000,0.009212,0.006504,0.007321,0.333333,0.333333,0.000000,0.000000,0.333333,0.000000,0.000000,0.000000,0.000000,0.000000,0.000000,1.737688,2.350861,2.043809
2017-05-22,0.006081,0.000000,0.006081,0.005077,0.004165,0.333333,0.333333,0.000000,0.000000,0.333333,0.000000,0.000000,0.000000,0.000000,0.000000,0.000000,1.748255,2.362796,2.052322
2017-05-23,0.003862,0.000000,0.003862,0.002213,0.001923,0.333333,0.333333,0.000000,0.000000,0.333333,0.000000,0.000000,0.000000,0.000000,0.000000,0.000000,1.755006,2.368024,2.056269
2017-05-24,0.001632,0.000000,0.001632,0.002333,0.002766,0.333333,0.333333,0.000000,0.000000,0.333333,0.000000,0.000000,0.000000,0.000000,0.000000,0.000000,1.757871,2.373549,2.061956
2017-05-25,0.005139,0.000000,0.005139,0.004780,0.002780,0.333333,0.333333,0.000000,0.000000,0.333333,0.000000,0.000000,0.000000,0.000000,0.000000,0.000000,1.766904,2.384894,2.067689
2017-05-26,0.000078,0.000000,0.000078,-0.000207,0.000244,0.333333,0.333333,0.000000,0.000000,0.333333,0.000000,0.000000,0.000000,0.000000,0.000000,0.000000,1.767041,2.384401,2.068194
2017-05-29,0.000000,0.000000,0.000000,0.000000,0.000000,0.333333,0.333333,0.000000,0.000000,0.333333,0.000000,0.000000,0.000000,0.000000,0.000000,0.000000,1.767041,2.384401,2.068194
2017-05-30,-0.000939,0.000000,-0.000939,-0.000869,-0.001703,0.333333,0.333333,0.000000,0.000000,0.333333,0.000000,0.000000,0.000000,0.000000,0.000000,0.000000,1.765382,2.382329,2.064672
2017-05-31,-0.002730,0.000000,-0.002730,-0.000249,0.000348,0.333333,0.333333,0.000000,0.000000,0.333333,0.000000,0.000000,0.000000,0.000000,0.000000,0.000000,1.760563,2.381737,2.065391
2017-06-01,0.007057,0.000000,0.007057,0.007952,0.007830,0.333333,0.333333,0.000000,0.000000,0.333333,0.000000,0.000000,0.000000,0.000000,0.000000,0.000000,1.772986,2.400677,2.081562
2017-06-02,0.003109,0.000000,0.003109,0.003329,0.002314,0.333333,0.333333,0.000000,0.000000,0.333333,0.000000,0.000000,0.000000,0.000000,0.000000,0.000000,1.778499,2.408668,2.086379
2017-06-05,-0.000313,0.000000,-0.000313,-0.000737,-0.001237,0.333333,0.333333,0.000000,0.000000,0.333333,0.000000,0.000000,0.000000,0.000000,0.000000,0.000000,1.777942,2.406892,2.083798
2017-06-06,-0.004316,0.000000,-0.004316,-0.003197,-0.002095,0.333333,0.333333,0.000000,0.000000,0.333333,0.000000,0.000000,0.000000,0.000000,0.000000,0.000000,1.770269,2.399197,2.079432
2017-06-07,0.003220,0.000000,0.003220,0.001850,0.000965,0.333333,0.333333,0.000000,0.000000,0.333333,0.000000,0.000000,0.000000,0.000000,0.000000,0.000000,1.775970,2.403636,2.081438
2017-06-08,0.005662,0.000000,0.005662,0.000493,-0.001276,0.333333,0.333333,0.000000,0.000000,0.333333,0.000000,0.000000,0.000000,0.000000,0.000000,0.000000,1.786026,2.404820,2.078783
2017-06-09,-0.000667,0.000000,-0.000667,-0.001518,0.003971,0.333333,0.333333,0.000000,0.000000,0.333333,0.000000,0.000000,0.000000,0.000000,0.000000,0.000000,1.784834,2.401170,2.087037
2017-06-12,-0.000050,0.000000,-0.000050,-0.000205,0.000572,0.333333,0.333333,0.000000,0.000000,0.333333,0.000000,0.000000,0.000000,0.000000,0.000000,0.000000,1.784744,2.400677,2.088231
2017-06-13,0.005544,0.000000,0.005544,0.004890,0.005135,0.333333,0.333333,0.000000,0.000000,0.333333,0.000000,0.000000,0.000000,0.000000,0.000000,0.000000,1.794639,2.412416,2.098956
2017-06-14,-0.001401,0.000000,-0.001401,-0.001268,-0.001379,0.333333,0.333333,0.000000,0.000000,0.333333,0.000000,0.000000,0.000000,0.000000,0.000000,0.000000,1.792125,2.409358,2.096061
2017-06-15,-0.000854,0.000000,-0.000854,-0.001924,-0.001575,0.333333,0.333333,0.000000,0.000000,0.333333,0.000000,0.000000,0.000000,0.000000,0.000000,0.000000,1.790595,2.404721,2.092759
2017-06-16,0.000137,0.000000,0.000137,0.000219,0.001617,0.333333,0.333333,0.000000,0.000000,0.333333,0.000000,0.000000,0.000000,0.000000,0.000000,0.000000,1.790839,2.405247,2.096142
2017-06-19,0.010416,0.000000,0.010416,0.008325,0.005307,0.333333,0.333333,0.000000,0.000000,0.333333,0.000000,0.000000,0.000000,0.000000,0.000000,0.000000,1.809493,2.425271,2.107266
2017-06-20,-0.009097,0.000000,-0.009097,-0.006744,-0.005999,0.333333,0.333333,0.000000,0.000000,0.333333,0.000000,0.000000,0.000000,0.000000,0.000000,0.000000,1.793031,2.408915,2.094624
2017-06-21,-0.003125,0.000000,-0.003125,-0.000247,-0.003274,0.333333,0.333333,0.000000,0.000000,0.333333,0.000000,0.000000,0.000000,0.000000,0.000000,0.000000,1.787428,2.408320,2.087767
2017-06-22,-0.002640,0.000000,-0.002640,-0.000453,-0.001003,0.333333,0.333333,0.000000,0.000000,0.333333,0.000000,0.000000,0.000000,0.000000,0.000000,0.000000,1.782708,2.407229,2.085674
2017-06-23,0.002064,0.000000,0.002064,0.001194,0.001543,0.333333,0.333333,0.000000,0.000000,0.333333,0.000000,0.000000,0.000000,0.000000,0.000000,0.000000,1.786388,2.410104,2.088892
2017-06-26,0.000136,0.000000,0.000136,0.000658,0.001913,0.333333,0.333333,0.000000,0.000000,0.333333,0.000000,0.000000,0.000000,0.000000,0.000000,0.000000,1.786630,2.411691,2.092888
2017-06-27,-0.006310,0.000000,-0.006310,-0.008056,-0.006738,0.333333,0.333333,0.000000,0.000000,0.333333,0.000000,0.000000,0.000000,0.000000,0.000000,0.000000,1.775357,2.392261,2.078787
2017-06-28,0.012435,0.000000,0.012435,0.008950,0.006248,0.333333,0.333333,0.000000,0.000000,0.333333,0.000000,0.000000,0.000000,0.000000,0.000000,0.000000,1.797432,2.413673,2.091775
2017-06-29,-0.006504,0.000000,-0.006504,-0.008789,-0.007691,0.333333,0.333333,0.000000,0.000000,0.333333,0.000000,0.000000,0.000000,0.000000,0.000000,0.000000,1.785743,2.392460,2.075688
2017-06-30,0.002189,0.000000,0.002189,0.001864,0.002002,0.333333,0.333333,0.000000,0.000000,0.333333,0.000000,0.000000,0.000000,0.000000,0.000000,0.000000,1.789652,2.396920,2.079845
2017-07-03,0.004605,0.000000,0.004605,0.001696,0.004635,0.333333,0.333333,0.000000,0.000000,0.333333,0.000000,0.000000,0.000000,0.000000,0.000000,0.000000,1.797893,2.400985,2.089486
2017-07-04,0.000000,0.000000,0.000000,0.000000,0.000000,0.333333,0.333333,0.000000,0.000000,0.333333,0.000000,0.000000,0.000000,0.000000,0.000000,0.000000,1.797893,2.400985,2.089486
2017-07-05,0.004818,0.000000,0.004818,0.002312,-0.002321,0.333333,0.333333,0.000000,0.000000,0.333333,0.000000,0.000000,0.000000,0.000000,0.000000,0.000000,1.806555,2.406536,2.084635
2017-07-06,-0.008473,0.000000,-0.008473,-0.009144,-0.008815,0.333333,0.333333,0.000000,0.000000,0.333333,0.000000,0.000000,0.000000,0.000000,0.000000,0.000000,1.791248,2.384530,2.066259
2017-07-07,0.008733,0.000000,0.008733,0.006485,0.004978,0.333333,0.333333,0.000000,0.000000,0.333333,0.000000,0.000000,0.000000,0.000000,0.000000,0.000000,1.806890,2.399994,2.076545
2017-07-10,0.002996,0.000000,0.002996,0.001074,0.000315,0.333333,0.333333,0.000000,0.000000,0.333333,0.000000,0.000000,0.000000,0.000000,0.000000,0.000000,1.812303,2.402571,2.077200
2017-07-11,-0.002500,0.000000,-0.002500,-0.000743,-0.001161,0.333333,0.333333,0.000000,0.000000,0.333333,0.000000,0.000000,0.000000,0.000000,0.000000,0.000000,1.807773,2.400786,2.074788
2017-07-12,0.007238,0.000000,0.007238,0.007515,0.007771,0.333333,0.333333,0.000000,0.000000,0.333333,0.000000,0.000000,0.000000,0.000000,0.000000,0.000000,1.820858,2.418827,2.090911
2017-07-13,0.002421,0.000000,0.002421,0.001680,0.000978,0.333333,0.333333,0.000000,0.000000,0.333333,0.000000,0.000000,0.000000,0.000000,0.000000,0.000000,1.825265,2.422892,2.092956
2017-07-14,0.002939,0.000000,0.002939,0.004664,0.005252,0.333333,0.333333,0.000000,0.000000,0.333333,0.000000,0.000000,0.000000,0.000000,0.000000,0.000000,1.830630,2.434192,2.103948
2017-07-17,-0.001204,0.000000,-0.001204,-0.000122,0.000387,0.333333,0.333333,0.000000,0.000000,0.333333,0.000000,0.000000,0.000000,0.000000,0.000000,0.000000,1.828426,2.433895,2.104762
2017-07-18,0.000219,0.000000,0.000219,0.000530,-0.000132,0.333333,0.333333,0.000000,0.000000,0.333333,0.000000,0.000000,0.000000,0.000000,0.000000,0.000000,1.828826,2.435184,2.104484
2017-07-19,0.002164,0.000000,0.002164,0.005414,0.005900,0.333333,0.333333,0.000000,0.000000,0.333333,0.000000,0.000000,0.000000,0.000000,0.000000,0.000000,1.832783,2.448368,2.116901
2017-07-20,-0.001314,0.000000,-0.001314,0.000445,-0.000520,0.333333,0.333333,0.000000,0.000000,0.333333,0.000000,0.000000,0.000000,0.000000,0.000000,0.000000,1.830375,2.449458,2.115801
2017-07-21,-0.001035,0.000000,-0.001035,-0.000890,-0.000259,0.333333,0.333333,0.000000,0.000000,0.333333,0.000000,0.000000,0.000000,0.000000,0.000000,0.000000,1.828482,2.447277,2.115253
2017-07-24,0.001564,0.000000,0.001564,-0.000243,-0.001510,0.333333,0.333333,0.000000,0.000000,0.333333,0.000000,0.000000,0.000000,0.000000,0.000000,0.000000,1.831341,2.446683,2.112060
2017-07-25,0.003075,0.000000,0.003075,0.002431,0.003365,0.333333,0.333333,0.000000,0.000000,0.333333,0.000000,0.000000,0.000000,0.000000,0.000000,0.000000,1.836972,2.452630,2.119167
2017-07-26,-0.000534,0.000000,-0.000534,0.000040,0.000725,0.333333,0.333333,0.000000,0.000000,0.333333,0.000000,0.000000,0.000000,0.000000,0.000000,0.000000,1.835991,2.452729,2.120702
2017-07-27,-0.005028,0.000000,-0.005028,-0.000930,0.000325,0.333333,0.333333,0.000000,0.000000,0.333333,0.000000,0.000000,0.000000,0.000000,0.000000,0.000000,1.826760,2.450449,2.121391
2017-07-28,0.000434,0.000000,0.000434,-0.001173,-0.001663,0.333333,0.333333,0.000000,0.000000,0.333333,0.000000,0.000000,0.000000,0.000000,0.000000,0.000000,1.827553,2.447575,2.117863
2017-07-31,0.000345,0.000000,0.000345,-0.000567,-0.000404,0.333333,0.333333,0.000000,0.000000,0.333333,0.000000,0.000000,0.000000,0.000000,0.000000,0.000000,1.828183,2.446187,2.117007
2017-08-01,0.003107,0.000000,0.003107,0.002229,0.001825,0.333333,0.333333,0.000000,0.000000,0.333333,0.000000,0.000000,0.000000,0.000000,0.000000,0.000000,1.833863,2.451639,2.120870
2017-08-02,0.002924,0.000000,0.002924,0.000485,-0.000037,0.333333,0.333333,0.000000,0.000000,0.333333,0.000000,0.000000,0.000000,0.000000,0.000000,0.000000,1.839226,2.452828,2.120792
2017-08-03,-0.000281,0.000000,-0.000281,-0.001940,-0.002179,0.333333,0.333333,0.000000,0.000000,0.333333,0.000000,0.000000,0.000000,0.000000,0.000000,0.000000,1.838709,2.448070,2.116170
2017-08-04,0.003631,0.000000,0.003631,0.001822,0.001266,0.333333,0.333333,0.000000,0.000000,0.333333,0.000000,0.000000,0.000000,0.000000,0.000000,0.000000,1.845386,2.452531,2.118849
2017-08-07,0.001500,0.000000,0.001500,0.001859,0.001188,0.333333,0.333333,0.000000,0.000000,0.333333,0.000000,0.000000,0.000000,0.000000,0.000000,0.000000,1.848154,2.457091,2.121366
2017-08-08,-0.002397,0.000000,-0.002397,-0.002461,-0.002578,0.333333,0.333333,0.000000,0.000000,0.333333,0.000000,0.000000,0.000000,0.000000,0.000000,0.000000,1.843724,2.451044,2.115896
2017-08-09,-0.000076,0.000000,-0.000076,-0.000040,-0.000536,0.333333,0.333333,0.000000,0.000000,0.333333,0.000000,0.000000,0.000000,0.000000,0.000000,0.000000,1.843584,2.450945,2.114763
2017-08-10,-0.016724,0.000000,-0.016724,-0.014115,-0.010961,0.333333,0.333333,0.000000,0.000000,0.333333,0.000000,0.000000,0.000000,0.000000,0.000000,0.000000,1.812752,2.416349,2.091583
2017-08-11,0.001147,0.000000,0.001147,0.001477,-0.000928,0.333333,0.333333,0.000000,0.000000,0.333333,0.000000,0.000000,0.000000,0.000000,0.000000,0.000000,1.814830,2.419918,2.089642
2017-08-14,0.013383,0.000000,0.013383,0.009913,0.008764,0.333333,0.333333,0.000000,0.000000,0.333333,0.000000,0.000000,0.000000,0.000000,0.000000,0.000000,1.839118,2.443907,2.107956
2017-08-15,0.000054,0.000000,0.000054,-0.000122,-0.000383,0.333333,0.333333,0.000000,0.000000,0.333333,0.000000,0.000000,0.000000,0.000000,0.000000,0.000000,1.839217,2.443610,2.107149
2017-08-16,0.001237,0.000000,0.001237,0.001744,0.002238,0.333333,0.333333,0.000000,0.000000,0.333333,0.000000,0.000000,0.000000,0.000000,0.000000,0.000000,1.841491,2.447872,2.111864
2017-08-17,-0.018027,0.000000,-0.018027,-0.015591,-0.013525,0.333333,0.333333,0.000000,0.000000,0.333333,0.000000,0.000000,0.000000,0.000000,0.000000,0.000000,1.808295,2.409708,2.083300
2017-08-18,-0.001550,0.000000,-0.001550,-0.001563,-0.001307,0.333333,0.333333,0.000000,0.000000,0.333333,0.000000,0.000000,0.000000,0.000000,0.000000,0.000000,1.805493,2.405941,2.080578
2017-08-21,-0.000519,0.000000,-0.000519,0.000783,0.001813,0.333333,0.333333,0.000000,0.000000,0.333333,0.000000,0.000000,0.000000,0.000000,0.000000,0.000000,1.804556,2.407824,2.084349
2017-08-22,0.012449,0.000000,0.012449,0.010457,0.008161,0.333333,0.333333,0.000000,0.000000,0.333333,0.000000,0.000000,0.000000,0.000000,0.000000,0.000000,1.827020,2.433003,2.101359
2017-08-23,-0.005016,0.000000,-0.005016,-0.003585,-0.001804,0.333333,0.333333,0.000000,0.000000,0.333333,0.000000,0.000000,0.000000,0.000000,0.000000,0.000000,1.817856,2.424280,2.097568
2017-08-24,-0.001327,0.000000,-0.001327,-0.002331,-0.002072,0.333333,0.333333,0.000000,0.000000,0.333333,0.000000,0.000000,0.000000,0.000000,0.000000,0.000000,1.815443,2.418630,2.093221
2017-08-25,0.002473,0.000000,0.002473,0.002336,0.002924,0.333333,0.333333,0.000000,0.000000,0.333333,0.000000,0.000000,0.000000,0.000000,0.000000,0.000000,1.819933,2.424280,2.099342
2017-08-28,-0.001712,0.000000,-0.001712,0.000041,-0.000852,0.333333,0.333333,0.000000,0.000000,0.333333,0.000000,0.000000,0.000000,0.000000,0.000000,0.000000,1.816817,2.424379,2.097553
2017-08-29,0.002781,0.000000,0.002781,0.001145,0.000399,0.333333,0.333333,0.000000,0.000000,0.333333,0.000000,0.000000,0.000000,0.000000,0.000000,0.000000,1.821870,2.427154,2.098389
2017-08-30,0.005141,0.000000,0.005141,0.004738,0.003717,0.333333,0.333333,0.000000,0.000000,0.333333,0.000000,0.000000,0.000000,0.000000,0.000000,0.000000,1.831237,2.438654,2.106188
2017-08-31,0.003524,0.000000,0.003524,0.006016,0.005020,0.333333,0.333333,0.000000,0.000000,0.333333,0.000000,0.000000,0.000000,0.000000,0.000000,0.000000,1.837690,2.453324,2.116761
2017-09-01,0.000953,0.000000,0.000953,0.001414,0.002458,0.333333,0.333333,0.000000,0.000000,0.333333,0.000000,0.000000,0.000000,0.000000,0.000000,0.000000,1.839442,2.456794,2.121964
2017-09-04,0.000000,0.000000,0.000000,0.000000,0.000000,0.333333,0.333333,0.000000,0.000000,0.333333,0.000000,0.000000,0.000000,0.000000,0.000000,0.000000,1.839442,2.456794,2.121964
2017-09-05,-0.013438,0.000000,-0.013438,-0.007182,-0.005149,0.333333,0.333333,0.000000,0.000000,0.333333,0.000000,0.000000,0.000000,0.000000,0.000000,0.000000,1.814724,2.439149,2.111037
2017-09-06,0.001455,0.000000,0.001455,0.003414,0.003540,0.333333,0.333333,0.000000,0.000000,0.333333,0.000000,0.000000,0.000000,0.000000,0.000000,0.000000,1.817365,2.447475,2.118510
2017-09-07,-0.003931,0.000000,-0.003931,-0.000121,0.001066,0.333333,0.333333,0.000000,0.000000,0.333333,0.000000,0.000000,0.000000,0.000000,0.000000,0.000000,1.810221,2.447178,2.120769
2017-09-08,0.001463,0.000000,0.001463,-0.001175,-0.000539,0.333333,0.333333,0.000000,0.000000,0.333333,0.000000,0.000000,0.000000,0.000000,0.000000,0.000000,1.812870,2.444303,2.119625
2017-09-11,0.013400,0.000000,0.013400,0.010666,0.009768,0.333333,0.333333,0.000000,0.000000,0.333333,0.000000,0.000000,0.000000,0.000000,0.000000,0.000000,1.837163,2.470374,2.140329
2017-09-12,0.006333,0.000000,0.006333,0.003371,0.001495,0.333333,0.333333,0.000000,0.000000,0.333333,0.000000,0.000000,0.000000,0.000000,0.000000,0.000000,1.848797,2.478701,2.143529
2017-09-13,-0.000397,0.000000,-0.000397,0.000480,0.000588,0.333333,0.333333,0.000000,0.000000,0.333333,0.000000,0.000000,0.000000,0.000000,0.000000,0.000000,1.848064,2.479891,2.144790
2017-09-14,-0.000210,0.000000,-0.000210,-0.000320,0.001693,0.333333,0.333333,0.000000,0.000000,0.333333,0.000000,0.000000,0.000000,0.000000,0.000000,0.000000,1.847675,2.479098,2.148420
2017-09-15,0.003727,0.000000,0.003727,0.001346,0.001425,0.333333,0.333333,0.000000,0.000000,0.333333,0.000000,0.000000,0.000000,0.000000,0.000000,0.000000,1.854561,2.482435,2.151481
2017-09-18,0.006060,0.000000,0.006060,0.002127,0.000973,0.333333,0.333333,0.000000,0.000000,0.333333,0.000000,0.000000,0.000000,0.000000,0.000000,0.000000,1.865799,2.487714,2.153574
2017-09-19,0.004336,0.000000,0.004336,0.001001,-0.000168,0.333333,0.333333,0.000000,0.000000,0.333333,0.000000,0.000000,0.000000,0.000000,0.000000,0.000000,1.873889,2.490205,2.153213
2017-09-20,0.003059,0.000000,0.003059,0.000360,0.000405,0.333333,0.333333,0.000000,0.000000,0.333333,0.000000,0.000000,0.000000,0.000000,0.000000,0.000000,1.879622,2.491102,2.154084
2017-09-21,-0.000031,0.000000,-0.000031,-0.002679,-0.001995,0.333333,0.333333,0.000000,0.000000,0.333333,0.000000,0.000000,0.000000,0.000000,0.000000,0.000000,1.879563,2.484427,2.149786
2017-09-22,0.000628,0.000000,0.000628,0.000200,-0.001468,0.333333,0.333333,0.000000,0.000000,0.333333,0.000000,0.000000,0.000000,0.000000,0.000000,0.000000,1.880744,2.484925,2.146630
2017-09-25,-0.004324,0.000000,-0.004324,-0.002044,0.001834,0.333333,0.333333,0.000000,0.000000,0.333333,0.000000,0.000000,0.000000,0.000000,0.000000,0.000000,1.872613,2.479845,2.150568
2017-09-26,0.001079,0.000000,0.001079,0.000603,-0.000164,0.333333,0.333333,0.000000,0.000000,0.333333,0.000000,0.000000,0.000000,0.000000,0.000000,0.000000,1.874633,2.481339,2.150216
2017-09-27,0.007835,0.000000,0.007835,0.003894,0.000336,0.333333,0.333333,0.000000,0.000000,0.333333,0.000000,0.000000,0.000000,0.000000,0.000000,0.000000,1.889322,2.491003,2.150939
2017-09-28,0.000729,0.000000,0.000729,0.001200,0.002057,0.333333,0.333333,0.000000,0.000000,0.333333,0.000000,0.000000,0.000000,0.000000,0.000000,0.000000,1.890698,2.493991,2.155365
2017-09-29,0.004814,0.000000,0.004814,0.003515,0.002312,0.333333,0.333333,0.000000,0.000000,0.333333,0.000000,0.000000,0.000000,0.000000,0.000000,0.000000,1.899800,2.502757,2.160348
2017-10-02,0.005644,0.000000,0.005644,0.004339,0.003572,0.333333,0.333333,0.000000,0.000000,0.333333,0.000000,0.000000,0.000000,0.000000,0.000000,0.000000,1.910523,2.513616,2.168064
2017-10-03,0.003384,0.000000,0.003384,0.002140,0.001526,0.333333,0.333333,0.000000,0.000000,0.333333,0.000000,0.000000,0.000000,0.000000,0.000000,0.000000,1.916988,2.518995,2.171372
2017-10-04,-0.001846,0.000000,-0.001846,0.001187,0.002598,0.333333,0.333333,0.000000,0.000000,0.333333,0.000000,0.000000,0.000000,0.000000,0.000000,0.000000,1.913449,2.521984,2.177014
2017-10-05,0.007449,0.000000,0.007449,0.005925,0.004586,0.333333,0.333333,0.000000,0.000000,0.333333,0.000000,0.000000,0.000000,0.000000,0.000000,0.000000,1.927703,2.536927,2.186998
2017-10-06,0.000835,0.000000,0.000835,-0.001139,-0.002176,0.333333,0.333333,0.000000,0.000000,0.333333,0.000000,0.000000,0.000000,0.000000,0.000000,0.000000,1.929312,2.534038,2.182239
2017-10-09,-0.001358,0.000000,-0.001358,-0.001651,-0.001094,0.333333,0.333333,0.000000,0.000000,0.333333,0.000000,0.000000,0.000000,0.000000,0.000000,0.000000,1.926692,2.529854,2.179851
2017-10-10,0.002368,0.000000,0.002368,0.002638,0.003001,0.333333,0.333333,0.000000,0.000000,0.333333,0.000000,0.000000,0.000000,0.000000,0.000000,0.000000,1.931254,2.536529,2.186394
2017-10-11,0.000291,0.000000,0.000291,0.001571,0.001804,0.333333,0.333333,0.000000,0.000000,0.333333,0.000000,0.000000,0.000000,0.000000,0.000000,0.000000,1.931815,2.540514,2.190339
2017-10-12,-0.001597,0.000000,-0.001597,-0.001490,0.000213,0.333333,0.333333,0.000000,0.000000,0.333333,0.000000,0.000000,0.000000,0.000000,0.000000,0.000000,1.928729,2.536729,2.190804
2017-10-13,0.001133,0.000000,0.001133,0.001217,0.000754,0.333333,0.333333,0.000000,0.000000,0.333333,0.000000,0.000000,0.000000,0.000000,0.000000,0.000000,1.930914,2.539816,2.192456
2017-10-16,0.003751,0.000000,0.003751,0.001334,0.000302,0.333333,0.333333,0.000000,0.000000,0.333333,0.000000,0.000000,0.000000,0.000000,0.000000,0.000000,1.938157,2.543203,2.193118
2017-10-17,-0.002525,0.000000,-0.002525,0.000705,0.000665,0.333333,0.333333,0.000000,0.000000,0.333333,0.000000,0.000000,0.000000,0.000000,0.000000,0.000000,1.933262,2.544997,2.194576
2017-10-18,0.002745,0.000000,0.002745,0.000978,-0.000744,0.333333,0.333333,0.000000,0.000000,0.333333,0.000000,0.000000,0.000000,0.000000,0.000000,0.000000,1.938570,2.547487,2.192943
2017-10-19,0.000194,0.000000,0.000194,0.000273,0.001196,0.333333,0.333333,0.000000,0.000000,0.333333,0.000000,0.000000,0.000000,0.000000,0.000000,0.000000,1.938945,2.548184,2.195566
2017-10-20,0.009779,0.000000,0.009779,0.005161,0.004013,0.333333,0.333333,0.000000,0.000000,0.333333,0.000000,0.000000,0.000000,0.000000,0.000000,0.000000,1.957906,2.561335,2.204377
2017-10-23,-0.003934,0.000000,-0.003934,-0.003890,-0.003199,0.333333,0.333333,0.000000,0.000000,0.333333,0.000000,0.000000,0.000000,0.000000,0.000000,0.000000,1.950203,2.551372,2.197325
2017-10-24,0.005196,0.000000,0.005196,0.001757,0.000982,0.333333,0.333333,0.000000,0.000000,0.333333,0.000000,0.000000,0.000000,0.000000,0.000000,0.000000,1.960337,2.555855,2.199483
2017-10-25,-0.007085,0.000000,-0.007085,-0.004950,-0.004839,0.333333,0.333333,0.000000,0.000000,0.333333,0.000000,0.000000,0.000000,0.000000,0.000000,0.000000,1.946448,2.543203,2.188838
2017-10-26,0.003712,0.000000,0.003712,0.001293,0.001541,0.333333,0.333333,0.000000,0.000000,0.333333,0.000000,0.000000,0.000000,0.000000,0.000000,0.000000,1.953673,2.546491,2.192212
2017-10-27,0.008866,0.000000,0.008866,0.008176,0.003827,0.333333,0.333333,0.000000,0.000000,0.333333,0.000000,0.000000,0.000000,0.000000,0.000000,0.000000,1.970994,2.567311,2.200602
2017-10-30,-0.002927,0.000000,-0.002927,-0.003725,-0.002566,0.333333,0.333333,0.000000,0.000000,0.333333,0.000000,0.000000,0.000000,0.000000,0.000000,0.000000,1.965224,2.557748,2.194955
2017-10-31,-0.000785,0.000000,-0.000785,0.001558,0.001472,0.333333,0.333333,0.000000,0.000000,0.333333,0.000000,0.000000,0.000000,0.000000,0.000000,0.000000,1.963682,2.561733,2.198186
2017-11-01,0.002193,0.000167,0.002026,0.001322,0.001680,0.333333,0.333333,0.000000,0.000000,0.000000,0.000000,0.000000,0.000000,0.333333,0.000000,0.000000,1.967660,2.565119,2.201880
2017-11-02,0.000870,0.000000,0.000870,0.000388,0.000321,0.333333,0.333333,0.000000,0.000000,0.000000,0.000000,0.000000,0.000000,0.333333,0.000000,0.000000,1.969371,2.566116,2.202588
2017-11-03,0.001112,0.000000,0.001112,0.003339,0.002144,0.333333,0.333333,0.000000,0.000000,0.000000,0.000000,0.000000,0.000000,0.333333,0.000000,0.000000,1.971562,2.574683,2.207309
2017-11-06,-0.001055,0.000000,-0.001055,0.001548,0.002523,0.333333,0.333333,0.000000,0.000000,0.000000,0.000000,0.000000,0.000000,0.333333,0.000000,0.000000,1.969482,2.578668,2.212879
2017-11-07,-0.004112,0.000000,-0.004112,-0.000695,0.001659,0.333333,0.333333,0.000000,0.000000,0.000000,0.000000,0.000000,0.000000,0.333333,0.000000,0.000000,1.961383,2.576875,2.216551
2017-11-08,0.000531,0.000000,0.000531,0.001701,0.001758,0.333333,0.333333,0.000000,0.000000,0.000000,0.000000,0.000000,0.000000,0.333333,0.000000,0.000000,1.962425,2.581259,2.220448
2017-11-09,-0.006638,0.000000,-0.006638,-0.003628,-0.002671,0.333333,0.333333,0.000000,0.000000,0.000000,0.000000,0.000000,0.000000,0.333333,0.000000,0.000000,1.949399,2.571894,2.214516
2017-11-10,-0.001535,0.000000,-0.001535,-0.000310,-0.000602,0.333333,0.333333,0.000000,0.000000,0.000000,0.000000,0.000000,0.000000,0.333333,0.000000,0.000000,1.946406,2.571097,2.213182
2017-11-13,0.002127,0.000000,0.002127,0.000930,0.002216,0.333333,0.333333,0.000000,0.000000,0.000000,0.000000,0.000000,0.000000,0.333333,0.000000,0.000000,1.950547,2.573488,2.218087
2017-11-14,-0.003835,0.000000,-0.003835,-0.002323,-0.001850,0.333333,0.333333,0.000000,0.000000,0.000000,0.000000,0.000000,0.000000,0.333333,0.000000,0.000000,1.943067,2.567511,2.213984
2017-11-15,-0.003595,0.000000,-0.003595,-0.005005,-0.006149,0.333333,0.333333,0.000000,0.000000,0.000000,0.000000,0.000000,0.000000,0.333333,0.000000,0.000000,1.936081,2.554660,2.200371
2017-11-16,0.008848,0.000000,0.008848,0.008501,0.006519,0.333333,0.333333,0.000000,0.000000,0.000000,0.000000,0.000000,0.000000,0.333333,0.000000,0.000000,1.953212,2.576377,2.214715
2017-11-17,-0.002067,0.000000,-0.002067,-0.002939,-0.002263,0.333333,0.333333,0.000000,0.000000,0.000000,0.000000,0.000000,0.000000,0.333333,0.000000,0.000000,1.949174,2.568805,2.209704
2017-11-20,0.003249,0.000000,0.003249,0.001707,0.000313,0.333333,0.333333,0.000000,0.000000,0.000000,0.000000,0.000000,0.000000,0.333333,0.000000,0.000000,1.955507,2.573189,2.210395
2017-11-21,0.006297,0.000000,0.006297,0.006543,0.005465,0.333333,0.333333,0.000000,0.000000,0.000000,0.000000,0.000000,0.000000,0.333333,0.000000,0.000000,1.967820,2.590025,2.222474
2017-11-22,-0.003175,0.000000,-0.003175,-0.000885,-0.000836,0.333333,0.333333,0.000000,0.000000,0.000000,0.000000,0.000000,0.000000,0.333333,0.000000,0.000000,1.961573,2.587733,2.220617
2017-11-23,0.000000,0.000000,0.000000,0.000000,0.000000,0.333333,0.333333,0.000000,0.000000,0.000000,0.000000,0.000000,0.000000,0.333333,0.000000,0.000000,1.961573,2.587733,2.220617
2017-11-24,0.003452,0.000000,0.003452,0.002310,0.002249,0.333333,0.333333,0.000000,0.000000,0.000000,0.000000,0.000000,0.000000,0.333333,0.000000,0.000000,1.968344,2.593710,2.225613
2017-11-27,-0.002237,0.000000,-0.002237,-0.000499,-0.001173,0.333333,0.333333,0.000000,0.000000,0.000000,0.000000,0.000000,0.000000,0.333333,0.000000,0.000000,1.963941,2.592416,2.223003
2017-11-28,0.013441,0.000000,0.013441,0.010145,0.009218,0.333333,0.333333,0.000000,0.000000,0.000000,0.000000,0.000000,0.000000,0.333333,0.000000,0.000000,1.990338,2.618715,2.243495
2017-11-29,-0.001155,0.000000,-0.001155,-0.000609,0.002346,0.333333,0.333333,0.000000,0.000000,0.000000,0.000000,0.000000,0.000000,0.333333,0.000000,0.000000,1.988040,2.617121,2.248758
2017-11-30,0.007002,0.000000,0.007002,0.008755,0.007938,0.333333,0.333333,0.000000,0.000000,0.000000,0.000000,0.000000,0.000000,0.333333,0.000000,0.000000,2.001960,2.640034,2.266608
2017-12-01,-0.005144,0.000167,-0.005311,-0.002075,-0.001669,0.333333,0.000000,0.000000,0.333333,0.000000,0.000000,0.000000,0.000000,0.333333,0.000000,0.000000,1.991327,2.634555,2.262826
2017-12-04,-0.005993,0.000000,-0.005993,-0.001210,0.000747,0.333333,0.000000,0.000000,0.333333,0.000000,0.000000,0.000000,0.000000,0.333333,0.000000,0.000000,1.979394,2.631367,2.264516
2017-12-05,-0.002136,0.000000,-0.002136,-0.003596,-0.004847,0.333333,0.000000,0.000000,0.333333,0.000000,0.000000,0.000000,0.000000,0.333333,0.000000,0.000000,1.975165,2.621903,2.253540
2017-12-06,-0.000116,0.000000,-0.000116,0.000190,-0.001024,0.333333,0.000000,0.000000,0.333333,0.000000,0.000000,0.000000,0.000000,0.333333,0.000000,0.000000,1.974937,2.622402,2.251233
2017-12-07,0.004406,0.000000,0.004406,0.003153,0.002729,0.333333,0.000000,0.000000,0.333333,0.000000,0.000000,0.000000,0.000000,0.333333,0.000000,0.000000,1.983639,2.630670,2.257376
2017-12-08,0.005316,0.000000,0.005316,0.005453,0.004859,0.333333,0.000000,0.000000,0.333333,0.000000,0.000000,0.000000,0.000000,0.333333,0.000000,0.000000,1.994183,2.645015,2.268345
2017-12-11,0.004737,0.000000,0.004737,0.003013,0.002740,0.333333,0.000000,0.000000,0.333333,0.000000,0.000000,0.000000,0.000000,0.333333,0.000000,0.000000,2.003629,2.652985,2.274560
2017-12-12,0.001272,0.000000,0.001272,0.001765,0.000020,0.333333,0.000000,0.000000,0.333333,0.000000,0.000000,0.000000,0.000000,0.333333,0.000000,0.000000,2.006177,2.657666,2.274606
2017-12-13,0.002155,0.000000,0.002155,-0.000112,0.000540,0.333333,0.000000,0.000000,0.333333,0.000000,0.000000,0.000000,0.000000,0.333333,0.000000,0.000000,2.010501,2.657368,2.275835
2017-12-14,-0.007476,0.000000,-0.007476,-0.004086,-0.004098,0.333333,0.000000,0.000000,0.333333,0.000000,0.000000,0.000000,0.000000,0.333333,0.000000,0.000000,1.995470,2.646509,2.266510
2017-12-15,0.009444,0.000000,0.009444,0.008327,0.006599,0.333333,0.000000,0.000000,0.333333,0.000000,0.000000,0.000000,0.000000,0.333333,0.000000,0.000000,2.014316,2.668548,2.281467
2017-12-18,0.007971,0.000000,0.007971,0.006341,0.004841,0.333333,0.000000,0.000000,0.333333,0.000000,0.000000,0.000000,0.000000,0.333333,0.000000,0.000000,2.030372,2.685470,2.292511
2017-12-19,-0.002834,0.000000,-0.002834,-0.003840,-0.004827,0.333333,0.000000,0.000000,0.333333,0.000000,0.000000,0.000000,0.000000,0.333333,0.000000,0.000000,2.024617,2.675156,2.281446
2017-12-20,-0.001068,0.000000,-0.001068,-0.000524,-0.000979,0.333333,0.000000,0.000000,0.333333,0.000000,0.000000,0.000000,0.000000,0.333333,0.000000,0.000000,2.022456,2.673754,2.279213
2017-12-21,-0.000261,0.000000,-0.000261,0.002060,0.002031,0.333333,0.000000,0.000000,0.333333,0.000000,0.000000,0.000000,0.000000,0.333333,0.000000,0.000000,2.021928,2.679261,2.283841
2017-12-22,-0.000013,0.000000,-0.000013,-0.000261,0.000719,0.333333,0.000000,0.000000,0.333333,0.000000,0.000000,0.000000,0.000000,0.333333,0.000000,0.000000,2.021902,2.678561,2.285483
2017-12-25,0.000000,0.000000,0.000000,0.000000,0.000000,0.333333,0.000000,0.000000,0.333333,0.000000,0.000000,0.000000,0.000000,0.333333,0.000000,0.000000,2.021902,2.678561,2.285483
2017-12-26,-0.002417,0.000000,-0.002417,-0.001196,0.000355,0.333333,0.000000,0.000000,0.333333,0.000000,0.000000,0.000000,0.000000,0.333333,0.000000,0.000000,2.017016,2.675357,2.286295
2017-12-27,0.001369,0.000000,0.001369,0.000487,0.001028,0.333333,0.000000,0.000000,0.333333,0.000000,0.000000,0.000000,0.000000,0.333333,0.000000,0.000000,2.019777,2.676659,2.288645
2017-12-28,0.002544,0.000000,0.002544,0.002057,0.002756,0.333333,0.000000,0.000000,0.333333,0.000000,0.000000,0.000000,0.000000,0.333333,0.000000,0.000000,2.024915,2.682165,2.294951
2017-12-29,-0.004411,0.000000,-0.004411,-0.003771,-0.002963,0.333333,0.000000,0.000000,0.333333,0.000000,0.000000,0.000000,0.000000,0.333333,0.000000,0.000000,2.015983,2.672052,2.288151
2018-01-01,0.000000,0.000000,0.000000,0.000000,0.000000,0.333333,0.000000,0.000000,0.333333,0.000000,0.000000,0.000000,0.000000,0.333333,0.000000,0.000000,2.015983,2.672052,2.288151
2018-01-02,0.012603,0.000000,0.012603,0.007157,0.005456,0.333333,0.000000,0.000000,0.333333,0.000000,0.000000,0.000000,0.000000,0.333333,0.000000,0.000000,2.041390,2.691177,2.300636
2018-01-03,0.008305,0.000000,0.008305,0.006325,0.004734,0.333333,0.000000,0.000000,0.333333,0.000000,0.000000,0.000000,0.000000,0.333333,0.000000,0.000000,2.058343,2.708198,2.311526
2018-01-04,0.005071,0.000000,0.005071,0.004215,0.001854,0.333333,0.000000,0.000000,0.333333,0.000000,0.000000,0.000000,0.000000,0.333333,0.000000,0.000000,2.068780,2.719614,2.315811
2018-01-05,0.009017,0.000000,0.009017,0.006664,0.005047,0.333333,0.000000,0.000000,0.333333,0.000000,0.000000,0.000000,0.000000,0.333333,0.000000,0.000000,2.087435,2.737738,2.327499
2018-01-08,0.000522,0.000000,0.000522,0.001829,0.003009,0.333333,0.000000,0.000000,0.333333,0.000000,0.000000,0.000000,0.000000,0.333333,0.000000,0.000000,2.088525,2.742744,2.334502
2018-01-09,0.002543,0.000000,0.002543,0.002264,-0.000139,0.333333,0.000000,0.000000,0.333333,0.000000,0.000000,0.000000,0.000000,0.333333,0.000000,0.000000,2.093837,2.748952,2.334178
2018-01-10,-0.003752,0.000000,-0.003752,-0.001530,-0.003627,0.333333,0.000000,0.000000,0.333333,0.000000,0.000000,0.000000,0.000000,0.333333,0.000000,0.000000,2.085980,2.744747,2.325712
2018-01-11,0.007173,0.000000,0.007173,0.007296,0.006441,0.333333,0.000000,0.000000,0.333333,0.000000,0.000000,0.000000,0.000000,0.333333,0.000000,0.000000,2.100944,2.764772,2.340692
2018-01-12,0.005038,0.000000,0.005038,0.006519,0.004327,0.333333,0.000000,0.000000,0.333333,0.000000,0.000000,0.000000,0.000000,0.333333,0.000000,0.000000,2.111528,2.782796,2.350821
2018-01-15,0.000000,0.000000,0.000000,0.000000,0.000000,0.333333,0.000000,0.000000,0.333333,0.000000,0.000000,0.000000,0.000000,0.333333,0.000000,0.000000,2.111528,2.782796,2.350821
2018-01-16,-0.003538,0.000000,-0.003538,-0.003419,-0.003492,0.333333,0.000000,0.000000,0.333333,0.000000,0.000000,0.000000,0.000000,0.333333,0.000000,0.000000,2.104058,2.773283,2.342612
2018-01-17,0.009761,0.000000,0.009761,0.009532,0.007928,0.333333,0.000000,0.000000,0.333333,0.000000,0.000000,0.000000,0.000000,0.333333,0.000000,0.000000,2.124596,2.799718,2.361183
2018-01-18,0.000456,0.000000,0.000456,-0.001681,-0.003322,0.333333,0.000000,0.000000,0.333333,0.000000,0.000000,0.000000,0.000000,0.333333,0.000000,0.000000,2.125564,2.795012,2.353340
2018-01-19,0.003903,0.000000,0.003903,0.004550,0.004435,0.333333,0.000000,0.000000,0.333333,0.000000,0.000000,0.000000,0.000000,0.333333,0.000000,0.000000,2.133860,2.807728,2.363778
2018-01-22,0.004641,0.000000,0.004641,0.008131,0.007325,0.333333,0.000000,0.000000,0.333333,0.000000,0.000000,0.000000,0.000000,0.333333,0.000000,0.000000,2.143762,2.830558,2.381093
2018-01-23,-0.000202,0.000000,-0.000202,0.002122,0.002957,0.333333,0.000000,0.000000,0.333333,0.000000,0.000000,0.000000,0.000000,0.333333,0.000000,0.000000,2.143329,2.836565,2.388134
2018-01-24,-0.000165,0.000000,-0.000165,-0.000388,0.000005,0.333333,0.000000,0.000000,0.333333,0.000000,0.000000,0.000000,0.000000,0.333333,0.000000,0.000000,2.142975,2.835464,2.388145
2018-01-25,0.004474,0.000000,0.004474,0.000424,0.001668,0.333333,0.000000,0.000000,0.333333,0.000000,0.000000,0.000000,0.000000,0.333333,0.000000,0.000000,2.152562,2.836665,2.392129
2018-01-26,0.013927,0.000000,0.013927,0.011578,0.008412,0.333333,0.000000,0.000000,0.333333,0.000000,0.000000,0.000000,0.000000,0.333333,0.000000,0.000000,2.182541,2.869507,2.412252
2018-01-29,-0.007742,0.000000,-0.007742,-0.006630,-0.007990,0.333333,0.000000,0.000000,0.333333,0.000000,0.000000,0.000000,0.000000,0.333333,0.000000,0.000000,2.165643,2.850483,2.392977
2018-01-30,-0.012445,0.000000,-0.012445,-0.010257,-0.009229,0.333333,0.000000,0.000000,0.333333,0.000000,0.000000,0.000000,0.000000,0.333333,0.000000,0.000000,2.138692,2.821244,2.370893
2018-01-31,-0.001970,0.000000,-0.001970,0.000497,0.002422,0.333333,0.000000,0.000000,0.333333,0.000000,0.000000,0.000000,0.000000,0.333333,0.000000,0.000000,2.134479,2.822647,2.376634
2018-02-01,-0.004847,0.000167,-0.005014,-0.001135,-0.004389,0.333333,0.000000,0.000000,0.000000,0.333333,0.000000,0.000000,0.000000,0.333333,0.000000,0.000000,2.123778,2.819442,2.366203
2018-02-02,-0.025329,0.000000,-0.025329,-0.021769,-0.020102,0.333333,0.000000,0.000000,0.000000,0.333333,0.000000,0.000000,0.000000,0.333333,0.000000,0.000000,2.069986,2.758064,2.318638
2018-02-05,-0.041805,0.000000,-0.041805,-0.041823,-0.037437,0.333333,0.000000,0.000000,0.000000,0.333333,0.000000,0.000000,0.000000,0.333333,0.000000,0.000000,1.983450,2.642715,2.231835
2018-02-06,0.026557,0.000000,0.026557,0.019702,0.013673,0.333333,0.000000,0.000000,0.000000,0.333333,0.000000,0.000000,0.000000,0.333333,0.000000,0.000000,2.036124,2.694782,2.262350
2018-02-07,-0.006655,0.000000,-0.006655,-0.005425,-0.005394,0.333333,0.000000,0.000000,0.000000,0.333333,0.000000,0.000000,0.000000,0.333333,0.000000,0.000000,2.022574,2.680162,2.250146
2018-02-08,-0.038376,0.000000,-0.038376,-0.037509,-0.032800,0.333333,0.000000,0.000000,0.000000,0.333333,0.000000,0.000000,0.000000,0.333333,0.000000,0.000000,1.944956,2.579633,2.176340
2018-02-09,0.017582,0.000000,0.017582,0.015022,0.013859,0.333333,0.000000,0.000000,0.000000,0.333333,0.000000,0.000000,0.000000,0.333333,0.000000,0.000000,1.979153,2.618383,2.206501
2018-02-12,0.018088,0.000000,0.018088,0.014684,0.012819,0.333333,0.000000,0.000000,0.000000,0.333333,0.000000,0.000000,0.000000,0.333333,0.000000,0.000000,2.014953,2.656833,2.234786
2018-02-13,0.000741,0.000000,0.000741,0.002488,0.002467,0.333333,0.000000,0.000000,0.000000,0.333333,0.000000,0.000000,0.000000,0.333333,0.000000,0.000000,2.016446,2.663442,2.240300
2018-02-14,0.014817,0.000000,0.014817,0.013496,0.009205,0.333333,0.000000,0.000000,0.000000,0.333333,0.000000,0.000000,0.000000,0.333333,0.000000,0.000000,2.046324,2.699387,2.260921
2018-02-15,0.013887,0.000000,0.013887,0.012760,0.011274,0.333333,0.000000,0.000000,0.000000,0.333333,0.000000,0.000000,0.000000,0.333333,0.000000,0.000000,2.074741,2.733832,2.286410
2018-02-16,-0.001617,0.000000,-0.001617,0.000293,0.001302,0.333333,0.000000,0.000000,0.000000,0.333333,0.000000,0.000000,0.000000,0.333333,0.000000,0.000000,2.071386,2.734633,2.289387
2018-02-19,0.000000,0.000000,0.000000,0.000000,0.000000,0.333333,0.000000,0.000000,0.000000,0.333333,0.000000,0.000000,0.000000,0.333333,0.000000,0.000000,2.071386,2.734633,2.289387
2018-02-20,-0.004555,0.000000,-0.004555,-0.006261,-0.008200,0.333333,0.000000,0.000000,0.000000,0.333333,0.000000,0.000000,0.000000,0.333333,0.000000,0.000000,2.061952,2.717511,2.270615
2018-02-21,-0.003207,0.000000,-0.003207,-0.004974,-0.007418,0.333333,0.000000,0.000000,0.000000,0.333333,0.000000,0.000000,0.000000,0.333333,0.000000,0.000000,2.055340,2.703994,2.253771
2018-02-22,0.004842,0.000000,0.004842,0.001296,0.003603,0.333333,0.000000,0.000000,0.000000,0.333333,0.000000,0.000000,0.000000,0.333333,0.000000,0.000000,2.065292,2.707498,2.261890
2018-02-23,0.014658,0.000000,0.014658,0.015939,0.016456,0.333333,0.000000,0.000000,0.000000,0.333333,0.000000,0.000000,0.000000,0.333333,0.000000,0.000000,2.095565,2.750654,2.299112
2018-02-26,0.011283,0.000000,0.011283,0.011612,0.008284,0.333333,0.000000,0.000000,0.000000,0.333333,0.000000,0.000000,0.000000,0.333333,0.000000,0.000000,2.119209,2.782595,2.318158
2018-02-27,-0.012157,0.000000,-0.012157,-0.012487,-0.014105,0.333333,0.000000,0.000000,0.000000,0.333333,0.000000,0.000000,0.000000,0.333333,0.000000,0.000000,2.093445,2.747850,2.285461
2018-02-28,-0.013067,0.000000,-0.013067,-0.010130,-0.011529,0.333333,0.000000,0.000000,0.000000,0.333333,0.000000,0.000000,0.000000,0.333333,0.000000,0.000000,2.066090,2.720014,2.259112
2018-03-01,-0.015636,0.000167,-0.015803,-0.014540,-0.009890,0.333333,0.000000,0.000000,0.000000,0.333333,0.333333,0.000000,0.000000,0.000000,0.000000,0.000000,2.033440,2.680464,2.236768
2018-03-02,0.003417,0.000000,0.003417,0.005155,0.002896,0.333333,0.000000,0.000000,0.000000,0.333333,0.333333,0.000000,0.000000,0.000000,0.000000,0.000000,2.040389,2.694281,2.243245
2018-03-05,0.011370,0.000000,0.011370,0.011558,0.012434,0.333333,0.000000,0.000000,0.000000,0.333333,0.333333,0.000000,0.000000,0.000000,0.000000,0.000000,2.063589,2.725422,2.271137
2018-03-06,0.004523,0.000000,0.004523,0.002535,0.001923,0.333333,0.000000,0.000000,0.000000,0.333333,0.333333,0.000000,0.000000,0.000000,0.000000,0.000000,2.072923,2.732331,2.275505
2018-03-07,-0.000449,0.000000,-0.000449,-0.000367,-0.002141,0.333333,0.000000,0.000000,0.000000,0.333333,0.333333,0.000000,0.000000,0.000000,0.000000,0.000000,2.071992,2.731329,2.270633
2018-03-08,0.004252,0.000000,0.004252,0.004839,0.004747,0.333333,0.000000,0.000000,0.000000,0.333333,0.333333,0.000000,0.000000,0.000000,0.000000,0.000000,2.080803,2.744545,2.281411
2018-03-09,0.018811,0.000000,0.018811,0.017403,0.014794,0.333333,0.000000,0.000000,0.000000,0.333333,0.333333,0.000000,0.000000,0.000000,0.000000,0.000000,2.119944,2.792309,2.315163
2018-03-12,-0.001983,0.000000,-0.001983,-0.001255,-0.000907,0.333333,0.000000,0.000000,0.000000,0.333333,0.333333,0.000000,0.000000,0.000000,0.000000,0.000000,2.115740,2.788804,2.313063
2018-03-13,-0.007798,0.000000,-0.007798,-0.006463,-0.003982,0.333333,0.000000,0.000000,0.000000,0.333333,0.333333,0.000000,0.000000,0.000000,0.000000,0.000000,2.099242,2.770780,2.303853
2018-03-14,-0.004327,0.000000,-0.004327,-0.005131,-0.004524,0.333333,0.000000,0.000000,0.000000,0.333333,0.333333,0.000000,0.000000,0.000000,0.000000,0.000000,2.090158,2.756562,2.293430
2018-03-15,0.000806,0.000000,0.000806,-0.001090,-0.002483,0.333333,0.000000,0.000000,0.000000,0.333333,0.333333,0.000000,0.000000,0.000000,0.000000,0.000000,2.091843,2.753558,2.287736
2018-03-16,0.001088,0.000000,0.001088,0.001084,0.002735,0.333333,0.000000,0.000000,0.000000,0.333333,0.333333,0.000000,0.000000,0.000000,0.000000,0.000000,2.094119,2.756544,2.293994
2018-03-19,-0.013328,0.000000,-0.013328,-0.013531,-0.011909,0.333333,0.000000,0.000000,0.000000,0.333333,0.333333,0.000000,0.000000,0.000000,0.000000,0.000000,2.066209,2.719247,2.266675
2018-03-20,0.002984,0.000000,0.002984,0.001700,0.001247,0.333333,0.000000,0.000000,0.000000,0.333333,0.333333,0.000000,0.000000,0.000000,0.000000,0.000000,2.072373,2.723870,2.269501
2018-03-21,-0.001866,0.000000,-0.001866,-0.001919,0.000246,0.333333,0.000000,0.000000,0.000000,0.333333,0.333333,0.000000,0.000000,0.000000,0.000000,0.000000,2.068507,2.718643,2.270060
2018-03-22,-0.026696,0.000000,-0.026696,-0.024997,-0.020349,0.333333,0.000000,0.000000,0.000000,0.333333,0.333333,0.000000,0.000000,0.000000,0.000000,0.000000,2.013287,2.650685,2.223867
2018-03-23,-0.020317,0.000000,-0.020317,-0.021315,-0.018000,0.333333,0.000000,0.000000,0.000000,0.333333,0.333333,0.000000,0.000000,0.000000,0.000000,0.000000,1.972383,2.594187,2.183837
2018-03-26,0.030567,0.000000,0.030567,0.027359,0.022173,0.333333,0.000000,0.000000,0.000000,0.333333,0.333333,0.000000,0.000000,0.000000,0.000000,0.000000,2.032673,2.665161,2.232260
2018-03-27,-0.021828,0.000000,-0.021828,-0.017012,-0.010097,0.333333,0.000000,0.000000,0.000000,0.333333,0.333333,0.000000,0.000000,0.000000,0.000000,0.000000,1.988304,2.619822,2.209721
2018-03-28,-0.007408,0.000000,-0.007408,-0.002955,-0.001550,0.333333,0.000000,0.000000,0.000000,0.333333,0.333333,0.000000,0.000000,0.000000,0.000000,0.000000,1.973574,2.612081,2.206297
2018-03-29,0.016142,0.000000,0.016142,0.012777,0.012172,0.333333,0.000000,0.000000,0.000000,0.333333,0.333333,0.000000,0.000000,0.000000,0.000000,0.000000,2.005431,2.645457,2.233152
2018-03-30,0.000000,0.000000,0.000000,0.000000,0.000000,0.333333,0.000000,0.000000,0.000000,0.333333,0.333333,0.000000,0.000000,0.000000,0.000000,0.000000,2.005431,2.645457,2.233152
2018-04-02,-0.024225,0.000000,-0.024225,-0.021584,-0.020379,0.333333,0.000000,0.000000,0.000000,0.333333,0.333333,0.000000,0.000000,0.000000,0.000000,0.000000,1.956849,2.588356,2.187643
2018-04-03,0.012149,0.000000,0.012149,0.012817,0.012113,0.333333,0.000000,0.000000,0.000000,0.333333,0.333333,0.000000,0.000000,0.000000,0.000000,0.000000,1.980622,2.621531,2.214141
2018-04-04,0.012218,0.000000,0.012218,0.010699,0.009616,0.333333,0.000000,0.000000,0.000000,0.333333,0.333333,0.000000,0.000000,0.000000,0.000000,0.000000,2.004820,2.649579,2.235433
2018-04-05,0.009217,0.000000,0.009217,0.007892,0.008284,0.333333,0.000000,0.000000,0.000000,0.333333,0.333333,0.000000,0.000000,0.000000,0.000000,0.000000,2.023297,2.670490,2.253951
2018-04-06,-0.024490,0.000000,-0.024490,-0.022286,-0.019235,0.333333,0.000000,0.000000,0.000000,0.333333,0.333333,0.000000,0.000000,0.000000,0.000000,0.000000,1.973748,2.610976,2.210596
2018-04-09,0.000800,0.000000,0.000800,0.004928,0.002913,0.333333,0.000000,0.000000,0.000000,0.333333,0.333333,0.000000,0.000000,0.000000,0.000000,0.000000,1.975326,2.623843,2.217037
2018-04-10,0.017359,0.000000,0.017359,0.015900,0.012541,0.333333,0.000000,0.000000,0.000000,0.333333,0.333333,0.000000,0.000000,0.000000,0.000000,0.000000,2.009617,2.665563,2.244840
2018-04-11,-0.005426,0.000000,-0.005426,-0.005242,-0.003401,0.333333,0.000000,0.000000,0.000000,0.333333,0.333333,0.000000,0.000000,0.000000,0.000000,0.000000,1.998713,2.651590,2.237205
2018-04-12,0.010239,0.000000,0.010239,0.008227,0.003903,0.333333,0.000000,0.000000,0.000000,0.333333,0.333333,0.000000,0.000000,0.000000,0.000000,0.000000,2.019178,2.673405,2.245937
2018-04-13,-0.003778,0.000000,-0.003778,-0.002933,0.000126,0.333333,0.000000,0.000000,0.000000,0.333333,0.333333,0.000000,0.000000,0.000000,0.000000,0.000000,2.011551,2.665563,2.246219
2018-04-16,0.008400,0.000000,0.008400,0.008222,0.009023,0.333333,0.000000,0.000000,0.000000,0.333333,0.333333,0.000000,0.000000,0.000000,0.000000,0.000000,2.028447,2.687479,2.266488
2018-04-17,0.015205,0.000000,0.015205,0.010698,0.009436,0.333333,0.000000,0.000000,0.000000,0.333333,0.333333,0.000000,0.000000,0.000000,0.000000,0.000000,2.059290,2.716231,2.287873
2018-04-18,0.004141,0.000000,0.004141,0.000740,0.001771,0.333333,0.000000,0.000000,0.000000,0.333333,0.333333,0.000000,0.000000,0.000000,0.000000,0.000000,2.067818,2.718241,2.291924
2018-04-19,-0.005656,0.000000,-0.005656,-0.005547,-0.006632,0.333333,0.000000,0.000000,0.000000,0.333333,0.333333,0.000000,0.000000,0.000000,0.000000,0.000000,2.056123,2.703162,2.276725
2018-04-20,-0.009462,0.000000,-0.009462,-0.008480,-0.007817,0.333333,0.000000,0.000000,0.000000,0.333333,0.333333,0.000000,0.000000,0.000000,0.000000,0.000000,2.036668,2.680241,2.258928
2018-04-23,-0.000893,0.000000,-0.000893,-0.000150,0.000479,0.333333,0.000000,0.000000,0.000000,0.333333,0.333333,0.000000,0.000000,0.000000,0.000000,0.000000,2.034849,2.679839,2.260011
2018-04-24,-0.020390,0.000000,-0.020390,-0.013467,-0.011149,0.333333,0.000000,0.000000,0.000000,0.333333,0.333333,0.000000,0.000000,0.000000,0.000000,0.000000,1.993359,2.643748,2.234813
2018-04-25,0.002383,0.000000,0.002383,0.002472,0.002301,0.333333,0.000000,0.000000,0.000000,0.333333,0.333333,0.000000,0.000000,0.000000,0.000000,0.000000,1.998110,2.650283,2.239955
2018-04-26,0.010237,0.000000,0.010237,0.010166,0.009349,0.333333,0.000000,0.000000,0.000000,0.333333,0.333333,0.000000,0.000000,0.000000,0.000000,0.000000,2.018565,2.677225,2.260896
2018-04-27,0.000224,0.000000,0.000224,0.000939,0.002193,0.333333,0.000000,0.000000,0.000000,0.333333,0.333333,0.000000,0.000000,0.000000,0.000000,0.000000,2.019017,2.679738,2.265854
2018-04-30,-0.007906,0.000000,-0.007906,-0.007690,-0.007426,0.333333,0.000000,0.000000,0.000000,0.333333,0.333333,0.000000,0.000000,0.000000,0.000000,0.000000,2.003055,2.659130,2.249028
2018-05-01,0.004747,0.000167,0.004580,0.001776,-0.000249,0.333333,0.333333,0.000000,0.000000,0.000000,0.333333,0.000000,0.000000,0.000000,0.000000,0.000000,2.012229,2.663854,2.248467
2018-05-02,-0.006394,0.000000,-0.006394,-0.006717,-0.006495,0.333333,0.333333,0.000000,0.000000,0.000000,0.333333,0.000000,0.000000,0.000000,0.000000,0.000000,1.999363,2.645960,2.233863
2018-05-03,-0.003555,0.000000,-0.003555,-0.002204,-0.001772,0.333333,0.333333,0.000000,0.000000,0.000000,0.333333,0.000000,0.000000,0.000000,0.000000,0.000000,1.992254,2.640129,2.229904
2018-05-04,0.015046,0.000000,0.015046,0.012946,0.011234,0.333333,0.333333,0.000000,0.000000,0.000000,0.333333,0.000000,0.000000,0.000000,0.000000,0.000000,2.022230,2.674310,2.254956
2018-05-07,0.005639,0.000000,0.005639,0.003383,0.001352,0.333333,0.333333,0.000000,0.000000,0.000000,0.333333,0.000000,0.000000,0.000000,0.000000,0.000000,2.033632,2.683358,2.258005
2018-05-08,0.001636,0.000000,0.001636,0.000000,-0.002576,0.333333,0.333333,0.000000,0.000000,0.000000,0.333333,0.000000,0.000000,0.000000,0.000000,0.000000,2.036960,2.683358,2.252188
2018-05-09,0.010202,0.000000,0.010202,0.009666,0.008403,0.333333,0.333333,0.000000,0.000000,0.000000,0.333333,0.000000,0.000000,0.000000,0.000000,0.000000,2.057741,2.709294,2.271114
2018-05-10,0.008291,0.000000,0.008291,0.009351,0.008891,0.333333,0.333333,0.000000,0.000000,0.000000,0.333333,0.000000,0.000000,0.000000,0.000000,0.000000,2.074801,2.734628,2.291307
2018-05-11,-0.000011,0.000000,-0.000011,0.003051,0.001478,0.333333,0.333333,0.000000,0.000000,0.000000,0.333333,0.000000,0.000000,0.000000,0.000000,0.000000,2.074778,2.742972,2.294693
2018-05-14,0.000352,0.000000,0.000352,0.000476,0.000560,0.333333,0.333333,0.000000,0.000000,0.000000,0.333333,0.000000,0.000000,0.000000,0.000000,0.000000,2.075508,2.744278,2.295978
2018-05-15,-0.005674,0.000000,-0.005674,-0.006887,-0.006521,0.333333,0.333333,0.000000,0.000000,0.000000,0.333333,0.000000,0.000000,0.000000,0.000000,0.000000,2.063732,2.725379,2.281005
2018-05-16,0.004860,0.000000,0.004860,0.004205,0.003582,0.333333,0.333333,0.000000,0.000000,0.000000,0.333333,0.000000,0.000000,0.000000,0.000000,0.000000,2.073761,2.736839,2.289175
2018-05-17,-0.003542,0.000000,-0.003542,-0.000845,0.000117,0.333333,0.333333,0.000000,0.000000,0.000000,0.333333,0.000000,0.000000,0.000000,0.000000,0.000000,2.066417,2.734527,2.289443
2018-05-18,-0.004531,0.000000,-0.004531,-0.002500,-0.001696,0.333333,0.333333,0.000000,0.000000,0.000000,0.333333,0.000000,0.000000,0.000000,0.000000,0.000000,2.057053,2.727690,2.285560
2018-05-21,0.007133,0.000000,0.007133,0.007519,0.007257,0.333333,0.333333,0.000000,0.000000,0.000000,0.333333,0.000000,0.000000,0.000000,0.000000,0.000000,2.071726,2.748199,2.302146
2018-05-22,0.000284,0.000000,0.000284,-0.002780,-0.003183,0.333333,0.333333,0.000000,0.000000,0.000000,0.333333,0.000000,0.000000,0.000000,0.000000,0.000000,2.072316,2.740559,2.294818
2018-05-23,0.002747,0.000000,0.002747,0.002751,0.002891,0.333333,0.333333,0.000000,0.000000,0.000000,0.333333,0.000000,0.000000,0.000000,0.000000,0.000000,2.078008,2.748099,2.301451
2018-05-24,-0.002261,0.000000,-0.002261,-0.002049,-0.002224,0.333333,0.333333,0.000000,0.000000,0.000000,0.333333,0.000000,0.000000,0.000000,0.000000,0.000000,2.073309,2.742469,2.296333
2018-05-25,-0.000809,0.000000,-0.000809,-0.002382,-0.002629,0.333333,0.333333,0.000000,0.000000,0.000000,0.333333,0.000000,0.000000,0.000000,0.000000,0.000000,2.071632,2.735935,2.290297
2018-05-28,0.000000,0.000000,0.000000,0.000000,0.000000,0.333333,0.333333,0.000000,0.000000,0.000000,0.333333,0.000000,0.000000,0.000000,0.000000,0.000000,2.071632,2.735935,2.290297
2018-05-29,-0.015522,0.000000,-0.015522,-0.011501,-0.009281,0.333333,0.333333,0.000000,0.000000,0.000000,0.333333,0.000000,0.000000,0.000000,0.000000,0.000000,2.039475,2.704469,2.269040
2018-05-30,0.011557,0.000000,0.011557,0.013345,0.014104,0.333333,0.333333,0.000000,0.000000,0.000000,0.333333,0.000000,0.000000,0.000000,0.000000,0.000000,2.063044,2.740559,2.301041
2018-05-31,-0.004301,0.000000,-0.004301,-0.006125,-0.007182,0.333333,0.333333,0.000000,0.000000,0.000000,0.333333,0.000000,0.000000,0.000000,0.000000,0.000000,2.054170,2.723772,2.284516
2018-06-01,0.009712,0.000167,0.009545,0.009817,0.006683,0.333333,0.000000,0.333333,0.000000,0.000000,0.333333,0.000000,0.000000,0.000000,0.000000,0.000000,2.073778,2.750512,2.299785
2018-06-04,0.003516,0.000000,0.003516,0.004751,0.003190,0.333333,0.000000,0.333333,0.000000,0.000000,0.333333,0.000000,0.000000,0.000000,0.000000,0.000000,2.081068,2.763581,2.307121
2018-06-05,0.002320,0.000000,0.002320,0.000728,-0.000546,0.333333,0.000000,0.333333,0.000000,0.000000,0.333333,0.000000,0.000000,0.000000,0.000000,0.000000,2.085896,2.765591,2.305861
2018-06-06,0.006874,0.000000,0.006874,0.008360,0.005723,0.333333,0.000000,0.333333,0.000000,0.000000,0.333333,0.000000,0.000000,0.000000,0.000000,0.000000,2.100234,2.788712,2.319056
2018-06-07,0.003355,0.000000,0.003355,-0.000108,0.002696,0.333333,0.000000,0.333333,0.000000,0.000000,0.333333,0.000000,0.000000,0.000000,0.000000,0.000000,2.107280,2.788412,2.325309
2018-06-08,-0.000507,0.000000,-0.000507,0.002956,0.002716,0.333333,0.000000,0.333333,0.000000,0.000000,0.333333,0.000000,0.000000,0.000000,0.000000,0.000000,2.106212,2.796655,2.331625
2018-06-11,0.003440,0.000000,0.003440,0.001330,0.001940,0.333333,0.000000,0.333333,0.000000,0.000000,0.333333,0.000000,0.000000,0.000000,0.000000,0.000000,2.113457,2.800374,2.336150
2018-06-12,0.000682,0.000000,0.000682,0.001293,0.001832,0.333333,0.000000,0.333333,0.000000,0.000000,0.333333,0.000000,0.000000,0.000000,0.000000,0.000000,2.114899,2.803994,2.340430
2018-06-13,-0.002460,0.000000,-0.002460,-0.003191,-0.005761,0.333333,0.000000,0.333333,0.000000,0.000000,0.333333,0.000000,0.000000,0.000000,0.000000,0.000000,2.109697,2.795046,2.326946
2018-06-14,0.005372,0.000000,0.005372,0.002518,0.003334,0.333333,0.000000,0.333333,0.000000,0.000000,0.333333,0.000000,0.000000,0.000000,0.000000,0.000000,2.121030,2.802084,2.334704
2018-06-15,-0.007885,0.000000,-0.007885,-0.001276,-0.001287,0.333333,0.000000,0.333333,0.000000,0.000000,0.333333,0.000000,0.000000,0.000000,0.000000,0.000000,2.104307,2.798509,2.331698
2018-06-18,0.003133,0.000000,0.003133,-0.002057,-0.002093,0.333333,0.000000,0.333333,0.000000,0.000000,0.333333,0.000000,0.000000,0.000000,0.000000,0.000000,2.110899,2.792753,2.326818
2018-06-19,-0.002891,0.000000,-0.002891,-0.003833,-0.003160,0.333333,0.000000,0.333333,0.000000,0.000000,0.333333,0.000000,0.000000,0.000000,0.000000,0.000000,2.104795,2.782049,2.319466
2018-06-20,0.003752,0.000000,0.003752,0.001706,0.002082,0.333333,0.000000,0.333333,0.000000,0.000000,0.333333,0.000000,0.000000,0.000000,0.000000,0.000000,2.112693,2.786795,2.324296
2018-06-21,-0.011108,0.000000,-0.011108,-0.006269,-0.005390,0.333333,0.000000,0.333333,0.000000,0.000000,0.333333,0.000000,0.000000,0.000000,0.000000,0.000000,2.089226,2.769325,2.311768
2018-06-22,0.005003,0.000000,0.005003,0.001824,0.005663,0.333333,0.000000,0.333333,0.000000,0.000000,0.333333,0.000000,0.000000,0.000000,0.000000,0.000000,2.099679,2.774375,2.324860
2018-06-25,-0.020865,0.000000,-0.020865,-0.013613,-0.009160,0.333333,0.000000,0.333333,0.000000,0.000000,0.333333,0.000000,0.000000,0.000000,0.000000,0.000000,2.055869,2.736607,2.303564
2018-06-26,0.007943,0.000000,0.007943,0.002214,0.002716,0.333333,0.000000,0.333333,0.000000,0.000000,0.333333,0.000000,0.000000,0.000000,0.000000,0.000000,2.072199,2.742666,2.309821
2018-06-27,-0.004395,0.000000,-0.004395,-0.008284,-0.004525,0.333333,0.000000,0.333333,0.000000,0.000000,0.333333,0.000000,0.000000,0.000000,0.000000,0.000000,2.063093,2.719945,2.299369
2018-06-28,0.006254,0.000000,0.006254,0.005717,0.004355,0.333333,0.000000,0.333333,0.000000,0.000000,0.333333,0.000000,0.000000,0.000000,0.000000,0.000000,2.075996,2.735496,2.309382
2018-06-29,0.002512,0.000000,0.002512,0.001439,0.001854,0.333333,0.000000,0.333333,0.000000,0.000000,0.333333,0.000000,0.000000,0.000000,0.000000,0.000000,2.081212,2.739434,2.313665
2018-07-02,-0.001484,0.000000,-0.001484,0.002138,-0.000406,0.333333,0.000000,0.333333,0.000000,0.000000,0.333333,0.000000,0.000000,0.000000,0.000000,0.000000,2.078123,2.745292,2.312725
2018-07-03,-0.003528,0.000000,-0.003528,-0.003531,-0.001106,0.333333,0.000000,0.333333,0.000000,0.000000,0.333333,0.000000,0.000000,0.000000,0.000000,0.000000,2.070791,2.735598,2.310166
2018-07-04,0.000000,0.000000,0.000000,0.000000,0.000000,0.333333,0.000000,0.333333,0.000000,0.000000,0.333333,0.000000,0.000000,0.000000,0.000000,0.000000,2.070791,2.735598,2.310166
2018-07-05,0.006015,0.000000,0.006015,0.008158,0.007655,0.333333,0.000000,0.333333,0.000000,0.000000,0.333333,0.000000,0.000000,0.000000,0.000000,0.000000,2.083247,2.757914,2.327851
2018-07-06,0.008550,0.000000,0.008550,0.008458,0.006847,0.333333,0.000000,0.333333,0.000000,0.000000,0.333333,0.000000,0.000000,0.000000,0.000000,0.000000,2.101058,2.781242,2.343789
2018-07-09,0.011500,0.000000,0.011500,0.009004,0.004817,0.333333,0.000000,0.333333,0.000000,0.000000,0.333333,0.000000,0.000000,0.000000,0.000000,0.000000,2.125220,2.806284,2.355080
2018-07-10,0.003982,0.000000,0.003982,0.003599,0.004998,0.333333,0.000000,0.333333,0.000000,0.000000,0.333333,0.000000,0.000000,0.000000,0.000000,0.000000,2.133683,2.816383,2.366850
2018-07-11,-0.009141,0.000000,-0.009141,-0.007315,-0.007058,0.333333,0.000000,0.333333,0.000000,0.000000,0.333333,0.000000,0.000000,0.000000,0.000000,0.000000,2.114179,2.795782,2.350145
2018-07-12,0.008051,0.000000,0.008051,0.009066,0.005309,0.333333,0.000000,0.333333,0.000000,0.000000,0.333333,0.000000,0.000000,0.000000,0.000000,0.000000,2.131201,2.821129,2.362623
2018-07-13,0.002132,0.000000,0.002132,0.000788,0.001183,0.333333,0.000000,0.333333,0.000000,0.000000,0.333333,0.000000,0.000000,0.000000,0.000000,0.000000,2.135746,2.823351,2.365417
2018-07-16,-0.003799,0.000000,-0.003799,-0.000894,-0.002291,0.333333,0.000000,0.333333,0.000000,0.000000,0.333333,0.000000,0.000000,0.000000,0.000000,0.000000,2.127632,2.820825,2.359998
2018-07-17,0.001486,0.000000,0.001486,0.004045,0.002921,0.333333,0.000000,0.333333,0.000000,0.000000,0.333333,0.000000,0.000000,0.000000,0.000000,0.000000,2.130793,2.832237,2.366892
2018-07-18,-0.000533,0.000000,-0.000533,0.002104,-0.000010,0.333333,0.000000,0.333333,0.000000,0.000000,0.333333,0.000000,0.000000,0.000000,0.000000,0.000000,2.129657,2.838195,2.366868
2018-07-19,-0.001869,0.000000,-0.001869,-0.003771,-0.000374,0.333333,0.000000,0.333333,0.000000,0.000000,0.333333,0.000000,0.000000,0.000000,0.000000,0.000000,2.125675,2.827492,2.365983
2018-07-20,-0.002541,0.000000,-0.002541,-0.001143,-0.002271,0.333333,0.000000,0.333333,0.000000,0.000000,0.333333,0.000000,0.000000,0.000000,0.000000,0.000000,2.120275,2.824259,2.360609
2018-07-23,-0.000126,0.000000,-0.000126,0.001859,-0.001227,0.333333,0.000000,0.333333,0.000000,0.000000,0.333333,0.000000,0.000000,0.000000,0.000000,0.000000,2.120008,2.829510,2.357712
2018-07-24,0.005049,0.000000,0.005049,0.005032,0.004682,0.333333,0.000000,0.333333,0.000000,0.000000,0.333333,0.000000,0.000000,0.000000,0.000000,0.000000,2.130712,2.843749,2.368751
2018-07-25,0.009411,0.000000,0.009411,0.008523,0.008657,0.333333,0.000000,0.333333,0.000000,0.000000,0.333333,0.000000,0.000000,0.000000,0.000000,0.000000,2.150765,2.867985,2.389256
2018-07-26,-0.003232,0.000000,-0.003232,-0.002359,0.001994,0.333333,0.000000,0.333333,0.000000,0.000000,0.333333,0.000000,0.000000,0.000000,0.000000,0.000000,2.143813,2.861219,2.394019
2018-07-27,-0.007993,0.000000,-0.007993,-0.006776,-0.004370,0.333333,0.000000,0.333333,0.000000,0.000000,0.333333,0.000000,0.000000,0.000000,0.000000,0.000000,2.126678,2.841830,2.383559
2018-07-30,-0.005113,0.000000,-0.005113,-0.005224,-0.003391,0.333333,0.000000,0.333333,0.000000,0.000000,0.333333,0.000000,0.000000,0.000000,0.000000,0.000000,2.115804,2.826986,2.375476
2018-07-31,0.001857,0.000000,0.001857,0.004929,0.007320,0.333333,0.000000,0.333333,0.000000,0.000000,0.333333,0.000000,0.000000,0.000000,0.000000,0.000000,2.119732,2.840921,2.392865
2018-08-01,-0.003265,0.000000,-0.003265,-0.001671,-0.004149,0.333333,0.000000,0.333333,0.000000,0.000000,0.333333,0.000000,0.000000,0.000000,0.000000,0.000000,2.112812,2.836175,2.382938
2018-08-02,0.004639,0.000000,0.004639,0.005448,0.002038,0.333333,0.000000,0.333333,0.000000,0.000000,0.333333,0.000000,0.000000,0.000000,0.000000,0.000000,2.122614,2.851625,2.387796
2018-08-03,0.000614,0.000000,0.000614,0.004285,0.005988,0.333333,0.000000,0.333333,0.000000,0.000000,0.333333,0.000000,0.000000,0.000000,0.000000,0.000000,2.123917,2.863844,2.402094
2018-08-06,0.005263,0.000000,0.005263,0.003667,0.002360,0.333333,0.000000,0.333333,0.000000,0.000000,0.333333,0.000000,0.000000,0.000000,0.000000,0.000000,2.135095,2.874346,2.407763
2018-08-07,0.005288,0.000000,0.005288,0.003302,0.002139,0.333333,0.000000,0.333333,0.000000,0.000000,0.333333,0.000000,0.000000,0.000000,0.000000,0.000000,2.146385,2.883839,2.412914
2018-08-08,-0.001148,0.000000,-0.001148,-0.000421,-0.002721,0.333333,0.000000,0.333333,0.000000,0.000000,0.333333,0.000000,0.000000,0.000000,0.000000,0.000000,2.143921,2.882626,2.406349
2018-08-09,-0.001718,0.000000,-0.001718,-0.001366,-0.000899,0.333333,0.000000,0.333333,0.000000,0.000000,0.333333,0.000000,0.000000,0.000000,0.000000,0.000000,2.140239,2.878689,2.404185
2018-08-10,-0.003408,0.000000,-0.003408,-0.006700,-0.006720,0.333333,0.000000,0.333333,0.000000,0.000000,0.333333,0.000000,0.000000,0.000000,0.000000,0.000000,2.132945,2.859401,2.388030
2018-08-13,-0.006392,0.000000,-0.006392,-0.003744,-0.004233,0.333333,0.000000,0.333333,0.000000,0.000000,0.333333,0.000000,0.000000,0.000000,0.000000,0.000000,2.119311,2.848697,2.377922
2018-08-14,0.006104,0.000000,0.006104,0.006381,0.006075,0.333333,0.000000,0.333333,0.000000,0.000000,0.333333,0.000000,0.000000,0.000000,0.000000,0.000000,2.132247,2.866874,2.392368
2018-08-15,-0.018692,0.000000,-0.018692,-0.007467,-0.006418,0.333333,0.000000,0.333333,0.000000,0.000000,0.333333,0.000000,0.000000,0.000000,0.000000,0.000000,2.092391,2.845466,2.377015
2018-08-16,0.005516,0.000000,0.005516,0.008091,0.009134,0.333333,0.000000,0.333333,0.000000,0.000000,0.333333,0.000000,0.000000,0.000000,0.000000,0.000000,2.103933,2.868490,2.398727
2018-08-17,0.001627,0.000000,0.001627,0.003520,0.004596,0.333333,0.000000,0.333333,0.000000,0.000000,0.333333,0.000000,0.000000,0.000000,0.000000,0.000000,2.107356,2.878587,2.409751
2018-08-20,0.004118,0.000000,0.004118,0.002140,0.002970,0.333333,0.000000,0.333333,0.000000,0.000000,0.333333,0.000000,0.000000,0.000000,0.000000,0.000000,2.116035,2.884748,2.416907
2018-08-21,0.004882,0.000000,0.004882,0.002345,0.000647,0.333333,0.000000,0.333333,0.000000,0.000000,0.333333,0.000000,0.000000,0.000000,0.000000,0.000000,2.126366,2.891513,2.418471
2018-08-22,0.005345,0.000000,0.005345,-0.000594,-0.002116,0.333333,0.000000,0.333333,0.000000,0.000000,0.333333,0.000000,0.000000,0.000000,0.000000,0.000000,2.137732,2.889796,2.413354
2018-08-23,-0.001163,0.000000,-0.001163,-0.001328,-0.002363,0.333333,0.000000,0.333333,0.000000,0.000000,0.333333,0.000000,0.000000,0.000000,0.000000,0.000000,2.135245,2.885959,2.407651
2018-08-24,0.007742,0.000000,0.007742,0.006018,0.005883,0.333333,0.000000,0.333333,0.000000,0.000000,0.333333,0.000000,0.000000,0.000000,0.000000,0.000000,2.151777,2.903328,2.421816
2018-08-27,0.007658,0.000000,0.007658,0.007895,0.005929,0.333333,0.000000,0.333333,0.000000,0.000000,0.333333,0.000000,0.000000,0.000000,0.000000,0.000000,2.168255,2.926250,2.436174
2018-08-28,-0.000180,0.000000,-0.000180,0.000483,-0.000010,0.333333,0.000000,0.333333,0.000000,0.000000,0.333333,0.000000,0.000000,0.000000,0.000000,0.000000,2.167866,2.927665,2.436148
2018-08-29,0.008810,0.000000,0.008810,0.005381,0.004785,0.333333,0.000000,0.333333,0.000000,0.000000,0.333333,0.000000,0.000000,0.000000,0.000000,0.000000,2.186964,2.943419,2.447806
2018-08-30,-0.003849,0.000000,-0.003849,-0.004049,-0.004685,0.333333,0.000000,0.333333,0.000000,0.000000,0.333333,0.000000,0.000000,0.000000,0.000000,0.000000,2.178547,2.931502,2.436339
2018-08-31,-0.000996,0.000000,-0.000996,0.000035,-0.000744,0.333333,0.000000,0.333333,0.000000,0.000000,0.333333,0.000000,0.000000,0.000000,0.000000,0.000000,2.176377,2.931603,2.434526
2018-09-03,0.000000,0.000000,0.000000,0.000000,0.000000,0.333333,0.000000,0.333333,0.000000,0.000000,0.333333,0.000000,0.000000,0.000000,0.000000,0.000000,2.176377,2.931603,2.434526
2018-09-04,-0.001368,0.000000,-0.001368,-0.001723,-0.002051,0.333333,0.000000,0.333333,0.000000,0.000000,0.333333,0.000000,0.000000,0.000000,0.000000,0.000000,2.173400,2.926553,2.429533
2018-09-05,-0.008194,0.000000,-0.008194,-0.002691,0.002567,0.333333,0.000000,0.333333,0.000000,0.000000,0.333333,0.000000,0.000000,0.000000,0.000000,0.000000,2.155591,2.918677,2.435770
2018-09-06,-0.009497,0.000000,-0.009497,-0.003010,-0.001622,0.333333,0.000000,0.333333,0.000000,0.000000,0.333333,0.000000,0.000000,0.000000,0.000000,0.000000,2.135120,2.909892,2.431819
2018-09-07,-0.001203,0.000000,-0.001203,-0.001943,-0.003975,0.333333,0.000000,0.333333,0.000000,0.000000,0.333333,0.000000,0.000000,0.000000,0.000000,0.000000,2.132551,2.904237,2.422151
2018-09-10,0.002145,0.000000,0.002145,0.001738,0.002299,0.333333,0.000000,0.333333,0.000000,0.000000,0.333333,0.000000,0.000000,0.000000,0.000000,0.000000,2.137124,2.909285,2.427720
2018-09-11,0.008678,0.000000,0.008678,0.003298,0.002206,0.333333,0.000000,0.333333,0.000000,0.000000,0.333333,0.000000,0.000000,0.000000,0.000000,0.000000,2.155670,2.918879,2.433076
2018-09-12,0.000963,0.000000,0.000963,0.000242,0.001384,0.333333,0.000000,0.333333,0.000000,0.000000,0.333333,0.000000,0.000000,0.000000,0.000000,0.000000,2.157747,2.919587,2.436445
2018-09-13,0.004617,0.000000,0.004617,0.005914,0.004708,0.333333,0.000000,0.333333,0.000000,0.000000,0.333333,0.000000,0.000000,0.000000,0.000000,0.000000,2.167708,2.936853,2.447915
2018-09-14,0.000243,0.000000,0.000243,0.000172,-0.000742,0.333333,0.000000,0.333333,0.000000,0.000000,0.333333,0.000000,0.000000,0.000000,0.000000,0.000000,2.168236,2.937358,2.446097
2018-09-17,-0.007776,0.000000,-0.007776,-0.005294,-0.001468,0.333333,0.000000,0.333333,0.000000,0.000000,0.333333,0.000000,0.000000,0.000000,0.000000,0.000000,2.151375,2.921807,2.442508
2018-09-18,0.008557,0.000000,0.008557,0.005427,0.003461,0.333333,0.000000,0.333333,0.000000,0.000000,0.333333,0.000000,0.000000,0.000000,0.000000,0.000000,2.169783,2.937662,2.450961
2018-09-19,0.000316,0.000000,0.000316,0.001066,-0.000649,0.333333,0.000000,0.333333,0.000000,0.000000,0.333333,0.000000,0.000000,0.000000,0.000000,0.000000,2.170469,2.940793,2.449370
2018-09-20,0.006317,0.000000,0.006317,0.008103,0.007187,0.333333,0.000000,0.333333,0.000000,0.000000,0.333333,0.000000,0.000000,0.000000,0.000000,0.000000,2.184180,2.964624,2.466974
2018-09-21,-0.000588,0.000000,-0.000588,-0.000913,0.000587,0.333333,0.000000,0.333333,0.000000,0.000000,0.333333,0.000000,0.000000,0.000000,0.000000,0.000000,2.182897,2.961916,2.468423
2018-09-24,0.004369,0.000000,0.004369,-0.003322,-0.007091,0.333333,0.000000,0.333333,0.000000,0.000000,0.333333,0.000000,0.000000,0.000000,0.000000,0.000000,2.192433,2.952075,2.450920
2018-09-25,0.003150,0.000000,0.003150,-0.000927,-0.002626,0.333333,0.000000,0.333333,0.000000,0.000000,0.333333,0.000000,0.000000,0.000000,0.000000,0.000000,2.199338,2.949338,2.444485
2018-09-26,-0.003691,0.000000,-0.003691,-0.002992,-0.005123,0.333333,0.000000,0.333333,0.000000,0.000000,0.333333,0.000000,0.000000,0.000000,0.000000,0.000000,2.191220,2.940512,2.431962
2018-09-27,0.003106,0.000000,0.003106,0.002794,0.001570,0.333333,0.000000,0.333333,0.000000,0.000000,0.333333,0.000000,0.000000,0.000000,0.000000,0.000000,2.198026,2.948728,2.435779
2018-09-28,0.000038,0.000000,0.000038,0.000103,0.001433,0.333333,0.000000,0.333333,0.000000,0.000000,0.333333,0.000000,0.000000,0.000000,0.000000,0.000000,2.198109,2.949033,2.439270
2018-10-01,0.005190,0.000000,0.005190,0.003474,0.003149,0.333333,0.000000,0.333333,0.000000,0.000000,0.333333,0.000000,0.000000,0.000000,0.000000,0.000000,2.209518,2.959279,2.446950
2018-10-02,-0.004116,0.000000,-0.004116,-0.000583,0.000925,0.333333,0.000000,0.333333,0.000000,0.000000,0.333333,0.000000,0.000000,0.000000,0.000000,0.000000,2.200425,2.957553,2.449213
2018-10-03,0.002574,0.000000,0.002574,0.000549,-0.002196,0.333333,0.000000,0.333333,0.000000,0.000000,0.333333,0.000000,0.000000,0.000000,0.000000,0.000000,2.206088,2.959178,2.443833
2018-10-04,-0.012613,0.000000,-0.012613,-0.007816,-0.005049,0.333333,0.000000,0.333333,0.000000,0.000000,0.333333,0.000000,0.000000,0.000000,0.000000,0.000000,2.178262,2.936049,2.431494
2018-10-05,-0.006751,0.000000,-0.006751,-0.005597,-0.002425,0.333333,0.000000,0.333333,0.000000,0.000000,0.333333,0.000000,0.000000,0.000000,0.000000,0.000000,2.163556,2.919616,2.425598
2018-10-08,-0.003156,0.000000,-0.003156,0.000000,0.003406,0.333333,0.000000,0.333333,0.000000,0.000000,0.333333,0.000000,0.000000,0.000000,0.000000,0.000000,2.156729,2.919616,2.433859
2018-10-09,0.003196,0.000000,0.003196,-0.001459,-0.003591,0.333333,0.000000,0.333333,0.000000,0.000000,0.333333,0.000000,0.000000,0.000000,0.000000,0.000000,2.163622,2.915355,2.425118
2018-10-10,-0.037839,0.000000,-0.037839,-0.031663,-0.025990,0.333333,0.000000,0.333333,0.000000,0.000000,0.333333,0.000000,0.000000,0.000000,0.000000,0.000000,2.081753,2.823045,2.362089
2018-10-11,-0.021373,0.000000,-0.021373,-0.022026,-0.023124,0.333333,0.000000,0.333333,0.000000,0.000000,0.333333,0.000000,0.000000,0.000000,0.000000,0.000000,2.037260,2.760864,2.307469
2018-10-12,0.017766,0.000000,0.017766,0.013888,0.008308,0.333333,0.000000,0.333333,0.000000,0.000000,0.333333,0.000000,0.000000,0.000000,0.000000,0.000000,2.073455,2.799208,2.326639
2018-10-15,-0.009012,0.000000,-0.009012,-0.005617,-0.002295,0.333333,0.000000,0.333333,0.000000,0.000000,0.333333,0.000000,0.000000,0.000000,0.000000,0.000000,2.054768,2.783485,2.321299
2018-10-16,0.019493,0.000000,0.019493,0.021866,0.017580,0.333333,0.000000,0.333333,0.000000,0.000000,0.333333,0.000000,0.000000,0.000000,0.000000,0.000000,2.094822,2.844347,2.362108
2018-10-17,-0.006381,0.000000,-0.006381,0.000179,-0.001753,0.333333,0.000000,0.333333,0.000000,0.000000,0.333333,0.000000,0.000000,0.000000,0.000000,0.000000,2.081455,2.844855,2.357968
2018-10-18,-0.014580,0.000000,-0.014580,-0.014441,-0.009978,0.333333,0.000000,0.333333,0.000000,0.000000,0.333333,0.000000,0.000000,0.000000,0.000000,0.000000,2.051107,2.803772,2.334440
2018-10-19,-0.006358,0.000000,-0.006358,-0.000543,0.001342,0.333333,0.000000,0.333333,0.000000,0.000000,0.333333,0.000000,0.000000,0.000000,0.000000,0.000000,2.038067,2.802250,2.337573
2018-10-22,0.000428,0.000000,0.000428,-0.004489,-0.006766,0.333333,0.000000,0.333333,0.000000,0.000000,0.333333,0.000000,0.000000,0.000000,0.000000,0.000000,2.038939,2.789672,2.321757
2018-10-23,-0.009930,0.000000,-0.009930,-0.005091,-0.006429,0.333333,0.000000,0.333333,0.000000,0.000000,0.333333,0.000000,0.000000,0.000000,0.000000,0.000000,2.018693,2.775471,2.306829
2018-10-24,-0.038050,0.000000,-0.038050,-0.030299,-0.019755,0.333333,0.000000,0.333333,0.000000,0.000000,0.333333,0.000000,0.000000,0.000000,0.000000,0.000000,1.941881,2.691378,2.261259
2018-10-25,0.025615,0.000000,0.025615,0.017941,0.012388,0.333333,0.000000,0.333333,0.000000,0.000000,0.333333,0.000000,0.000000,0.000000,0.000000,0.000000,1.991621,2.739663,2.289271
2018-10-26,-0.019525,0.000000,-0.019525,-0.017587,-0.016359,0.333333,0.000000,0.333333,0.000000,0.000000,0.333333,0.000000,0.000000,0.000000,0.000000,0.000000,1.952734,2.691479,2.251822
2018-10-29,-0.014781,0.000000,-0.014781,-0.005540,-0.001003,0.333333,0.000000,0.333333,0.000000,0.000000,0.333333,0.000000,0.000000,0.000000,0.000000,0.000000,1.923871,2.676567,2.249563
2018-10-30,0.016458,0.000000,0.016458,0.014819,0.016111,0.333333,0.000000,0.333333,0.000000,0.000000,0.333333,0.000000,0.000000,0.000000,0.000000,0.000000,1.955534,2.716230,2.285806
2018-10-31,0.014269,0.000000,0.014269,0.010681,0.004470,0.333333,0.000000,0.333333,0.000000,0.000000,0.333333,0.000000,0.000000,0.000000,0.000000,0.000000,1.983437,2.745242,2.296024
2018-11-01,0.014906,0.000167,0.014739,0.010642,0.010986,0.333333,0.000000,0.000000,0.333333,0.000000,0.333333,0.000000,0.000000,0.000000,0.000000,0.000000,2.012672,2.774457,2.321249
2018-11-02,-0.007228,0.000000,-0.007228,-0.005923,-0.004827,0.333333,0.000000,0.000000,0.333333,0.000000,0.333333,0.000000,0.000000,0.000000,0.000000,0.000000,1.998125,2.758023,2.310044
2018-11-05,0.003074,0.000000,0.003074,0.005517,0.009327,0.333333,0.000000,0.000000,0.333333,0.000000,0.333333,0.000000,0.000000,0.000000,0.000000,0.000000,2.004267,2.773239,2.331590
2018-11-06,0.005270,0.000000,0.005270,0.006328,0.007096,0.333333,0.000000,0.000000,0.333333,0.000000,0.333333,0.000000,0.000000,0.000000,0.000000,0.000000,2.014829,2.790789,2.348136
2018-11-07,0.028613,0.000000,0.028613,0.021409,0.017758,0.333333,0.000000,0.000000,0.333333,0.000000,0.333333,0.000000,0.000000,0.000000,0.000000,0.000000,2.072478,2.850535,2.389833
2018-11-08,-0.000012,0.000000,-0.000012,-0.001815,-0.002369,0.333333,0.000000,0.000000,0.333333,0.000000,0.333333,0.000000,0.000000,0.000000,0.000000,0.000000,2.072453,2.845363,2.384173
2018-11-09,-0.011365,0.000000,-0.011365,-0.009768,-0.006057,0.333333,0.000000,0.000000,0.333333,0.000000,0.333333,0.000000,0.000000,0.000000,0.000000,0.000000,2.048898,2.817568,2.369731
2018-11-12,-0.022955,0.000000,-0.022955,-0.018685,-0.014770,0.333333,0.000000,0.000000,0.333333,0.000000,0.333333,0.000000,0.000000,0.000000,0.000000,0.000000,2.001865,2.764921,2.334730
2018-11-13,-0.002085,0.000000,-0.002085,-0.001871,-0.001801,0.333333,0.000000,0.000000,0.333333,0.000000,0.333333,0.000000,0.000000,0.000000,0.000000,0.000000,1.997690,2.759748,2.330525
2018-11-14,-0.009180,0.000000,-0.009180,-0.006837,-0.006455,0.333333,0.000000,0.000000,0.333333,0.000000,0.333333,0.000000,0.000000,0.000000,0.000000,0.000000,1.979351,2.740880,2.315480
2018-11-15,0.010806,0.000000,0.010806,0.010437,0.007114,0.333333,0.000000,0.000000,0.333333,0.000000,0.333333,0.000000,0.000000,0.000000,0.000000,0.000000,2.000739,2.769486,2.331952
2018-11-16,0.001518,0.000000,0.001518,0.002601,0.005946,0.333333,0.000000,0.000000,0.333333,0.000000,0.333333,0.000000,0.000000,0.000000,0.000000,0.000000,2.003776,2.776689,2.345818
2018-11-19,-0.025091,0.000000,-0.025091,-0.016915,-0.010062,0.333333,0.000000,0.000000,0.333333,0.000000,0.333333,0.000000,0.000000,0.000000,0.000000,0.000000,1.953500,2.729722,2.322214
2018-11-20,-0.017830,0.000000,-0.017830,-0.018506,-0.018111,0.333333,0.000000,0.000000,0.333333,0.000000,0.333333,0.000000,0.000000,0.000000,0.000000,0.000000,1.918668,2.679205,2.280155
2018-11-21,0.004036,0.000000,0.004036,0.003408,0.002032,0.333333,0.000000,0.000000,0.333333,0.000000,0.333333,0.000000,0.000000,0.000000,0.000000,0.000000,1.926411,2.688335,2.284789
2018-11-22,0.000000,0.000000,0.000000,0.000000,0.000000,0.333333,0.000000,0.000000,0.333333,0.000000,0.333333,0.000000,0.000000,0.000000,0.000000,0.000000,1.926411,2.688335,2.284789
2018-11-23,-0.004053,0.000000,-0.004053,-0.006679,-0.006390,0.333333,0.000000,0.000000,0.333333,0.000000,0.333333,0.000000,0.000000,0.000000,0.000000,0.000000,1.918603,2.670380,2.270189
2018-11-26,0.018260,0.000000,0.018260,0.016144,0.011826,0.333333,0.000000,0.000000,0.333333,0.000000,0.333333,0.000000,0.000000,0.000000,0.000000,0.000000,1.953637,2.713491,2.297035
2018-11-27,0.005114,0.000000,0.005114,0.003365,0.002128,0.333333,0.000000,0.000000,0.333333,0.000000,0.333333,0.000000,0.000000,0.000000,0.000000,0.000000,1.963627,2.722622,2.301924
2018-11-28,0.029540,0.000000,0.029540,0.023025,0.018005,0.333333,0.000000,0.000000,0.333333,0.000000,0.333333,0.000000,0.000000,0.000000,0.000000,0.000000,2.021634,2.785311,2.343371
2018-11-29,-0.003681,0.000000,-0.003681,-0.002185,-0.000280,0.333333,0.000000,0.000000,0.333333,0.000000,0.333333,0.000000,0.000000,0.000000,0.000000,0.000000,2.014192,2.779224,2.342716
2018-11-30,0.012371,0.000000,0.012371,0.006096,0.008360,0.333333,0.000000,0.000000,0.333333,0.000000,0.333333,0.000000,0.000000,0.000000,0.000000,0.000000,2.039109,2.796165,2.362302
2018-12-03,0.011995,0.000000,0.011995,0.013241,0.010937,0.333333,0.000000,0.000000,0.333333,0.000000,0.333333,0.000000,0.000000,0.000000,0.000000,0.000000,2.063569,2.833188,2.388139
2018-12-04,-0.032065,0.000000,-0.032065,-0.032402,-0.026998,0.333333,0.000000,0.000000,0.333333,0.000000,0.333333,0.000000,0.000000,0.000000,0.000000,0.000000,1.997400,2.741387,2.323663
2018-12-05,0.000000,0.000000,0.000000,0.000000,0.000000,0.333333,0.000000,0.000000,0.333333,0.000000,0.333333,0.000000,0.000000,0.000000,0.000000,0.000000,1.997400,2.741387,2.323663
2018-12-06,0.001101,0.000000,0.001101,-0.001517,-0.001852,0.333333,0.000000,0.000000,0.333333,0.000000,0.333333,0.000000,0.000000,0.000000,0.000000,0.000000,1.999598,2.737228,2.319359
2018-12-07,-0.030228,0.000000,-0.030228,-0.023236,-0.018979,0.333333,0.000000,0.000000,0.333333,0.000000,0.333333,0.000000,0.000000,0.000000,0.000000,0.000000,1.939154,2.673626,2.275340
2018-12-10,0.006139,0.000000,0.006139,0.001897,-0.000781,0.333333,0.000000,0.000000,0.333333,0.000000,0.333333,0.000000,0.000000,0.000000,0.000000,0.000000,1.951058,2.678698,2.273562
2018-12-11,0.001563,0.000000,0.001563,0.000227,0.000024,0.333333,0.000000,0.000000,0.333333,0.000000,0.333333,0.000000,0.000000,0.000000,0.000000,0.000000,1.954107,2.679307,2.273617
2018-12-12,0.008955,0.000000,0.008955,0.005035,0.002432,0.333333,0.000000,0.000000,0.333333,0.000000,0.333333,0.000000,0.000000,0.000000,0.000000,0.000000,1.971605,2.692798,2.279148
2018-12-13,-0.000776,0.000000,-0.000776,-0.000339,0.000086,0.333333,0.000000,0.000000,0.333333,0.000000,0.333333,0.000000,0.000000,0.000000,0.000000,0.000000,1.970075,2.691885,2.279342
2018-12-14,-0.024924,0.000000,-0.024924,-0.018465,-0.014964,0.333333,0.000000,0.000000,0.333333,0.000000,0.333333,0.000000,0.000000,0.000000,0.000000,0.000000,1.920972,2.642180,2.245235
2018-12-17,-0.022174,0.000000,-0.022174,-0.019618,-0.022090,0.333333,0.000000,0.000000,0.333333,0.000000,0.333333,0.000000,0.000000,0.000000,0.000000,0.000000,1.878376,2.590345,2.195637
2018-12-18,0.002338,0.000000,0.002338,-0.001096,-0.001842,0.333333,0.000000,0.000000,0.333333,0.000000,0.333333,0.000000,0.000000,0.000000,0.000000,0.000000,1.882769,2.587505,2.191593
2018-12-19,-0.017551,0.000000,-0.017551,-0.014976,-0.013000,0.333333,0.000000,0.000000,0.333333,0.000000,0.333333,0.000000,0.000000,0.000000,0.000000,0.000000,1.849724,2.548755,2.163103
2018-12-20,-0.018146,0.000000,-0.018146,-0.016278,-0.015325,0.333333,0.000000,0.000000,0.333333,0.000000,0.333333,0.000000,0.000000,0.000000,0.000000,0.000000,1.816159,2.507266,2.129953
2018-12-21,-0.021822,0.000000,-0.021822,-0.020490,-0.015299,0.333333,0.000000,0.000000,0.333333,0.000000,0.333333,0.000000,0.000000,0.000000,0.000000,0.000000,1.776527,2.455893,2.097366
2018-12-24,-0.023207,0.000000,-0.023207,-0.026423,-0.029529,0.333333,0.000000,0.000000,0.333333,0.000000,0.333333,0.000000,0.000000,0.000000,0.000000,0.000000,1.735299,2.391002,2.035433
2018-12-25,0.000000,0.000000,0.000000,0.000000,0.000000,0.333333,0.000000,0.000000,0.333333,0.000000,0.333333,0.000000,0.000000,0.000000,0.000000,0.000000,1.735299,2.391002,2.035433
2018-12-26,0.054422,0.000000,0.054422,0.050525,0.043546,0.333333,0.000000,0.000000,0.333333,0.000000,0.333333,0.000000,0.000000,0.000000,0.000000,0.000000,1.829738,2.511807,2.124068
2018-12-27,0.007860,0.000000,0.007860,0.007677,0.009202,0.333333,0.000000,0.000000,0.333333,0.000000,0.333333,0.000000,0.000000,0.000000,0.000000,0.000000,1.844120,2.531091,2.143614
2018-12-28,-0.000333,0.000000,-0.000333,-0.001290,-0.001106,0.333333,0.000000,0.000000,0.333333,0.000000,0.333333,0.000000,0.000000,0.000000,0.000000,0.000000,1.843506,2.527826,2.141243
2018-12-31,0.011648,0.000000,0.011648,0.008759,0.007617,0.333333,0.000000,0.000000,0.333333,0.000000,0.333333,0.000000,0.000000,0.000000,0.000000,0.000000,1.864980,2.549966,2.157553
2019-01-01,0.000000,0.000333,-0.000333,0.000000,0.000000,0.000000,0.000000,0.000000,0.333333,0.000000,0.000000,0.000000,0.333333,0.000000,0.333333,0.000000,1.864358,2.549966,2.157553
2019-01-02,-0.018414,0.000000,-0.018414,0.001040,-0.001456,0.000000,0.000000,0.000000,0.333333,0.000000,0.000000,0.000000,0.333333,0.000000,0.333333,0.000000,1.830028,2.552619,2.154411
2019-01-03,-0.005292,0.000000,-0.005292,-0.023863,-0.018493,0.000000,0.000000,0.000000,0.333333,0.000000,0.000000,0.000000,0.333333,0.000000,0.333333,0.000000,1.820344,2.491706,2.114571
2019-01-04,0.018275,0.000000,0.018275,0.033496,0.029804,0.000000,0.000000,0.000000,0.333333,0.000000,0.000000,0.000000,0.333333,0.000000,0.333333,0.000000,1.853611,2.575168,2.177593
2019-01-07,0.001825,0.000000,0.001825,0.007885,0.006341,0.000000,0.000000,0.000000,0.333333,0.000000,0.000000,0.000000,0.333333,0.000000,0.333333,0.000000,1.856994,2.595472,2.191402
2019-01-08,0.012528,0.000000,0.012528,0.009395,0.009896,0.000000,0.000000,0.000000,0.333333,0.000000,0.000000,0.000000,0.333333,0.000000,0.333333,0.000000,1.880259,2.619857,2.213087
2019-01-09,-0.001889,0.000000,-0.001889,0.004674,0.003099,0.000000,0.000000,0.000000,0.333333,0.000000,0.000000,0.000000,0.333333,0.000000,0.333333,0.000000,1.876707,2.632102,2.219946
2019-01-10,0.010316,0.000000,0.010316,0.003527,0.006409,0.000000,0.000000,0.000000,0.333333,0.000000,0.000000,0.000000,0.333333,0.000000,0.333333,0.000000,1.896067,2.641387,2.234173
2019-01-11,0.000483,0.000000,0.000483,0.000386,-0.000507,0.000000,0.000000,0.000000,0.333333,0.000000,0.000000,0.000000,0.333333,0.000000,0.333333,0.000000,1.896984,2.642407,2.233040
2019-01-14,-0.012239,0.000000,-0.012239,-0.006101,-0.006025,0.000000,0.000000,0.000000,0.333333,0.000000,0.000000,0.000000,0.333333,0.000000,0.333333,0.000000,1.873766,2.626285,2.219587
2019-01-15,0.013854,0.000000,0.013854,0.011461,0.007845,0.000000,0.000000,0.000000,0.333333,0.000000,0.000000,0.000000,0.333333,0.000000,0.333333,0.000000,1.899724,2.656385,2.236999
2019-01-16,0.002151,0.000000,0.002151,0.002420,0.002463,0.000000,0.000000,0.000000,0.333333,0.000000,0.000000,0.000000,0.333333,0.000000,0.333333,0.000000,1.903810,2.662813,2.242508
2019-01-17,0.005981,0.000000,0.005981,0.007586,0.008482,0.000000,0.000000,0.000000,0.333333,0.000000,0.000000,0.000000,0.333333,0.000000,0.333333,0.000000,1.915196,2.683015,2.261529
2019-01-18,0.005575,0.000000,0.005575,0.013310,0.013083,0.000000,0.000000,0.000000,0.333333,0.000000,0.000000,0.000000,0.333333,0.000000,0.333333,0.000000,1.925874,2.718726,2.291116
2019-01-21,0.000000,0.000000,0.000000,0.000000,0.000000,0.000000,0.000000,0.000000,0.333333,0.000000,0.000000,0.000000,0.333333,0.000000,0.333333,0.000000,1.925874,2.718726,2.291116
2019-01-22,-0.002279,0.000000,-0.002279,-0.013510,-0.011560,0.000000,0.000000,0.000000,0.333333,0.000000,0.000000,0.000000,0.333333,0.000000,0.333333,0.000000,1.921484,2.681995,2.264631
2019-01-23,0.003958,0.000000,0.003958,0.002092,0.001478,0.000000,0.000000,0.000000,0.333333,0.000000,0.000000,0.000000,0.333333,0.000000,0.333333,0.000000,1.929089,2.687607,2.267977
2019-01-24,0.000272,0.000000,0.000272,0.000532,0.000842,0.000000,0.000000,0.000000,0.333333,0.000000,0.000000,0.000000,0.333333,0.000000,0.333333,0.000000,1.929615,2.689035,2.269887
2019-01-25,-0.000282,0.000000,-0.000282,0.008461,0.007288,0.000000,0.000000,0.000000,0.333333,0.000000,0.000000,0.000000,0.333333,0.000000,0.333333,0.000000,1.929070,2.711788,2.286430
2019-01-28,-0.002029,0.000000,-0.002029,-0.007600,-0.004513,0.000000,0.000000,0.000000,0.333333,0.000000,0.000000,0.000000,0.333333,0.000000,0.333333,0.000000,1.925156,2.691178,2.276111
2019-01-29,0.005163,0.000000,0.005163,-0.001327,0.002433,0.000000,0.000000,0.000000,0.333333,0.000000,0.000000,0.000000,0.333333,0.000000,0.333333,0.000000,1.935096,2.687607,2.281649
2019-01-30,0.009902,0.000000,0.009902,0.015831,0.013334,0.000000,0.000000,0.000000,0.333333,0.000000,0.000000,0.000000,0.333333,0.000000,0.333333,0.000000,1.954256,2.730154,2.312073
2019-01-31,0.014428,0.000000,0.014428,0.008783,0.006414,0.000000,0.000000,0.000000,0.333333,0.000000,0.000000,0.000000,0.333333,0.000000,0.333333,0.000000,1.982452,2.754132,2.326902
2019-02-01,-0.003023,0.000000,-0.003023,0.000482,0.000519,0.000000,0.000000,0.000000,0.333333,0.000000,0.000000,0.000000,0.333333,0.000000,0.333333,0.000000,1.976458,2.755458,2.328109
2019-02-04,0.001549,0.000000,0.001549,0.007035,0.005141,0.000000,0.000000,0.000000,0.333333,0.000000,0.000000,0.000000,0.333333,0.000000,0.333333,0.000000,1.979519,2.774843,2.340077
2019-02-05,0.002426,0.000000,0.002426,0.004192,0.004006,0.000000,0.000000,0.000000,0.333333,0.000000,0.000000,0.000000,0.333333,0.000000,0.333333,0.000000,1.984322,2.786475,2.349450
2019-02-06,-0.001275,0.000000,-0.001275,-0.001318,-0.001860,0.000000,0.000000,0.000000,0.333333,0.000000,0.000000,0.000000,0.333333,0.000000,0.333333,0.000000,1.981791,2.782802,2.345081
2019-02-07,0.003534,0.000000,0.003534,-0.009533,-0.006480,0.000000,0.000000,0.000000,0.333333,0.000000,0.000000,0.000000,0.333333,0.000000,0.333333,0.000000,1.988794,2.756275,2.329885
2019-02-08,0.002074,0.000000,0.002074,0.001221,0.000360,0.000000,0.000000,0.000000,0.333333,0.000000,0.000000,0.000000,0.333333,0.000000,0.333333,0.000000,1.992920,2.759641,2.330723
2019-02-11,0.000437,0.000000,0.000437,0.000555,0.001998,0.000000,0.000000,0.000000,0.333333,0.000000,0.000000,0.000000,0.333333,0.000000,0.333333,0.000000,1.993790,2.761171,2.335381
2019-02-12,0.003035,0.000000,0.003035,0.012860,0.011080,0.000000,0.000000,0.000000,0.333333,0.000000,0.000000,0.000000,0.333333,0.000000,0.333333,0.000000,1.999842,2.796678,2.361256
2019-02-13,0.002003,0.000000,0.002003,0.003247,0.003831,0.000000,0.000000,0.000000,0.333333,0.000000,0.000000,0.000000,0.333333,0.000000,0.333333,0.000000,2.003847,2.805759,2.370302
2019-02-14,0.001478,0.000000,0.001478,-0.002218,-0.002719,0.000000,0.000000,0.000000,0.333333,0.000000,0.000000,0.000000,0.333333,0.000000,0.333333,0.000000,2.006809,2.799535,2.363858
2019-02-15,0.008061,0.000000,0.008061,0.010897,0.011284,0.000000,0.000000,0.000000,0.333333,0.000000,0.000000,0.000000,0.333333,0.000000,0.333333,0.000000,2.022986,2.830042,2.390532
2019-02-18,0.000000,0.000000,0.000000,0.000000,0.000000,0.000000,0.000000,0.000000,0.333333,0.000000,0.000000,0.000000,0.333333,0.000000,0.333333,0.000000,2.022986,2.830042,2.390532
2019-02-19,0.001566,0.000000,0.001566,0.001731,0.002461,0.000000,0.000000,0.000000,0.333333,0.000000,0.000000,0.000000,0.333333,0.000000,0.333333,0.000000,2.026154,2.834940,2.396414
2019-02-20,-0.001002,0.000000,-0.001002,0.002015,0.003085,0.000000,0.000000,0.000000,0.333333,0.000000,0.000000,0.000000,0.333333,0.000000,0.333333,0.000000,2.024125,2.840653,2.403808
2019-02-21,0.000084,0.000000,0.000084,-0.003556,-0.002711,0.000000,0.000000,0.000000,0.333333,0.000000,0.000000,0.000000,0.333333,0.000000,0.333333,0.000000,2.024294,2.830553,2.397290
2019-02-22,0.007022,0.000000,0.007022,0.006200,0.004682,0.000000,0.000000,0.000000,0.333333,0.000000,0.000000,0.000000,0.333333,0.000000,0.333333,0.000000,2.038509,2.848102,2.408513
2019-02-25,-0.004449,0.000000,-0.004449,0.001361,-0.000116,0.000000,0.000000,0.000000,0.333333,0.000000,0.000000,0.000000,0.333333,0.000000,0.333333,0.000000,2.029439,2.851979,2.408235
2019-02-26,-0.002269,0.000000,-0.002269,-0.000716,-0.001743,0.000000,0.000000,0.000000,0.333333,0.000000,0.000000,0.000000,0.333333,0.000000,0.333333,0.000000,2.024834,2.849938,2.404037
2019-02-27,-0.002196,0.000000,-0.002196,-0.000429,0.000013,0.000000,0.000000,0.000000,0.333333,0.000000,0.000000,0.000000,0.333333,0.000000,0.333333,0.000000,2.020387,2.848714,2.404069
2019-02-28,0.001925,0.000000,0.001925,-0.001862,-0.002589,0.000000,0.000000,0.000000,0.333333,0.000000,0.000000,0.000000,0.333333,0.000000,0.333333,0.000000,2.024276,2.843409,2.397845
2019-03-01,0.005046,0.000000,0.005046,0.006243,0.005259,0.000000,0.000000,0.000000,0.333333,0.000000,0.000000,0.000000,0.333333,0.000000,0.333333,0.000000,2.034490,2.861161,2.410456
2019-03-04,-0.002589,0.000000,-0.002589,-0.003637,-0.002083,0.000000,0.000000,0.000000,0.333333,0.000000,0.000000,0.000000,0.333333,0.000000,0.333333,0.000000,2.029223,2.850755,2.405435
2019-03-05,0.000368,0.000000,0.000368,-0.001360,-0.001829,0.000000,0.000000,0.000000,0.333333,0.000000,0.000000,0.000000,0.333333,0.000000,0.333333,0.000000,2.029969,2.846877,2.401037
2019-03-06,-0.005733,0.000000,-0.005733,-0.006057,-0.005489,0.000000,0.000000,0.000000,0.333333,0.000000,0.000000,0.000000,0.333333,0.000000,0.333333,0.000000,2.018331,2.829635,2.387857
2019-03-07,-0.001800,0.000000,-0.001800,-0.008366,-0.006393,0.000000,0.000000,0.000000,0.333333,0.000000,0.000000,0.000000,0.333333,0.000000,0.333333,0.000000,2.014697,2.805962,2.372593
2019-03-08,0.000743,0.000000,0.000743,-0.002000,-0.002381,0.000000,0.000000,0.000000,0.333333,0.000000,0.000000,0.000000,0.333333,0.000000,0.333333,0.000000,2.016194,2.800351,2.366945
2019-03-11,0.011347,0.000000,0.011347,0.014501,0.013109,0.000000,0.000000,0.000000,0.333333,0.000000,0.000000,0.000000,0.333333,0.000000,0.333333,0.000000,2.039073,2.840960,2.397972
2019-03-12,0.006525,0.000000,0.006525,0.003771,0.003292,0.000000,0.000000,0.000000,0.333333,0.000000,0.000000,0.000000,0.333333,0.000000,0.333333,0.000000,2.052377,2.851673,2.405865
2019-03-13,0.005523,0.000000,0.005523,0.006619,0.006290,0.000000,0.000000,0.000000,0.333333,0.000000,0.000000,0.000000,0.333333,0.000000,0.333333,0.000000,2.063713,2.870549,2.420998
2019-03-14,0.000240,0.000000,0.000240,-0.000640,-0.000710,0.000000,0.000000,0.000000,0.333333,0.000000,0.000000,0.000000,0.333333,0.000000,0.333333,0.000000,2.064208,2.868712,2.419279
2019-03-15,0.001373,0.000000,0.001373,0.004941,0.003262,0.000000,0.000000,0.000000,0.333333,0.000000,0.000000,0.000000,0.333333,0.000000,0.333333,0.000000,2.067042,2.882886,2.427171
2019-03-18,-0.003460,0.000000,-0.003460,0.003626,0.004111,0.000000,0.000000,0.000000,0.333333,0.000000,0.000000,0.000000,0.333333,0.000000,0.333333,0.000000,2.059891,2.893338,2.437150
2019-03-19,-0.002091,0.000000,-0.002091,0.000248,-0.001533,0.000000,0.000000,0.000000,0.333333,0.000000,0.000000,0.000000,0.333333,0.000000,0.333333,0.000000,2.055584,2.894055,2.433413
2019-03-20,0.000084,0.000000,0.000084,-0.003009,-0.002485,0.000000,0.000000,0.000000,0.333333,0.000000,0.000000,0.000000,0.333333,0.000000,0.333333,0.000000,2.055757,2.885346,2.427366
2019-03-21,0.010786,0.000000,0.010786,0.011295,0.010715,0.000000,0.000000,0.000000,0.333333,0.000000,0.000000,0.000000,0.333333,0.000000,0.333333,0.000000,2.077931,2.917934,2.453374
2019-03-22,-0.005232,0.000000,-0.005232,-0.019246,-0.016751,0.000000,0.000000,0.000000,0.333333,0.000000,0.000000,0.000000,0.333333,0.000000,0.333333,0.000000,2.067060,2.861775,2.412277
2019-03-25,0.000380,0.000000,0.000380,-0.000752,0.000129,0.000000,0.000000,0.000000,0.333333,0.000000,0.000000,0.000000,0.333333,0.000000,0.333333,0.000000,2.067846,2.859621,2.412589
2019-03-26,0.006720,0.000000,0.006720,0.007454,0.007746,0.000000,0.000000,0.000000,0.333333,0.000000,0.000000,0.000000,0.333333,0.000000,0.333333,0.000000,2.081742,2.880938,2.431276
2019-03-27,-0.006206,0.000000,-0.006206,-0.005229,-0.004137,0.000000,0.000000,0.000000,0.333333,0.000000,0.000000,0.000000,0.333333,0.000000,0.333333,0.000000,2.068823,2.865874,2.421218
2019-03-28,-0.000297,0.000000,-0.000297,0.003790,0.004363,0.000000,0.000000,0.000000,0.333333,0.000000,0.000000,0.000000,0.333333,0.000000,0.333333,0.000000,2.068209,2.876736,2.431780
2019-03-29,0.005702,0.000000,0.005702,0.006306,0.005950,0.000000,0.000000,0.000000,0.333333,0.000000,0.000000,0.000000,0.333333,0.000000,0.333333,0.000000,2.080001,2.894876,2.446249
2019-04-01,-0.002796,0.000000,-0.002796,0.011859,0.008613,0.000000,0.000000,0.000000,0.333333,0.000000,0.000000,0.000000,0.333333,0.000000,0.333333,0.000000,2.074185,2.929206,2.467318
2019-04-02,0.002561,0.000000,0.002561,0.000490,-0.000189,0.000000,0.000000,0.000000,0.333333,0.000000,0.000000,0.000000,0.333333,0.000000,0.333333,0.000000,2.079498,2.930642,2.466851
2019-04-03,-0.001321,0.000000,-0.001321,0.001573,0.000982,0.000000,0.000000,0.000000,0.333333,0.000000,0.000000,0.000000,0.333333,0.000000,0.333333,0.000000,2.076751,2.935253,2.469273
2019-04-04,-0.002854,0.000000,-0.002854,0.002654,0.002983,0.000000,0.000000,0.000000,0.333333,0.000000,0.000000,0.000000,0.333333,0.000000,0.333333,0.000000,2.070825,2.943041,2.476640
2019-04-05,0.007999,0.000000,0.007999,0.004840,0.005973,0.000000,0.000000,0.000000,0.333333,0.000000,0.000000,0.000000,0.333333,0.000000,0.333333,0.000000,2.087389,2.957287,2.491433
2019-04-08,-0.004066,0.000000,-0.004066,0.000762,0.000096,0.000000,0.000000,0.000000,0.333333,0.000000,0.000000,0.000000,0.333333,0.000000,0.333333,0.000000,2.078901,2.959540,2.491672
2019-04-09,-0.001069,0.000000,-0.001069,-0.005124,-0.005948,0.000000,0.000000,0.000000,0.333333,0.000000,0.000000,0.000000,0.333333,0.000000,0.333333,0.000000,2.076678,2.944374,2.476852
2019-04-10,0.001737,0.000000,0.001737,0.003411,0.002583,0.000000,0.000000,0.000000,0.333333,0.000000,0.000000,0.000000,0.333333,0.000000,0.333333,0.000000,2.080286,2.954417,2.483249
2019-04-11,-0.002884,0.000000,-0.002884,-0.000278,0.000814,0.000000,0.000000,0.000000,0.333333,0.000000,0.000000,0.000000,0.333333,0.000000,0.333333,0.000000,2.074287,2.953596,2.485271
2019-04-12,0.000327,0.000000,0.000327,0.006766,0.006490,0.000000,0.000000,0.000000,0.333333,0.000000,0.000000,0.000000,0.333333,0.000000,0.333333,0.000000,2.074967,2.973581,2.501400
2019-04-15,-0.000719,0.000000,-0.000719,-0.000655,-0.001704,0.000000,0.000000,0.000000,0.333333,0.000000,0.000000,0.000000,0.333333,0.000000,0.333333,0.000000,2.073475,2.971634,2.497138
2019-04-16,-0.018821,0.000000,-0.018821,0.000655,-0.001557,0.000000,0.000000,0.000000,0.333333,0.000000,0.000000,0.000000,0.333333,0.000000,0.333333,0.000000,2.034450,2.973581,2.493250
2019-04-17,-0.014325,0.000000,-0.014325,-0.002447,-0.003419,0.000000,0.000000,0.000000,0.333333,0.000000,0.000000,0.000000,0.333333,0.000000,0.333333,0.000000,2.005307,2.966304,2.484725
2019-04-18,0.003367,0.000000,0.003367,0.001969,0.001853,0.000000,0.000000,0.000000,0.333333,0.000000,0.000000,0.000000,0.333333,0.000000,0.333333,0.000000,2.012058,2.972146,2.489329
2019-04-19,0.000000,0.000000,0.000000,0.000000,0.000000,0.000000,0.000000,0.000000,0.333333,0.000000,0.000000,0.000000,0.333333,0.000000,0.333333,0.000000,2.012058,2.972146,2.489329
2019-04-22,-0.003756,0.000000,-0.003756,0.000862,-0.000398,0.000000,0.000000,0.000000,0.333333,0.000000,0.000000,0.000000,0.333333,0.000000,0.333333,0.000000,2.004501,2.974707,2.488339
2019-04-23,0.009999,0.000000,0.009999,0.008992,0.006755,0.000000,0.000000,0.000000,0.333333,0.000000,0.000000,0.000000,0.333333,0.000000,0.333333,0.000000,2.024544,3.001456,2.505148
2019-04-24,0.004112,0.000000,0.004112,-0.002219,-0.001203,0.000000,0.000000,0.000000,0.333333,0.000000,0.000000,0.000000,0.333333,0.000000,0.333333,0.000000,2.032869,2.994794,2.502135
2019-04-25,0.004451,0.000000,0.004451,-0.000616,-0.003262,0.000000,0.000000,0.000000,0.333333,0.000000,0.000000,0.000000,0.333333,0.000000,0.333333,0.000000,2.041918,2.992949,2.493974
2019-04-26,0.006083,0.000000,0.006083,0.004657,0.004339,0.000000,0.000000,0.000000,0.333333,0.000000,0.000000,0.000000,0.333333,0.000000,0.333333,0.000000,2.054340,3.006888,2.504796
2019-04-29,-0.005977,0.000000,-0.005977,0.001567,-0.001033,0.000000,0.000000,0.000000,0.333333,0.000000,0.000000,0.000000,0.333333,0.000000,0.333333,0.000000,2.042061,3.011600,2.502208
2019-04-30,0.010857,0.000000,0.010857,0.000510,0.005756,0.000000,0.000000,0.000000,0.333333,0.000000,0.000000,0.000000,0.333333,0.000000,0.333333,0.000000,2.064233,3.013138,2.516612
2019-05-01,-0.007508,0.000167,-0.007674,-0.007516,-0.009183,0.000000,0.000000,0.000000,0.000000,0.000000,0.000000,0.333333,0.333333,0.000000,0.333333,0.000000,2.048391,2.990491,2.493502
2019-05-02,-0.000215,0.000000,-0.000215,-0.002159,-0.002286,0.000000,0.000000,0.000000,0.000000,0.000000,0.000000,0.333333,0.333333,0.000000,0.333333,0.000000,2.047951,2.984034,2.487801
2019-05-03,0.006664,0.000000,0.006664,0.009788,0.008905,0.000000,0.000000,0.000000,0.000000,0.000000,0.000000,0.333333,0.333333,0.000000,0.333333,0.000000,2.061598,3.013240,2.509955
2019-05-06,-0.003728,0.000000,-0.003728,-0.004115,-0.004959,0.000000,0.000000,0.000000,0.000000,0.000000,0.000000,0.333333,0.333333,0.000000,0.333333,0.000000,2.053913,3.000841,2.497508
2019-05-07,-0.010058,0.000000,-0.010058,-0.016700,-0.014898,0.000000,0.000000,0.000000,0.000000,0.000000,0.000000,0.333333,0.333333,0.000000,0.333333,0.000000,2.033253,2.950726,2.460299
2019-05-08,-0.004615,0.000000,-0.004615,-0.001389,-0.001564,0.000000,0.000000,0.000000,0.000000,0.000000,0.000000,0.333333,0.333333,0.000000,0.333333,0.000000,2.023871,2.946628,2.456450
2019-05-09,0.000010,0.000000,0.000010,-0.003026,-0.002447,0.000000,0.000000,0.000000,0.000000,0.000000,0.000000,0.333333,0.333333,0.000000,0.333333,0.000000,2.023891,2.937712,2.450440
2019-05-10,0.013861,0.000000,0.013861,0.005024,0.007539,0.000000,0.000000,0.000000,0.000000,0.000000,0.000000,0.333333,0.333333,0.000000,0.333333,0.000000,2.051945,2.952469,2.468913
2019-05-13,0.000425,0.000000,0.000425,-0.025130,-0.018216,0.000000,0.000000,0.000000,0.000000,0.000000,0.000000,0.333333,0.333333,0.000000,0.333333,0.000000,2.052817,2.878273,2.423938
2019-05-14,0.000566,0.000000,0.000566,0.009044,0.007197,0.000000,0.000000,0.000000,0.000000,0.000000,0.000000,0.333333,0.333333,0.000000,0.333333,0.000000,2.053979,2.904304,2.441384
2019-05-15,0.004264,0.000000,0.004264,0.005857,0.003364,0.000000,0.000000,0.000000,0.000000,0.000000,0.000000,0.333333,0.333333,0.000000,0.333333,0.000000,2.062738,2.921316,2.449597
2019-05-16,0.006766,0.000000,0.006766,0.009261,0.008532,0.000000,0.000000,0.000000,0.000000,0.000000,0.000000,0.333333,0.333333,0.000000,0.333333,0.000000,2.076694,2.948371,2.470495
2019-05-17,0.000163,0.000000,0.000163,-0.006465,-0.005115,0.000000,0.000000,0.000000,0.000000,0.000000,0.000000,0.333333,0.333333,0.000000,0.333333,0.000000,2.077032,2.929309,2.457858
2019-05-20,-0.005722,0.000000,-0.005722,-0.006612,-0.005730,0.000000,0.000000,0.000000,0.000000,0.000000,0.000000,0.333333,0.333333,0.000000,0.333333,0.000000,2.065148,2.909940,2.443775
2019-05-21,0.002703,0.000000,0.002703,0.009015,0.008594,0.000000,0.000000,0.000000,0.000000,0.000000,0.000000,0.333333,0.333333,0.000000,0.333333,0.000000,2.070729,2.936175,2.464777
2019-05-22,0.005554,0.000000,0.005554,-0.003071,-0.002963,0.000000,0.000000,0.000000,0.000000,0.000000,0.000000,0.333333,0.333333,0.000000,0.333333,0.000000,2.082229,2.927157,2.457473
2019-05-23,0.004389,0.000000,0.004389,-0.012219,-0.009832,0.000000,0.000000,0.000000,0.000000,0.000000,0.000000,0.333333,0.333333,0.000000,0.333333,0.000000,2.091367,2.891392,2.433310
2019-05-24,-0.001259,0.000000,-0.001259,0.002268,0.001692,0.000000,0.000000,0.000000,0.000000,0.000000,0.000000,0.333333,0.333333,0.000000,0.333333,0.000000,2.088734,2.897950,2.437426
2019-05-27,0.000000,0.000000,0.000000,0.000000,0.000000,0.000000,0.000000,0.000000,0.000000,0.000000,0.000000,0.333333,0.333333,0.000000,0.333333,0.000000,2.088734,2.897950,2.437426
2019-05-28,-0.014354,0.000000,-0.014354,-0.009300,-0.010801,0.000000,0.000000,0.000000,0.000000,0.000000,0.000000,0.333333,0.333333,0.000000,0.333333,0.000000,2.058752,2.870997,2.411099
2019-05-29,-0.010683,0.000000,-0.010683,-0.006710,-0.006904,0.000000,0.000000,0.000000,0.000000,0.000000,0.000000,0.333333,0.333333,0.000000,0.333333,0.000000,2.036759,2.851732,2.394452
2019-05-30,0.002948,0.000000,0.002948,0.002731,0.001650,0.000000,0.000000,0.000000,0.000000,0.000000,0.000000,0.333333,0.333333,0.000000,0.333333,0.000000,2.042763,2.859519,2.398402
2019-05-31,-0.000410,0.000000,-0.000410,-0.013475,-0.009580,0.000000,0.000000,0.000000,0.000000,0.000000,0.000000,0.333333,0.333333,0.000000,0.333333,0.000000,2.041925,2.820986,2.375427
2019-06-03,0.008794,0.000000,0.008794,-0.002543,0.006045,0.000000,0.000000,0.000000,0.000000,0.000000,0.000000,0.333333,0.333333,0.000000,0.333333,0.000000,2.059882,2.813813,2.389785
2019-06-04,0.001481,0.000000,0.001481,0.021707,0.017791,0.000000,0.000000,0.000000,0.000000,0.000000,0.000000,0.333333,0.333333,0.000000,0.333333,0.000000,2.062933,2.874892,2.432303
2019-06-05,0.018545,0.000000,0.018545,0.008662,0.009342,0.000000,0.000000,0.000000,0.000000,0.000000,0.000000,0.333333,0.333333,0.000000,0.333333,0.000000,2.101191,2.899794,2.455025
2019-06-06,0.006157,0.000000,0.006157,0.006503,0.007620,0.000000,0.000000,0.000000,0.000000,0.000000,0.000000,0.333333,0.333333,0.000000,0.333333,0.000000,2.114129,2.918650,2.473733
2019-06-07,0.001808,0.000000,0.001808,0.010007,0.006895,0.000000,0.000000,0.000000,0.000000,0.000000,0.000000,0.333333,0.333333,0.000000,0.333333,0.000000,2.117950,2.947858,2.490789
2019-06-10,-0.003320,0.000000,-0.003320,0.004589,0.002619,0.000000,0.000000,0.000000,0.000000,0.000000,0.000000,0.333333,0.333333,0.000000,0.333333,0.000000,2.110920,2.961385,2.497312
2019-06-11,-0.000306,0.000000,-0.000306,-0.000242,-0.000566,0.000000,0.000000,0.000000,0.000000,0.000000,0.000000,0.333333,0.333333,0.000000,0.333333,0.000000,2.110273,2.960667,2.495899
2019-06-12,0.006088,0.000000,0.006088,-0.001765,-0.000132,0.000000,0.000000,0.000000,0.000000,0.000000,0.000000,0.333333,0.333333,0.000000,0.333333,0.000000,2.123120,2.955441,2.495569
2019-06-13,0.001846,0.000000,0.001846,0.004127,0.004225,0.000000,0.000000,0.000000,0.000000,0.000000,0.000000,0.333333,0.333333,0.000000,0.333333,0.000000,2.127038,2.967637,2.506113
2019-06-14,0.005079,0.000000,0.005079,-0.001105,-0.000616,0.000000,0.000000,0.000000,0.000000,0.000000,0.000000,0.333333,0.333333,0.000000,0.333333,0.000000,2.137841,2.964357,2.504569
2019-06-17,0.001732,0.000000,0.001732,0.000380,-0.000252,0.000000,0.000000,0.000000,0.000000,0.000000,0.000000,0.333333,0.333333,0.000000,0.333333,0.000000,2.141544,2.965484,2.503937
2019-06-18,-0.004146,0.000000,-0.004146,0.010471,0.007621,0.000000,0.000000,0.000000,0.000000,0.000000,0.000000,0.333333,0.333333,0.000000,0.333333,0.000000,2.132665,2.996536,2.523021
2019-06-19,0.006096,0.000000,0.006096,0.002257,0.002345,0.000000,0.000000,0.000000,0.000000,0.000000,0.000000,0.333333,0.333333,0.000000,0.333333,0.000000,2.145666,3.003300,2.528937
2019-06-20,0.007086,0.000000,0.007086,0.009555,0.010321,0.000000,0.000000,0.000000,0.000000,0.000000,0.000000,0.333333,0.333333,0.000000,0.333333,0.000000,2.160869,3.031995,2.555038
2019-06-21,-0.003518,0.000000,-0.003518,-0.001454,-0.001863,0.000000,0.000000,0.000000,0.000000,0.000000,0.000000,0.333333,0.333333,0.000000,0.333333,0.000000,2.153268,3.027587,2.550278
2019-06-24,-0.000716,0.000000,-0.000716,-0.001224,-0.002196,0.000000,0.000000,0.000000,0.000000,0.000000,0.000000,0.333333,0.333333,0.000000,0.333333,0.000000,2.151726,3.023880,2.544679
2019-06-25,-0.006715,0.000000,-0.006715,-0.009808,-0.007044,0.000000,0.000000,0.000000,0.000000,0.000000,0.000000,0.333333,0.333333,0.000000,0.333333,0.000000,2.137277,2.994222,2.526753
2019-06-26,-0.018489,0.000000,-0.018489,-0.000998,-0.003979,0.000000,0.000000,0.000000,0.000000,0.000000,0.000000,0.333333,0.333333,0.000000,0.333333,0.000000,2.097761,2.991235,2.516700
2019-06-27,0.003833,0.000000,0.003833,0.003546,0.003300,0.000000,0.000000,0.000000,0.000000,0.000000,0.000000,0.333333,0.333333,0.000000,0.333333,0.000000,2.105802,3.001842,2.525006
2019-06-28,0.002153,0.000000,0.002153,0.005146,0.005749,0.000000,0.000000,0.000000,0.000000,0.000000,0.000000,0.333333,0.333333,0.000000,0.333333,0.000000,2.110335,3.017290,2.539523
2019-07-01,0.000536,0.000000,0.000536,0.009078,0.005277,0.000000,0.000000,0.000000,0.000000,0.000000,0.000000,0.333333,0.333333,0.000000,0.333333,0.000000,2.111466,3.044682,2.552923
2019-07-02,0.013625,0.000000,0.013625,0.002604,0.003025,0.000000,0.000000,0.000000,0.000000,0.000000,0.000000,0.333333,0.333333,0.000000,0.333333,0.000000,2.140236,3.052610,2.560645
2019-07-03,0.011267,0.000000,0.011267,0.007996,0.008127,0.000000,0.000000,0.000000,0.000000,0.000000,0.000000,0.333333,0.333333,0.000000,0.333333,0.000000,2.164349,3.077018,2.581454
2019-07-04,0.000000,0.000000,0.000000,0.000000,0.000000,0.000000,0.000000,0.000000,0.000000,0.000000,0.000000,0.333333,0.333333,0.000000,0.333333,0.000000,2.164349,3.077018,2.581454
2019-07-05,-0.003463,0.000000,-0.003463,-0.001138,-0.002226,0.000000,0.000000,0.000000,0.000000,0.000000,0.000000,0.333333,0.333333,0.000000,0.333333,0.000000,2.156853,3.073516,2.575707
2019-07-08,0.002181,0.000000,0.002181,-0.005495,-0.003066,0.000000,0.000000,0.000000,0.000000,0.000000,0.000000,0.333333,0.333333,0.000000,0.333333,0.000000,2.161556,3.056627,2.567808
2019-07-09,0.000239,0.000000,0.000239,0.001247,-0.000314,0.000000,0.000000,0.000000,0.000000,0.000000,0.000000,0.333333,0.333333,0.000000,0.333333,0.000000,2.162073,3.060437,2.567001
2019-07-10,0.004749,0.000000,0.004749,0.004778,0.003402,0.000000,0.000000,0.000000,0.000000,0.000000,0.000000,0.333333,0.333333,0.000000,0.333333,0.000000,2.172340,3.075060,2.575735
2019-07-11,-0.003320,0.000000,-0.003320,0.002344,0.001493,0.000000,0.000000,0.000000,0.000000,0.000000,0.000000,0.333333,0.333333,0.000000,0.333333,0.000000,2.165129,3.082269,2.579579
2019-07-12,-0.002560,0.000000,-0.002560,0.004478,0.003836,0.000000,0.000000,0.000000,0.000000,0.000000,0.000000,0.333333,0.333333,0.000000,0.333333,0.000000,2.159587,3.096069,2.589475
2019-07-15,0.002543,0.000000,0.002543,0.000332,-0.000170,0.000000,0.000000,0.000000,0.000000,0.000000,0.000000,0.333333,0.333333,0.000000,0.333333,0.000000,2.165078,3.097098,2.589034
2019-07-16,-0.002337,0.000000,-0.002337,-0.003225,-0.002693,0.000000,0.000000,0.000000,0.000000,0.000000,0.000000,0.333333,0.333333,0.000000,0.333333,0.000000,2.160019,3.087109,2.582062
2019-07-17,-0.000806,0.000000,-0.000806,-0.006805,-0.006458,0.000000,0.000000,0.000000,0.000000,0.000000,0.000000,0.333333,0.333333,0.000000,0.333333,0.000000,2.158279,3.066101,2.565387
2019-07-18,0.005045,0.000000,0.005045,0.003661,0.004077,0.000000,0.000000,0.000000,0.000000,0.000000,0.000000,0.333333,0.333333,0.000000,0.333333,0.000000,2.169168,3.077327,2.575844
2019-07-19,-0.012378,0.000000,-0.012378,-0.005555,-0.005034,0.000000,0.000000,0.000000,0.000000,0.000000,0.000000,0.333333,0.333333,0.000000,0.333333,0.000000,2.142318,3.060232,2.562877
2019-07-22,-0.003026,0.000000,-0.003026,0.002456,0.000592,0.000000,0.000000,0.000000,0.000000,0.000000,0.000000,0.333333,0.333333,0.000000,0.333333,0.000000,2.135834,3.067749,2.564395
2019-07-23,0.003567,0.000000,0.003567,0.007150,0.007552,0.000000,0.000000,0.000000,0.000000,0.000000,0.000000,0.333333,0.333333,0.000000,0.333333,0.000000,2.143453,3.089683,2.583762
2019-07-24,-0.002212,0.000000,-0.002212,0.004700,0.002541,0.000000,0.000000,0.000000,0.000000,0.000000,0.000000,0.333333,0.333333,0.000000,0.333333,0.000000,2.138711,3.104203,2.590327
2019-07-25,-0.001825,0.000000,-0.001825,-0.004777,-0.004765,0.000000,0.000000,0.000000,0.000000,0.000000,0.000000,0.333333,0.333333,0.000000,0.333333,0.000000,2.134807,3.089374,2.577984
2019-07-26,0.006051,0.000000,0.006051,0.006700,0.003334,0.000000,0.000000,0.000000,0.000000,0.000000,0.000000,0.333333,0.333333,0.000000,0.333333,0.000000,2.147725,3.110074,2.586579
2019-07-29,0.003590,0.000000,0.003590,-0.001821,-0.000741,0.000000,0.000000,0.000000,0.000000,0.000000,0.000000,0.333333,0.333333,0.000000,0.333333,0.000000,2.155435,3.104410,2.584663
2019-07-30,0.001765,0.000000,0.001765,-0.002455,0.000721,0.000000,0.000000,0.000000,0.000000,0.000000,0.000000,0.333333,0.333333,0.000000,0.333333,0.000000,2.159239,3.096789,2.586526
2019-07-31,-0.009650,0.000000,-0.009650,-0.010940,-0.010007,0.000000,0.000000,0.000000,0.000000,0.000000,0.000000,0.333333,0.333333,0.000000,0.333333,0.000000,2.138402,3.062909,2.560642
2019-08-01,0.003039,0.000000,0.003039,-0.008708,-0.007620,0.000000,0.000000,0.000000,0.000000,0.000000,0.000000,0.333333,0.333333,0.000000,0.333333,0.000000,2.144900,3.036238,2.541130
2019-08-02,0.002579,0.000000,0.002579,-0.007530,-0.005605,0.000000,0.000000,0.000000,0.000000,0.000000,0.000000,0.333333,0.333333,0.000000,0.333333,0.000000,2.150431,3.013376,2.526887
2019-08-05,-0.019783,0.000000,-0.019783,-0.030073,-0.026680,0.000000,0.000000,0.000000,0.000000,0.000000,0.000000,0.333333,0.333333,0.000000,0.333333,0.000000,2.107888,2.922754,2.459469
2019-08-06,0.011301,0.000000,0.011301,0.014023,0.011307,0.000000,0.000000,0.000000,0.000000,0.000000,0.000000,0.333333,0.333333,0.000000,0.333333,0.000000,2.131709,2.963740,2.487278
2019-08-07,0.007836,0.000000,0.007836,0.000591,0.002531,0.000000,0.000000,0.000000,0.000000,0.000000,0.000000,0.333333,0.333333,0.000000,0.333333,0.000000,2.148412,2.965491,2.493574
2019-08-08,0.013016,0.000000,0.013016,0.019620,0.018199,0.000000,0.000000,0.000000,0.000000,0.000000,0.000000,0.333333,0.333333,0.000000,0.333333,0.000000,2.176376,3.023674,2.538954
2019-08-09,-0.001547,0.000000,-0.001547,-0.006811,-0.005998,0.000000,0.000000,0.000000,0.000000,0.000000,0.000000,0.333333,0.333333,0.000000,0.333333,0.000000,2.173009,3.003078,2.523726
2019-08-12,-0.003165,0.000000,-0.003165,-0.012174,-0.010722,0.000000,0.000000,0.000000,0.000000,0.000000,0.000000,0.333333,0.333333,0.000000,0.333333,0.000000,2.166132,2.966520,2.496667
2019-08-13,0.004183,0.000000,0.004183,0.015552,0.011464,0.000000,0.000000,0.000000,0.000000,0.000000,0.000000,0.333333,0.333333,0.000000,0.333333,0.000000,2.175194,3.012656,2.525288
2019-08-14,-0.013200,0.000000,-0.013200,-0.029568,-0.027590,0.000000,0.000000,0.000000,0.000000,0.000000,0.000000,0.333333,0.333333,0.000000,0.333333,0.000000,2.146481,2.923578,2.455616
2019-08-15,0.013980,0.000000,0.013980,0.002642,0.003791,0.000000,0.000000,0.000000,0.000000,0.000000,0.000000,0.333333,0.333333,0.000000,0.333333,0.000000,2.176489,2.931302,2.464924
2019-08-16,0.007844,0.000000,0.007844,0.014755,0.013344,0.000000,0.000000,0.000000,0.000000,0.000000,0.000000,0.333333,0.333333,0.000000,0.333333,0.000000,2.193562,2.974554,2.497817
2019-08-19,0.008457,0.000000,0.008457,0.012047,0.011637,0.000000,0.000000,0.000000,0.000000,0.000000,0.000000,0.333333,0.333333,0.000000,0.333333,0.000000,2.212113,3.010389,2.526883
2019-08-20,-0.006635,0.000000,-0.006635,-0.007662,-0.007210,0.000000,0.000000,0.000000,0.000000,0.000000,0.000000,0.333333,0.333333,0.000000,0.333333,0.000000,2.197435,2.987322,2.508664
2019-08-21,0.004480,0.000000,0.004480,0.008135,0.007087,0.000000,0.000000,0.000000,0.000000,0.000000,0.000000,0.333333,0.333333,0.000000,0.333333,0.000000,2.207280,3.011626,2.526443
2019-08-22,0.003720,0.000000,0.003720,-0.000308,-0.000097,0.000000,0.000000,0.000000,0.000000,0.000000,0.000000,0.333333,0.333333,0.000000,0.333333,0.000000,2.215491,3.010699,2.526199
2019-08-23,-0.013274,0.000000,-0.013274,-0.025688,-0.023618,0.000000,0.000000,0.000000,0.000000,0.000000,0.000000,0.333333,0.333333,0.000000,0.333333,0.000000,2.186083,2.933360,2.466535
2019-08-26,0.011097,0.000000,0.011097,0.011059,0.009733,0.000000,0.000000,0.000000,0.000000,0.000000,0.000000,0.333333,0.333333,0.000000,0.333333,0.000000,2.210342,2.965801,2.490542
2019-08-27,-0.001462,0.000000,-0.001462,-0.003924,-0.002876,0.000000,0.000000,0.000000,0.000000,0.000000,0.000000,0.333333,0.333333,0.000000,0.333333,0.000000,2.207111,2.954162,2.483378
2019-08-28,0.003247,0.000000,0.003247,0.007042,0.006948,0.000000,0.000000,0.000000,0.000000,0.000000,0.000000,0.333333,0.333333,0.000000,0.333333,0.000000,2.214277,2.974965,2.500632
2019-08-29,0.004870,0.000000,0.004870,0.012773,0.011803,0.000000,0.000000,0.000000,0.000000,0.000000,0.000000,0.333333,0.333333,0.000000,0.333333,0.000000,2.225060,3.012965,2.530147
2019-08-30,-0.000247,0.000000,-0.000247,-0.000445,0.000658,0.000000,0.000000,0.000000,0.000000,0.000000,0.000000,0.333333,0.333333,0.000000,0.333333,0.000000,2.224511,3.011626,2.531813
2019-09-02,0.000000,0.000000,0.000000,0.000000,0.000000,0.000000,0.000000,0.000000,0.000000,0.000000,0.000000,0.333333,0.333333,0.000000,0.333333,0.000000,2.224511,3.011626,2.531813
2019-09-03,0.012595,0.000000,0.012595,-0.005847,-0.002824,0.000000,0.000000,0.000000,0.000000,0.000000,0.000000,0.333333,0.333333,0.000000,0.333333,0.000000,2.252527,2.994016,2.524664
2019-09-04,0.006082,0.000000,0.006082,0.011351,0.010361,0.000000,0.000000,0.000000,0.000000,0.000000,0.000000,0.333333,0.333333,0.000000,0.333333,0.000000,2.266227,3.028000,2.550823
2019-09-05,-0.008573,0.000000,-0.008573,0.012855,0.008509,0.000000,0.000000,0.000000,0.000000,0.000000,0.000000,0.333333,0.333333,0.000000,0.333333,0.000000,2.246799,3.066925,2.572527
2019-09-06,0.000187,0.000000,0.000187,0.000772,0.001235,0.000000,0.000000,0.000000,0.000000,0.000000,0.000000,0.333333,0.333333,0.000000,0.333333,0.000000,2.247218,3.069294,2.575704
2019-09-09,-0.004917,0.000000,-0.004917,0.000503,0.000779,0.000000,0.000000,0.000000,0.000000,0.000000,0.000000,0.333333,0.333333,0.000000,0.333333,0.000000,2.236168,3.070839,2.577711
2019-09-10,-0.006534,0.000000,-0.006534,-0.000235,0.000908,0.000000,0.000000,0.000000,0.000000,0.000000,0.000000,0.333333,0.333333,0.000000,0.333333,0.000000,2.221556,3.070117,2.580053
2019-09-11,0.003735,0.000000,0.003735,0.007111,0.005850,0.000000,0.000000,0.000000,0.000000,0.000000,0.000000,0.333333,0.333333,0.000000,0.333333,0.000000,2.229854,3.091950,2.595147
2019-09-12,0.004076,0.000000,0.004076,0.003464,0.002956,0.000000,0.000000,0.000000,0.000000,0.000000,0.000000,0.333333,0.333333,0.000000,0.333333,0.000000,2.238943,3.102660,2.602819
2019-09-13,-0.008016,0.000000,-0.008016,-0.000664,-0.000329,0.000000,0.000000,0.000000,0.000000,0.000000,0.000000,0.333333,0.333333,0.000000,0.333333,0.000000,2.220995,3.100600,2.601963
2019-09-16,0.000498,0.000000,0.000498,-0.003089,-0.000627,0.000000,0.000000,0.000000,0.000000,0.000000,0.000000,0.333333,0.333333,0.000000,0.333333,0.000000,2.222101,3.091022,2.600333
2019-09-17,0.009432,0.000000,0.009432,0.002532,0.003241,0.000000,0.000000,0.000000,0.000000,0.000000,0.000000,0.333333,0.333333,0.000000,0.333333,0.000000,2.243060,3.098849,2.608760
2019-09-18,0.000953,0.000000,0.000953,0.000598,-0.000122,0.000000,0.000000,0.000000,0.000000,0.000000,0.000000,0.333333,0.333333,0.000000,0.333333,0.000000,2.245199,3.100703,2.608443
2019-09-19,0.002611,0.000000,0.002611,-0.000066,0.000231,0.000000,0.000000,0.000000,0.000000,0.000000,0.000000,0.333333,0.333333,0.000000,0.333333,0.000000,2.251062,3.100497,2.609047
2019-09-20,-0.001154,0.000000,-0.001154,-0.004725,-0.003746,0.000000,0.000000,0.000000,0.000000,0.000000,0.000000,0.333333,0.333333,0.000000,0.333333,0.000000,2.248464,3.085847,2.599273
2019-09-23,0.002571,0.000000,0.002571,-0.000235,0.000293,0.000000,0.000000,0.000000,0.000000,0.000000,0.000000,0.333333,0.333333,0.000000,0.333333,0.000000,2.254245,3.085123,2.600034
2019-09-24,0.004865,0.000000,0.004865,-0.007847,-0.006334,0.000000,0.000000,0.000000,0.000000,0.000000,0.000000,0.333333,0.333333,0.000000,0.333333,0.000000,2.265213,3.060915,2.583565
2019-09-25,-0.000327,0.000000,-0.000327,0.005915,0.004386,0.000000,0.000000,0.000000,0.000000,0.000000,0.000000,0.333333,0.333333,0.000000,0.333333,0.000000,2.264472,3.079020,2.594896
2019-09-26,0.006851,0.000000,0.006851,-0.002084,-0.001495,0.000000,0.000000,0.000000,0.000000,0.000000,0.000000,0.333333,0.333333,0.000000,0.333333,0.000000,2.279985,3.072605,2.591016
2019-09-27,-0.003753,0.000000,-0.003753,-0.005387,-0.004255,0.000000,0.000000,0.000000,0.000000,0.000000,0.000000,0.333333,0.333333,0.000000,0.333333,0.000000,2.271428,3.056052,2.579991
2019-09-30,0.002266,0.000000,0.002266,0.004637,0.003653,0.000000,0.000000,0.000000,0.000000,0.000000,0.000000,0.333333,0.333333,0.000000,0.333333,0.000000,2.276576,3.070224,2.589415
2019-10-01,-0.004521,0.000000,-0.004521,-0.011895,-0.012983,0.000000,0.000000,0.000000,0.000000,0.000000,0.000000,0.333333,0.333333,0.000000,0.333333,0.000000,2.266282,3.033705,2.555795
2019-10-02,-0.013182,0.000000,-0.013182,-0.017665,-0.017071,0.000000,0.000000,0.000000,0.000000,0.000000,0.000000,0.333333,0.333333,0.000000,0.333333,0.000000,2.236407,2.980116,2.512165
2019-10-03,0.007073,0.000000,0.007073,0.008193,0.007467,0.000000,0.000000,0.000000,0.000000,0.000000,0.000000,0.333333,0.333333,0.000000,0.333333,0.000000,2.252225,3.004533,2.530923
2019-10-04,0.011412,0.000000,0.011412,0.013532,0.011819,0.000000,0.000000,0.000000,0.000000,0.000000,0.000000,0.333333,0.333333,0.000000,0.333333,0.000000,2.277928,3.045189,2.560836
2019-10-07,-0.004593,0.000000,-0.004593,-0.004314,-0.004387,0.000000,0.000000,0.000000,0.000000,0.000000,0.000000,0.333333,0.333333,0.000000,0.333333,0.000000,2.267465,3.032051,2.549602
2019-10-08,-0.007885,0.000000,-0.007885,-0.015525,-0.014313,0.000000,0.000000,0.000000,0.000000,0.000000,0.000000,0.333333,0.333333,0.000000,0.333333,0.000000,2.249587,2.984979,2.513109
2019-10-09,0.005181,0.000000,0.005181,0.009496,0.008214,0.000000,0.000000,0.000000,0.000000,0.000000,0.000000,0.333333,0.333333,0.000000,0.333333,0.000000,2.261241,3.013325,2.533752
2019-10-10,0.001144,0.000000,0.001144,0.006763,0.006260,0.000000,0.000000,0.000000,0.000000,0.000000,0.000000,0.333333,0.333333,0.000000,0.333333,0.000000,2.263828,3.033705,2.549614
2019-10-11,-0.002676,0.000000,-0.002676,0.010367,0.009211,0.000000,0.000000,0.000000,0.000000,0.000000,0.000000,0.333333,0.333333,0.000000,0.333333,0.000000,2.257769,3.065156,2.573098
2019-10-14,-0.003272,0.000000,-0.003272,-0.001114,-0.001978,0.000000,0.000000,0.000000,0.000000,0.000000,0.000000,0.333333,0.333333,0.000000,0.333333,0.000000,2.250381,3.061742,2.568009
2019-10-15,-0.002227,0.000000,-0.002227,0.009900,0.007475,0.000000,0.000000,0.000000,0.000000,0.000000,0.000000,0.333333,0.333333,0.000000,0.333333,0.000000,2.245371,3.092054,2.587205
2019-10-16,0.000645,0.000000,0.000645,-0.001606,-0.001387,0.000000,0.000000,0.000000,0.000000,0.000000,0.000000,0.333333,0.333333,0.000000,0.333333,0.000000,2.246819,3.087089,2.583617
2019-10-17,0.004594,0.000000,0.004594,0.002949,0.003342,0.000000,0.000000,0.000000,0.000000,0.000000,0.000000,0.333333,0.333333,0.000000,0.333333,0.000000,2.257141,3.096192,2.592251
2019-10-18,0.004965,0.000000,0.004965,-0.004377,-0.002273,0.000000,0.000000,0.000000,0.000000,0.000000,0.000000,0.333333,0.333333,0.000000,0.333333,0.000000,2.268348,3.082640,2.586358
2019-10-21,0.004658,0.000000,0.004658,0.006779,0.006157,0.000000,0.000000,0.000000,0.000000,0.000000,0.000000,0.333333,0.333333,0.000000,0.333333,0.000000,2.278914,3.103538,2.602283
2019-10-22,0.000519,0.000000,0.000519,-0.003267,-0.001086,0.000000,0.000000,0.000000,0.000000,0.000000,0.000000,0.333333,0.333333,0.000000,0.333333,0.000000,2.280096,3.093400,2.599456
2019-10-23,0.003461,0.000000,0.003461,0.002910,0.003579,0.000000,0.000000,0.000000,0.000000,0.000000,0.000000,0.333333,0.333333,0.000000,0.333333,0.000000,2.287986,3.102400,2.608760
2019-10-24,0.001032,0.000000,0.001032,0.001634,-0.000021,0.000000,0.000000,0.000000,0.000000,0.000000,0.000000,0.333333,0.333333,0.000000,0.333333,0.000000,2.290348,3.107469,2.608705
2019-10-25,-0.009432,0.000000,-0.009432,0.004095,0.001980,0.000000,0.000000,0.000000,0.000000,0.000000,0.000000,0.333333,0.333333,0.000000,0.333333,0.000000,2.268745,3.120194,2.613870
2019-10-28,-0.008772,0.000000,-0.008772,0.005637,0.001324,0.000000,0.000000,0.000000,0.000000,0.000000,0.000000,0.333333,0.333333,0.000000,0.333333,0.000000,2.248844,3.137782,2.617330
2019-10-29,0.001169,0.000000,0.001169,-0.000297,0.000896,0.000000,0.000000,0.000000,0.000000,0.000000,0.000000,0.333333,0.333333,0.000000,0.333333,0.000000,2.251474,3.136851,2.619675
2019-10-30,0.006946,0.000000,0.006946,0.003067,0.002265,0.000000,0.000000,0.000000,0.000000,0.000000,0.000000,0.333333,0.333333,0.000000,0.333333,0.000000,2.267112,3.146472,2.625607
2019-10-31,0.000238,0.000000,0.000238,-0.002663,-0.003136,0.000000,0.000000,0.000000,0.000000,0.000000,0.000000,0.333333,0.333333,0.000000,0.333333,0.000000,2.267651,3.138092,2.617374
2019-11-01,0.002306,0.000167,0.002140,0.009264,0.008586,0.333333,0.000000,0.000000,0.000000,0.000000,0.000000,0.000000,0.333333,0.000000,0.333333,0.000000,2.272502,3.167162,2.639845
2019-11-04,-0.006271,0.000000,-0.006271,0.004018,0.003182,0.333333,0.000000,0.000000,0.000000,0.000000,0.000000,0.000000,0.333333,0.000000,0.333333,0.000000,2.258251,3.179887,2.648245
2019-11-05,-0.009573,0.000000,-0.009573,-0.001106,-0.001982,0.333333,0.000000,0.000000,0.000000,0.000000,0.000000,0.000000,0.333333,0.000000,0.333333,0.000000,2.236631,3.176370,2.642996
2019-11-06,0.002345,0.000000,0.002345,0.000228,-0.000296,0.333333,0.000000,0.000000,0.000000,0.000000,0.000000,0.000000,0.333333,0.000000,0.333333,0.000000,2.241876,3.177095,2.642214
2019-11-07,-0.005451,0.000000,-0.005451,0.003517,0.001390,0.333333,0.000000,0.000000,0.000000,0.000000,0.000000,0.000000,0.333333,0.000000,0.333333,0.000000,2.229656,3.188267,2.645888
2019-11-08,-0.000146,0.000000,-0.000146,0.002466,0.000933,0.333333,0.000000,0.000000,0.000000,0.000000,0.000000,0.000000,0.333333,0.000000,0.333333,0.000000,2.229331,3.196129,2.648356
2019-11-11,-0.001279,0.000000,-0.001279,-0.001910,-0.002311,0.333333,0.000000,0.000000,0.000000,0.000000,0.000000,0.000000,0.333333,0.000000,0.333333,0.000000,2.226479,3.190026,2.642235
2019-11-12,-0.000265,0.000000,-0.000265,0.002108,0.000934,0.333333,0.000000,0.000000,0.000000,0.000000,0.000000,0.000000,0.333333,0.000000,0.333333,0.000000,2.225889,3.196751,2.644702
2019-11-13,0.009032,0.000000,0.009032,0.000323,0.001056,0.333333,0.000000,0.000000,0.000000,0.000000,0.000000,0.000000,0.333333,0.000000,0.333333,0.000000,2.245994,3.197785,2.647495
2019-11-14,0.004125,0.000000,0.004125,0.001456,0.002695,0.333333,0.000000,0.000000,0.000000,0.000000,0.000000,0.000000,0.333333,0.000000,0.333333,0.000000,2.255259,3.202441,2.654632
2019-11-15,0.005411,0.000000,0.005411,0.007236,0.005901,0.333333,0.000000,0.000000,0.000000,0.000000,0.000000,0.000000,0.333333,0.000000,0.333333,0.000000,2.267463,3.225615,2.670298
2019-11-18,0.003499,0.000000,0.003499,0.000738,0.000260,0.333333,0.000000,0.000000,0.000000,0.000000,0.000000,0.000000,0.333333,0.000000,0.333333,0.000000,2.275396,3.227994,2.670993
2019-11-19,0.000489,0.000000,0.000489,-0.000289,-0.001754,0.333333,0.000000,0.000000,0.000000,0.000000,0.000000,0.000000,0.333333,0.000000,0.333333,0.000000,2.276508,3.227063,2.666309
2019-11-20,0.000173,0.000000,0.000173,-0.003719,-0.002000,0.333333,0.000000,0.000000,0.000000,0.000000,0.000000,0.000000,0.333333,0.000000,0.333333,0.000000,2.276902,3.215062,2.660975
2019-11-21,-0.007304,0.000000,-0.007304,-0.001609,-0.001270,0.333333,0.000000,0.000000,0.000000,0.000000,0.000000,0.000000,0.333333,0.000000,0.333333,0.000000,2.260271,3.209890,2.657594
2019-11-22,-0.002230,0.000000,-0.002230,0.002224,0.001221,0.333333,0.000000,0.000000,0.000000,0.000000,0.000000,0.000000,0.333333,0.000000,0.333333,0.000000,2.255231,3.217028,2.660840
2019-11-25,0.004002,0.000000,0.004002,0.007750,0.005262,0.333333,0.000000,0.000000,0.000000,0.000000,0.000000,0.000000,0.333333,0.000000,0.333333,0.000000,2.264256,3.241960,2.674843
2019-11-26,0.006049,0.000000,0.006049,0.002266,0.003031,0.333333,0.000000,0.000000,0.000000,0.000000,0.000000,0.000000,0.333333,0.000000,0.333333,0.000000,2.277953,3.249305,2.682952
2019-11-27,0.003474,0.000000,0.003474,0.004458,0.003926,0.333333,0.000000,0.000000,0.000000,0.000000,0.000000,0.000000,0.333333,0.000000,0.333333,0.000000,2.285866,3.263790,2.693485
2019-11-28,0.000000,0.000000,0.000000,0.000000,0.000000,0.333333,0.000000,0.000000,0.000000,0.000000,0.000000,0.000000,0.333333,0.000000,0.333333,0.000000,2.285866,3.263790,2.693485
2019-11-29,-0.002586,0.000000,-0.002586,-0.003709,-0.003772,0.333333,0.000000,0.000000,0.000000,0.000000,0.000000,0.000000,0.333333,0.000000,0.333333,0.000000,2.279955,3.251685,2.683325
2019-12-02,-0.013055,0.000000,-0.013055,-0.008495,-0.008349,0.333333,0.000000,0.000000,0.000000,0.000000,0.000000,0.000000,0.333333,0.000000,0.333333,0.000000,2.250190,3.224064,2.660921
2019-12-03,0.000675,0.000000,0.000675,-0.006707,-0.005458,0.333333,0.000000,0.000000,0.000000,0.000000,0.000000,0.000000,0.333333,0.000000,0.333333,0.000000,2.251708,3.202441,2.646399
2019-12-04,0.005645,0.000000,0.005645,0.006170,0.006744,0.333333,0.000000,0.000000,0.000000,0.000000,0.000000,0.000000,0.333333,0.000000,0.333333,0.000000,2.264419,3.222201,2.664246
2019-12-05,0.002333,0.000000,0.002333,0.001798,0.001378,0.333333,0.000000,0.000000,0.000000,0.000000,0.000000,0.000000,0.333333,0.000000,0.333333,0.000000,2.269702,3.227994,2.667917
2019-12-06,0.002774,0.000000,0.002774,0.009134,0.007959,0.333333,0.000000,0.000000,0.000000,0.000000,0.000000,0.000000,0.333333,0.000000,0.333333,0.000000,2.275999,3.257478,2.689150
2019-12-09,-0.002475,0.000000,-0.002475,-0.003144,-0.002314,0.333333,0.000000,0.000000,0.000000,0.000000,0.000000,0.000000,0.333333,0.000000,0.333333,0.000000,2.270366,3.247238,2.682928
2019-12-10,-0.002119,0.000000,-0.002119,-0.001115,-0.001580,0.333333,0.000000,0.000000,0.000000,0.000000,0.000000,0.000000,0.333333,0.000000,0.333333,0.000000,2.265555,3.243616,2.678688
2019-12-11,0.000627,0.000000,0.000627,0.002839,0.001930,0.333333,0.000000,0.000000,0.000000,0.000000,0.000000,0.000000,0.333333,0.000000,0.333333,0.000000,2.266975,3.252824,2.683858
2019-12-12,-0.001897,0.000000,-0.001897,0.008619,0.006684,0.333333,0.000000,0.000000,0.000000,0.000000,0.000000,0.000000,0.333333,0.000000,0.333333,0.000000,2.262675,3.280860,2.701797
2019-12-13,0.005165,0.000000,0.005165,0.000599,-0.000419,0.333333,0.000000,0.000000,0.000000,0.000000,0.000000,0.000000,0.333333,0.000000,0.333333,0.000000,2.274361,3.282824,2.700665
2019-12-16,0.009707,0.000000,0.009707,0.006870,0.007139,0.333333,0.000000,0.000000,0.000000,0.000000,0.000000,0.000000,0.333333,0.000000,0.333333,0.000000,2.296438,3.305378,2.719946
2019-12-17,-0.003292,0.000000,-0.003292,0.000219,-0.000362,0.333333,0.000000,0.000000,0.000000,0.000000,0.000000,0.000000,0.333333,0.000000,0.333333,0.000000,2.288878,3.306103,2.718960
2019-12-18,0.006024,0.000000,0.006024,0.000062,0.001790,0.333333,0.000000,0.000000,0.000000,0.000000,0.000000,0.000000,0.333333,0.000000,0.333333,0.000000,2.302666,3.306308,2.723826
2019-12-19,0.005667,0.000000,0.005667,0.004099,0.004015,0.333333,0.000000,0.000000,0.000000,0.000000,0.000000,0.000000,0.333333,0.000000,0.333333,0.000000,2.315715,3.319862,2.734763
2019-12-20,0.006801,0.000000,0.006801,0.004384,0.005445,0.333333,0.000000,0.000000,0.000000,0.000000,0.000000,0.000000,0.333333,0.000000,0.333333,0.000000,2.331463,3.334417,2.749652
2019-12-23,-0.004149,0.000000,-0.004149,0.001528,0.000123,0.333333,0.000000,0.000000,0.000000,0.000000,0.000000,0.000000,0.333333,0.000000,0.333333,0.000000,2.321791,3.339512,2.749989
2019-12-24,0.001017,0.000000,0.001017,0.000031,0.000369,0.333333,0.000000,0.000000,0.000000,0.000000,0.000000,0.000000,0.333333,0.000000,0.333333,0.000000,2.324153,3.339615,2.751005
2019-12-25,0.000000,0.000000,0.000000,0.000000,0.000000,0.333333,0.000000,0.000000,0.000000,0.000000,0.000000,0.000000,0.333333,0.000000,0.333333,0.000000,2.324153,3.339615,2.751005
2019-12-26,0.005071,0.000000,0.005071,0.005323,0.004298,0.333333,0.000000,0.000000,0.000000,0.000000,0.000000,0.000000,0.333333,0.000000,0.333333,0.000000,2.335938,3.357393,2.762828
2019-12-27,0.002169,0.000000,0.002169,-0.000248,-0.000188,0.333333,0.000000,0.000000,0.000000,0.000000,0.000000,0.000000,0.333333,0.000000,0.333333,0.000000,2.341005,3.356561,2.762308
2019-12-30,-0.002234,0.000000,-0.002234,-0.005513,-0.004412,0.333333,0.000000,0.000000,0.000000,0.000000,0.000000,0.000000,0.333333,0.000000,0.333333,0.000000,2.335775,3.338055,2.750121
2019-12-31,0.004696,0.000000,0.004696,0.002429,0.003276,0.333333,0.000000,0.000000,0.000000,0.000000,0.000000,0.000000,0.333333,0.000000,0.333333,0.000000,2.346744,3.346165,2.759130
2020-01-01,0.000000,0.000333,-0.000333,0.000000,0.000000,0.333333,0.333333,0.000000,0.000000,0.000000,0.000000,0.333333,0.000000,0.000000,0.000000,0.000000,2.345962,3.346165,2.759130
2020-01-02,0.006857,0.000000,0.006857,0.009352,0.003532,0.333333,0.333333,0.000000,0.000000,0.000000,0.000000,0.333333,0.000000,0.000000,0.000000,0.000000,2.362048,3.377458,2.768875
2020-01-03,-0.007821,0.000000,-0.007821,-0.007572,-0.005347,0.333333,0.333333,0.000000,0.000000,0.000000,0.000000,0.333333,0.000000,0.000000,0.000000,0.000000,2.343575,3.351883,2.754070
2020-01-06,0.001272,0.000000,0.001272,0.003815,0.002833,0.333333,0.333333,0.000000,0.000000,0.000000,0.000000,0.333333,0.000000,0.000000,0.000000,0.000000,2.346557,3.364670,2.761873
2020-01-07,-0.004873,0.000000,-0.004873,-0.002812,-0.003187,0.333333,0.333333,0.000000,0.000000,0.000000,0.000000,0.333333,0.000000,0.000000,0.000000,0.000000,2.335121,3.355209,2.753071
2020-01-08,0.006986,0.000000,0.006986,0.005330,0.002960,0.333333,0.333333,0.000000,0.000000,0.000000,0.000000,0.333333,0.000000,0.000000,0.000000,0.000000,2.351436,3.373091,2.761221
2020-01-09,0.008195,0.000000,0.008195,0.006781,0.005450,0.333333,0.333333,0.000000,0.000000,0.000000,0.000000,0.333333,0.000000,0.000000,0.000000,0.000000,2.370706,3.395963,2.776269
2020-01-10,-0.003468,0.000000,-0.003468,-0.002878,-0.002177,0.333333,0.333333,0.000000,0.000000,0.000000,0.000000,0.333333,0.000000,0.000000,0.000000,0.000000,2.362486,3.386190,2.770226
2020-01-13,0.008631,0.000000,0.008631,0.006878,0.006789,0.333333,0.333333,0.000000,0.000000,0.000000,0.000000,0.333333,0.000000,0.000000,0.000000,0.000000,2.382876,3.409479,2.789033
2020-01-14,-0.002112,0.000000,-0.002112,-0.001525,-0.000809,0.333333,0.333333,0.000000,0.000000,0.000000,0.000000,0.333333,0.000000,0.000000,0.000000,0.000000,2.377844,3.404280,2.786778
2020-01-15,0.000926,0.000000,0.000926,0.002260,0.003269,0.333333,0.333333,0.000000,0.000000,0.000000,0.000000,0.333333,0.000000,0.000000,0.000000,0.000000,2.380045,3.411974,2.795887
2020-01-16,0.008309,0.000000,0.008309,0.008318,0.007226,0.333333,0.333333,0.000000,0.000000,0.000000,0.000000,0.333333,0.000000,0.000000,0.000000,0.000000,2.399820,3.440355,2.816089
2020-01-17,0.003791,0.000000,0.003791,0.003113,0.002645,0.333333,0.333333,0.000000,0.000000,0.000000,0.000000,0.333333,0.000000,0.000000,0.000000,0.000000,2.408918,3.451064,2.823538
2020-01-20,0.000000,0.000000,0.000000,0.000000,0.000000,0.333333,0.333333,0.000000,0.000000,0.000000,0.000000,0.333333,0.000000,0.000000,0.000000,0.000000,2.408918,3.451064,2.823538
2020-01-21,-0.001781,0.000000,-0.001781,-0.001958,-0.002611,0.333333,0.333333,0.000000,0.000000,0.000000,0.000000,0.333333,0.000000,0.000000,0.000000,0.000000,2.404627,3.444306,2.816165
2020-01-22,0.002437,0.000000,0.002437,0.000121,-0.001474,0.333333,0.333333,0.000000,0.000000,0.000000,0.000000,0.333333,0.000000,0.000000,0.000000,0.000000,2.410487,3.444722,2.812014
2020-01-23,0.000398,0.000000,0.000398,0.001147,0.001624,0.333333,0.333333,0.000000,0.000000,0.000000,0.000000,0.333333,0.000000,0.000000,0.000000,0.000000,2.411445,3.448673,2.816581
2020-01-24,-0.008080,0.000000,-0.008080,-0.008893,-0.008101,0.333333,0.333333,0.000000,0.000000,0.000000,0.000000,0.333333,0.000000,0.000000,0.000000,0.000000,2.391960,3.418004,2.793764
2020-01-27,-0.014141,0.000000,-0.014141,-0.016030,-0.014141,0.333333,0.333333,0.000000,0.000000,0.000000,0.000000,0.333333,0.000000,0.000000,0.000000,0.000000,2.358135,3.363215,2.754256
2020-01-28,0.010699,0.000000,0.010699,0.010479,0.007925,0.333333,0.333333,0.000000,0.000000,0.000000,0.000000,0.333333,0.000000,0.000000,0.000000,0.000000,2.383364,3.398458,2.776083
2020-01-29,-0.001371,0.000000,-0.001371,-0.000826,-0.001237,0.333333,0.333333,0.000000,0.000000,0.000000,0.000000,0.333333,0.000000,0.000000,0.000000,0.000000,2.380095,3.395651,2.772649
2020-01-30,0.011032,0.000000,0.011032,0.003245,0.002592,0.333333,0.333333,0.000000,0.000000,0.000000,0.000000,0.333333,0.000000,0.000000,0.000000,0.000000,2.406351,3.406671,2.779836
2020-01-31,-0.019875,0.000000,-0.019875,-0.018158,-0.017131,0.333333,0.333333,0.000000,0.000000,0.000000,0.000000,0.333333,0.000000,0.000000,0.000000,0.000000,2.358524,3.344813,2.732216
2020-02-03,0.010699,0.000167,0.010533,0.007429,0.005456,0.333333,0.333333,0.000000,0.000000,0.000000,0.000000,0.000000,0.000000,0.000000,0.000000,0.333333,2.383366,3.369660,2.747123
2020-02-04,0.015418,0.000000,0.015418,0.015241,0.011932,0.333333,0.333333,0.000000,0.000000,0.000000,0.000000,0.000000,0.000000,0.000000,0.000000,0.333333,2.420113,3.421018,2.779901
2020-02-05,0.009170,0.000000,0.009170,0.011548,0.012365,0.333333,0.333333,0.000000,0.000000,0.000000,0.000000,0.000000,0.000000,0.000000,0.000000,0.333333,2.442306,3.460524,2.814275
2020-02-06,0.006779,0.000000,0.006779,0.003365,0.001615,0.333333,0.333333,0.000000,0.000000,0.000000,0.000000,0.000000,0.000000,0.000000,0.000000,0.333333,2.458863,3.472168,2.818821
2020-02-07,-0.004468,0.000000,-0.004468,-0.005330,-0.005045,0.333333,0.333333,0.000000,0.000000,0.000000,0.000000,0.000000,0.000000,0.000000,0.000000,0.333333,2.447876,3.453662,2.804599
2020-02-10,0.007453,0.000000,0.007453,0.007465,0.005330,0.333333,0.333333,0.000000,0.000000,0.000000,0.000000,0.000000,0.000000,0.000000,0.000000,0.333333,2.466121,3.479445,2.819546
2020-02-11,-0.000295,0.000000,-0.000295,0.001733,0.004134,0.333333,0.333333,0.000000,0.000000,0.000000,0.000000,0.000000,0.000000,0.000000,0.000000,0.333333,2.465393,3.485476,2.831201
2020-02-12,0.008157,0.000000,0.008157,0.006443,0.006440,0.333333,0.333333,0.000000,0.000000,0.000000,0.000000,0.000000,0.000000,0.000000,0.000000,0.333333,2.485505,3.507932,2.849435
2020-02-13,-0.000933,0.000000,-0.000933,-0.001067,0.000140,0.333333,0.333333,0.000000,0.000000,0.000000,0.000000,0.000000,0.000000,0.000000,0.000000,0.333333,2.483187,3.504188,2.849835
2020-02-14,0.002283,0.000000,0.002283,0.001602,0.001847,0.333333,0.333333,0.000000,0.000000,0.000000,0.000000,0.000000,0.000000,0.000000,0.000000,0.333333,2.488857,3.509803,2.855100
2020-02-17,0.000000,0.000000,0.000000,0.000000,0.000000,0.333333,0.333333,0.000000,0.000000,0.000000,0.000000,0.000000,0.000000,0.000000,0.000000,0.333333,2.488857,3.509803,2.855100
2020-02-18,-0.001905,0.000000,-0.001905,-0.002577,-0.001988,0.333333,0.333333,0.000000,0.000000,0.000000,0.000000,0.000000,0.000000,0.000000,0.000000,0.333333,2.484115,3.500758,2.849424
2020-02-19,0.007964,0.000000,0.007964,0.004782,0.002052,0.333333,0.333333,0.000000,0.000000,0.000000,0.000000,0.000000,0.000000,0.000000,0.000000,0.333333,2.503898,3.517497,2.855270
2020-02-20,-0.007528,0.000000,-0.007528,-0.004109,-0.001275,0.333333,0.333333,0.000000,0.000000,0.000000,0.000000,0.000000,0.000000,0.000000,0.000000,0.333333,2.485049,3.503045,2.851630
2020-02-21,-0.015779,0.000000,-0.015779,-0.010298,-0.007124,0.333333,0.333333,0.000000,0.000000,0.000000,0.000000,0.000000,0.000000,0.000000,0.000000,0.333333,2.445838,3.466970,2.831313
2020-02-24,-0.035777,0.000000,-0.035777,-0.033165,-0.029465,0.333333,0.333333,0.000000,0.000000,0.000000,0.000000,0.000000,0.000000,0.000000,0.000000,0.333333,2.358334,3.351987,2.747888
2020-02-25,-0.030885,0.000000,-0.030885,-0.030302,-0.031087,0.333333,0.333333,0.000000,0.000000,0.000000,0.000000,0.000000,0.000000,0.000000,0.000000,0.333333,2.285498,3.250415,2.662465
2020-02-26,-0.001548,0.000000,-0.001548,-0.003678,-0.007116,0.333333,0.333333,0.000000,0.000000,0.000000,0.000000,0.000000,0.000000,0.000000,0.000000,0.333333,2.281959,3.238458,2.643519
2020-02-27,-0.045382,0.000000,-0.045382,-0.044912,-0.044564,0.333333,0.333333,0.000000,0.000000,0.000000,0.000000,0.000000,0.000000,0.000000,0.000000,0.333333,2.178399,3.093014,2.525713
2020-02-28,-0.005491,0.000000,-0.005491,-0.004202,-0.013063,0.333333,0.333333,0.000000,0.000000,0.000000,0.000000,0.000000,0.000000,0.000000,0.000000,0.333333,2.166438,3.080018,2.492720
2020-03-02,0.047882,0.000000,0.047882,0.043307,0.045944,0.333333,0.333333,0.000000,0.000000,0.000000,0.000000,0.000000,0.000000,0.000000,0.000000,0.333333,2.270171,3.213403,2.607247
2020-03-03,-0.036161,0.000000,-0.036161,-0.028632,-0.022543,0.333333,0.333333,0.000000,0.000000,0.000000,0.000000,0.000000,0.000000,0.000000,0.000000,0.333333,2.188079,3.121396,2.548472
2020-03-04,0.037346,0.000000,0.037346,0.042033,0.041402,0.333333,0.333333,0.000000,0.000000,0.000000,0.000000,0.000000,0.000000,0.000000,0.000000,0.333333,2.269795,3.252597,2.653985
2020-03-05,-0.038755,0.000000,-0.038755,-0.033241,-0.031925,0.333333,0.333333,0.000000,0.000000,0.000000,0.000000,0.000000,0.000000,0.000000,0.000000,0.333333,2.181828,3.144476,2.569256
2020-03-06,-0.024174,0.000000,-0.024174,-0.016531,-0.019756,0.333333,0.333333,0.000000,0.000000,0.000000,0.000000,0.000000,0.000000,0.000000,0.000000,0.333333,2.129085,3.092494,2.518499
2020-03-09,-0.083267,0.000000,-0.083267,-0.078095,-0.083686,0.333333,0.333333,0.000000,0.000000,0.000000,0.000000,0.000000,0.000000,0.000000,0.000000,0.333333,1.951803,2.850988,2.307735
2020-03-10,0.058804,0.000000,0.058804,0.051745,0.044776,0.333333,0.333333,0.000000,0.000000,0.000000,0.000000,0.000000,0.000000,0.000000,0.000000,0.333333,2.066577,2.998511,2.411067
2020-03-11,-0.048151,0.000000,-0.048151,-0.048748,-0.049941,0.333333,0.333333,0.000000,0.000000,0.000000,0.000000,0.000000,0.000000,0.000000,0.000000,0.333333,1.967069,2.852338,2.290656
2020-03-12,-0.099871,0.000000,-0.099871,-0.095677,-0.098239,0.333333,0.333333,0.000000,0.000000,0.000000,0.000000,0.000000,0.000000,0.000000,0.000000,0.333333,1.770616,2.579435,2.065624
2020-03-13,0.112929,0.000000,0.112929,0.085486,0.085272,0.333333,0.333333,0.000000,0.000000,0.000000,0.000000,0.000000,0.000000,0.000000,0.000000,0.333333,1.970570,2.799941,2.241763
2020-03-16,-0.129343,0.000000,-0.129343,-0.109424,-0.119485,0.333333,0.333333,0.000000,0.000000,0.000000,0.000000,0.000000,0.000000,0.000000,0.000000,0.333333,1.715690,2.493561,1.973906
2020-03-17,0.055272,0.000000,0.055272,0.053992,0.059526,0.333333,0.333333,0.000000,0.000000,0.000000,0.000000,0.000000,0.000000,0.000000,0.000000,0.333333,1.810520,2.628194,2.091404
2020-03-18,-0.051923,0.000000,-0.051923,-0.050633,-0.060638,0.333333,0.333333,0.000000,0.000000,0.000000,0.000000,0.000000,0.000000,0.000000,0.000000,0.333333,1.716513,2.495121,1.964585
2020-03-19,0.014469,0.000000,0.014469,0.002125,0.004067,0.333333,0.333333,0.000000,0.000000,0.000000,0.000000,0.000000,0.000000,0.000000,0.000000,0.333333,1.741349,2.500422,1.972576
2020-03-20,-0.041908,0.000000,-0.041908,-0.043094,-0.042789,0.333333,0.333333,0.000000,0.000000,0.000000,0.000000,0.000000,0.000000,0.000000,0.000000,0.333333,1.668373,2.392669,1.888171
2020-03-23,-0.020669,0.000000,-0.020669,-0.025568,-0.037402,0.333333,0.333333,0.000000,0.000000,0.000000,0.000000,0.000000,0.000000,0.000000,0.000000,0.333333,1.633890,2.331493,1.817550
2020-03-24,0.095977,0.000000,0.095977,0.090603,0.100815,0.333333,0.333333,0.000000,0.000000,0.000000,0.000000,0.000000,0.000000,0.000000,0.000000,0.333333,1.790706,2.542734,2.000786
2020-03-25,0.003498,0.000000,0.003498,0.014970,0.021061,0.333333,0.333333,0.000000,0.000000,0.000000,0.000000,0.000000,0.000000,0.000000,0.000000,0.333333,1.796970,2.580798,2.042926
2020-03-26,0.060552,0.000000,0.060552,0.058390,0.061583,0.333333,0.333333,0.000000,0.000000,0.000000,0.000000,0.000000,0.000000,0.000000,0.000000,0.333333,1.905781,2.731491,2.168735
2020-03-27,-0.038539,0.000000,-0.038539,-0.029786,-0.028479,0.333333,0.333333,0.000000,0.000000,0.000000,0.000000,0.000000,0.000000,0.000000,0.000000,0.333333,1.832334,2.650132,2.106971
2020-03-30,0.032546,0.000000,0.032546,0.032476,0.029462,0.333333,0.333333,0.000000,0.000000,0.000000,0.000000,0.000000,0.000000,0.000000,0.000000,0.333333,1.891970,2.736197,2.169046
2020-03-31,-0.016015,0.000000,-0.016015,-0.014905,-0.015995,0.333333,0.333333,0.000000,0.000000,0.000000,0.000000,0.000000,0.000000,0.000000,0.000000,0.333333,1.861671,2.695412,2.134352
2020-04-01,-0.041547,0.000333,-0.041881,-0.045005,-0.046225,0.333333,0.000000,0.000000,0.000000,0.000000,0.000000,0.333333,0.333333,0.000000,0.000000,0.000000,1.783703,2.574106,2.035692
2020-04-02,0.026756,0.000000,0.026756,0.023075,0.025842,0.333333,0.000000,0.000000,0.000000,0.000000,0.000000,0.333333,0.333333,0.000000,0.000000,0.000000,1.831427,2.633504,2.088299
2020-04-03,-0.014455,0.000000,-0.014455,-0.014454,-0.015131,0.333333,0.000000,0.000000,0.000000,0.000000,0.000000,0.333333,0.333333,0.000000,0.000000,0.000000,1.804954,2.595439,2.056701
2020-04-06,0.066591,0.000000,0.066591,0.067166,0.067464,0.333333,0.000000,0.000000,0.000000,0.000000,0.000000,0.333333,0.333333,0.000000,0.000000,0.000000,1.925148,2.769765,2.195455
2020-04-07,-0.011001,0.000000,-0.011001,0.001019,0.003360,0.333333,0.000000,0.000000,0.000000,0.000000,0.000000,0.333333,0.333333,0.000000,0.000000,0.000000,1.903969,2.772588,2.202833
2020-04-08,0.032047,0.000000,0.032047,0.033569,0.041909,0.333333,0.000000,0.000000,0.000000,0.000000,0.000000,0.333333,0.333333,0.000000,0.000000,0.000000,1.964986,2.865660,2.295152
2020-04-09,0.018927,0.000000,0.018927,0.015217,0.021986,0.333333,0.000000,0.000000,0.000000,0.000000,0.000000,0.333333,0.333333,0.000000,0.000000,0.000000,2.002177,2.909268,2.345613
2020-04-10,0.000000,0.000000,0.000000,0.000000,0.000000,0.333333,0.000000,0.000000,0.000000,0.000000,0.000000,0.333333,0.333333,0.000000,0.000000,0.000000,2.002177,2.909268,2.345613
2020-04-13,-0.012298,0.000000,-0.012298,-0.009130,-0.016467,0.333333,0.000000,0.000000,0.000000,0.000000,0.000000,0.333333,0.333333,0.000000,0.000000,0.000000,1.977553,2.882706,2.306986
2020-04-14,0.037919,0.000000,0.037919,0.029493,0.025515,0.333333,0.000000,0.000000,0.000000,0.000000,0.000000,0.333333,0.333333,0.000000,0.000000,0.000000,2.052540,2.967725,2.365849
2020-04-15,-0.023528,0.000000,-0.023528,-0.021248,-0.028131,0.333333,0.000000,0.000000,0.000000,0.000000,0.000000,0.333333,0.333333,0.000000,0.000000,0.000000,2.004247,2.904667,2.299295
2020-04-16,0.006313,0.000000,0.006313,0.004824,-0.002245,0.333333,0.000000,0.000000,0.000000,0.000000,0.000000,0.333333,0.333333,0.000000,0.000000,0.000000,2.016899,2.918679,2.294133
2020-04-17,0.020261,0.000000,0.020261,0.027015,0.036632,0.333333,0.000000,0.000000,0.000000,0.000000,0.000000,0.333333,0.333333,0.000000,0.000000,0.000000,2.057764,2.997529,2.378173
2020-04-20,-0.024508,0.000000,-0.024508,-0.017618,-0.022272,0.333333,0.000000,0.000000,0.000000,0.000000,0.000000,0.333333,0.333333,0.000000,0.000000,0.000000,2.007333,2.944719,2.325207
2020-04-21,-0.026542,0.000000,-0.026542,-0.030363,-0.025491,0.333333,0.000000,0.000000,0.000000,0.000000,0.000000,0.333333,0.333333,0.000000,0.000000,0.000000,1.954054,2.855308,2.265936
2020-04-22,0.025768,0.000000,0.025768,0.022194,0.021363,0.333333,0.000000,0.000000,0.000000,0.000000,0.000000,0.333333,0.333333,0.000000,0.000000,0.000000,2.004406,2.918679,2.314343
2020-04-23,-0.010844,0.000000,-0.010844,-0.000072,0.001037,0.333333,0.000000,0.000000,0.000000,0.000000,0.000000,0.333333,0.333333,0.000000,0.000000,0.000000,1.982671,2.918470,2.316741
2020-04-24,0.012695,0.000000,0.012695,0.013939,0.011390,0.333333,0.000000,0.000000,0.000000,0.000000,0.000000,0.333333,0.333333,0.000000,0.000000,0.000000,2.007841,2.959150,2.343129
2020-04-27,0.007310,0.000000,0.007310,0.014418,0.017997,0.333333,0.000000,0.000000,0.000000,0.000000,0.000000,0.333333,0.333333,0.000000,0.000000,0.000000,2.022518,3.001816,2.385299
2020-04-28,-0.001325,0.000000,-0.001325,-0.004599,0.003032,0.333333,0.000000,0.000000,0.000000,0.000000,0.000000,0.333333,0.333333,0.000000,0.000000,0.000000,2.019839,2.988012,2.392532
2020-04-29,0.009231,0.000000,0.009231,0.026179,0.023195,0.333333,0.000000,0.000000,0.000000,0.000000,0.000000,0.333333,0.333333,0.000000,0.000000,0.000000,2.038483,3.066234,2.448026
2020-04-30,-0.013124,0.000000,-0.013124,-0.009311,-0.014410,0.333333,0.000000,0.000000,0.000000,0.000000,0.000000,0.333333,0.333333,0.000000,0.000000,0.000000,2.011730,3.037686,2.412749
2020-05-01,-0.019165,0.000167,-0.019332,-0.026473,-0.027582,0.333333,0.000000,0.000000,0.333333,0.000000,0.000000,0.333333,0.000000,0.000000,0.000000,0.000000,1.972839,2.957268,2.346200
2020-05-04,0.004081,0.000000,0.004081,0.002758,0.004256,0.333333,0.000000,0.000000,0.333333,0.000000,0.000000,0.333333,0.000000,0.000000,0.000000,0.000000,1.980890,2.965424,2.356185
2020-05-05,0.012105,0.000000,0.012105,0.009239,0.005798,0.333333,0.000000,0.000000,0.333333,0.000000,0.000000,0.333333,0.000000,0.000000,0.000000,0.000000,2.004868,2.992823,2.369847
2020-05-06,-0.004355,0.000000,-0.004355,-0.006779,-0.013380,0.333333,0.000000,0.000000,0.333333,0.000000,0.000000,0.333333,0.000000,0.000000,0.000000,0.000000,1.996137,2.972536,2.338139
2020-05-07,0.004029,0.000000,0.004029,0.012067,0.012835,0.333333,0.000000,0.000000,0.333333,0.000000,0.000000,0.333333,0.000000,0.000000,0.000000,0.000000,2.004180,3.008405,2.368149
2020-05-08,0.014054,0.000000,0.014054,0.016546,0.021303,0.333333,0.000000,0.000000,0.333333,0.000000,0.000000,0.333333,0.000000,0.000000,0.000000,0.000000,2.032347,3.058182,2.418598
2020-05-11,0.007491,0.000000,0.007491,0.000205,-0.005456,0.333333,0.000000,0.000000,0.333333,0.000000,0.000000,0.333333,0.000000,0.000000,0.000000,0.000000,2.047571,3.058810,2.405401
2020-05-12,-0.014773,0.000000,-0.014773,-0.019932,-0.020358,0.333333,0.000000,0.000000,0.333333,0.000000,0.000000,0.333333,0.000000,0.000000,0.000000,0.000000,2.017322,2.997842,2.356431
2020-05-13,-0.012371,0.000000,-0.012371,-0.017686,-0.019717,0.333333,0.000000,0.000000,0.333333,0.000000,0.000000,0.333333,0.000000,0.000000,0.000000,0.000000,1.992366,2.944823,2.309970
2020-05-14,0.007084,0.000000,0.007084,0.011968,0.010782,0.333333,0.000000,0.000000,0.333333,0.000000,0.000000,0.333333,0.000000,0.000000,0.000000,0.000000,2.006480,2.980065,2.334876
2020-05-15,0.007426,0.000000,0.007426,0.004597,0.002331,0.333333,0.000000,0.000000,0.333333,0.000000,0.000000,0.333333,0.000000,0.000000,0.000000,0.000000,2.021380,2.993764,2.340318
2020-05-18,0.016207,0.000000,0.016207,0.030460,0.040169,0.333333,0.000000,0.000000,0.333333,0.000000,0.000000,0.333333,0.000000,0.000000,0.000000,0.000000,2.054140,3.084953,2.434326
2020-05-19,-0.011353,0.000000,-0.011353,-0.010271,-0.013497,0.333333,0.000000,0.000000,0.333333,0.000000,0.000000,0.333333,0.000000,0.000000,0.000000,0.000000,2.030821,3.053266,2.401470
2020-05-20,0.011662,0.000000,0.011662,0.016988,0.017044,0.333333,0.000000,0.000000,0.333333,0.000000,0.000000,0.333333,0.000000,0.000000,0.000000,0.000000,2.054505,3.105137,2.442401
2020-05-21,-0.010796,0.000000,-0.010796,-0.006904,-0.007031,0.333333,0.000000,0.000000,0.333333,0.000000,0.000000,0.333333,0.000000,0.000000,0.000000,0.000000,2.032323,3.083699,2.425229
2020-05-22,0.003082,0.000000,0.003082,0.001899,0.003146,0.333333,0.000000,0.000000,0.333333,0.000000,0.000000,0.333333,0.000000,0.000000,0.000000,0.000000,2.038586,3.089555,2.432859
2020-05-25,0.000000,0.000000,0.000000,0.000000,0.000000,0.333333,0.000000,0.000000,0.333333,0.000000,0.000000,0.333333,0.000000,0.000000,0.000000,0.000000,2.038586,3.089555,2.432859
2020-05-26,0.000850,0.000000,0.000850,0.012321,0.018975,0.333333,0.000000,0.000000,0.333333,0.000000,0.000000,0.333333,0.000000,0.000000,0.000000,0.000000,2.040320,3.127620,2.479022
2020-05-27,0.010374,0.000000,0.010374,0.014879,0.017124,0.333333,0.000000,0.000000,0.333333,0.000000,0.000000,0.333333,0.000000,0.000000,0.000000,0.000000,2.061486,3.174155,2.521472
2020-05-28,0.006648,0.000000,0.006648,-0.001845,-0.000423,0.333333,0.000000,0.000000,0.333333,0.000000,0.000000,0.333333,0.000000,0.000000,0.000000,0.000000,2.075191,3.168299,2.520406
2020-05-29,0.008570,0.000000,0.008570,0.004456,0.001342,0.333333,0.000000,0.000000,0.333333,0.000000,0.000000,0.333333,0.000000,0.000000,0.000000,0.000000,2.092975,3.182417,2.523788
2020-06-01,-0.001095,0.000000,-0.001095,0.004042,0.007968,0.333333,0.000000,0.000000,0.333333,0.000000,0.000000,0.333333,0.000000,0.000000,0.000000,0.000000,2.090682,3.195279,2.543897
2020-06-02,0.005954,0.000000,0.005954,0.008280,0.010033,0.333333,0.000000,0.000000,0.333333,0.000000,0.000000,0.333333,0.000000,0.000000,0.000000,0.000000,2.103129,3.221737,2.569421
2020-06-03,0.002392,0.000000,0.002392,0.013308,0.017584,0.333333,0.000000,0.000000,0.333333,0.000000,0.000000,0.333333,0.000000,0.000000,0.000000,0.000000,2.108161,3.264612,2.614603
2020-06-04,-0.006995,0.000000,-0.006995,-0.002627,-0.003066,0.333333,0.000000,0.000000,0.333333,0.000000,0.000000,0.333333,0.000000,0.000000,0.000000,0.000000,2.093414,3.256037,2.606587
2020-06-05,0.018796,0.000000,0.018796,0.025629,0.029066,0.333333,0.000000,0.000000,0.333333,0.000000,0.000000,0.333333,0.000000,0.000000,0.000000,0.000000,2.132762,3.339488,2.682350
2020-06-08,0.007555,0.000000,0.007555,0.012087,0.017346,0.333333,0.000000,0.000000,0.333333,0.000000,0.000000,0.333333,0.000000,0.000000,0.000000,0.000000,2.148876,3.379854,2.728877
2020-06-09,-0.004623,0.000000,-0.004623,-0.007457,-0.013799,0.333333,0.000000,0.000000,0.333333,0.000000,0.000000,0.333333,0.000000,0.000000,0.000000,0.000000,2.138941,3.354651,2.691221
2020-06-10,0.004112,0.000000,0.004112,-0.005580,-0.013321,0.333333,0.000000,0.000000,0.333333,0.000000,0.000000,0.333333,0.000000,0.000000,0.000000,0.000000,2.147737,3.335932,2.655372
2020-06-11,-0.050289,0.000000,-0.050289,-0.057649,-0.061241,0.333333,0.000000,0.000000,0.333333,0.000000,0.000000,0.333333,0.000000,0.000000,0.000000,0.000000,2.039729,3.143620,2.492755
2020-06-12,0.006536,0.000000,0.006536,0.011975,0.014702,0.333333,0.000000,0.000000,0.333333,0.000000,0.000000,0.333333,0.000000,0.000000,0.000000,0.000000,2.053062,3.181266,2.529402
2020-06-15,0.007813,0.000000,0.007813,0.009336,0.009615,0.333333,0.000000,0.000000,0.333333,0.000000,0.000000,0.333333,0.000000,0.000000,0.000000,0.000000,2.069103,3.210965,2.553723
2020-06-16,0.020536,0.000000,0.020536,0.019248,0.017909,0.333333,0.000000,0.000000,0.333333,0.000000,0.000000,0.333333,0.000000,0.000000,0.000000,0.000000,2.111593,3.272769,2.599459
2020-06-17,-0.000900,0.000000,-0.000900,-0.004154,-0.007589,0.333333,0.000000,0.000000,0.333333,0.000000,0.000000,0.333333,0.000000,0.000000,0.000000,0.000000,2.109692,3.259174,2.579731
2020-06-18,0.002098,0.000000,0.002098,0.000385,0.000127,0.333333,0.000000,0.000000,0.333333,0.000000,0.000000,0.333333,0.000000,0.000000,0.000000,0.000000,2.114118,3.260430,2.580058
2020-06-19,-0.000817,0.000000,-0.000817,-0.005715,-0.008016,0.333333,0.000000,0.000000,0.333333,0.000000,0.000000,0.333333,0.000000,0.000000,0.000000,0.000000,2.112391,3.241797,2.559376
2020-06-22,0.004049,0.000000,0.004049,0.006415,0.003327,0.333333,0.000000,0.000000,0.333333,0.000000,0.000000,0.333333,0.000000,0.000000,0.000000,0.000000,2.120944,3.262594,2.567891
2020-06-23,0.003332,0.000000,0.003332,0.004604,0.001698,0.333333,0.000000,0.000000,0.333333,0.000000,0.000000,0.333333,0.000000,0.000000,0.000000,0.000000,2.128012,3.277614,2.572250
2020-06-24,-0.021822,0.000000,-0.021822,-0.025509,-0.027216,0.333333,0.000000,0.000000,0.333333,0.000000,0.000000,0.333333,0.000000,0.000000,0.000000,0.000000,2.081574,3.194006,2.502245
2020-06-25,0.009903,0.000000,0.009903,0.010720,0.009354,0.333333,0.000000,0.000000,0.333333,0.000000,0.000000,0.333333,0.000000,0.000000,0.000000,0.000000,2.102188,3.228247,2.525650
2020-06-26,-0.017419,0.000000,-0.017419,-0.023751,-0.023392,0.333333,0.000000,0.000000,0.333333,0.000000,0.000000,0.333333,0.000000,0.000000,0.000000,0.000000,2.065571,3.151572,2.466571
2020-06-29,0.012954,0.000000,0.012954,0.014698,0.017194,0.333333,0.000000,0.000000,0.333333,0.000000,0.000000,0.333333,0.000000,0.000000,0.000000,0.000000,2.092327,3.197893,2.508981
2020-06-30,0.014129,0.000000,0.014129,0.012809,0.012850,0.333333,0.000000,0.000000,0.333333,0.000000,0.000000,0.333333,0.000000,0.000000,0.000000,0.000000,2.121890,3.238856,2.541222
2020-07-01,0.011373,0.000167,0.011206,0.007005,0.005493,0.333333,0.000000,0.000000,0.333333,0.000000,0.000000,0.000000,0.000000,0.000000,0.000000,0.333333,2.145667,3.261544,2.555181
2020-07-02,0.003372,0.000000,0.003372,0.005507,0.005294,0.333333,0.000000,0.000000,0.333333,0.000000,0.000000,0.000000,0.000000,0.000000,0.000000,0.333333,2.152902,3.279504,2.568707
2020-07-03,0.000000,0.000000,0.000000,0.000000,0.000000,0.333333,0.000000,0.000000,0.333333,0.000000,0.000000,0.000000,0.000000,0.000000,0.000000,0.333333,2.152902,3.279504,2.568707
2020-07-06,0.015908,0.000000,0.015908,0.015437,0.010538,0.333333,0.000000,0.000000,0.333333,0.000000,0.000000,0.000000,0.000000,0.000000,0.000000,0.333333,2.187151,3.330131,2.595775
2020-07-07,-0.007323,0.000000,-0.007323,-0.010314,-0.010901,0.333333,0.000000,0.000000,0.333333,0.000000,0.000000,0.000000,0.000000,0.000000,0.000000,0.333333,2.171134,3.295785,2.567477
2020-07-08,0.008442,0.000000,0.008442,0.007649,0.003388,0.333333,0.000000,0.000000,0.333333,0.000000,0.000000,0.000000,0.000000,0.000000,0.000000,0.333333,2.189462,3.320993,2.576177
2020-07-09,-0.001002,0.000000,-0.001002,-0.005693,-0.011863,0.333333,0.000000,0.000000,0.333333,0.000000,0.000000,0.000000,0.000000,0.000000,0.000000,0.333333,2.187268,3.302086,2.545617
2020-07-10,0.004874,0.000000,0.004874,0.010211,0.014693,0.333333,0.000000,0.000000,0.333333,0.000000,0.000000,0.000000,0.000000,0.000000,0.000000,0.333333,2.197929,3.335804,2.583020
2020-07-13,-0.011723,0.000000,-0.011723,-0.008659,-0.005544,0.333333,0.000000,0.000000,0.333333,0.000000,0.000000,0.000000,0.000000,0.000000,0.000000,0.333333,2.172163,3.306918,2.568700
2020-07-14,0.013759,0.000000,0.013759,0.012959,0.015643,0.333333,0.000000,0.000000,0.333333,0.000000,0.000000,0.000000,0.000000,0.000000,0.000000,0.333333,2.202050,3.349772,2.608883
2020-07-15,0.008115,0.000000,0.008115,0.009188,0.011262,0.333333,0.000000,0.000000,0.333333,0.000000,0.000000,0.000000,0.000000,0.000000,0.000000,0.333333,2.219919,3.380548,2.638265
2020-07-16,-0.004080,0.000000,-0.004080,-0.003294,-0.001159,0.333333,0.000000,0.000000,0.333333,0.000000,0.000000,0.000000,0.000000,0.000000,0.000000,0.333333,2.210862,3.369414,2.635208
2020-07-17,0.005440,0.000000,0.005440,0.002899,0.004152,0.333333,0.000000,0.000000,0.333333,0.000000,0.000000,0.000000,0.000000,0.000000,0.000000,0.333333,2.222891,3.379182,2.646149
2020-07-20,0.012461,0.000000,0.012461,0.008082,-0.001940,0.333333,0.000000,0.000000,0.333333,0.000000,0.000000,0.000000,0.000000,0.000000,0.000000,0.333333,2.250591,3.406491,2.641015
2020-07-21,-0.005173,0.000000,-0.005173,0.002128,0.009240,0.333333,0.000000,0.000000,0.333333,0.000000,0.000000,0.000000,0.000000,0.000000,0.000000,0.333333,2.238948,3.413739,2.665419
2020-07-22,0.006013,0.000000,0.006013,0.005692,0.006317,0.333333,0.000000,0.000000,0.333333,0.000000,0.000000,0.000000,0.000000,0.000000,0.000000,0.333333,2.252410,3.433169,2.682256
2020-07-23,-0.015571,0.000000,-0.015571,-0.011932,-0.006296,0.333333,0.000000,0.000000,0.333333,0.000000,0.000000,0.000000,0.000000,0.000000,0.000000,0.333333,2.217337,3.392206,2.665367
2020-07-24,-0.008235,0.000000,-0.008235,-0.006441,-0.004933,0.333333,0.000000,0.000000,0.333333,0.000000,0.000000,0.000000,0.000000,0.000000,0.000000,0.333333,2.199078,3.370358,2.652219
2020-07-27,0.010052,0.000000,0.010052,0.007293,0.004772,0.333333,0.000000,0.000000,0.333333,0.000000,0.000000,0.000000,0.000000,0.000000,0.000000,0.333333,2.221184,3.394938,2.664876
2020-07-28,-0.007713,0.000000,-0.007713,-0.006342,-0.003865,0.333333,0.000000,0.000000,0.333333,0.000000,0.000000,0.000000,0.000000,0.000000,0.000000,0.333333,2.204052,3.373406,2.654577
2020-07-29,0.011387,0.000000,0.011387,0.012298,0.012029,0.333333,0.000000,0.000000,0.333333,0.000000,0.000000,0.000000,0.000000,0.000000,0.000000,0.333333,2.229149,3.414893,2.686510
2020-07-30,0.000492,0.000000,0.000492,-0.003568,-0.008562,0.333333,0.000000,0.000000,0.333333,0.000000,0.000000,0.000000,0.000000,0.000000,0.000000,0.333333,2.230246,3.402710,2.663507
2020-07-31,0.011058,0.000000,0.011058,0.007902,0.002813,0.333333,0.000000,0.000000,0.333333,0.000000,0.000000,0.000000,0.000000,0.000000,0.000000,0.333333,2.254908,3.429599,2.670999
2020-08-03,0.011940,0.000000,0.011940,0.006952,0.000838,0.333333,0.000000,0.000000,0.333333,0.000000,0.000000,0.000000,0.000000,0.000000,0.000000,0.333333,2.281832,3.453442,2.673237
2020-08-04,0.001505,0.000000,0.001505,0.003862,0.007973,0.333333,0.000000,0.000000,0.333333,0.000000,0.000000,0.000000,0.000000,0.000000,0.000000,0.333333,2.285266,3.466781,2.694551
2020-08-05,0.002260,0.000000,0.002260,0.006211,0.004968,0.333333,0.000000,0.000000,0.333333,0.000000,0.000000,0.000000,0.000000,0.000000,0.000000,0.333333,2.290431,3.488314,2.707938
2020-08-06,0.011683,0.000000,0.011683,0.006684,0.003519,0.333333,0.000000,0.000000,0.333333,0.000000,0.000000,0.000000,0.000000,0.000000,0.000000,0.333333,2.317191,3.511631,2.717468
2020-08-07,-0.004286,0.000000,-0.004286,0.000718,0.006261,0.333333,0.000000,0.000000,0.333333,0.000000,0.000000,0.000000,0.000000,0.000000,0.000000,0.333333,2.307259,3.514152,2.734484
2020-08-10,-0.003178,0.000000,-0.003178,0.002989,0.007108,0.333333,0.000000,0.000000,0.333333,0.000000,0.000000,0.000000,0.000000,0.000000,0.000000,0.333333,2.299927,3.524655,2.753919
2020-08-11,-0.013068,0.000000,-0.013068,-0.008255,-0.007014,0.333333,0.000000,0.000000,0.333333,0.000000,0.000000,0.000000,0.000000,0.000000,0.000000,0.333333,2.269871,3.495561,2.734604
2020-08-12,0.017136,0.000000,0.017136,0.013942,0.011002,0.333333,0.000000,0.000000,0.333333,0.000000,0.000000,0.000000,0.000000,0.000000,0.000000,0.333333,2.308768,3.544297,2.764689
2020-08-13,0.001390,0.000000,0.001390,-0.001808,-0.003772,0.333333,0.000000,0.000000,0.333333,0.000000,0.000000,0.000000,0.000000,0.000000,0.000000,0.333333,2.311978,3.537890,2.754261
2020-08-14,-0.000944,0.000000,-0.000944,0.000030,0.000842,0.333333,0.000000,0.000000,0.333333,0.000000,0.000000,0.000000,0.000000,0.000000,0.000000,0.333333,2.309796,3.537995,2.756581
2020-08-17,0.004581,0.000000,0.004581,0.003176,0.001566,0.333333,0.000000,0.000000,0.333333,0.000000,0.000000,0.000000,0.000000,0.000000,0.000000,0.333333,2.320377,3.549232,2.760897
2020-08-18,0.004162,0.000000,0.004162,0.002161,-0.001051,0.333333,0.000000,0.000000,0.333333,0.000000,0.000000,0.000000,0.000000,0.000000,0.000000,0.333333,2.330035,3.556901,2.757996
2020-08-19,-0.002429,0.000000,-0.002429,-0.004164,-0.005519,0.333333,0.000000,0.000000,0.333333,0.000000,0.000000,0.000000,0.000000,0.000000,0.000000,0.333333,2.324374,3.542091,2.742776
2020-08-20,0.007527,0.000000,0.007527,0.003114,-0.001717,0.333333,0.000000,0.000000,0.333333,0.000000,0.000000,0.000000,0.000000,0.000000,0.000000,0.333333,2.341869,3.553120,2.738065
2020-08-21,0.003105,0.000000,0.003105,0.003547,0.001082,0.333333,0.000000,0.000000,0.333333,0.000000,0.000000,0.000000,0.000000,0.000000,0.000000,0.333333,2.349140,3.565724,2.741027
2020-08-24,0.005414,0.000000,0.005414,0.010133,0.012466,0.333333,0.000000,0.000000,0.333333,0.000000,0.000000,0.000000,0.000000,0.000000,0.000000,0.333333,2.361859,3.601856,2.775196
2020-08-25,0.007083,0.000000,0.007083,0.003499,-0.000050,0.333333,0.000000,0.000000,0.333333,0.000000,0.000000,0.000000,0.000000,0.000000,0.000000,0.333333,2.378586,3.614460,2.775058
2020-08-26,0.017755,0.000000,0.017755,0.010025,0.002860,0.333333,0.000000,0.000000,0.333333,0.000000,0.000000,0.000000,0.000000,0.000000,0.000000,0.333333,2.420818,3.650696,2.782994
2020-08-27,-0.001158,0.000000,-0.001158,0.002187,0.003067,0.333333,0.000000,0.000000,0.333333,0.000000,0.000000,0.000000,0.000000,0.000000,0.000000,0.333333,2.418014,3.658679,2.791530
2020-08-28,0.004452,0.000000,0.004452,0.006460,0.007508,0.333333,0.000000,0.000000,0.333333,0.000000,0.000000,0.000000,0.000000,0.000000,0.000000,0.333333,2.428780,3.682313,2.812489
2020-08-31,0.000285,0.000000,0.000285,-0.003623,-0.006539,0.333333,0.000000,0.000000,0.333333,0.000000,0.000000,0.000000,0.000000,0.000000,0.000000,0.333333,2.429471,3.668973,2.794098
2020-09-01,0.006120,0.000000,0.006120,0.009418,0.004643,0.333333,0.000000,0.000000,0.333333,0.000000,0.000000,0.000000,0.000000,0.000000,0.000000,0.333333,2.444340,3.703529,2.807071
2020-09-02,0.016753,0.000000,0.016753,0.014464,0.016768,0.333333,0.000000,0.000000,0.333333,0.000000,0.000000,0.000000,0.000000,0.000000,0.000000,0.333333,2.485290,3.757097,2.854140
2020-09-03,-0.039384,0.000000,-0.039384,-0.034414,-0.024860,0.333333,0.000000,0.000000,0.333333,0.000000,0.000000,0.000000,0.000000,0.000000,0.000000,0.333333,2.387410,3.627800,2.783188
2020-09-04,-0.013118,0.000000,-0.013118,-0.008165,-0.005009,0.333333,0.000000,0.000000,0.333333,0.000000,0.000000,0.000000,0.000000,0.000000,0.000000,0.333333,2.356092,3.598179,2.769248
2020-09-07,0.000000,0.000000,0.000000,0.000000,0.000000,0.333333,0.000000,0.000000,0.333333,0.000000,0.000000,0.000000,0.000000,0.000000,0.000000,0.333333,2.356092,3.598179,2.769248
2020-09-08,-0.029351,0.000000,-0.029351,-0.027323,-0.021830,0.333333,0.000000,0.000000,0.333333,0.000000,0.000000,0.000000,0.000000,0.000000,0.000000,0.333333,2.286937,3.499867,2.708795
2020-09-09,0.020766,0.000000,0.020766,0.019747,0.016181,0.333333,0.000000,0.000000,0.333333,0.000000,0.000000,0.000000,0.000000,0.000000,0.000000,0.333333,2.334429,3.568980,2.752626
2020-09-10,-0.017560,0.000000,-0.017560,-0.017364,-0.016682,0.333333,0.000000,0.000000,0.333333,0.000000,0.000000,0.000000,0.000000,0.000000,0.000000,0.333333,2.293436,3.507010,2.706708
2020-09-11,-0.002292,0.000000,-0.002292,0.000509,0.003040,0.333333,0.000000,0.000000,0.333333,0.000000,0.000000,0.000000,0.000000,0.000000,0.000000,0.333333,2.288179,3.508795,2.714936
2020-09-14,0.013057,0.000000,0.013057,0.013171,0.013081,0.333333,0.000000,0.000000,0.333333,0.000000,0.000000,0.000000,0.000000,0.000000,0.000000,0.333333,2.318056,3.555011,2.750451
2020-09-15,0.009678,0.000000,0.009678,0.005052,0.003667,0.333333,0.000000,0.000000,0.333333,0.000000,0.000000,0.000000,0.000000,0.000000,0.000000,0.333333,2.340490,3.572972,2.760536
2020-09-16,-0.009318,0.000000,-0.009318,-0.003969,0.002689,0.333333,0.000000,0.000000,0.333333,0.000000,0.000000,0.000000,0.000000,0.000000,0.000000,0.333333,2.318681,3.558792,2.767958
2020-09-17,-0.009985,0.000000,-0.009985,-0.008795,-0.007284,0.333333,0.000000,0.000000,0.333333,0.000000,0.000000,0.000000,0.000000,0.000000,0.000000,0.333333,2.295528,3.527492,2.747797
2020-09-18,-0.009453,0.000000,-0.009453,-0.011513,-0.011861,0.333333,0.000000,0.000000,0.333333,0.000000,0.000000,0.000000,0.000000,0.000000,0.000000,0.333333,2.273828,3.486880,2.715205
2020-09-21,-0.007288,0.000000,-0.007288,-0.011129,-0.018362,0.333333,0.000000,0.000000,0.333333,0.000000,0.000000,0.000000,0.000000,0.000000,0.000000,0.333333,2.257256,3.448073,2.665349
2020-09-22,0.011011,0.000000,0.011011,0.010184,0.006482,0.333333,0.000000,0.000000,0.333333,0.000000,0.000000,0.000000,0.000000,0.000000,0.000000,0.333333,2.282110,3.483189,2.682626
2020-09-23,-0.021780,0.000000,-0.021780,-0.023191,-0.023235,0.333333,0.000000,0.000000,0.333333,0.000000,0.000000,0.000000,0.000000,0.000000,0.000000,0.333333,2.232405,3.402411,2.620294
2020-09-24,0.000835,0.000000,0.000835,0.002665,0.003259,0.333333,0.000000,0.000000,0.333333,0.000000,0.000000,0.000000,0.000000,0.000000,0.000000,0.333333,2.234270,3.411480,2.628833
2020-09-25,0.017771,0.000000,0.017771,0.016167,0.012817,0.333333,0.000000,0.000000,0.333333,0.000000,0.000000,0.000000,0.000000,0.000000,0.000000,0.333333,2.273975,3.466633,2.662527
2020-09-28,0.013830,0.000000,0.013830,0.016609,0.015919,0.333333,0.000000,0.000000,0.333333,0.000000,0.000000,0.000000,0.000000,0.000000,0.000000,0.333333,2.305424,3.524212,2.704911
2020-09-29,-0.001199,0.000000,-0.001199,-0.005446,-0.007240,0.333333,0.000000,0.000000,0.333333,0.000000,0.000000,0.000000,0.000000,0.000000,0.000000,0.333333,2.302659,3.505019,2.685326
2020-09-30,0.008348,0.000000,0.008348,0.007582,0.007050,0.333333,0.000000,0.000000,0.333333,0.000000,0.000000,0.000000,0.000000,0.000000,0.000000,0.333333,2.321882,3.531594,2.704257
2020-10-01,0.012638,0.000167,0.012471,0.006420,0.001862,0.333333,0.000000,0.000000,0.000000,0.000000,0.333333,0.000000,0.000000,0.000000,0.000000,0.333333,2.350838,3.554267,2.709291
2020-10-02,-0.016445,0.000000,-0.016445,-0.009495,0.000147,0.333333,0.000000,0.000000,0.000000,0.000000,0.333333,0.000000,0.000000,0.000000,0.000000,0.333333,2.312178,3.520520,2.709690
2020-10-05,0.017189,0.000000,0.017189,0.017733,0.016231,0.333333,0.000000,0.000000,0.000000,0.000000,0.333333,0.000000,0.000000,0.000000,0.000000,0.333333,2.351922,3.582950,2.753671
2020-10-06,-0.018330,0.000000,-0.018330,-0.014216,-0.011320,0.333333,0.000000,0.000000,0.000000,0.000000,0.333333,0.000000,0.000000,0.000000,0.000000,0.333333,2.308812,3.532015,2.722499
2020-10-07,0.016168,0.000000,0.016168,0.017407,0.015068,0.333333,0.000000,0.000000,0.000000,0.000000,0.333333,0.000000,0.000000,0.000000,0.000000,0.333333,2.346142,3.593497,2.763521
2020-10-08,0.008250,0.000000,0.008250,0.008862,0.012950,0.333333,0.000000,0.000000,0.000000,0.000000,0.333333,0.000000,0.000000,0.000000,0.000000,0.333333,2.365498,3.625343,2.799310
2020-10-09,0.010567,0.000000,0.010567,0.008930,0.003851,0.333333,0.000000,0.000000,0.000000,0.000000,0.333333,0.000000,0.000000,0.000000,0.000000,0.333333,2.390495,3.657718,2.810090
2020-10-12,0.022316,0.000000,0.022316,0.016088,0.010411,0.333333,0.000000,0.000000,0.000000,0.000000,0.333333,0.000000,0.000000,0.000000,0.000000,0.333333,2.443840,3.716562,2.839347
2020-10-13,-0.001874,0.000000,-0.001874,-0.006526,-0.008416,0.333333,0.000000,0.000000,0.000000,0.000000,0.333333,0.000000,0.000000,0.000000,0.000000,0.333333,2.439260,3.692308,2.815452
2020-10-14,-0.009435,0.000000,-0.009435,-0.006284,-0.004439,0.333333,0.000000,0.000000,0.000000,0.000000,0.333333,0.000000,0.000000,0.000000,0.000000,0.333333,2.416244,3.669106,2.802953
2020-10-15,-0.002824,0.000000,-0.002824,-0.001236,0.000861,0.333333,0.000000,0.000000,0.000000,0.000000,0.333333,0.000000,0.000000,0.000000,0.000000,0.333333,2.409420,3.664573,2.805366
2020-10-16,-0.003931,0.000000,-0.003931,-0.000604,-0.000182,0.333333,0.000000,0.000000,0.000000,0.000000,0.333333,0.000000,0.000000,0.000000,0.000000,0.333333,2.399949,3.662358,2.804855
2020-10-19,-0.016187,0.000000,-0.016187,-0.015204,-0.014730,0.333333,0.000000,0.000000,0.000000,0.000000,0.333333,0.000000,0.000000,0.000000,0.000000,0.333333,2.361100,3.606677,2.763540
2020-10-20,0.006222,0.000000,0.006222,0.004006,0.005375,0.333333,0.000000,0.000000,0.000000,0.000000,0.333333,0.000000,0.000000,0.000000,0.000000,0.333333,2.375791,3.621126,2.778394
2020-10-21,0.003279,0.000000,0.003279,-0.001893,-0.003523,0.333333,0.000000,0.000000,0.000000,0.000000,0.333333,0.000000,0.000000,0.000000,0.000000,0.333333,2.383581,3.614270,2.768605
2020-10-22,0.001297,0.000000,0.001297,0.005485,0.009138,0.333333,0.000000,0.000000,0.000000,0.000000,0.333333,0.000000,0.000000,0.000000,0.000000,0.333333,2.386673,3.634096,2.793905
2020-10-23,0.005700,0.000000,0.005700,0.003395,0.003438,0.333333,0.000000,0.000000,0.000000,0.000000,0.333333,0.000000,0.000000,0.000000,0.000000,0.333333,2.400276,3.646434,2.803511
2020-10-26,-0.020937,0.000000,-0.020937,-0.018480,-0.018874,0.333333,0.000000,0.000000,0.000000,0.000000,0.333333,0.000000,0.000000,0.000000,0.000000,0.333333,2.350021,3.579049,2.750597
2020-10-27,0.003653,0.000000,0.003653,-0.003447,-0.006784,0.333333,0.000000,0.000000,0.000000,0.000000,0.333333,0.000000,0.000000,0.000000,0.000000,0.333333,2.358605,3.566710,2.731938
2020-10-28,-0.037760,0.000000,-0.037760,-0.034179,-0.032174,0.333333,0.000000,0.000000,0.000000,0.000000,0.333333,0.000000,0.000000,0.000000,0.000000,0.333333,2.269544,3.444804,2.644040
2020-10-29,0.016070,0.000000,0.016070,0.010164,0.011582,0.333333,0.000000,0.000000,0.000000,0.000000,0.333333,0.000000,0.000000,0.000000,0.000000,0.333333,2.306016,3.479816,2.674663
2020-10-30,-0.020301,0.000000,-0.020301,-0.010425,-0.006706,0.333333,0.000000,0.000000,0.000000,0.000000,0.333333,0.000000,0.000000,0.000000,0.000000,0.333333,2.259201,3.443538,2.656728
2020-11-02,0.003051,0.000000,0.003051,0.011209,0.018441,0.333333,0.000000,0.000000,0.000000,0.000000,0.333333,0.000000,0.000000,0.000000,0.000000,0.333333,2.266095,3.482135,2.705722
2020-11-03,0.018174,0.000000,0.018174,0.017656,0.016122,0.333333,0.000000,0.000000,0.000000,0.000000,0.333333,0.000000,0.000000,0.000000,0.000000,0.333333,2.307279,3.543615,2.749343
2020-11-04,0.034434,0.000000,0.034434,0.022350,0.008933,0.333333,0.000000,0.000000,0.000000,0.000000,0.333333,0.000000,0.000000,0.000000,0.000000,0.333333,2.386729,3.622813,2.773902
2020-11-05,0.023292,0.000000,0.023292,0.019503,0.016417,0.333333,0.000000,0.000000,0.000000,0.000000,0.333333,0.000000,0.000000,0.000000,0.000000,0.333333,2.442322,3.693468,2.819441
2020-11-06,-0.000601,0.000000,-0.000601,-0.000228,-0.002637,0.333333,0.000000,0.000000,0.000000,0.000000,0.333333,0.000000,0.000000,0.000000,0.000000,0.333333,2.440854,3.692625,2.812007
2020-11-09,-0.006329,0.000000,-0.006329,0.012565,0.028587,0.333333,0.000000,0.000000,0.000000,0.000000,0.333333,0.000000,0.000000,0.000000,0.000000,0.333333,2.425405,3.739024,2.892395
2020-11-10,-0.008451,0.000000,-0.008451,-0.001466,0.007640,0.333333,0.000000,0.000000,0.000000,0.000000,0.333333,0.000000,0.000000,0.000000,0.000000,0.333333,2.404907,3.733541,2.914492
2020-11-11,0.013848,0.000000,0.013848,0.007428,0.002058,0.333333,0.000000,0.000000,0.000000,0.000000,0.333333,0.000000,0.000000,0.000000,0.000000,0.333333,2.438209,3.761275,2.920490
2020-11-12,-0.009322,0.000000,-0.009322,-0.009701,-0.012918,0.333333,0.000000,0.000000,0.000000,0.000000,0.333333,0.000000,0.000000,0.000000,0.000000,0.333333,2.415479,3.724788,2.882762
2020-11-13,0.013198,0.000000,0.013198,0.013844,0.017387,0.333333,0.000000,0.000000,0.000000,0.000000,0.333333,0.000000,0.000000,0.000000,0.000000,0.333333,2.447357,3.776355,2.932883
2020-11-16,0.009716,0.000000,0.009716,0.012483,0.016842,0.333333,0.000000,0.000000,0.000000,0.000000,0.333333,0.000000,0.000000,0.000000,0.000000,0.333333,2.471135,3.823494,2.982280
2020-11-17,-0.004456,0.000000,-0.004456,-0.005379,-0.003958,0.333333,0.000000,0.000000,0.000000,0.000000,0.333333,0.000000,0.000000,0.000000,0.000000,0.333333,2.460125,3.802929,2.970476
2020-11-18,-0.009213,0.000000,-0.009213,-0.012034,-0.013428,0.333333,0.000000,0.000000,0.000000,0.000000,0.333333,0.000000,0.000000,0.000000,0.000000,0.333333,2.437458,3.757163,2.930589
2020-11-19,0.006376,0.000000,0.006376,0.004210,0.003554,0.333333,0.000000,0.000000,0.000000,0.000000,0.333333,0.000000,0.000000,0.000000,0.000000,0.333333,2.453000,3.772980,2.941005
2020-11-20,-0.005962,0.000000,-0.005962,-0.006848,-0.005177,0.333333,0.000000,0.000000,0.000000,0.000000,0.333333,0.000000,0.000000,0.000000,0.000000,0.333333,2.438376,3.747144,2.925781
2020-11-23,0.003739,0.000000,0.003739,0.005994,0.010938,0.333333,0.000000,0.000000,0.000000,0.000000,0.333333,0.000000,0.000000,0.000000,0.000000,0.333333,2.447493,3.769606,2.957782
2020-11-24,0.016424,0.000000,0.016424,0.016114,0.017992,0.333333,0.000000,0.000000,0.000000,0.000000,0.333333,0.000000,0.000000,0.000000,0.000000,0.333333,2.487690,3.830348,3.010998
2020-11-25,0.001062,0.000000,0.001062,-0.001542,-0.003708,0.333333,0.000000,0.000000,0.000000,0.000000,0.333333,0.000000,0.000000,0.000000,0.000000,0.333333,2.490332,3.824443,2.999833
2020-11-26,0.000000,0.000000,0.000000,0.000000,0.000000,0.333333,0.000000,0.000000,0.000000,0.000000,0.333333,0.000000,0.000000,0.000000,0.000000,0.333333,2.490332,3.824443,2.999833
2020-11-27,0.004641,0.000000,0.004641,0.002785,-0.000016,0.333333,0.000000,0.000000,0.000000,0.000000,0.333333,0.000000,0.000000,0.000000,0.000000,0.333333,2.501889,3.835095,2.999785
2020-11-30,-0.000962,0.000000,-0.000962,-0.004427,-0.010757,0.333333,0.000000,0.000000,0.000000,0.000000,0.333333,0.000000,0.000000,0.000000,0.000000,0.333333,2.499481,3.818115,2.967516
2020-12-01,0.012861,0.000000,0.012861,0.010937,0.009448,0.333333,0.000000,0.000000,0.000000,0.000000,0.333333,0.000000,0.000000,0.000000,0.000000,0.333333,2.531628,3.859875,2.995552
2020-12-02,0.000514,0.000000,0.000514,0.002104,0.002620,0.333333,0.000000,0.000000,0.000000,0.000000,0.333333,0.000000,0.000000,0.000000,0.000000,0.333333,2.532929,3.867995,3.003401
2020-12-03,-0.000770,0.000000,-0.000770,-0.000272,0.000231,0.333333,0.000000,0.000000,0.000000,0.000000,0.333333,0.000000,0.000000,0.000000,0.000000,0.333333,2.530979,3.866942,3.004094
2020-12-04,0.003955,0.000000,0.003955,0.008617,0.012039,0.333333,0.000000,0.000000,0.000000,0.000000,0.333333,0.000000,0.000000,0.000000,0.000000,0.333333,2.540988,3.900266,3.040259
2020-12-07,0.002283,0.000000,0.002283,-0.002055,-0.004462,0.333333,0.000000,0.000000,0.000000,0.000000,0.333333,0.000000,0.000000,0.000000,0.000000,0.333333,2.546789,3.892251,3.026694
2020-12-08,-0.000111,0.000000,-0.000111,0.002926,0.002737,0.333333,0.000000,0.000000,0.000000,0.000000,0.333333,0.000000,0.000000,0.000000,0.000000,0.333333,2.546506,3.903639,3.034977
2020-12-09,-0.010668,0.000000,-0.010668,-0.008969,-0.004350,0.333333,0.000000,0.000000,0.000000,0.000000,0.333333,0.000000,0.000000,0.000000,0.000000,0.333333,2.519341,3.868628,3.021776
2020-12-10,0.000386,0.000000,0.000386,-0.000327,0.000112,0.333333,0.000000,0.000000,0.000000,0.000000,0.333333,0.000000,0.000000,0.000000,0.000000,0.333333,2.520314,3.867363,3.022115
2020-12-11,-0.000284,0.000000,-0.000284,-0.001173,-0.002308,0.333333,0.000000,0.000000,0.000000,0.000000,0.333333,0.000000,0.000000,0.000000,0.000000,0.333333,2.519598,3.862828,3.015141
2020-12-14,0.000652,0.000000,0.000652,-0.004477,-0.008546,0.333333,0.000000,0.000000,0.000000,0.000000,0.333333,0.000000,0.000000,0.000000,0.000000,0.333333,2.521240,3.845534,2.989375
2020-12-15,0.012798,0.000000,0.012798,0.013519,0.014327,0.333333,0.000000,0.000000,0.000000,0.000000,0.333333,0.000000,0.000000,0.000000,0.000000,0.333333,2.553508,3.897523,3.032203
2020-12-16,0.004148,0.000000,0.004148,0.001569,-0.001095,0.333333,0.000000,0.000000,0.000000,0.000000,0.333333,0.000000,0.000000,0.000000,0.000000,0.333333,2.564100,3.903639,3.028881
2020-12-17,0.004069,0.000000,0.004069,0.005592,0.005775,0.333333,0.000000,0.000000,0.000000,0.000000,0.333333,0.000000,0.000000,0.000000,0.000000,0.333333,2.574534,3.925468,3.046372
2020-12-18,-0.002484,0.000000,-0.002484,-0.003993,-0.004650,0.333333,0.000000,0.000000,0.000000,0.000000,0.333333,0.000000,0.000000,0.000000,0.000000,0.333333,2.568137,3.909795,3.032206
2020-12-21,-0.006283,0.000000,-0.006283,-0.003576,-0.007081,0.333333,0.000000,0.000000,0.000000,0.000000,0.333333,0.000000,0.000000,0.000000,0.000000,0.333333,2.552003,3.895815,3.010734
2020-12-22,-0.001658,0.000000,-0.001658,-0.001685,-0.004308,0.333333,0.000000,0.000000,0.000000,0.000000,0.333333,0.000000,0.000000,0.000000,0.000000,0.333333,2.547772,3.889250,2.997764
2020-12-23,0.000117,0.000000,0.000117,0.000899,0.003480,0.333333,0.000000,0.000000,0.000000,0.000000,0.333333,0.000000,0.000000,0.000000,0.000000,0.333333,2.548070,3.892745,3.008198
2020-12-24,0.003261,0.000000,0.003261,0.003890,0.003377,0.333333,0.000000,0.000000,0.000000,0.000000,0.333333,0.000000,0.000000,0.000000,0.000000,0.333333,2.556378,3.907889,3.018358
2020-12-25,0.000000,0.000000,0.000000,0.000000,0.000000,0.333333,0.000000,0.000000,0.000000,0.000000,0.333333,0.000000,0.000000,0.000000,0.000000,0.333333,2.556378,3.907889,3.018358
2020-12-28,0.013558,0.000000,0.013558,0.008591,0.005408,0.333333,0.000000,0.000000,0.000000,0.000000,0.333333,0.000000,0.000000,0.000000,0.000000,0.333333,2.591036,3.941461,3.034683
2020-12-29,-0.001775,0.000000,-0.001775,-0.001908,-0.002717,0.333333,0.000000,0.000000,0.000000,0.000000,0.333333,0.000000,0.000000,0.000000,0.000000,0.333333,2.586436,3.933942,3.026436
2020-12-30,-0.000402,0.000000,-0.000402,0.001427,0.004411,0.333333,0.000000,0.000000,0.000000,0.000000,0.333333,0.000000,0.000000,0.000000,0.000000,0.333333,2.585396,3.939554,3.039785
2020-12-31,0.003364,0.000000,0.003364,0.005081,0.006111,0.333333,0.000000,0.000000,0.000000,0.000000,0.333333,0.000000,0.000000,0.000000,0.000000,0.333333,2.594092,3.959571,3.058360
2021-01-01,0.000000,0.000000,0.000000,0.000000,0.000000,0.333333,0.000000,0.000000,0.000000,0.000000,0.333333,0.000000,0.000000,0.000000,0.000000,0.333333,2.594092,3.959571,3.058360
2021-01-04,-0.013195,0.000000,-0.013195,-0.013614,-0.014353,0.333333,0.000000,0.000000,0.000000,0.000000,0.333333,0.000000,0.000000,0.000000,0.000000,0.333333,2.559865,3.905665,3.014462
2021-01-05,0.005855,0.000000,0.005855,0.006887,0.009552,0.333333,0.000000,0.000000,0.000000,0.000000,0.333333,0.000000,0.000000,0.000000,0.000000,0.333333,2.574852,3.932565,3.043257
2021-01-06,-0.003944,0.000000,-0.003944,0.005978,0.014739,0.333333,0.000000,0.000000,0.000000,0.000000,0.333333,0.000000,0.000000,0.000000,0.000000,0.333333,2.564698,3.956075,3.088111
2021-01-07,0.019833,0.000000,0.019833,0.014858,0.009237,0.333333,0.000000,0.000000,0.000000,0.000000,0.333333,0.000000,0.000000,0.000000,0.000000,0.333333,2.615564,4.014853,3.116636
2021-01-08,0.010069,0.000000,0.010069,0.005698,0.004548,0.333333,0.000000,0.000000,0.000000,0.000000,0.333333,0.000000,0.000000,0.000000,0.000000,0.333333,2.641899,4.037729,3.130810
2021-01-11,-0.014901,0.000000,-0.014901,-0.006741,-0.005098,0.333333,0.000000,0.000000,0.000000,0.000000,0.333333,0.000000,0.000000,0.000000,0.000000,0.333333,2.602533,4.010511,3.114849
2021-01-12,-0.001883,0.000000,-0.001883,0.000211,0.003960,0.333333,0.000000,0.000000,0.000000,0.000000,0.333333,0.000000,0.000000,0.000000,0.000000,0.333333,2.597633,4.011358,3.127186
2021-01-13,0.003273,0.000000,0.003273,0.002693,0.001821,0.333333,0.000000,0.000000,0.000000,0.000000,0.333333,0.000000,0.000000,0.000000,0.000000,0.333333,2.606136,4.022160,3.132879
2021-01-14,-0.006931,0.000000,-0.006931,-0.003502,0.000661,0.333333,0.000000,0.000000,0.000000,0.000000,0.333333,0.000000,0.000000,0.000000,0.000000,0.333333,2.588073,4.008074,3.134951
2021-01-15,-0.004916,0.000000,-0.004916,-0.007293,-0.006608,0.333333,0.000000,0.000000,0.000000,0.000000,0.333333,0.000000,0.000000,0.000000,0.000000,0.333333,2.575351,3.978845,3.114235
2021-01-18,0.000000,0.000000,0.000000,0.000000,0.000000,0.333333,0.000000,0.000000,0.000000,0.000000,0.333333,0.000000,0.000000,0.000000,0.000000,0.333333,2.575351,3.978845,3.114235
2021-01-19,0.012257,0.000000,0.012257,0.007852,0.005353,0.333333,0.000000,0.000000,0.000000,0.000000,0.333333,0.000000,0.000000,0.000000,0.000000,0.333333,2.606917,4.010087,3.130905
2021-01-20,0.023389,0.000000,0.023389,0.013839,0.010286,0.333333,0.000000,0.000000,0.000000,0.000000,0.333333,0.000000,0.000000,0.000000,0.000000,0.333333,2.667890,4.065582,3.163109
2021-01-21,0.007070,0.000000,0.007070,0.000911,-0.005721,0.333333,0.000000,0.000000,0.000000,0.000000,0.333333,0.000000,0.000000,0.000000,0.000000,0.333333,2.686752,4.069288,3.145013
2021-01-22,-0.002263,0.000000,-0.002263,-0.003539,-0.002806,0.333333,0.000000,0.000000,0.000000,0.000000,0.333333,0.000000,0.000000,0.000000,0.000000,0.333333,2.680674,4.054885,3.136189
2021-01-25,0.005957,0.000000,0.005957,0.003944,0.003084,0.333333,0.000000,0.000000,0.000000,0.000000,0.333333,0.000000,0.000000,0.000000,0.000000,0.333333,2.696642,4.070877,3.145862
2021-01-26,0.004535,0.000000,0.004535,-0.001561,-0.003021,0.333333,0.000000,0.000000,0.000000,0.000000,0.333333,0.000000,0.000000,0.000000,0.000000,0.333333,2.708870,4.064522,3.136357
2021-01-27,-0.027350,0.000000,-0.027350,-0.024440,-0.023755,0.333333,0.000000,0.000000,0.000000,0.000000,0.333333,0.000000,0.000000,0.000000,0.000000,0.333333,2.634782,3.965184,3.061852
2021-01-28,0.003595,0.000000,0.003595,0.008600,0.009666,0.333333,0.000000,0.000000,0.000000,0.000000,0.333333,0.000000,0.000000,0.000000,0.000000,0.333333,2.644255,3.999285,3.091447
2021-01-29,-0.021840,0.000000,-0.021840,-0.020020,-0.018611,0.333333,0.000000,0.000000,0.000000,0.000000,0.333333,0.000000,0.000000,0.000000,0.000000,0.333333,2.586505,3.919221,3.033912
2021-02-01,0.023243,0.000000,0.023243,0.016646,0.013116,0.333333,0.000000,0.000000,0.000000,0.000000,0.333333,0.000000,0.000000,0.000000,0.000000,0.333333,2.646623,3.984458,3.073705
2021-02-02,0.016682,0.000000,0.016682,0.014140,0.012863,0.333333,0.000000,0.000000,0.000000,0.000000,0.333333,0.000000,0.000000,0.000000,0.000000,0.333333,2.690774,4.040799,3.113243
2021-02-03,0.001472,0.000000,0.001472,0.000786,0.003884,0.333333,0.000000,0.000000,0.000000,0.000000,0.333333,0.000000,0.000000,0.000000,0.000000,0.333333,2.694734,4.043976,3.125336
2021-02-04,0.010870,0.000000,0.010870,0.011366,0.008891,0.333333,0.000000,0.000000,0.000000,0.000000,0.333333,0.000000,0.000000,0.000000,0.000000,0.333333,2.724026,4.089939,3.153123
2021-02-05,0.006654,0.000000,0.006654,0.003936,0.006531,0.333333,0.000000,0.000000,0.000000,0.000000,0.333333,0.000000,0.000000,0.000000,0.000000,0.333333,2.742153,4.106037,3.173717
2021-02-08,0.006701,0.000000,0.006701,0.007222,0.008284,0.333333,0.000000,0.000000,0.000000,0.000000,0.333333,0.000000,0.000000,0.000000,0.000000,0.333333,2.760529,4.135691,3.200009
2021-02-09,-0.001121,0.000000,-0.001121,-0.000666,-0.001095,0.333333,0.000000,0.000000,0.000000,0.000000,0.333333,0.000000,0.000000,0.000000,0.000000,0.333333,2.757434,4.132936,3.196506
2021-02-10,-0.000627,0.000000,-0.000627,-0.000436,0.002376,0.333333,0.000000,0.000000,0.000000,0.000000,0.333333,0.000000,0.000000,0.000000,0.000000,0.333333,2.755706,4.131136,3.204101
2021-02-11,0.003115,0.000000,0.003115,0.001615,-0.001859,0.333333,0.000000,0.000000,0.000000,0.000000,0.333333,0.000000,0.000000,0.000000,0.000000,0.333333,2.764289,4.137808,3.198144
2021-02-12,0.003608,0.000000,0.003608,0.004940,0.004988,0.333333,0.000000,0.000000,0.000000,0.000000,0.333333,0.000000,0.000000,0.000000,0.000000,0.333333,2.774263,4.158248,3.214098
2021-02-15,0.000000,0.000000,0.000000,0.000000,0.000000,0.333333,0.000000,0.000000,0.000000,0.000000,0.333333,0.000000,0.000000,0.000000,0.000000,0.333333,2.774263,4.158248,3.214098
2021-02-16,-0.000932,0.000000,-0.000932,-0.000866,0.000268,0.333333,0.000000,0.000000,0.000000,0.000000,0.333333,0.000000,0.000000,0.000000,0.000000,0.333333,2.771677,4.154647,3.214959
2021-02-17,-0.000063,0.000000,-0.000063,0.000230,0.002292,0.333333,0.000000,0.000000,0.000000,0.000000,0.333333,0.000000,0.000000,0.000000,0.000000,0.333333,2.771502,4.155601,3.222329
2021-02-18,-0.003165,0.000000,-0.003165,-0.004256,-0.004602,0.333333,0.000000,0.000000,0.000000,0.000000,0.333333,0.000000,0.000000,0.000000,0.000000,0.333333,2.762730,4.137914,3.207500
2021-02-19,-0.005702,0.000000,-0.005702,-0.001766,0.000888,0.333333,0.000000,0.000000,0.000000,0.000000,0.333333,0.000000,0.000000,0.000000,0.000000,0.333333,2.746977,4.130607,3.210347
2021-02-22,-0.015719,0.000000,-0.015719,-0.007692,-0.001037,0.333333,0.000000,0.000000,0.000000,0.000000,0.333333,0.000000,0.000000,0.000000,0.000000,0.333333,2.703796,4.098835,3.207019
2021-02-23,-0.000530,0.000000,-0.000530,0.001214,0.003569,0.333333,0.000000,0.000000,0.000000,0.000000,0.333333,0.000000,0.000000,0.000000,0.000000,0.333333,2.702364,4.103813,3.218464
2021-02-24,0.009192,0.000000,0.009192,0.011019,0.009942,0.333333,0.000000,0.000000,0.000000,0.000000,0.333333,0.000000,0.000000,0.000000,0.000000,0.333333,2.727204,4.149034,3.250464
2021-02-25,-0.031326,0.000000,-0.031326,-0.024096,-0.019928,0.333333,0.000000,0.000000,0.000000,0.000000,0.333333,0.000000,0.000000,0.000000,0.000000,0.333333,2.641772,4.049060,3.185688
2021-02-26,0.004470,0.000000,0.004470,-0.005153,-0.010293,0.333333,0.000000,0.000000,0.000000,0.000000,0.333333,0.000000,0.000000,0.000000,0.000000,0.333333,2.653581,4.028197,3.152897
2021-03-01,0.027080,0.000000,0.027080,0.024240,0.021427,0.333333,0.000000,0.000000,0.000000,0.000000,0.333333,0.000000,0.000000,0.000000,0.000000,0.333333,2.725439,4.125841,3.220453
2021-03-02,-0.011580,0.000000,-0.011580,-0.007803,-0.004993,0.333333,0.000000,0.000000,0.000000,0.000000,0.333333,0.000000,0.000000,0.000000,0.000000,0.333333,2.693878,4.093646,3.204372
2021-03-03,-0.020975,0.000000,-0.020975,-0.013246,-0.008251,0.333333,0.000000,0.000000,0.000000,0.000000,0.333333,0.000000,0.000000,0.000000,0.000000,0.333333,2.637374,4.039423,3.177932
2021-03-04,-0.015026,0.000000,-0.015026,-0.012375,-0.008476,0.333333,0.000000,0.000000,0.000000,0.000000,0.333333,0.000000,0.000000,0.000000,0.000000,0.333333,2.597746,3.989436,3.150995
2021-03-05,0.016224,0.000000,0.016224,0.018396,0.020163,0.333333,0.000000,0.000000,0.000000,0.000000,0.333333,0.000000,0.000000,0.000000,0.000000,0.333333,2.639892,4.062827,3.214528
2021-03-08,-0.012114,0.000000,-0.012114,-0.004979,0.002092,0.333333,0.000000,0.000000,0.000000,0.000000,0.333333,0.000000,0.000000,0.000000,0.000000,0.333333,2.607913,4.042600,3.221254
2021-03-09,0.027657,0.000000,0.027657,0.014278,0.007989,0.333333,0.000000,0.000000,0.000000,0.000000,0.333333,0.000000,0.000000,0.000000,0.000000,0.333333,2.680041,4.100318,3.246989
2021-03-10,0.001778,0.000000,0.001778,0.006225,0.010409,0.333333,0.000000,0.000000,0.000000,0.000000,0.333333,0.000000,0.000000,0.000000,0.000000,0.333333,2.684805,4.125841,3.280786
2021-03-11,0.018537,0.000000,0.018537,0.010139,0.006824,0.333333,0.000000,0.000000,0.000000,0.000000,0.333333,0.000000,0.000000,0.000000,0.000000,0.333333,2.734572,4.167674,3.303172
2021-03-12,-0.002345,0.000000,-0.002345,0.001347,0.005670,0.333333,0.000000,0.000000,0.000000,0.000000,0.333333,0.000000,0.000000,0.000000,0.000000,0.333333,2.728161,4.173287,3.321901
2021-03-15,0.010394,0.000000,0.010394,0.005963,0.005357,0.333333,0.000000,0.000000,0.000000,0.000000,0.333333,0.000000,0.000000,0.000000,0.000000,0.333333,2.756516,4.198174,3.339696
2021-03-16,0.002559,0.000000,0.002559,-0.001261,-0.004716,0.333333,0.000000,0.000000,0.000000,0.000000,0.333333,0.000000,0.000000,0.000000,0.000000,0.333333,2.763571,4.192879,3.323944
2021-03-17,0.004453,0.000000,0.004453,0.003410,0.002311,0.333333,0.000000,0.000000,0.000000,0.000000,0.333333,0.000000,0.000000,0.000000,0.000000,0.333333,2.775877,4.207176,3.331625
2021-03-18,-0.022930,0.000000,-0.022930,-0.014550,-0.011927,0.333333,0.000000,0.000000,0.000000,0.000000,0.333333,0.000000,0.000000,0.000000,0.000000,0.333333,2.712226,4.145963,3.291888
2021-03-19,0.003893,0.000000,0.003893,-0.001850,-0.001432,0.333333,0.000000,0.000000,0.000000,0.000000,0.333333,0.000000,0.000000,0.000000,0.000000,0.333333,2.722783,4.138292,3.287175
2021-03-22,0.011552,0.000000,0.011552,0.007985,0.003735,0.333333,0.000000,0.000000,0.000000,0.000000,0.333333,0.000000,0.000000,0.000000,0.000000,0.333333,2.754236,4.171336,3.299453
2021-03-23,-0.007660,0.000000,-0.007660,-0.007871,-0.007073,0.333333,0.000000,0.000000,0.000000,0.000000,0.333333,0.000000,0.000000,0.000000,0.000000,0.333333,2.733138,4.138504,3.276117
2021-03-24,-0.017378,0.000000,-0.017378,-0.005083,-0.001634,0.333333,0.000000,0.000000,0.000000,0.000000,0.333333,0.000000,0.000000,0.000000,0.000000,0.333333,2.685641,4.117467,3.270765
2021-03-25,0.001080,0.000000,0.001080,0.005625,0.007944,0.333333,0.000000,0.000000,0.000000,0.000000,0.333333,0.000000,0.000000,0.000000,0.000000,0.333333,2.688542,4.140629,3.296747
2021-03-26,0.007601,0.000000,0.007601,0.016115,0.015419,0.333333,0.000000,0.000000,0.000000,0.000000,0.333333,0.000000,0.000000,0.000000,0.000000,0.333333,2.708977,4.207355,3.347580
2021-03-29,-0.000148,0.000000,-0.000148,-0.000505,-0.000094,0.333333,0.000000,0.000000,0.000000,0.000000,0.333333,0.000000,0.000000,0.000000,0.000000,0.333333,2.708576,4.205230,3.347265
2021-03-30,0.000113,0.000000,0.000113,-0.002653,-0.002980,0.333333,0.000000,0.000000,0.000000,0.000000,0.333333,0.000000,0.000000,0.000000,0.000000,0.333333,2.708881,4.194074,3.337290
2021-03-31,0.009226,0.000000,0.009226,0.004053,0.000652,0.333333,0.000000,0.000000,0.000000,0.000000,0.333333,0.000000,0.000000,0.000000,0.000000,0.333333,2.733872,4.211074,3.339467
2021-04-01,0.015107,0.000000,0.015107,0.010799,0.009312,0.333333,0.000000,0.000000,0.000000,0.000000,0.333333,0.000000,0.000000,0.000000,0.000000,0.333333,2.775173,4.256550,3.370563
2021-04-02,0.000000,0.000000,0.000000,0.000000,0.000000,0.333333,0.000000,0.000000,0.000000,0.000000,0.333333,0.000000,0.000000,0.000000,0.000000,0.333333,2.775173,4.256550,3.370563
2021-04-05,0.021481,0.000000,0.021481,0.014353,0.009912,0.333333,0.000000,0.000000,0.000000,0.000000,0.333333,0.000000,0.000000,0.000000,0.000000,0.333333,2.834786,4.317644,3.403973
2021-04-06,0.000852,0.000000,0.000852,-0.000591,0.000531,0.333333,0.000000,0.000000,0.000000,0.000000,0.333333,0.000000,0.000000,0.000000,0.000000,0.333333,2.837202,4.315095,3.405781
2021-04-07,0.003347,0.000000,0.003347,0.001157,-0.000737,0.333333,0.000000,0.000000,0.000000,0.000000,0.333333,0.000000,0.000000,0.000000,0.000000,0.333333,2.846700,4.320088,3.403270
2021-04-08,0.006435,0.000000,0.006435,0.004747,0.000645,0.333333,0.000000,0.000000,0.000000,0.000000,0.333333,0.000000,0.000000,0.000000,0.000000,0.333333,2.865018,4.340595,3.405466
2021-04-09,0.006292,0.000000,0.006292,0.007270,0.004452,0.333333,0.000000,0.000000,0.000000,0.000000,0.333333,0.000000,0.000000,0.000000,0.000000,0.333333,2.883045,4.372152,3.420627
2021-04-12,-0.000802,0.000000,-0.000802,0.000364,0.001311,0.333333,0.000000,0.000000,0.000000,0.000000,0.333333,0.000000,0.000000,0.000000,0.000000,0.333333,2.880734,4.373745,3.425110
2021-04-13,0.007097,0.000000,0.007097,0.002964,0.002033,0.333333,0.000000,0.000000,0.000000,0.000000,0.333333,0.000000,0.000000,0.000000,0.000000,0.333333,2.901178,4.386708,3.432072
2021-04-14,-0.010245,0.000000,-0.010245,-0.003415,0.000812,0.333333,0.000000,0.000000,0.000000,0.000000,0.333333,0.000000,0.000000,0.000000,0.000000,0.333333,2.871456,4.371728,3.434858
2021-04-15,0.012372,0.000000,0.012372,0.010742,0.009004,0.333333,0.000000,0.000000,0.000000,0.000000,0.333333,0.000000,0.000000,0.000000,0.000000,0.333333,2.906982,4.418690,3.465785
2021-04-16,0.002291,0.000000,0.002291,0.003342,0.003916,0.333333,0.000000,0.000000,0.000000,0.000000,0.333333,0.000000,0.000000,0.000000,0.000000,0.333333,2.913642,4.433458,3.479355
2021-04-19,-0.008377,0.000000,-0.008377,-0.004913,-0.003934,0.333333,0.000000,0.000000,0.000000,0.000000,0.333333,0.000000,0.000000,0.000000,0.000000,0.333333,2.889234,4.411677,3.465666
2021-04-20,-0.008942,0.000000,-0.008942,-0.007321,-0.005409,0.333333,0.000000,0.000000,0.000000,0.000000,0.333333,0.000000,0.000000,0.000000,0.000000,0.333333,2.863397,4.379377,3.446921
2021-04-21,0.008372,0.000000,0.008372,0.009462,0.008769,0.333333,0.000000,0.000000,0.000000,0.000000,0.333333,0.000000,0.000000,0.000000,0.000000,0.333333,2.887371,4.420814,3.477145
2021-04-22,-0.010055,0.000000,-0.010055,-0.009133,-0.008928,0.333333,0.000000,0.000000,0.000000,0.000000,0.333333,0.000000,0.000000,0.000000,0.000000,0.333333,2.858339,4.380440,3.446100
2021-04-23,0.012345,0.000000,0.012345,0.010842,0.009148,0.333333,0.000000,0.000000,0.000000,0.000000,0.333333,0.000000,0.000000,0.000000,0.000000,0.333333,2.893626,4.427933,3.477626
2021-04-26,0.003865,0.000000,0.003865,0.002088,0.000641,0.333333,0.000000,0.000000,0.000000,0.000000,0.333333,0.000000,0.000000,0.000000,0.000000,0.333333,2.904811,4.437177,3.479857
2021-04-27,-0.002554,0.000000,-0.002554,-0.000215,0.000346,0.333333,0.000000,0.000000,0.000000,0.000000,0.333333,0.000000,0.000000,0.000000,0.000000,0.333333,2.897391,4.436221,3.481060
2021-04-28,-0.000433,0.000000,-0.000433,-0.000287,0.002781,0.333333,0.000000,0.000000,0.000000,0.000000,0.333333,0.000000,0.000000,0.000000,0.000000,0.333333,2.896137,4.434947,3.490741
2021-04-29,0.009032,0.000000,0.009032,0.006373,0.008407,0.333333,0.000000,0.000000,0.000000,0.000000,0.333333,0.000000,0.000000,0.000000,0.000000,0.333333,2.922295,4.463210,3.520088
2021-04-30,-0.007801,0.000000,-0.007801,-0.006571,-0.005663,0.333333,0.000000,0.000000,0.000000,0.000000,0.333333,0.000000,0.000000,0.000000,0.000000,0.333333,2.899497,4.433884,3.500153
2021-05-03,0.010066,0.000500,0.009566,0.002157,0.005362,0.000000,0.333333,0.000000,0.000000,0.333333,0.000000,0.000000,0.000000,0.333333,0.000000,0.000000,2.927233,4.443448,3.518919
2021-05-04,0.007748,0.000000,0.007748,-0.006170,-0.002500,0.000000,0.333333,0.000000,0.000000,0.333333,0.000000,0.000000,0.000000,0.333333,0.000000,0.000000,2.949914,4.416033,3.510121
2021-05-05,0.007270,0.000000,0.007270,0.000313,0.001471,0.000000,0.333333,0.000000,0.000000,0.333333,0.000000,0.000000,0.000000,0.333333,0.000000,0.000000,2.971361,4.417415,3.515284
2021-05-06,0.010090,0.000000,0.010090,0.007986,0.007818,0.000000,0.333333,0.000000,0.000000,0.333333,0.000000,0.000000,0.000000,0.333333,0.000000,0.000000,3.001340,4.452690,3.542767
2021-05-07,0.008586,0.000000,0.008586,0.007278,0.008259,0.000000,0.333333,0.000000,0.000000,0.333333,0.000000,0.000000,0.000000,0.333333,0.000000,0.000000,3.027109,4.485097,3.572026
2021-05-10,-0.001428,0.000000,-0.001428,-0.009902,-0.003868,0.000000,0.333333,0.000000,0.000000,0.333333,0.000000,0.000000,0.000000,0.333333,0.000000,0.000000,3.022786,4.440684,3.558210
2021-05-11,-0.009742,0.000000,-0.009742,-0.008925,-0.010515,0.000000,0.333333,0.000000,0.000000,0.333333,0.000000,0.000000,0.000000,0.333333,0.000000,0.000000,2.993338,4.401052,3.520794
2021-05-12,-0.019798,0.000000,-0.019798,-0.021245,-0.018779,0.000000,0.333333,0.000000,0.000000,0.333333,0.000000,0.000000,0.000000,0.333333,0.000000,0.000000,2.934074,4.307551,3.454676
2021-05-13,0.016708,0.000000,0.016708,0.012013,0.010956,0.000000,0.333333,0.000000,0.000000,0.333333,0.000000,0.000000,0.000000,0.333333,0.000000,0.000000,2.983098,4.359296,3.492527
2021-05-14,0.013879,0.000000,0.013879,0.015355,0.014131,0.000000,0.333333,0.000000,0.000000,0.333333,0.000000,0.000000,0.000000,0.333333,0.000000,0.000000,3.024500,4.426234,3.541879
2021-05-17,0.002517,0.000000,0.002517,-0.002545,0.000242,0.000000,0.333333,0.000000,0.000000,0.333333,0.000000,0.000000,0.000000,0.333333,0.000000,0.000000,3.032113,4.414971,3.542737
2021-05-18,-0.013191,0.000000,-0.013191,-0.008616,-0.008165,0.000000,0.333333,0.000000,0.000000,0.333333,0.000000,0.000000,0.000000,0.333333,0.000000,0.000000,2.992115,4.376934,3.513811
2021-05-19,-0.009021,0.000000,-0.009021,-0.002622,-0.005972,0.000000,0.333333,0.000000,0.000000,0.333333,0.000000,0.000000,0.000000,0.333333,0.000000,0.000000,2.965123,4.365458,3.492826
2021-05-20,0.001122,0.000000,0.001122,0.010758,0.008112,0.000000,0.333333,0.000000,0.000000,0.333333,0.000000,0.000000,0.000000,0.333333,0.000000,0.000000,2.968449,4.412422,3.521159
2021-05-21,0.005673,0.000000,0.005673,-0.000819,0.000826,0.000000,0.333333,0.000000,0.000000,0.333333,0.000000,0.000000,0.000000,0.333333,0.000000,0.000000,2.985289,4.408809,3.524067
2021-05-24,0.006631,0.000000,0.006631,0.010194,0.008066,0.000000,0.333333,0.000000,0.000000,0.333333,0.000000,0.000000,0.000000,0.333333,0.000000,0.000000,3.005084,4.453753,3.552492
2021-05-25,-0.007175,0.000000,-0.007175,-0.002219,-0.004603,0.000000,0.333333,0.000000,0.000000,0.333333,0.000000,0.000000,0.000000,0.333333,0.000000,0.000000,2.983524,4.443871,3.536141
2021-05-26,0.002161,0.000000,0.002161,0.001985,0.002360,0.000000,0.333333,0.000000,0.000000,0.333333,0.000000,0.000000,0.000000,0.333333,0.000000,0.000000,2.989970,4.452690,3.544487
2021-05-27,0.011042,0.000000,0.011042,0.000525,0.001833,0.000000,0.333333,0.000000,0.000000,0.333333,0.000000,0.000000,0.000000,0.333333,0.000000,0.000000,3.022984,4.455029,3.550982
2021-05-28,0.000272,0.000000,0.000272,0.001789,0.001798,0.000000,0.333333,0.000000,0.000000,0.333333,0.000000,0.000000,0.000000,0.333333,0.000000,0.000000,3.023806,4.462997,3.557368
2021-05-31,0.000000,0.000000,0.000000,0.000000,0.000000,0.000000,0.333333,0.000000,0.000000,0.333333,0.000000,0.000000,0.000000,0.333333,0.000000,0.000000,3.023806,4.462997,3.557368
2021-06-01,0.007979,0.000000,0.007979,-0.000881,0.004309,0.000000,0.333333,0.000000,0.000000,0.333333,0.000000,0.000000,0.000000,0.333333,0.000000,0.000000,3.047931,4.459066,3.572697
2021-06-02,-0.003212,0.000000,-0.003212,0.001573,0.002639,0.000000,0.333333,0.000000,0.000000,0.333333,0.000000,0.000000,0.000000,0.333333,0.000000,0.000000,3.038142,4.466078,3.582127
2021-06-03,-0.000021,0.000000,-0.000021,-0.003711,-0.001094,0.000000,0.333333,0.000000,0.000000,0.333333,0.000000,0.000000,0.000000,0.333333,0.000000,0.000000,3.038078,4.449503,3.578207
2021-06-04,0.002670,0.000000,0.002670,0.009146,0.005669,0.000000,0.333333,0.000000,0.000000,0.333333,0.000000,0.000000,0.000000,0.333333,0.000000,0.000000,3.046190,4.490198,3.598490
2021-06-07,-0.008533,0.000000,-0.008533,-0.000970,-0.001069,0.000000,0.333333,0.000000,0.000000,0.333333,0.000000,0.000000,0.000000,0.333333,0.000000,0.000000,3.020196,4.485841,3.594644
2021-06-08,0.000602,0.000000,0.000602,0.000213,0.000090,0.000000,0.333333,0.000000,0.000000,0.333333,0.000000,0.000000,0.000000,0.333333,0.000000,0.000000,3.022014,4.486798,3.594967
2021-06-09,-0.009154,0.000000,-0.009154,-0.001492,-0.002238,0.000000,0.333333,0.000000,0.000000,0.333333,0.000000,0.000000,0.000000,0.333333,0.000000,0.000000,2.994351,4.480103,3.586920
2021-06-10,-0.007530,0.000000,-0.007530,0.004648,0.003066,0.000000,0.333333,0.000000,0.000000,0.333333,0.000000,0.000000,0.000000,0.333333,0.000000,0.000000,2.971804,4.500929,3.597918
2021-06-11,0.004065,0.000000,0.004065,0.001652,0.000974,0.000000,0.333333,0.000000,0.000000,0.333333,0.000000,0.000000,0.000000,0.333333,0.000000,0.000000,2.983883,4.508366,3.601422
2021-06-14,-0.009078,0.000000,-0.009078,0.002239,-0.000576,0.000000,0.333333,0.000000,0.000000,0.333333,0.000000,0.000000,0.000000,0.333333,0.000000,0.000000,2.956796,4.518461,3.599348
2021-06-15,0.001346,0.000000,0.001346,-0.001834,-0.000213,0.000000,0.333333,0.000000,0.000000,0.333333,0.000000,0.000000,0.000000,0.333333,0.000000,0.000000,2.960776,4.510172,3.598582
2021-06-16,-0.007206,0.000000,-0.007206,-0.005583,-0.007446,0.000000,0.333333,0.000000,0.000000,0.333333,0.000000,0.000000,0.000000,0.333333,0.000000,0.000000,2.939440,4.484991,3.571788
2021-06-17,-0.022421,0.000000,-0.022421,-0.000332,-0.005567,0.000000,0.333333,0.000000,0.000000,0.333333,0.000000,0.000000,0.000000,0.333333,0.000000,0.000000,2.873535,4.483503,3.551906
2021-06-18,-0.017762,0.000000,-0.017762,-0.013490,-0.016353,0.000000,0.333333,0.000000,0.000000,0.333333,0.000000,0.000000,0.000000,0.333333,0.000000,0.000000,2.822495,4.423020,3.493820
2021-06-21,0.022032,0.000000,0.022032,0.014316,0.017558,0.000000,0.333333,0.000000,0.000000,0.333333,0.000000,0.000000,0.000000,0.333333,0.000000,0.000000,2.884680,4.486338,3.555166
2021-06-22,0.002259,0.000000,0.002259,0.005346,0.003055,0.000000,0.333333,0.000000,0.000000,0.333333,0.000000,0.000000,0.000000,0.333333,0.000000,0.000000,2.891196,4.510323,3.566026
2021-06-23,-0.002250,0.000000,-0.002250,-0.001205,-0.002046,0.000000,0.333333,0.000000,0.000000,0.333333,0.000000,0.000000,0.000000,0.333333,0.000000,0.000000,2.884690,4.504887,3.558732
2021-06-24,0.007819,0.000000,0.007819,0.005916,0.005054,0.000000,0.333333,0.000000,0.000000,0.333333,0.000000,0.000000,0.000000,0.333333,0.000000,0.000000,2.907245,4.531538,3.576718
2021-06-25,0.004712,0.000000,0.004712,0.003552,0.005090,0.000000,0.333333,0.000000,0.000000,0.333333,0.000000,0.000000,0.000000,0.333333,0.000000,0.000000,2.920945,4.547634,3.594922
2021-06-28,-0.004196,0.000000,-0.004196,0.002016,-0.001380,0.000000,0.333333,0.000000,0.000000,0.333333,0.000000,0.000000,0.000000,0.333333,0.000000,0.000000,2.908690,4.556801,3.589963
2021-06-29,-0.001999,0.000000,-0.001999,0.000538,-0.002422,0.000000,0.333333,0.000000,0.000000,0.333333,0.000000,0.000000,0.000000,0.333333,0.000000,0.000000,2.902875,4.559253,3.581266
2021-06-30,0.004945,0.000000,0.004945,0.000842,0.002046,0.000000,0.333333,0.000000,0.000000,0.333333,0.000000,0.000000,0.000000,0.333333,0.000000,0.000000,2.917229,4.563091,3.588594
2021-07-01,0.010827,0.000167,0.010661,0.005536,0.006688,0.000000,0.333333,0.333333,0.000000,0.333333,0.000000,0.000000,0.000000,0.000000,0.000000,0.000000,2.948329,4.588354,3.612596
2021-07-02,-0.000573,0.000000,-0.000573,0.007644,0.004275,0.000000,0.333333,0.333333,0.000000,0.333333,0.000000,0.000000,0.000000,0.000000,0.000000,0.000000,2.946639,4.623426,3.628039
2021-07-05,0.000000,0.000000,0.000000,0.000000,0.000000,0.000000,0.333333,0.333333,0.000000,0.333333,0.000000,0.000000,0.000000,0.000000,0.000000,0.000000,2.946639,4.623426,3.628039
2021-07-06,-0.019277,0.000000,-0.019277,-0.001821,-0.005642,0.000000,0.333333,0.333333,0.000000,0.333333,0.000000,0.000000,0.000000,0.000000,0.000000,0.000000,2.889835,4.615005,3.607568
2021-07-07,-0.001636,0.000000,-0.001636,0.003534,0.002927,0.000000,0.333333,0.333333,0.000000,0.333333,0.000000,0.000000,0.000000,0.000000,0.000000,0.000000,2.885107,4.631313,3.618128
2021-07-08,-0.013250,0.000000,-0.013250,-0.008148,-0.008118,0.000000,0.333333,0.333333,0.000000,0.333333,0.000000,0.000000,0.000000,0.000000,0.000000,0.000000,2.846879,4.593579,3.588756
2021-07-09,0.021976,0.000000,0.021976,0.010675,0.012426,0.000000,0.333333,0.333333,0.000000,0.333333,0.000000,0.000000,0.000000,0.000000,0.000000,0.000000,2.909441,4.642613,3.633351
2021-07-12,0.003215,0.000000,0.003215,0.003582,0.003635,0.000000,0.333333,0.333333,0.000000,0.333333,0.000000,0.000000,0.000000,0.000000,0.000000,0.000000,2.918795,4.659244,3.646559
2021-07-13,-0.009340,0.000000,-0.009340,-0.003409,-0.006301,0.000000,0.333333,0.333333,0.000000,0.333333,0.000000,0.000000,0.000000,0.000000,0.000000,0.000000,2.891533,4.643359,3.623581
2021-07-14,-0.011507,0.000000,-0.011507,0.001492,-0.000580,0.000000,0.333333,0.333333,0.000000,0.333333,0.000000,0.000000,0.000000,0.000000,0.000000,0.000000,2.858260,4.650289,3.621479
2021-07-15,-0.002912,0.000000,-0.002912,-0.003415,-0.001450,0.000000,0.333333,0.333333,0.000000,0.333333,0.000000,0.000000,0.000000,0.000000,0.000000,0.000000,2.849936,4.634406,3.616227
2021-07-16,-0.016949,0.000000,-0.016949,-0.007843,-0.007178,0.000000,0.333333,0.333333,0.000000,0.333333,0.000000,0.000000,0.000000,0.000000,0.000000,0.000000,2.801632,4.598056,3.590271
2021-07-19,-0.028065,0.000000,-0.028065,-0.014768,-0.017361,0.000000,0.333333,0.333333,0.000000,0.333333,0.000000,0.000000,0.000000,0.000000,0.000000,0.000000,2.723003,4.530152,3.527941
2021-07-20,0.022052,0.000000,0.022052,0.014330,0.014262,0.000000,0.333333,0.333333,0.000000,0.333333,0.000000,0.000000,0.000000,0.000000,0.000000,0.000000,2.783051,4.595070,3.578257
2021-07-21,0.020556,0.000000,0.020556,0.008096,0.007716,0.000000,0.333333,0.333333,0.000000,0.333333,0.000000,0.000000,0.000000,0.000000,0.000000,0.000000,2.840259,4.632273,3.605866
2021-07-22,-0.008589,0.000000,-0.008589,0.002094,-0.000927,0.000000,0.333333,0.333333,0.000000,0.333333,0.000000,0.000000,0.000000,0.000000,0.000000,0.000000,2.815865,4.641974,3.602524
2021-07-23,0.000742,0.000000,0.000742,0.010288,0.008948,0.000000,0.333333,0.333333,0.000000,0.333333,0.000000,0.000000,0.000000,0.000000,0.000000,0.000000,2.817954,4.689731,3.634761
2021-07-26,0.010014,0.000000,0.010014,0.002455,0.004187,0.000000,0.333333,0.333333,0.000000,0.333333,0.000000,0.000000,0.000000,0.000000,0.000000,0.000000,2.846173,4.701243,3.649979
2021-07-27,-0.005010,0.000000,-0.005010,-0.004557,-0.001204,0.000000,0.333333,0.333333,0.000000,0.333333,0.000000,0.000000,0.000000,0.000000,0.000000,0.000000,2.831913,4.679817,3.645586
2021-07-28,0.001811,0.000000,0.001811,-0.000410,-0.000648,0.000000,0.333333,0.333333,0.000000,0.333333,0.000000,0.000000,0.000000,0.000000,0.000000,0.000000,2.837042,4.677898,3.643224
2021-07-29,0.009508,0.000000,0.009508,0.004147,0.004700,0.000000,0.333333,0.333333,0.000000,0.333333,0.000000,0.000000,0.000000,0.000000,0.000000,0.000000,2.864018,4.697299,3.660347
2021-07-30,-0.008583,0.000000,-0.008583,-0.004857,-0.004444,0.000000,0.333333,0.333333,0.000000,0.333333,0.000000,0.000000,0.000000,0.000000,0.000000,0.000000,2.839436,4.674486,3.644082
2021-08-02,-0.004696,0.000000,-0.004696,-0.002098,-0.002173,0.000000,0.333333,0.333333,0.000000,0.333333,0.000000,0.000000,0.000000,0.000000,0.000000,0.000000,2.826103,4.664680,3.636162
2021-08-03,0.013804,0.000000,0.013804,0.008135,0.008118,0.000000,0.333333,0.333333,0.000000,0.333333,0.000000,0.000000,0.000000,0.000000,0.000000,0.000000,2.865116,4.702629,3.665681
2021-08-04,-0.016342,0.000000,-0.016342,-0.004919,-0.007765,0.000000,0.333333,0.333333,0.000000,0.333333,0.000000,0.000000,0.000000,0.000000,0.000000,0.000000,2.818294,4.679498,3.637217
2021-08-05,0.009707,0.000000,0.009707,0.006333,0.006501,0.000000,0.333333,0.333333,0.000000,0.333333,0.000000,0.000000,0.000000,0.000000,0.000000,0.000000,2.845651,4.709131,3.660863
2021-08-06,0.011347,0.000000,0.011347,0.001652,0.003431,0.000000,0.333333,0.333333,0.000000,0.333333,0.000000,0.000000,0.000000,0.000000,0.000000,0.000000,2.877940,4.716913,3.673423
2021-08-09,-0.005152,0.000000,-0.005152,-0.000813,-0.001850,0.000000,0.333333,0.333333,0.000000,0.333333,0.000000,0.000000,0.000000,0.000000,0.000000,0.000000,2.863112,4.713076,3.666625
2021-08-10,0.012779,0.000000,0.012779,0.001244,0.004296,0.000000,0.333333,0.333333,0.000000,0.333333,0.000000,0.000000,0.000000,0.000000,0.000000,0.000000,2.899700,4.718939,3.682375
2021-08-11,0.010760,0.000000,0.010760,0.002485,0.005412,0.000000,0.333333,0.333333,0.000000,0.333333,0.000000,0.000000,0.000000,0.000000,0.000000,0.000000,2.930902,4.730664,3.702303
2021-08-12,-0.000363,0.000000,-0.000363,0.002997,0.001555,0.000000,0.333333,0.333333,0.000000,0.333333,0.000000,0.000000,0.000000,0.000000,0.000000,0.000000,2.929837,4.744842,3.708059
2021-08-13,-0.007464,0.000000,-0.007464,0.001820,0.000912,0.000000,0.333333,0.333333,0.000000,0.333333,0.000000,0.000000,0.000000,0.000000,0.000000,0.000000,2.907969,4.753477,3.711441
2021-08-16,-0.005859,0.000000,-0.005859,0.002355,0.000306,0.000000,0.333333,0.333333,0.000000,0.333333,0.000000,0.000000,0.000000,0.000000,0.000000,0.000000,2.890931,4.764669,3.712578
2021-08-17,-0.009381,0.000000,-0.009381,-0.006555,-0.005916,0.000000,0.333333,0.333333,0.000000,0.333333,0.000000,0.000000,0.000000,0.000000,0.000000,0.000000,2.863811,4.733437,3.690615
2021-08-18,-0.014689,0.000000,-0.014689,-0.010945,-0.010613,0.000000,0.333333,0.333333,0.000000,0.333333,0.000000,0.000000,0.000000,0.000000,0.000000,0.000000,2.821744,4.681629,3.651445
2021-08-19,-0.013452,0.000000,-0.013452,0.001548,-0.001882,0.000000,0.333333,0.333333,0.000000,0.333333,0.000000,0.000000,0.000000,0.000000,0.000000,0.000000,2.783785,4.688878,3.644573
2021-08-20,0.003654,0.000000,0.003654,0.007957,0.006589,0.000000,0.333333,0.333333,0.000000,0.333333,0.000000,0.000000,0.000000,0.000000,0.000000,0.000000,2.793957,4.726187,3.668588
2021-08-23,0.017964,0.000000,0.017964,0.008796,0.007353,0.000000,0.333333,0.333333,0.000000,0.333333,0.000000,0.000000,0.000000,0.000000,0.000000,0.000000,2.844147,4.767761,3.695561
2021-08-24,0.009224,0.000000,0.009224,0.001588,0.001635,0.000000,0.333333,0.333333,0.000000,0.333333,0.000000,0.000000,0.000000,0.000000,0.000000,0.000000,2.870380,4.775330,3.701603
2021-08-25,0.008619,0.000000,0.008619,0.002098,0.002883,0.000000,0.333333,0.333333,0.000000,0.333333,0.000000,0.000000,0.000000,0.000000,0.000000,0.000000,2.895121,4.785349,3.712274
2021-08-26,-0.008160,0.000000,-0.008160,-0.005903,-0.005993,0.000000,0.333333,0.333333,0.000000,0.333333,0.000000,0.000000,0.000000,0.000000,0.000000,0.000000,2.871497,4.757101,3.690025
2021-08-27,0.015603,0.000000,0.015603,0.008941,0.009533,0.000000,0.333333,0.333333,0.000000,0.333333,0.000000,0.000000,0.000000,0.000000,0.000000,0.000000,2.916302,4.799635,3.725202
2021-08-30,-0.009003,0.000000,-0.009003,0.004397,0.001893,0.000000,0.333333,0.333333,0.000000,0.333333,0.000000,0.000000,0.000000,0.000000,0.000000,0.000000,2.890047,4.820740,3.732252
2021-08-31,-0.003613,0.000000,-0.003613,-0.001481,-0.000657,0.000000,0.333333,0.333333,0.000000,0.333333,0.000000,0.000000,0.000000,0.000000,0.000000,0.000000,2.879604,4.813599,3.729800
2021-09-01,-0.005125,0.000167,-0.005292,0.000531,0.001301,0.000000,0.333333,0.333333,0.000000,0.000000,0.000000,0.000000,0.000000,0.000000,0.000000,0.333333,2.864365,4.816157,3.734651
2021-09-02,0.007346,0.000000,0.007346,0.003077,0.006046,0.000000,0.333333,0.333333,0.000000,0.000000,0.000000,0.000000,0.000000,0.000000,0.000000,0.333333,2.885406,4.830975,3.757230
2021-09-03,-0.003997,0.000000,-0.003997,-0.000243,-0.002705,0.000000,0.333333,0.333333,0.000000,0.000000,0.000000,0.000000,0.000000,0.000000,0.000000,0.333333,2.873873,4.829802,3.747068
2021-09-06,0.000000,0.000000,0.000000,0.000000,0.000000,0.000000,0.333333,0.333333,0.000000,0.000000,0.000000,0.000000,0.000000,0.000000,0.000000,0.333333,2.873873,4.829802,3.747068
2021-09-07,-0.003222,0.000000,-0.003222,-0.003576,-0.006549,0.000000,0.333333,0.333333,0.000000,0.000000,0.000000,0.000000,0.000000,0.000000,0.000000,0.333333,2.864613,4.812533,3.722529
2021-09-08,-0.006781,0.000000,-0.006781,-0.001218,0.000083,0.000000,0.333333,0.333333,0.000000,0.000000,0.000000,0.000000,0.000000,0.000000,0.000000,0.333333,2.845189,4.806670,3.722836
2021-09-09,0.000027,0.000000,0.000027,-0.004280,-0.004865,0.000000,0.333333,0.333333,0.000000,0.000000,0.000000,0.000000,0.000000,0.000000,0.000000,0.333333,2.845266,4.786097,3.704723
2021-09-10,-0.004766,0.000000,-0.004766,-0.007885,-0.006827,0.000000,0.333333,0.333333,0.000000,0.000000,0.000000,0.000000,0.000000,0.000000,0.000000,0.333333,2.831705,4.748360,3.679433
2021-09-13,0.014200,0.000000,0.014200,0.002559,0.004358,0.000000,0.333333,0.333333,0.000000,0.000000,0.000000,0.000000,0.000000,0.000000,0.000000,0.333333,2.871916,4.760512,3.695467
2021-09-14,-0.012167,0.000000,-0.012167,-0.005397,-0.006755,0.000000,0.333333,0.333333,0.000000,0.000000,0.000000,0.000000,0.000000,0.000000,0.000000,0.333333,2.836973,4.734822,3.670502
2021-09-15,0.017285,0.000000,0.017285,0.008353,0.009207,0.000000,0.333333,0.333333,0.000000,0.000000,0.000000,0.000000,0.000000,0.000000,0.000000,0.333333,2.886009,4.774370,3.704297
2021-09-16,-0.005066,0.000000,-0.005066,-0.001585,-0.003647,0.000000,0.333333,0.333333,0.000000,0.000000,0.000000,0.000000,0.000000,0.000000,0.000000,0.333333,2.871389,4.766803,3.690788
2021-09-17,-0.007670,0.000000,-0.007670,-0.009741,-0.009302,0.000000,0.333333,0.333333,0.000000,0.000000,0.000000,0.000000,0.000000,0.000000,0.000000,0.333333,2.849364,4.720368,3.656457
2021-09-20,-0.024611,0.000000,-0.024611,-0.016674,-0.015877,0.000000,0.333333,0.333333,0.000000,0.000000,0.000000,0.000000,0.000000,0.000000,0.000000,0.333333,2.779240,4.641660,3.598402
2021-09-21,-0.001073,0.000000,-0.001073,-0.000945,-0.001010,0.000000,0.333333,0.333333,0.000000,0.000000,0.000000,0.000000,0.000000,0.000000,0.000000,0.333333,2.776257,4.637275,3.594768
2021-09-22,0.015684,0.000000,0.015684,0.009755,0.009546,0.000000,0.333333,0.333333,0.000000,0.000000,0.000000,0.000000,0.000000,0.000000,0.000000,0.333333,2.819800,4.682511,3.629083
2021-09-23,0.023270,0.000000,0.023270,0.012150,0.011234,0.000000,0.333333,0.333333,0.000000,0.000000,0.000000,0.000000,0.000000,0.000000,0.000000,0.333333,2.885416,4.739404,3.669853
2021-09-24,0.006992,0.000000,0.006992,0.001647,0.000900,0.000000,0.333333,0.333333,0.000000,0.000000,0.000000,0.000000,0.000000,0.000000,0.000000,0.333333,2.905590,4.747211,3.673154
2021-09-27,0.016348,0.000000,0.016348,-0.002861,0.000574,0.000000,0.333333,0.333333,0.000000,0.000000,0.000000,0.000000,0.000000,0.000000,0.000000,0.333333,2.953090,4.733629,3.675262
2021-09-28,-0.012496,0.000000,-0.012496,-0.020152,-0.014350,0.000000,0.333333,0.333333,0.000000,0.000000,0.000000,0.000000,0.000000,0.000000,0.000000,0.333333,2.916189,4.638238,3.622522
2021-09-29,-0.000028,0.000000,-0.000028,0.001683,0.003013,0.000000,0.333333,0.333333,0.000000,0.000000,0.000000,0.000000,0.000000,0.000000,0.000000,0.333333,2.916109,4.646044,3.633436
2021-09-30,-0.011324,0.000000,-0.011324,-0.012222,-0.013453,0.000000,0.333333,0.333333,0.000000,0.000000,0.000000,0.000000,0.000000,0.000000,0.000000,0.333333,2.883087,4.589259,3.584556
2021-10-01,0.022323,0.000000,0.022323,0.011884,0.012076,0.000000,0.333333,0.333333,0.000000,0.000000,0.000000,0.000000,0.000000,0.000000,0.000000,0.333333,2.947445,4.643798,3.627841
2021-10-04,-0.004637,0.000000,-0.004637,-0.012896,-0.005301,0.000000,0.333333,0.333333,0.000000,0.000000,0.000000,0.000000,0.000000,0.000000,0.000000,0.333333,2.933777,4.583912,3.608610
2021-10-05,0.013448,0.000000,0.013448,0.010405,0.007223,0.000000,0.333333,0.333333,0.000000,0.000000,0.000000,0.000000,0.000000,0.000000,0.000000,0.333333,2.973232,4.631607,3.634674
2021-10-06,-0.002590,0.000000,-0.002590,0.004156,0.003405,0.000000,0.333333,0.333333,0.000000,0.000000,0.000000,0.000000,0.000000,0.000000,0.000000,0.333333,2.965532,4.650856,3.647050
2021-10-07,0.005997,0.000000,0.005997,0.008646,0.006997,0.000000,0.333333,0.333333,0.000000,0.000000,0.000000,0.000000,0.000000,0.000000,0.000000,0.333333,2.983315,4.691067,3.672569
2021-10-08,0.010257,0.000000,0.010257,-0.001824,-0.000685,0.000000,0.333333,0.333333,0.000000,0.000000,0.000000,0.000000,0.000000,0.000000,0.000000,0.333333,3.013916,4.682511,3.670055
2021-10-11,-0.009591,0.000000,-0.009591,-0.007240,-0.006053,0.000000,0.333333,0.333333,0.000000,0.000000,0.000000,0.000000,0.000000,0.000000,0.000000,0.333333,2.985010,4.648611,3.647842
2021-10-12,-0.003832,0.000000,-0.003832,-0.002462,0.000460,0.000000,0.333333,0.333333,0.000000,0.000000,0.000000,0.000000,0.000000,0.000000,0.000000,0.333333,2.973571,4.637168,3.649520
2021-10-13,-0.000639,0.000000,-0.000639,0.003598,0.003598,0.000000,0.333333,0.333333,0.000000,0.000000,0.000000,0.000000,0.000000,0.000000,0.000000,0.333333,2.971671,4.653851,3.662649
2021-10-14,0.014355,0.000000,0.014355,0.016821,0.015565,0.000000,0.333333,0.333333,0.000000,0.000000,0.000000,0.000000,0.000000,0.000000,0.000000,0.333333,3.014329,4.732132,3.719659
2021-10-15,0.005816,0.000000,0.005816,0.007616,0.004861,0.000000,0.333333,0.333333,0.000000,0.000000,0.000000,0.000000,0.000000,0.000000,0.000000,0.333333,3.031859,4.768171,3.737740
2021-10-18,0.002890,0.000000,0.002890,0.002961,0.000794,0.000000,0.333333,0.333333,0.000000,0.000000,0.000000,0.000000,0.000000,0.000000,0.000000,0.333333,3.040621,4.782287,3.740708
2021-10-19,0.010278,0.000000,0.010278,0.007715,0.007255,0.000000,0.333333,0.333333,0.000000,0.000000,0.000000,0.000000,0.000000,0.000000,0.000000,0.333333,3.071873,4.819182,3.767846
2021-10-20,0.006025,0.000000,0.006025,0.003928,0.007279,0.000000,0.333333,0.333333,0.000000,0.000000,0.000000,0.000000,0.000000,0.000000,0.000000,0.333333,3.090383,4.838110,3.795270
2021-10-21,-0.006586,0.000000,-0.006586,0.002608,0.000380,0.000000,0.333333,0.333333,0.000000,0.000000,0.000000,0.000000,0.000000,0.000000,0.000000,0.333333,3.070028,4.850729,3.796712
2021-10-22,0.000732,0.000000,0.000732,-0.001036,0.001901,0.000000,0.333333,0.333333,0.000000,0.000000,0.000000,0.000000,0.000000,0.000000,0.000000,0.333333,3.072276,4.845703,3.803929
2021-10-25,0.005930,0.000000,0.005930,0.005363,0.005211,0.000000,0.333333,0.333333,0.000000,0.000000,0.000000,0.000000,0.000000,0.000000,0.000000,0.333333,3.090496,4.871689,3.823750
2021-10-26,-0.000799,0.000000,-0.000799,0.000900,0.001420,0.000000,0.333333,0.333333,0.000000,0.000000,0.000000,0.000000,0.000000,0.000000,0.000000,0.333333,3.088027,4.876074,3.829178
2021-10-27,-0.015999,0.000000,-0.015999,-0.004430,-0.009129,0.000000,0.333333,0.333333,0.000000,0.000000,0.000000,0.000000,0.000000,0.000000,0.000000,0.333333,3.038621,4.854472,3.794221
2021-10-28,0.007556,0.000000,0.007556,0.009649,0.009233,0.000000,0.333333,0.333333,0.000000,0.000000,0.000000,0.000000,0.000000,0.000000,0.000000,0.333333,3.061581,4.901311,3.829253
2021-10-29,-0.002468,0.000000,-0.002468,0.002029,-0.001291,0.000000,0.333333,0.333333,0.000000,0.000000,0.000000,0.000000,0.000000,0.000000,0.000000,0.333333,3.054025,4.911258,3.824309
2021-11-01,0.006447,0.000000,0.006447,0.001720,0.004324,0.000000,0.333333,0.333333,0.000000,0.000000,0.000000,0.000000,0.000000,0.000000,0.000000,0.333333,3.073715,4.919706,3.840845
2021-11-02,-0.002267,0.000000,-0.002267,0.004043,0.003024,0.000000,0.333333,0.333333,0.000000,0.000000,0.000000,0.000000,0.000000,0.000000,0.000000,0.333333,3.066747,4.939597,3.852461
2021-11-03,-0.000323,0.000000,-0.000323,0.006105,0.004397,0.000000,0.333333,0.333333,0.000000,0.000000,0.000000,0.000000,0.000000,0.000000,0.000000,0.333333,3.065756,4.969754,3.869400
2021-11-04,-0.002573,0.000000,-0.002573,0.004713,0.000190,0.000000,0.333333,0.333333,0.000000,0.000000,0.000000,0.000000,0.000000,0.000000,0.000000,0.333333,3.057867,4.993175,3.870134
2021-11-05,0.007187,0.000000,0.007187,0.003470,0.005227,0.000000,0.333333,0.333333,0.000000,0.000000,0.000000,0.000000,0.000000,0.000000,0.000000,0.333333,3.079844,5.010499,3.890364
2021-11-08,0.003396,0.000000,0.003396,0.000854,0.000091,0.000000,0.333333,0.333333,0.000000,0.000000,0.000000,0.000000,0.000000,0.000000,0.000000,0.333333,3.090303,5.014776,3.890718
2021-11-09,-0.001281,0.000000,-0.001281,-0.003305,-0.000968,0.000000,0.333333,0.333333,0.000000,0.000000,0.000000,0.000000,0.000000,0.000000,0.000000,0.333333,3.086344,4.998201,3.886953
2021-11-10,-0.013171,0.000000,-0.013171,-0.008045,-0.005739,0.000000,0.333333,0.333333,0.000000,0.000000,0.000000,0.000000,0.000000,0.000000,0.000000,0.333333,3.045692,4.957991,3.864646
2021-11-11,0.001529,0.000000,0.001529,0.000323,0.000103,0.000000,0.333333,0.333333,0.000000,0.000000,0.000000,0.000000,0.000000,0.000000,0.000000,0.333333,3.050349,4.959595,3.865046
2021-11-12,0.004811,0.000000,0.004811,0.007547,0.004557,0.000000,0.333333,0.333333,0.000000,0.000000,0.000000,0.000000,0.000000,0.000000,0.000000,0.333333,3.065025,4.997023,3.882658
2021-11-15,0.003724,0.000000,0.003724,0.000343,0.002186,0.000000,0.333333,0.333333,0.000000,0.000000,0.000000,0.000000,0.000000,0.000000,0.000000,0.333333,3.076439,4.998735,3.891147
2021-11-16,-0.002311,0.000000,-0.002311,0.003958,0.000342,0.000000,0.333333,0.333333,0.000000,0.000000,0.000000,0.000000,0.000000,0.000000,0.000000,0.333333,3.069329,5.018520,3.892476
2021-11-17,-0.010205,0.000000,-0.010205,-0.002429,-0.003006,0.000000,0.333333,0.333333,0.000000,0.000000,0.000000,0.000000,0.000000,0.000000,0.000000,0.333333,3.038005,5.006329,3.880776
2021-11-18,-0.006062,0.000000,-0.006062,0.003396,-0.001076,0.000000,0.333333,0.333333,0.000000,0.000000,0.000000,0.000000,0.000000,0.000000,0.000000,0.333333,3.019589,5.023332,3.876602
2021-11-19,-0.017766,0.000000,-0.017766,-0.001788,-0.005256,0.000000,0.333333,0.333333,0.000000,0.000000,0.000000,0.000000,0.000000,0.000000,0.000000,0.333333,2.965941,5.014349,3.856225
2021-11-22,0.006555,0.000000,0.006555,-0.002815,0.001350,0.000000,0.333333,0.333333,0.000000,0.000000,0.000000,0.000000,0.000000,0.000000,0.000000,0.333333,2.985384,5.000232,3.861431
2021-11-23,0.014578,0.000000,0.014578,0.001326,0.005111,0.000000,0.333333,0.333333,0.000000,0.000000,0.000000,0.000000,0.000000,0.000000,0.000000,0.333333,3.028905,5.006863,3.881168
2021-11-24,0.002975,0.000000,0.002975,0.002670,0.001875,0.000000,0.333333,0.333333,0.000000,0.000000,0.000000,0.000000,0.000000,0.000000,0.000000,0.333333,3.037917,5.020230,3.888445
2021-11-25,0.000000,0.000000,0.000000,0.000000,0.000000,0.000000,0.333333,0.333333,0.000000,0.000000,0.000000,0.000000,0.000000,0.000000,0.000000,0.333333,3.037917,5.020230,3.888445
2021-11-26,-0.030573,0.000000,-0.030573,-0.022303,-0.022473,0.000000,0.333333,0.333333,0.000000,0.000000,0.000000,0.000000,0.000000,0.000000,0.000000,0.333333,2.945040,4.908264,3.801060
2021-11-29,0.005802,0.000000,0.005802,0.012266,0.008811,0.000000,0.333333,0.333333,0.000000,0.000000,0.000000,0.000000,0.000000,0.000000,0.000000,0.333333,2.962126,4.968471,3.834552
2021-11-30,-0.026360,0.000000,-0.026360,-0.019458,-0.022403,0.000000,0.333333,0.333333,0.000000,0.000000,0.000000,0.000000,0.000000,0.000000,0.000000,0.333333,2.884044,4.871796,3.748647
2021-12-01,-0.011591,0.000167,-0.011757,-0.011107,-0.010767,0.000000,0.333333,0.333333,0.000000,0.000000,0.000000,0.000000,0.000000,0.000000,0.333333,0.000000,2.850135,4.817684,3.708285
2021-12-02,0.028757,0.000000,0.028757,0.015316,0.018622,0.000000,0.333333,0.333333,0.000000,0.000000,0.000000,0.000000,0.000000,0.000000,0.333333,0.000000,2.932096,4.891473,3.777341
2021-12-03,-0.009736,0.000000,-0.009736,-0.008701,-0.004247,0.000000,0.333333,0.333333,0.000000,0.000000,0.000000,0.000000,0.000000,0.000000,0.333333,0.000000,2.903551,4.848911,3.761297
2021-12-06,0.014852,0.000000,0.014852,0.011843,0.013827,0.000000,0.333333,0.333333,0.000000,0.000000,0.000000,0.000000,0.000000,0.000000,0.333333,0.000000,2.946673,4.906338,3.813303
2021-12-07,0.019671,0.000000,0.019671,0.020685,0.015956,0.000000,0.333333,0.333333,0.000000,0.000000,0.000000,0.000000,0.000000,0.000000,0.333333,0.000000,3.004636,5.007825,3.874146
2021-12-08,-0.000421,0.000000,-0.000421,0.002648,0.002108,0.000000,0.333333,0.333333,0.000000,0.000000,0.000000,0.000000,0.000000,0.000000,0.333333,0.000000,3.003371,5.021086,3.882311
2021-12-09,-0.007480,0.000000,-0.007480,-0.006752,-0.005762,0.000000,0.333333,0.333333,0.000000,0.000000,0.000000,0.000000,0.000000,0.000000,0.333333,0.000000,2.980905,4.987185,3.859941
2021-12-10,0.004509,0.000000,0.004509,0.009414,0.007007,0.000000,0.333333,0.333333,0.000000,0.000000,0.000000,0.000000,0.000000,0.000000,0.333333,0.000000,2.994345,5.034133,3.886989
2021-12-13,-0.008372,0.000000,-0.008372,-0.008858,-0.004773,0.000000,0.333333,0.333333,0.000000,0.000000,0.000000,0.000000,0.000000,0.000000,0.333333,0.000000,2.969276,4.989538,3.868437
2021-12-14,-0.003071,0.000000,-0.003071,-0.006880,-0.004907,0.000000,0.333333,0.333333,0.000000,0.000000,0.000000,0.000000,0.000000,0.000000,0.333333,0.000000,2.960158,4.955210,3.849456
2021-12-15,0.004255,0.000000,0.004255,0.015625,0.010938,0.000000,0.333333,0.333333,0.000000,0.000000,0.000000,0.000000,0.000000,0.000000,0.333333,0.000000,2.972755,5.032636,3.891560
2021-12-16,0.007573,0.000000,0.007573,-0.008819,-0.000025,0.000000,0.333333,0.333333,0.000000,0.000000,0.000000,0.000000,0.000000,0.000000,0.333333,0.000000,2.995266,4.988255,3.891461
2021-12-17,-0.015264,0.000000,-0.015264,-0.010643,-0.012007,0.000000,0.333333,0.333333,0.000000,0.000000,0.000000,0.000000,0.000000,0.000000,0.333333,0.000000,2.949545,4.935167,3.844738
2021-12-20,-0.012787,0.000000,-0.012787,-0.010634,-0.010189,0.000000,0.333333,0.333333,0.000000,0.000000,0.000000,0.000000,0.000000,0.000000,0.333333,0.000000,2.911828,4.882688,3.805564
2021-12-21,0.018292,0.000000,0.018292,0.017759,0.014455,0.000000,0.333333,0.333333,0.000000,0.000000,0.000000,0.000000,0.000000,0.000000,0.333333,0.000000,2.965092,4.969400,3.860575
2021-12-22,0.006995,0.000000,0.006995,0.009999,0.007985,0.000000,0.333333,0.333333,0.000000,0.000000,0.000000,0.000000,0.000000,0.000000,0.333333,0.000000,2.985833,5.019088,3.891403
2021-12-23,0.000910,0.000000,0.000910,0.006222,0.005379,0.000000,0.333333,0.333333,0.000000,0.000000,0.000000,0.000000,0.000000,0.000000,0.333333,0.000000,2.988549,5.050317,3.912335
2021-12-24,0.000000,0.000000,0.000000,0.000000,0.000000,0.000000,0.333333,0.333333,0.000000,0.000000,0.000000,0.000000,0.000000,0.000000,0.333333,0.000000,2.988549,5.050317,3.912335
2021-12-27,0.017531,0.000000,0.017531,0.014152,0.013203,0.000000,0.333333,0.333333,0.000000,0.000000,0.000000,0.000000,0.000000,0.000000,0.333333,0.000000,3.040943,5.121790,3.963988
2021-12-28,0.001372,0.000000,0.001372,-0.000817,0.001973,0.000000,0.333333,0.333333,0.000000,0.000000,0.000000,0.000000,0.000000,0.000000,0.333333,0.000000,3.045115,5.117603,3.971809
2021-12-29,-0.000546,0.000000,-0.000546,0.001279,0.001620,0.000000,0.333333,0.333333,0.000000,0.000000,0.000000,0.000000,0.000000,0.000000,0.333333,0.000000,3.043454,5.124151,3.978244
2021-12-30,-0.001141,0.000000,-0.001141,-0.002765,-0.001268,0.000000,0.333333,0.333333,0.000000,0.000000,0.000000,0.000000,0.000000,0.000000,0.333333,0.000000,3.039983,5.109984,3.973200
2021-12-31,0.000956,0.000000,0.000956,-0.002520,-0.000315,0.000000,0.333333,0.333333,0.000000,0.000000,0.000000,0.000000,0.000000,0.000000,0.333333,0.000000,3.042889,5.097106,3.971947
2022-01-03,0.010405,0.000167,0.010239,0.005790,0.003417,0.333333,0.000000,0.333333,0.000000,0.000000,0.000000,0.000000,0.000000,0.000000,0.333333,0.000000,3.074044,5.126618,3.985519
2022-01-04,0.006703,0.000000,0.006703,-0.000335,0.005546,0.333333,0.000000,0.333333,0.000000,0.000000,0.000000,0.000000,0.000000,0.000000,0.333333,0.000000,3.094650,5.124901,4.007625
2022-01-05,-0.021128,0.000000,-0.021128,-0.019202,-0.013208,0.333333,0.000000,0.333333,0.000000,0.000000,0.000000,0.000000,0.000000,0.000000,0.333333,0.000000,3.029266,5.026492,3.954690
2022-01-06,0.006154,0.000000,0.006154,-0.000939,0.000223,0.333333,0.000000,0.333333,0.000000,0.000000,0.000000,0.000000,0.000000,0.000000,0.333333,0.000000,3.047909,5.021771,3.955573
2022-01-07,-0.000243,0.000000,-0.000243,-0.003954,-0.000285,0.333333,0.000000,0.333333,0.000000,0.000000,0.000000,0.000000,0.000000,0.000000,0.333333,0.000000,3.047170,5.001916,3.954448
2022-01-10,-0.002934,0.000000,-0.002934,-0.001244,-0.004563,0.333333,0.000000,0.333333,0.000000,0.000000,0.000000,0.000000,0.000000,0.000000,0.333333,0.000000,3.038229,4.995693,3.936402
2022-01-11,0.014791,0.000000,0.014791,0.009108,0.008184,0.333333,0.000000,0.333333,0.000000,0.000000,0.000000,0.000000,0.000000,0.000000,0.333333,0.000000,3.083166,5.041194,3.968617
2022-01-12,0.003087,0.000000,0.003087,0.002704,0.002898,0.333333,0.000000,0.333333,0.000000,0.000000,0.000000,0.000000,0.000000,0.000000,0.333333,0.000000,3.092683,5.054823,3.980117
2022-01-13,-0.011472,0.000000,-0.011472,-0.013779,-0.007562,0.333333,0.000000,0.333333,0.000000,0.000000,0.000000,0.000000,0.000000,0.000000,0.333333,0.000000,3.057203,4.985175,3.950018
2022-01-14,0.006757,0.000000,0.006757,0.000409,-0.001043,0.333333,0.000000,0.333333,0.000000,0.000000,0.000000,0.000000,0.000000,0.000000,0.333333,0.000000,3.077861,4.987214,3.945898
2022-01-17,0.000000,0.000000,0.000000,0.000000,0.000000,0.333333,0.000000,0.333333,0.000000,0.000000,0.000000,0.000000,0.000000,0.000000,0.333333,0.000000,3.077861,4.987214,3.945898
2022-01-18,-0.008938,0.000000,-0.008938,-0.017709,-0.013207,0.333333,0.000000,0.333333,0.000000,0.000000,0.000000,0.000000,0.000000,0.000000,0.333333,0.000000,3.050351,4.898893,3.893786
2022-01-19,-0.011384,0.000000,-0.011384,-0.010384,-0.007058,0.333333,0.000000,0.333333,0.000000,0.000000,0.000000,0.000000,0.000000,0.000000,0.333333,0.000000,3.015625,4.848025,3.866303
2022-01-20,-0.010321,0.000000,-0.010321,-0.011068,-0.009504,0.333333,0.000000,0.333333,0.000000,0.000000,0.000000,0.000000,0.000000,0.000000,0.333333,0.000000,2.984502,4.794366,3.829557
2022-01-21,-0.013431,0.000000,-0.013431,-0.019631,-0.015340,0.333333,0.000000,0.333333,0.000000,0.000000,0.000000,0.000000,0.000000,0.000000,0.333333,0.000000,2.944416,4.700250,3.770810
2022-01-24,0.004680,0.000000,0.004680,0.004247,0.002401,0.333333,0.000000,0.333333,0.000000,0.000000,0.000000,0.000000,0.000000,0.000000,0.333333,0.000000,2.958197,4.720211,3.779865
2022-01-25,0.004301,0.000000,0.004301,-0.012209,-0.006583,0.333333,0.000000,0.333333,0.000000,0.000000,0.000000,0.000000,0.000000,0.000000,0.333333,0.000000,2.970919,4.662581,3.754983
2022-01-26,-0.004152,0.000000,-0.004152,-0.002509,-0.006319,0.333333,0.000000,0.333333,0.000000,0.000000,0.000000,0.000000,0.000000,0.000000,0.333333,0.000000,2.958583,4.650884,3.731257
2022-01-27,-0.004670,0.000000,-0.004670,-0.004938,-0.003047,0.333333,0.000000,0.333333,0.000000,0.000000,0.000000,0.000000,0.000000,0.000000,0.333333,0.000000,2.944766,4.627918,3.719887
2022-01-28,0.024726,0.000000,0.024726,0.024835,0.017697,0.333333,0.000000,0.333333,0.000000,0.000000,0.000000,0.000000,0.000000,0.000000,0.333333,0.000000,3.017579,4.742854,3.785716
2022-01-31,0.013551,0.000000,0.013551,0.018011,0.014941,0.333333,0.000000,0.333333,0.000000,0.000000,0.000000,0.000000,0.000000,0.000000,0.333333,0.000000,3.058469,4.828279,3.842278
2022-02-01,0.014238,0.000167,0.014072,0.006757,0.007061,0.000000,0.333333,0.333333,0.000000,0.000000,0.000000,0.000000,0.000000,0.000000,0.333333,0.000000,3.101507,4.860902,3.869408
2022-02-02,0.009089,0.000000,0.009089,0.009714,0.009066,0.000000,0.333333,0.333333,0.000000,0.000000,0.000000,0.000000,0.000000,0.000000,0.333333,0.000000,3.129696,4.908122,3.904489
2022-02-03,-0.010257,0.000000,-0.010257,-0.023505,-0.018105,0.000000,0.333333,0.333333,0.000000,0.000000,0.000000,0.000000,0.000000,0.000000,0.333333,0.000000,3.097595,4.792757,3.833796
2022-02-04,0.006296,0.000000,0.006296,0.004702,0.000249,0.000000,0.333333,0.333333,0.000000,0.000000,0.000000,0.000000,0.000000,0.000000,0.333333,0.000000,3.117096,4.815293,3.834751
2022-02-07,0.005326,0.000000,0.005326,-0.003209,-0.001421,0.000000,0.333333,0.333333,0.000000,0.000000,0.000000,0.000000,0.000000,0.000000,0.333333,0.000000,3.133699,4.799840,3.829301
2022-02-08,-0.005522,0.000000,-0.005522,0.008228,0.004329,0.000000,0.333333,0.333333,0.000000,0.000000,0.000000,0.000000,0.000000,0.000000,0.333333,0.000000,3.116394,4.839333,3.845879
2022-02-09,0.012975,0.000000,0.012975,0.014636,0.013676,0.000000,0.333333,0.333333,0.000000,0.000000,0.000000,0.000000,0.000000,0.000000,0.333333,0.000000,3.156829,4.910162,3.898474
2022-02-10,-0.014500,0.000000,-0.014500,-0.017966,-0.015921,0.000000,0.333333,0.333333,0.000000,0.000000,0.000000,0.000000,0.000000,0.000000,0.333333,0.000000,3.111056,4.821948,3.836405
2022-02-11,0.000464,0.000000,0.000464,-0.019719,-0.011550,0.000000,0.333333,0.333333,0.000000,0.000000,0.000000,0.000000,0.000000,0.000000,0.333333,0.000000,3.112500,4.726864,3.792094
2022-02-14,-0.015195,0.000000,-0.015195,-0.003269,-0.006682,0.000000,0.333333,0.333333,0.000000,0.000000,0.000000,0.000000,0.000000,0.000000,0.333333,0.000000,3.065207,4.711410,3.766756
2022-02-15,0.002680,0.000000,0.002680,0.016127,0.010220,0.000000,0.333333,0.333333,0.000000,0.000000,0.000000,0.000000,0.000000,0.000000,0.333333,0.000000,3.073422,4.787391,3.805252
2022-02-16,0.003829,0.000000,0.003829,0.001121,0.002238,0.000000,0.333333,0.333333,0.000000,0.000000,0.000000,0.000000,0.000000,0.000000,0.333333,0.000000,3.085192,4.792757,3.813766
2022-02-17,-0.011692,0.000000,-0.011692,-0.021361,-0.014689,0.000000,0.333333,0.333333,0.000000,0.000000,0.000000,0.000000,0.000000,0.000000,0.333333,0.000000,3.049120,4.690377,3.757745
2022-02-18,-0.003615,0.000000,-0.003615,-0.006475,-0.004758,0.000000,0.333333,0.333333,0.000000,0.000000,0.000000,0.000000,0.000000,0.000000,0.333333,0.000000,3.038097,4.660007,3.739867
2022-02-21,0.000000,0.000000,0.000000,0.000000,0.000000,0.000000,0.333333,0.333333,0.000000,0.000000,0.000000,0.000000,0.000000,0.000000,0.333333,0.000000,3.038097,4.660007,3.739867
2022-02-22,-0.007983,0.000000,-0.007983,-0.010732,-0.009798,0.000000,0.333333,0.333333,0.000000,0.000000,0.000000,0.000000,0.000000,0.000000,0.333333,0.000000,3.013843,4.609997,3.703224
2022-02-23,-0.006712,0.000000,-0.006712,-0.017739,-0.014238,0.000000,0.333333,0.333333,0.000000,0.000000,0.000000,0.000000,0.000000,0.000000,0.333333,0.000000,2.993613,4.528222,3.650496
2022-02-24,-0.000851,0.000000,-0.000851,0.015049,0.007920,0.000000,0.333333,0.333333,0.000000,0.000000,0.000000,0.000000,0.000000,0.000000,0.333333,0.000000,2.991065,4.596368,3.679406
2022-02-25,0.027872,0.000000,0.027872,0.022064,0.026121,0.000000,0.333333,0.333333,0.000000,0.000000,0.000000,0.000000,0.000000,0.000000,0.333333,0.000000,3.074431,4.697781,3.775518
2022-02-28,-0.002460,0.000000,-0.002460,-0.002558,-0.002066,0.000000,0.333333,0.333333,0.000000,0.000000,0.000000,0.000000,0.000000,0.000000,0.333333,0.000000,3.066869,4.685763,3.767718
2022-03-01,-0.003976,0.000167,-0.004143,-0.015230,-0.012233,0.333333,0.000000,0.333333,0.000000,0.000000,0.000000,0.000000,0.000000,0.000000,0.333333,0.000000,3.054163,4.614398,3.721628
2022-03-02,0.020769,0.000000,0.020769,0.018396,0.018087,0.333333,0.000000,0.333333,0.000000,0.000000,0.000000,0.000000,0.000000,0.000000,0.333333,0.000000,3.117595,4.699284,3.788942
2022-03-03,0.000579,0.000000,0.000579,-0.004978,-0.000124,0.333333,0.000000,0.333333,0.000000,0.000000,0.000000,0.000000,0.000000,0.000000,0.333333,0.000000,3.119400,4.675889,3.788473
2022-03-04,0.006589,0.000000,0.006589,-0.008125,-0.000698,0.333333,0.000000,0.333333,0.000000,0.000000,0.000000,0.000000,0.000000,0.000000,0.333333,0.000000,3.139953,4.637899,3.785827
2022-03-07,-0.013351,0.000000,-0.013351,-0.029479,-0.022086,0.333333,0.000000,0.333333,0.000000,0.000000,0.000000,0.000000,0.000000,0.000000,0.333333,0.000000,3.098032,4.501177,3.702215
2022-03-08,0.000640,0.000000,0.000640,-0.007582,-0.007133,0.333333,0.000000,0.333333,0.000000,0.000000,0.000000,0.000000,0.000000,0.000000,0.333333,0.000000,3.100014,4.467050,3.675806
2022-03-09,0.008578,0.000000,0.008578,0.026811,0.017477,0.333333,0.000000,0.333333,0.000000,0.000000,0.000000,0.000000,0.000000,0.000000,0.333333,0.000000,3.126606,4.586816,3.740049
2022-03-10,0.005525,0.000000,0.005525,-0.004516,0.000554,0.333333,0.000000,0.333333,0.000000,0.000000,0.000000,0.000000,0.000000,0.000000,0.333333,0.000000,3.143881,4.566103,3.742122
2022-03-11,-0.011842,0.000000,-0.011842,-0.012715,-0.010704,0.333333,0.000000,0.333333,0.000000,0.000000,0.000000,0.000000,0.000000,0.000000,0.333333,0.000000,3.106651,4.508046,3.702068
2022-03-14,-0.018189,0.000000,-0.018189,-0.007308,-0.005192,0.333333,0.000000,0.333333,0.000000,0.000000,0.000000,0.000000,0.000000,0.000000,0.333333,0.000000,3.050145,4.475099,3.682847
2022-03-15,0.001624,0.000000,0.001624,0.021991,0.014016,0.333333,0.000000,0.333333,0.000000,0.000000,0.000000,0.000000,0.000000,0.000000,0.333333,0.000000,3.055098,4.573509,3.734466
2022-03-16,0.013002,0.000000,0.013002,0.022174,0.015367,0.333333,0.000000,0.333333,0.000000,0.000000,0.000000,0.000000,0.000000,0.000000,0.333333,0.000000,3.094821,4.674923,3.791853
2022-03-17,0.018569,0.000000,0.018569,0.012511,0.014061,0.333333,0.000000,0.333333,0.000000,0.000000,0.000000,0.000000,0.000000,0.000000,0.333333,0.000000,3.152289,4.733411,3.845169
2022-03-18,0.007285,0.000000,0.007285,0.010953,0.006190,0.333333,0.000000,0.333333,0.000000,0.000000,0.000000,0.000000,0.000000,0.000000,0.333333,0.000000,3.175253,4.785254,3.868972
2022-03-21,0.011093,0.000000,0.011093,-0.000292,0.002940,0.333333,0.000000,0.333333,0.000000,0.000000,0.000000,0.000000,0.000000,0.000000,0.333333,0.000000,3.210477,4.783855,3.880346
2022-03-22,0.002552,0.000000,0.002552,0.011701,0.007941,0.333333,0.000000,0.333333,0.000000,0.000000,0.000000,0.000000,0.000000,0.000000,0.333333,0.000000,3.218670,4.839833,3.911162
2022-03-23,-0.003171,0.000000,-0.003171,-0.012878,-0.008445,0.333333,0.000000,0.333333,0.000000,0.000000,0.000000,0.000000,0.000000,0.000000,0.333333,0.000000,3.208463,4.777504,3.878132
2022-03-24,0.012083,0.000000,0.012083,0.015074,0.011401,0.333333,0.000000,0.333333,0.000000,0.000000,0.000000,0.000000,0.000000,0.000000,0.333333,0.000000,3.247232,4.849522,3.922347
2022-03-25,0.011057,0.000000,0.011057,0.004884,0.008539,0.333333,0.000000,0.333333,0.000000,0.000000,0.000000,0.000000,0.000000,0.000000,0.333333,0.000000,3.283135,4.873204,3.955840
2022-03-28,-0.000050,0.000000,-0.000050,0.007113,0.003689,0.333333,0.000000,0.333333,0.000000,0.000000,0.000000,0.000000,0.000000,0.000000,0.333333,0.000000,3.282972,4.907868,3.970433
2022-03-29,0.015988,0.000000,0.015988,0.012371,0.011534,0.333333,0.000000,0.333333,0.000000,0.000000,0.000000,0.000000,0.000000,0.000000,0.333333,0.000000,3.335461,4.968582,4.016228
2022-03-30,-0.002403,0.000000,-0.002403,-0.006175,-0.002746,0.333333,0.000000,0.333333,0.000000,0.000000,0.000000,0.000000,0.000000,0.000000,0.333333,0.000000,3.327444,4.937903,4.005201
2022-03-31,-0.013139,0.000000,-0.013139,-0.015391,-0.012949,0.333333,0.000000,0.333333,0.000000,0.000000,0.000000,0.000000,0.000000,0.000000,0.333333,0.000000,3.283724,4.861901,3.953338
2022-04-01,0.011954,0.000167,0.011787,0.002834,0.005974,0.000000,0.000000,0.333333,0.333333,0.000000,0.000000,0.000000,0.000000,0.000000,0.333333,0.000000,3.322431,4.875680,3.976956
2022-04-04,-0.003358,0.000000,-0.003358,0.008567,0.003876,0.000000,0.000000,0.333333,0.333333,0.000000,0.000000,0.000000,0.000000,0.000000,0.333333,0.000000,3.311273,4.917448,3.992371
2022-04-05,-0.004250,0.000000,-0.004250,-0.012631,-0.008302,0.000000,0.000000,0.333333,0.333333,0.000000,0.000000,0.000000,0.000000,0.000000,0.333333,0.000000,3.297200,4.855335,3.959224
2022-04-06,0.012001,0.000000,0.012001,-0.010000,-0.002309,0.000000,0.000000,0.333333,0.333333,0.000000,0.000000,0.000000,0.000000,0.000000,0.333333,0.000000,3.336771,4.806784,3.950081
2022-04-07,0.008037,0.000000,0.008037,0.005039,0.003691,0.000000,0.000000,0.333333,0.333333,0.000000,0.000000,0.000000,0.000000,0.000000,0.333333,0.000000,3.363589,4.831006,3.964662
2022-04-08,0.012381,0.000000,0.012381,-0.002674,0.002531,0.000000,0.000000,0.333333,0.333333,0.000000,0.000000,0.000000,0.000000,0.000000,0.333333,0.000000,3.405234,4.818088,3.974697
2022-04-11,-0.021208,0.000000,-0.021208,-0.017092,-0.013698,0.000000,0.000000,0.333333,0.333333,0.000000,0.000000,0.000000,0.000000,0.000000,0.333333,0.000000,3.333014,4.735736,3.920250
2022-04-12,0.001272,0.000000,0.001272,-0.003705,-0.001343,0.000000,0.000000,0.333333,0.333333,0.000000,0.000000,0.000000,0.000000,0.000000,0.333333,0.000000,3.337254,4.718189,3.914984
2022-04-13,0.007973,0.000000,0.007973,0.011453,0.009761,0.000000,0.000000,0.333333,0.333333,0.000000,0.000000,0.000000,0.000000,0.000000,0.333333,0.000000,3.363863,4.772229,3.953198
2022-04-14,-0.002417,0.000000,-0.002417,-0.012452,-0.007088,0.000000,0.000000,0.333333,0.333333,0.000000,0.000000,0.000000,0.000000,0.000000,0.333333,0.000000,3.355731,4.712807,3.925177
2022-04-15,0.000000,0.000000,0.000000,0.000000,0.000000,0.000000,0.000000,0.333333,0.333333,0.000000,0.000000,0.000000,0.000000,0.000000,0.333333,0.000000,3.355731,4.712807,3.925177
2022-04-18,0.000385,0.000000,0.000385,0.000411,-0.000557,0.000000,0.000000,0.333333,0.333333,0.000000,0.000000,0.000000,0.000000,0.000000,0.333333,0.000000,3.357023,4.714744,3.922991
2022-04-19,0.007460,0.000000,0.007460,0.016143,0.013918,0.000000,0.000000,0.333333,0.333333,0.000000,0.000000,0.000000,0.000000,0.000000,0.333333,0.000000,3.382065,4.790853,3.977592
2022-04-20,0.012074,0.000000,0.012074,-0.000742,0.001897,0.000000,0.000000,0.333333,0.333333,0.000000,0.000000,0.000000,0.000000,0.000000,0.333333,0.000000,3.422902,4.787300,3.985136
2022-04-21,-0.016435,0.000000,-0.016435,-0.014953,-0.014928,0.000000,0.000000,0.333333,0.333333,0.000000,0.000000,0.000000,0.000000,0.000000,0.333333,0.000000,3.366647,4.715714,3.925647
2022-04-22,-0.026277,0.000000,-0.026277,-0.027439,-0.025270,0.000000,0.000000,0.333333,0.333333,0.000000,0.000000,0.000000,0.000000,0.000000,0.333333,0.000000,3.278183,4.586318,3.826446
2022-04-25,-0.010332,0.000000,-0.010332,0.005798,0.000124,0.000000,0.000000,0.333333,0.333333,0.000000,0.000000,0.000000,0.000000,0.000000,0.333333,0.000000,3.244312,4.612907,3.826919
2022-04-26,-0.010641,0.000000,-0.010641,-0.028961,-0.021862,0.000000,0.000000,0.333333,0.333333,0.000000,0.000000,0.000000,0.000000,0.000000,0.333333,0.000000,3.209788,4.479314,3.743256
2022-04-27,0.002150,0.000000,0.002150,0.002812,0.001419,0.000000,0.000000,0.333333,0.333333,0.000000,0.000000,0.000000,0.000000,0.000000,0.333333,0.000000,3.216688,4.491909,3.748569
2022-04-28,0.020808,0.000000,0.020808,0.025259,0.020789,0.000000,0.000000,0.333333,0.333333,0.000000,0.000000,0.000000,0.000000,0.000000,0.333333,0.000000,3.283620,4.605371,3.826499
2022-04-29,-0.033199,0.000000,-0.033199,-0.036956,-0.033096,0.000000,0.000000,0.333333,0.333333,0.000000,0.000000,0.000000,0.000000,0.000000,0.333333,0.000000,3.174607,4.435177,3.699857
2022-05-02,-0.005405,0.000000,-0.005405,0.006019,0.001559,0.000000,0.000000,0.333333,0.333333,0.000000,0.000000,0.000000,0.000000,0.000000,0.333333,0.000000,3.157449,4.461874,3.705626
2022-05-03,0.014437,0.000000,0.014437,0.004584,0.007002,0.000000,0.000000,0.333333,0.333333,0.000000,0.000000,0.000000,0.000000,0.000000,0.333333,0.000000,3.203035,4.482328,3.731571
2022-05-04,0.025154,0.000000,0.025154,0.030453,0.028282,0.000000,0.000000,0.333333,0.333333,0.000000,0.000000,0.000000,0.000000,0.000000,0.333333,0.000000,3.283603,4.618828,3.837109
2022-05-05,-0.020027,0.000000,-0.020027,-0.035543,-0.028770,0.000000,0.000000,0.333333,0.333333,0.000000,0.000000,0.000000,0.000000,0.000000,0.333333,0.000000,3.217843,4.454662,3.726715
2022-05-06,0.005500,0.000000,0.005500,-0.005969,-0.004008,0.000000,0.000000,0.333333,0.333333,0.000000,0.000000,0.000000,0.000000,0.000000,0.333333,0.000000,3.235542,4.428072,3.711780
2022-05-09,-0.051747,0.000000,-0.051747,-0.032017,-0.031821,0.000000,0.000000,0.333333,0.333333,0.000000,0.000000,0.000000,0.000000,0.000000,0.333333,0.000000,3.068112,4.286298,3.593669
2022-05-10,-0.003199,0.000000,-0.003199,0.002310,-0.003045,0.000000,0.000000,0.333333,0.333333,0.000000,0.000000,0.000000,0.000000,0.000000,0.333333,0.000000,3.058298,4.296202,3.582725
2022-05-11,0.001788,0.000000,0.001788,-0.015886,-0.008640,0.000000,0.000000,0.333333,0.333333,0.000000,0.000000,0.000000,0.000000,0.000000,0.333333,0.000000,3.063765,4.227952,3.551768
2022-05-12,0.007117,0.000000,0.007117,-0.001044,0.000993,0.000000,0.000000,0.333333,0.333333,0.000000,0.000000,0.000000,0.000000,0.000000,0.333333,0.000000,3.085571,4.223537,3.555295
2022-05-13,0.023256,0.000000,0.023256,0.023908,0.021397,0.000000,0.000000,0.333333,0.333333,0.000000,0.000000,0.000000,0.000000,0.000000,0.333333,0.000000,3.157329,4.324513,3.631366
2022-05-16,0.008544,0.000000,0.008544,-0.004058,-0.001380,0.000000,0.000000,0.333333,0.333333,0.000000,0.000000,0.000000,0.000000,0.000000,0.333333,0.000000,3.184306,4.306966,3.626356
2022-05-17,0.012027,0.000000,0.012027,0.020571,0.017576,0.000000,0.000000,0.333333,0.333333,0.000000,0.000000,0.000000,0.000000,0.000000,0.333333,0.000000,3.222604,4.395563,3.690093
2022-05-18,-0.026872,0.000000,-0.026872,-0.040312,-0.035847,0.000000,0.000000,0.333333,0.333333,0.000000,0.000000,0.000000,0.000000,0.000000,0.333333,0.000000,3.136007,4.218370,3.557815
2022-05-19,-0.001130,0.000000,-0.001130,-0.006125,-0.003951,0.000000,0.000000,0.333333,0.333333,0.000000,0.000000,0.000000,0.000000,0.000000,0.333333,0.000000,3.132464,4.192535,3.543757
2022-05-20,0.009390,0.000000,0.009390,0.000436,0.000494,0.000000,0.000000,0.333333,0.333333,0.000000,0.000000,0.000000,0.000000,0.000000,0.333333,0.000000,3.161879,4.194363,3.545508
2022-05-23,0.016062,0.000000,0.016062,0.018710,0.017588,0.000000,0.000000,0.333333,0.333333,0.000000,0.000000,0.000000,0.000000,0.000000,0.333333,0.000000,3.212666,4.272841,3.607867
2022-05-24,0.006149,0.000000,0.006149,-0.007634,-0.002693,0.000000,0.000000,0.333333,0.333333,0.000000,0.000000,0.000000,0.000000,0.000000,0.333333,0.000000,3.232420,4.240224,3.598152
2022-05-25,0.008626,0.000000,0.008626,0.008835,0.008813,0.000000,0.000000,0.333333,0.333333,0.000000,0.000000,0.000000,0.000000,0.000000,0.333333,0.000000,3.260303,4.277686,3.629864
2022-05-26,0.004723,0.000000,0.004723,0.019981,0.016981,0.000000,0.000000,0.333333,0.333333,0.000000,0.000000,0.000000,0.000000,0.000000,0.333333,0.000000,3.275701,4.363159,3.691504
2022-05-27,0.021039,0.000000,0.021039,0.024549,0.021880,0.000000,0.000000,0.333333,0.333333,0.000000,0.000000,0.000000,0.000000,0.000000,0.333333,0.000000,3.344619,4.470272,3.772275
2022-05-30,0.000000,0.000000,0.000000,0.000000,0.000000,0.000000,0.000000,0.333333,0.333333,0.000000,0.000000,0.000000,0.000000,0.000000,0.333333,0.000000,3.344619,4.470272,3.772275
2022-05-31,-0.013922,0.000000,-0.013922,-0.005611,-0.008315,0.000000,0.000000,0.333333,0.333333,0.000000,0.000000,0.000000,0.000000,0.000000,0.333333,0.000000,3.298055,4.445188,3.740909
2022-06-01,0.000548,0.000333,0.000215,-0.008088,-0.007331,0.000000,0.000000,0.333333,0.000000,0.000000,0.000000,0.333333,0.333333,0.000000,0.000000,0.000000,3.298764,4.409234,3.713483
2022-06-02,0.006045,0.000000,0.006045,0.019044,0.016435,0.000000,0.000000,0.333333,0.000000,0.000000,0.000000,0.333333,0.333333,0.000000,0.000000,0.000000,3.318706,4.493201,3.774514
2022-06-03,-0.000544,0.000000,-0.000544,-0.016412,-0.011707,0.000000,0.000000,0.333333,0.000000,0.000000,0.000000,0.333333,0.333333,0.000000,0.000000,0.000000,3.316900,4.419460,3.730325
2022-06-06,0.001243,0.000000,0.001243,0.003045,0.002958,0.000000,0.000000,0.333333,0.000000,0.000000,0.000000,0.333333,0.333333,0.000000,0.000000,0.000000,3.321022,4.432916,3.741359
2022-06-07,0.013723,0.000000,0.013723,0.009592,0.010079,0.000000,0.000000,0.333333,0.000000,0.000000,0.000000,0.333333,0.333333,0.000000,0.000000,0.000000,3.366597,4.475438,3.779066
2022-06-08,-0.009884,0.000000,-0.009884,-0.010872,-0.012531,0.000000,0.000000,0.333333,0.000000,0.000000,0.000000,0.333333,0.333333,0.000000,0.000000,0.000000,3.333322,4.426781,3.731712
2022-06-09,-0.020379,0.000000,-0.020379,-0.023783,-0.022787,0.000000,0.000000,0.333333,0.000000,0.000000,0.000000,0.333333,0.333333,0.000000,0.000000,0.000000,3.265392,4.321499,3.646678
2022-06-10,-0.009633,0.000000,-0.009633,-0.028996,-0.024654,0.000000,0.000000,0.333333,0.000000,0.000000,0.000000,0.333333,0.333333,0.000000,0.000000,0.000000,3.233938,4.196195,3.556772
2022-06-13,-0.039907,0.000000,-0.039907,-0.037968,-0.039525,0.000000,0.000000,0.333333,0.000000,0.000000,0.000000,0.333333,0.333333,0.000000,0.000000,0.000000,3.104881,4.036872,3.416191
2022-06-14,-0.011721,0.000000,-0.011721,-0.003013,-0.006164,0.000000,0.000000,0.333333,0.000000,0.000000,0.000000,0.333333,0.333333,0.000000,0.000000,0.000000,3.068489,4.024708,3.395133
2022-06-15,-0.004864,0.000000,-0.004864,0.014257,0.010061,0.000000,0.000000,0.333333,0.000000,0.000000,0.000000,0.333333,0.333333,0.000000,0.000000,0.000000,3.053564,4.082086,3.429290
2022-06-16,-0.027753,0.000000,-0.027753,-0.033096,-0.031155,0.000000,0.000000,0.333333,0.000000,0.000000,0.000000,0.333333,0.333333,0.000000,0.000000,0.000000,2.968819,3.946984,3.322450
2022-06-17,-0.022535,0.000000,-0.022535,0.002156,-0.002660,0.000000,0.000000,0.333333,0.000000,0.000000,0.000000,0.333333,0.333333,0.000000,0.000000,0.000000,2.901918,3.955493,3.313613
2022-06-20,0.000000,0.000000,0.000000,0.000000,0.000000,0.000000,0.000000,0.333333,0.000000,0.000000,0.000000,0.333333,0.333333,0.000000,0.000000,0.000000,2.901918,3.955493,3.313613
2022-06-21,0.032508,0.000000,0.032508,0.025174,0.023411,0.000000,0.000000,0.333333,0.000000,0.000000,0.000000,0.333333,0.333333,0.000000,0.000000,0.000000,2.996254,4.055068,3.391186
2022-06-22,-0.010074,0.000000,-0.010074,-0.001813,-0.002297,0.000000,0.000000,0.333333,0.000000,0.000000,0.000000,0.333333,0.333333,0.000000,0.000000,0.000000,2.966070,4.047716,3.383398
2022-06-23,0.001959,0.000000,0.001959,0.009803,0.006222,0.000000,0.000000,0.333333,0.000000,0.000000,0.000000,0.333333,0.333333,0.000000,0.000000,0.000000,2.971879,4.087394,3.404449
2022-06-24,0.016717,0.000000,0.016717,0.031794,0.028384,0.000000,0.000000,0.333333,0.000000,0.000000,0.000000,0.333333,0.333333,0.000000,0.000000,0.000000,3.021561,4.217348,3.501081
2022-06-27,0.011568,0.000000,0.011568,-0.003820,-0.000535,0.000000,0.000000,0.333333,0.000000,0.000000,0.000000,0.333333,0.333333,0.000000,0.000000,0.000000,3.056514,4.201238,3.499209
2022-06-28,0.003305,0.000000,0.003305,-0.020433,-0.013855,0.000000,0.000000,0.333333,0.000000,0.000000,0.000000,0.333333,0.333333,0.000000,0.000000,0.000000,3.066617,4.115395,3.450728
2022-06-29,-0.009251,0.000000,-0.009251,-0.000814,-0.003608,0.000000,0.000000,0.333333,0.000000,0.000000,0.000000,0.333333,0.333333,0.000000,0.000000,0.000000,3.038248,4.112044,3.438277
2022-06-30,-0.003096,0.000000,-0.003096,-0.008124,-0.006219,0.000000,0.000000,0.333333,0.000000,0.000000,0.000000,0.333333,0.333333,0.000000,0.000000,0.000000,3.028843,4.078636,3.416896
2022-07-01,0.017966,0.000000,0.017966,0.010577,0.013023,0.000000,0.000000,0.333333,0.000000,0.000000,0.000000,0.333333,0.333333,0.000000,0.000000,0.000000,3.083258,4.121774,3.461393
2022-07-04,0.000000,0.000000,0.000000,0.000000,0.000000,0.000000,0.000000,0.333333,0.000000,0.000000,0.000000,0.333333,0.333333,0.000000,0.000000,0.000000,3.083258,4.121774,3.461393
2022-07-05,-0.026733,0.000000,-0.026733,0.001889,-0.006411,0.000000,0.000000,0.333333,0.000000,0.000000,0.000000,0.333333,0.333333,0.000000,0.000000,0.000000,3.000835,4.129559,3.439201
2022-07-06,-0.001271,0.000000,-0.001271,0.003377,0.001572,0.000000,0.000000,0.333333,0.000000,0.000000,0.000000,0.333333,0.333333,0.000000,0.000000,0.000000,2.997022,4.143505,3.444606
2022-07-07,0.012005,0.000000,0.012005,0.014977,0.012576,0.000000,0.000000,0.333333,0.000000,0.000000,0.000000,0.333333,0.333333,0.000000,0.000000,0.000000,3.033000,4.205563,3.487926
2022-07-08,-0.001829,0.000000,-0.001829,-0.000823,-0.002518,0.000000,0.000000,0.333333,0.000000,0.000000,0.000000,0.333333,0.333333,0.000000,0.000000,0.000000,3.027454,4.202104,3.479143
2022-07-11,-0.001551,0.000000,-0.001551,-0.011424,-0.008748,0.000000,0.000000,0.333333,0.000000,0.000000,0.000000,0.333333,0.333333,0.000000,0.000000,0.000000,3.022757,4.154101,3.448706
2022-07-12,-0.009073,0.000000,-0.009073,-0.008849,-0.007073,0.000000,0.000000,0.333333,0.000000,0.000000,0.000000,0.333333,0.333333,0.000000,0.000000,0.000000,2.995331,4.117341,3.424313
2022-07-13,-0.001685,0.000000,-0.001685,-0.005252,-0.004175,0.000000,0.000000,0.333333,0.000000,0.000000,0.000000,0.333333,0.333333,0.000000,0.000000,0.000000,2.990283,4.095718,3.410017
2022-07-14,-0.006024,0.000000,-0.006024,-0.002429,-0.007122,0.000000,0.000000,0.333333,0.000000,0.000000,0.000000,0.333333,0.333333,0.000000,0.000000,0.000000,2.972269,4.085771,3.385731
2022-07-15,0.007156,0.000000,0.007156,0.019105,0.016941,0.000000,0.000000,0.333333,0.000000,0.000000,0.000000,0.333333,0.333333,0.000000,0.000000,0.000000,2.993538,4.163831,3.443089
2022-07-18,-0.000250,0.000000,-0.000250,-0.008257,-0.004623,0.000000,0.000000,0.333333,0.000000,0.000000,0.000000,0.333333,0.333333,0.000000,0.000000,0.000000,2.992791,4.129451,3.427171
2022-07-19,0.015902,0.000000,0.015902,0.027019,0.025924,0.000000,0.000000,0.333333,0.000000,0.000000,0.000000,0.333333,0.333333,0.000000,0.000000,0.000000,3.040381,4.241025,3.516019
2022-07-20,-0.003441,0.000000,-0.003441,0.006373,0.003312,0.000000,0.000000,0.333333,0.000000,0.000000,0.000000,0.333333,0.333333,0.000000,0.000000,0.000000,3.029919,4.268054,3.527663
2022-07-21,-0.003953,0.000000,-0.003953,0.010183,0.007144,0.000000,0.000000,0.333333,0.000000,0.000000,0.000000,0.333333,0.333333,0.000000,0.000000,0.000000,3.017940,4.311516,3.552865
2022-07-22,0.004034,0.000000,0.004034,-0.009278,-0.004978,0.000000,0.000000,0.333333,0.000000,0.000000,0.000000,0.333333,0.333333,0.000000,0.000000,0.000000,3.030114,4.271514,3.535180
2022-07-25,0.018044,0.000000,0.018044,0.001215,0.005186,0.000000,0.000000,0.333333,0.000000,0.000000,0.000000,0.333333,0.333333,0.000000,0.000000,0.000000,3.084789,4.276703,3.553514
2022-07-26,-0.001807,0.000000,-0.001807,-0.011831,-0.008454,0.000000,0.000000,0.333333,0.000000,0.000000,0.000000,0.333333,0.333333,0.000000,0.000000,0.000000,3.079216,4.226106,3.523474
2022-07-27,0.010079,0.000000,0.010079,0.025966,0.018902,0.000000,0.000000,0.333333,0.000000,0.000000,0.000000,0.333333,0.333333,0.000000,0.000000,0.000000,3.110250,4.335842,3.590075
2022-07-28,0.019158,0.000000,0.019158,0.012542,0.015235,0.000000,0.000000,0.333333,0.000000,0.000000,0.000000,0.333333,0.333333,0.000000,0.000000,0.000000,3.169838,4.390224,3.644770
2022-07-29,0.014747,0.000000,0.014747,0.014579,0.013413,0.000000,0.000000,0.333333,0.000000,0.000000,0.000000,0.333333,0.333333,0.000000,0.000000,0.000000,3.216583,4.454227,3.693656
2022-08-01,-0.002364,0.000000,-0.002364,-0.002961,-0.003403,0.000000,0.000000,0.333333,0.000000,0.000000,0.000000,0.333333,0.333333,0.000000,0.000000,0.000000,3.208980,4.441038,3.681087
2022-08-02,-0.004109,0.000000,-0.004109,-0.006597,-0.006949,0.000000,0.000000,0.333333,0.000000,0.000000,0.000000,0.333333,0.333333,0.000000,0.000000,0.000000,3.195795,4.411738,3.655505
2022-08-03,-0.005312,0.000000,-0.005312,0.015660,0.008902,0.000000,0.000000,0.333333,0.000000,0.000000,0.000000,0.333333,0.333333,0.000000,0.000000,0.000000,3.178818,4.480824,3.688046
2022-08-04,-0.013858,0.000000,-0.013858,-0.000676,-0.002868,0.000000,0.000000,0.333333,0.000000,0.000000,0.000000,0.333333,0.333333,0.000000,0.000000,0.000000,3.134766,4.477797,3.677470
2022-08-05,0.004640,0.000000,0.004640,-0.001690,-0.000240,0.000000,0.000000,0.333333,0.000000,0.000000,0.000000,0.333333,0.333333,0.000000,0.000000,0.000000,3.149310,4.470229,3.676589
2022-08-08,0.002049,0.000000,0.002049,-0.001161,0.002025,0.000000,0.000000,0.333333,0.000000,0.000000,0.000000,0.333333,0.333333,0.000000,0.000000,0.000000,3.155762,4.465039,3.684034
2022-08-09,0.009084,0.000000,0.009084,-0.003971,-0.000639,0.000000,0.000000,0.333333,0.000000,0.000000,0.000000,0.333333,0.333333,0.000000,0.000000,0.000000,3.184428,4.447309,3.681678
2022-08-10,0.006332,0.000000,0.006332,0.021004,0.018165,0.000000,0.000000,0.333333,0.000000,0.000000,0.000000,0.333333,0.333333,0.000000,0.000000,0.000000,3.204594,4.540719,3.748556
2022-08-11,0.010623,0.000000,0.010623,0.000000,0.003029,0.000000,0.000000,0.333333,0.000000,0.000000,0.000000,0.333333,0.333333,0.000000,0.000000,0.000000,3.238635,4.540719,3.759909
2022-08-12,0.010851,0.000000,0.010851,0.016929,0.015658,0.000000,0.000000,0.333333,0.000000,0.000000,0.000000,0.333333,0.333333,0.000000,0.000000,0.000000,3.273777,4.617589,3.818783
2022-08-15,-0.000408,0.000000,-0.000408,0.004121,0.002401,0.000000,0.000000,0.333333,0.000000,0.000000,0.000000,0.333333,0.333333,0.000000,0.000000,0.000000,3.272442,4.636617,3.827951
2022-08-16,0.003927,0.000000,0.003927,0.001959,0.002989,0.000000,0.000000,0.333333,0.000000,0.000000,0.000000,0.333333,0.333333,0.000000,0.000000,0.000000,3.285294,4.645699,3.839392
2022-08-17,0.001270,0.000000,0.001270,-0.007098,-0.006260,0.000000,0.000000,0.333333,0.000000,0.000000,0.000000,0.333333,0.333333,0.000000,0.000000,0.000000,3.289465,4.612724,3.815358
2022-08-18,0.011333,0.000000,0.011333,0.002906,0.003124,0.000000,0.000000,0.333333,0.000000,0.000000,0.000000,0.333333,0.333333,0.000000,0.000000,0.000000,3.326744,4.626131,3.827276
2022-08-19,-0.001335,0.000000,-0.001335,-0.013438,-0.010653,0.000000,0.000000,0.333333,0.000000,0.000000,0.000000,0.333333,0.333333,0.000000,0.000000,0.000000,3.322302,4.563964,3.786504
2022-08-22,-0.008557,0.000000,-0.008557,-0.020822,-0.018253,0.000000,0.000000,0.333333,0.000000,0.000000,0.000000,0.333333,0.333333,0.000000,0.000000,0.000000,3.293872,4.468932,3.717390
2022-08-23,0.008575,0.000000,0.008575,-0.002419,-0.000368,0.000000,0.000000,0.333333,0.000000,0.000000,0.000000,0.333333,0.333333,0.000000,0.000000,0.000000,3.322116,4.458120,3.716022
2022-08-24,0.005983,0.000000,0.005983,0.003201,0.004424,0.000000,0.000000,0.333333,0.000000,0.000000,0.000000,0.333333,0.333333,0.000000,0.000000,0.000000,3.341992,4.472391,3.732464
2022-08-25,0.006150,0.000000,0.006150,0.014117,0.013341,0.000000,0.000000,0.333333,0.000000,0.000000,0.000000,0.333333,0.333333,0.000000,0.000000,0.000000,3.362546,4.535530,3.782260
2022-08-26,-0.017265,0.000000,-0.017265,-0.033849,-0.028454,0.000000,0.000000,0.333333,0.000000,0.000000,0.000000,0.333333,0.333333,0.000000,0.000000,0.000000,3.304490,4.382007,3.674637
2022-08-29,0.005505,0.000000,0.005505,-0.006612,-0.004008,0.000000,0.000000,0.333333,0.000000,0.000000,0.000000,0.333333,0.333333,0.000000,0.000000,0.000000,3.322682,4.353032,3.659911
2022-08-30,-0.019623,0.000000,-0.019623,-0.010978,-0.013302,0.000000,0.000000,0.333333,0.000000,0.000000,0.000000,0.333333,0.333333,0.000000,0.000000,0.000000,3.257482,4.305245,3.611227
2022-08-31,-0.007258,0.000000,-0.007258,-0.007609,-0.007016,0.000000,0.000000,0.333333,0.000000,0.000000,0.000000,0.333333,0.333333,0.000000,0.000000,0.000000,3.233839,4.272486,3.585890
2022-09-01,-0.001532,0.000000,-0.001532,0.003138,0.001833,0.000000,0.000000,0.333333,0.000000,0.000000,0.000000,0.333333,0.333333,0.000000,0.000000,0.000000,3.228886,4.285893,3.592464
2022-09-02,-0.001820,0.000000,-0.001820,-0.010544,-0.008776,0.000000,0.000000,0.333333,0.000000,0.000000,0.000000,0.333333,0.333333,0.000000,0.000000,0.000000,3.223010,4.240700,3.560936
2022-09-05,0.000000,0.000000,0.000000,0.000000,0.000000,0.000000,0.000000,0.333333,0.000000,0.000000,0.000000,0.333333,0.333333,0.000000,0.000000,0.000000,3.223010,4.240700,3.560936
2022-09-06,-0.004120,0.000000,-0.004120,-0.003773,-0.002364,0.000000,0.000000,0.333333,0.000000,0.000000,0.000000,0.333333,0.333333,0.000000,0.000000,0.000000,3.209732,4.224700,3.552517
2022-09-07,0.012564,0.000000,0.012564,0.017965,0.018497,0.000000,0.000000,0.333333,0.000000,0.000000,0.000000,0.333333,0.333333,0.000000,0.000000,0.000000,3.250060,4.300597,3.618228
2022-09-08,0.000326,0.000000,0.000326,0.006536,0.005624,0.000000,0.000000,0.333333,0.000000,0.000000,0.000000,0.333333,0.333333,0.000000,0.000000,0.000000,3.251119,4.328706,3.638578
2022-09-09,0.012925,0.000000,0.012925,0.015535,0.014636,0.000000,0.000000,0.333333,0.000000,0.000000,0.000000,0.333333,0.333333,0.000000,0.000000,0.000000,3.293139,4.395953,3.691831
2022-09-12,0.010615,0.000000,0.010615,0.010748,0.009500,0.000000,0.000000,0.333333,0.000000,0.000000,0.000000,0.333333,0.333333,0.000000,0.000000,0.000000,3.328096,4.443200,3.726902
2022-09-13,-0.028412,0.000000,-0.028412,-0.043482,-0.038764,0.000000,0.000000,0.333333,0.000000,0.000000,0.000000,0.333333,0.333333,0.000000,0.000000,0.000000,3.233537,4.249999,3.582432
2022-09-14,0.011994,0.000000,0.011994,0.003816,0.002302,0.000000,0.000000,0.333333,0.000000,0.000000,0.000000,0.333333,0.333333,0.000000,0.000000,0.000000,3.272321,4.266216,3.590677
2022-09-15,-0.019682,0.000000,-0.019682,-0.011354,-0.011644,0.000000,0.000000,0.333333,0.000000,0.000000,0.000000,0.333333,0.333333,0.000000,0.000000,0.000000,3.207915,4.217780,3.548868
2022-09-16,-0.007564,0.000000,-0.007564,-0.007629,-0.008648,0.000000,0.000000,0.333333,0.000000,0.000000,0.000000,0.333333,0.333333,0.000000,0.000000,0.000000,3.183651,4.185603,3.518176
2022-09-19,0.006879,0.000000,0.006879,0.007755,0.007535,0.000000,0.000000,0.333333,0.000000,0.000000,0.000000,0.333333,0.333333,0.000000,0.000000,0.000000,3.205551,4.218062,3.544686
2022-09-20,-0.008988,0.000000,-0.008988,-0.011478,-0.013589,0.000000,0.000000,0.333333,0.000000,0.000000,0.000000,0.333333,0.333333,0.000000,0.000000,0.000000,3.176740,4.169645,3.496518
2022-09-21,-0.010711,0.000000,-0.010711,-0.017444,-0.016639,0.000000,0.000000,0.333333,0.000000,0.000000,0.000000,0.333333,0.333333,0.000000,0.000000,0.000000,3.142713,4.096911,3.438340
2022-09-22,-0.002846,0.000000,-0.002846,-0.008400,-0.008490,0.000000,0.000000,0.333333,0.000000,0.000000,0.000000,0.333333,0.333333,0.000000,0.000000,0.000000,3.133769,4.062497,3.409150
2022-09-23,-0.032510,0.000000,-0.032510,-0.016755,-0.020506,0.000000,0.000000,0.333333,0.000000,0.000000,0.000000,0.333333,0.333333,0.000000,0.000000,0.000000,3.031892,3.994431,3.339241
2022-09-26,-0.015978,0.000000,-0.015978,-0.009892,-0.013857,0.000000,0.000000,0.333333,0.000000,0.000000,0.000000,0.333333,0.333333,0.000000,0.000000,0.000000,2.983449,3.954916,3.292969
2022-09-27,-0.007644,0.000000,-0.007644,-0.002553,-0.004131,0.000000,0.000000,0.333333,0.000000,0.000000,0.000000,0.333333,0.333333,0.000000,0.000000,0.000000,2.960642,3.944820,3.279366
2022-09-28,0.022357,0.000000,0.022357,0.019676,0.022462,0.000000,0.000000,0.333333,0.000000,0.000000,0.000000,0.333333,0.333333,0.000000,0.000000,0.000000,3.026832,4.022438,3.353026
2022-09-29,-0.018867,0.000000,-0.018867,-0.020889,-0.020220,0.000000,0.000000,0.333333,0.000000,0.000000,0.000000,0.333333,0.333333,0.000000,0.000000,0.000000,2.969724,3.938415,3.285228
2022-09-30,-0.014892,0.000000,-0.014892,-0.015464,-0.011242,0.000000,0.000000,0.333333,0.000000,0.000000,0.000000,0.333333,0.333333,0.000000,0.000000,0.000000,2.925498,3.877512,3.248294
2022-10-03,0.034351,0.000000,0.034351,0.026401,0.026532,0.000000,0.000000,0.333333,0.000000,0.000000,0.000000,0.333333,0.333333,0.000000,0.000000,0.000000,3.025993,3.979884,3.334477
2022-10-04,0.026452,0.000000,0.026452,0.030986,0.029663,0.000000,0.000000,0.333333,0.000000,0.000000,0.000000,0.333333,0.333333,0.000000,0.000000,0.000000,3.106038,4.103206,3.433388
2022-10-05,-0.002453,0.000000,-0.002453,-0.002328,-0.005204,0.000000,0.000000,0.333333,0.000000,0.000000,0.000000,0.333333,0.333333,0.000000,0.000000,0.000000,3.098419,4.093653,3.415519
2022-10-06,-0.009930,0.000000,-0.009930,-0.010316,-0.012008,0.000000,0.000000,0.333333,0.000000,0.000000,0.000000,0.333333,0.333333,0.000000,0.000000,0.000000,3.067651,4.051425,3.374504
2022-10-07,-0.014486,0.000000,-0.014486,-0.027894,-0.023489,0.000000,0.000000,0.333333,0.000000,0.000000,0.000000,0.333333,0.333333,0.000000,0.000000,0.000000,3.023213,3.938415,3.295241
2022-10-10,-0.005068,0.000000,-0.005068,-0.007635,-0.005208,0.000000,0.000000,0.333333,0.000000,0.000000,0.000000,0.333333,0.333333,0.000000,0.000000,0.000000,3.007892,3.908343,3.278079
2022-10-11,-0.001116,0.000000,-0.001116,-0.006333,-0.004684,0.000000,0.000000,0.333333,0.000000,0.000000,0.000000,0.333333,0.333333,0.000000,0.000000,0.000000,3.004535,3.883592,3.262725
2022-10-12,-0.006637,0.000000,-0.006637,-0.003298,-0.005234,0.000000,0.000000,0.333333,0.000000,0.000000,0.000000,0.333333,0.333333,0.000000,0.000000,0.000000,2.984595,3.870782,3.245648
2022-10-13,0.027467,0.000000,0.027467,0.026391,0.025755,0.000000,0.000000,0.333333,0.000000,0.000000,0.000000,0.333333,0.333333,0.000000,0.000000,0.000000,3.066573,3.972936,3.329241
2022-10-14,-0.023252,0.000000,-0.023252,-0.022789,-0.023269,0.000000,0.000000,0.333333,0.000000,0.000000,0.000000,0.333333,0.333333,0.000000,0.000000,0.000000,2.995269,3.882398,3.251774
2022-10-17,0.014728,0.000000,0.014728,0.025697,0.024368,0.000000,0.000000,0.333333,0.000000,0.000000,0.000000,0.333333,0.333333,0.000000,0.000000,0.000000,3.039383,3.982163,3.331014
2022-10-18,0.013352,0.000000,0.013352,0.011750,0.013481,0.000000,0.000000,0.333333,0.000000,0.000000,0.000000,0.333333,0.333333,0.000000,0.000000,0.000000,3.079965,4.028952,3.375920
2022-10-19,0.003962,0.000000,0.003962,-0.007086,-0.006888,0.000000,0.000000,0.333333,0.000000,0.000000,0.000000,0.333333,0.333333,0.000000,0.000000,0.000000,3.092168,4.000402,3.352668
2022-10-20,-0.012749,0.000000,-0.012749,-0.008385,-0.010087,0.000000,0.000000,0.333333,0.000000,0.000000,0.000000,0.333333,0.333333,0.000000,0.000000,0.000000,3.052747,3.966857,3.318851
2022-10-21,0.020901,0.000000,0.020901,0.024302,0.022388,0.000000,0.000000,0.333333,0.000000,0.000000,0.000000,0.333333,0.333333,0.000000,0.000000,0.000000,3.116553,4.063258,3.393152
2022-10-24,0.010361,0.000000,0.010361,0.012236,0.008691,0.000000,0.000000,0.333333,0.000000,0.000000,0.000000,0.333333,0.333333,0.000000,0.000000,0.000000,3.148842,4.112977,3.422642
2022-10-25,0.011398,0.000000,0.011398,0.015969,0.018382,0.000000,0.000000,0.333333,0.000000,0.000000,0.000000,0.333333,0.333333,0.000000,0.000000,0.000000,3.184734,4.178656,3.485555
2022-10-26,0.006588,0.000000,0.006588,-0.007534,-0.001823,0.000000,0.000000,0.333333,0.000000,0.000000,0.000000,0.333333,0.333333,0.000000,0.000000,0.000000,3.205715,4.147173,3.479201
2022-10-27,0.004146,0.000000,0.004146,-0.005340,-0.003418,0.000000,0.000000,0.333333,0.000000,0.000000,0.000000,0.333333,0.333333,0.000000,0.000000,0.000000,3.219007,4.125028,3.467309
2022-10-28,0.017616,0.000000,0.017616,0.023791,0.020067,0.000000,0.000000,0.333333,0.000000,0.000000,0.000000,0.333333,0.333333,0.000000,0.000000,0.000000,3.275712,4.223165,3.536889
2022-10-31,-0.002273,0.000000,-0.002273,-0.007223,-0.005853,0.000000,0.000000,0.333333,0.000000,0.000000,0.000000,0.333333,0.333333,0.000000,0.000000,0.000000,3.268266,4.192660,3.516187
2022-11-01,0.003466,0.000000,0.003466,-0.004376,-0.001028,0.000000,0.000000,0.333333,0.000000,0.000000,0.000000,0.333333,0.333333,0.000000,0.000000,0.000000,3.279594,4.174313,3.512572
2022-11-02,-0.017058,0.000000,-0.017058,-0.025096,-0.022829,0.000000,0.000000,0.333333,0.000000,0.000000,0.000000,0.333333,0.333333,0.000000,0.000000,0.000000,3.223652,4.069554,3.432384
2022-11-03,0.006498,0.000000,0.006498,-0.010297,-0.003380,0.000000,0.000000,0.333333,0.000000,0.000000,0.000000,0.333333,0.333333,0.000000,0.000000,0.000000,3.244598,4.027650,3.420782
2022-11-04,0.010052,0.000000,0.010052,0.014393,0.013887,0.000000,0.000000,0.333333,0.000000,0.000000,0.000000,0.333333,0.333333,0.000000,0.000000,0.000000,3.277214,4.085620,3.468285
2022-11-07,0.002334,0.000000,0.002334,0.009566,0.006696,0.000000,0.000000,0.333333,0.000000,0.000000,0.000000,0.333333,0.333333,0.000000,0.000000,0.000000,3.284863,4.124702,3.491508
2022-11-08,0.003618,0.000000,0.003618,0.005395,0.005629,0.000000,0.000000,0.333333,0.000000,0.000000,0.000000,0.333333,0.333333,0.000000,0.000000,0.000000,3.296749,4.146956,3.511162
2022-11-09,-0.022532,0.000000,-0.022532,-0.020602,-0.018759,0.000000,0.000000,0.333333,0.000000,0.000000,0.000000,0.333333,0.333333,0.000000,0.000000,0.000000,3.222466,4.061520,3.445295
2022-11-10,0.030967,0.000000,0.030967,0.054954,0.050774,0.000000,0.000000,0.333333,0.000000,0.000000,0.000000,0.333333,0.333333,0.000000,0.000000,0.000000,3.322258,4.284717,3.620227
2022-11-11,0.005597,0.000000,0.005597,0.009678,0.008276,0.000000,0.000000,0.333333,0.000000,0.000000,0.000000,0.333333,0.333333,0.000000,0.000000,0.000000,3.340851,4.326187,3.650186
2022-11-14,-0.006703,0.000000,-0.006703,-0.008507,-0.008719,0.000000,0.000000,0.333333,0.000000,0.000000,0.000000,0.333333,0.333333,0.000000,0.000000,0.000000,3.318458,4.289386,3.618361
2022-11-15,0.009963,0.000000,0.009963,0.008529,0.008124,0.000000,0.000000,0.333333,0.000000,0.000000,0.000000,0.333333,0.333333,0.000000,0.000000,0.000000,3.351520,4.325970,3.647757
2022-11-16,-0.002181,0.000000,-0.002181,-0.007629,-0.006791,0.000000,0.000000,0.333333,0.000000,0.000000,0.000000,0.333333,0.333333,0.000000,0.000000,0.000000,3.344209,4.292968,3.622986
2022-11-17,-0.005196,0.000000,-0.005196,-0.003060,-0.005468,0.000000,0.000000,0.333333,0.000000,0.000000,0.000000,0.333333,0.333333,0.000000,0.000000,0.000000,3.326833,4.279832,3.603175
2022-11-18,0.007999,0.000000,0.007999,0.004540,0.006426,0.000000,0.000000,0.333333,0.000000,0.000000,0.000000,0.333333,0.333333,0.000000,0.000000,0.000000,3.353445,4.299264,3.626327
2022-11-21,0.000159,0.000000,0.000159,-0.003636,-0.001434,0.000000,0.000000,0.333333,0.000000,0.000000,0.000000,0.333333,0.333333,0.000000,0.000000,0.000000,3.353978,4.283632,3.621127
2022-11-22,0.015712,0.000000,0.015712,0.013457,0.013350,0.000000,0.000000,0.333333,0.000000,0.000000,0.000000,0.333333,0.333333,0.000000,0.000000,0.000000,3.406675,4.341276,3.669468
2022-11-23,0.001257,0.000000,0.001257,0.006302,0.005192,0.000000,0.000000,0.333333,0.000000,0.000000,0.000000,0.333333,0.333333,0.000000,0.000000,0.000000,3.410959,4.368635,3.688521
2022-11-24,0.000000,0.000000,0.000000,0.000000,0.000000,0.000000,0.000000,0.333333,0.000000,0.000000,0.000000,0.333333,0.333333,0.000000,0.000000,0.000000,3.410959,4.368635,3.688521
2022-11-25,0.000927,0.000000,0.000927,-0.000224,0.000976,0.000000,0.000000,0.333333,0.000000,0.000000,0.000000,0.333333,0.333333,0.000000,0.000000,0.000000,3.414122,4.367657,3.692119
2022-11-28,-0.013841,0.000000,-0.013841,-0.015957,-0.016210,0.000000,0.000000,0.333333,0.000000,0.000000,0.000000,0.333333,0.333333,0.000000,0.000000,0.000000,3.366866,4.297963,3.632269
2022-11-29,0.001295,0.000000,0.001295,-0.001718,0.001903,0.000000,0.000000,0.333333,0.000000,0.000000,0.000000,0.333333,0.333333,0.000000,0.000000,0.000000,3.371226,4.290580,3.639182
2022-11-30,0.016672,0.000000,0.016672,0.031501,0.025639,0.000000,0.000000,0.333333,0.000000,0.000000,0.000000,0.333333,0.333333,0.000000,0.000000,0.000000,3.427431,4.425736,3.732487
2022-12-01,-0.001649,0.000167,-0.001816,-0.000736,-0.000457,0.000000,0.000000,0.333333,0.333333,0.000000,0.000000,0.333333,0.000000,0.000000,0.000000,0.000000,3.421207,4.422479,3.730782
2022-12-02,0.000398,0.000000,0.000398,-0.001154,-0.000095,0.000000,0.000000,0.333333,0.333333,0.000000,0.000000,0.333333,0.000000,0.000000,0.000000,0.000000,3.422568,4.417377,3.730429
2022-12-05,-0.017276,0.000000,-0.017276,-0.017989,-0.017904,0.000000,0.000000,0.333333,0.333333,0.000000,0.000000,0.333333,0.000000,0.000000,0.000000,0.000000,3.363439,4.337911,3.663638
2022-12-06,-0.013371,0.000000,-0.013371,-0.014414,-0.012434,0.000000,0.000000,0.333333,0.333333,0.000000,0.000000,0.333333,0.000000,0.000000,0.000000,0.000000,3.318467,4.275382,3.618084
2022-12-07,0.003368,0.000000,0.003368,-0.001701,-0.001464,0.000000,0.000000,0.333333,0.333333,0.000000,0.000000,0.333333,0.000000,0.000000,0.000000,0.000000,3.329645,4.268109,3.612786
2022-12-08,0.003317,0.000000,0.003317,0.007834,0.005636,0.000000,0.000000,0.333333,0.333333,0.000000,0.000000,0.333333,0.000000,0.000000,0.000000,0.000000,3.340688,4.301544,3.633147
2022-12-09,-0.014944,0.000000,-0.014944,-0.007470,-0.007317,0.000000,0.000000,0.333333,0.333333,0.000000,0.000000,0.333333,0.000000,0.000000,0.000000,0.000000,3.290766,4.269411,3.606563
2022-12-12,0.015814,0.000000,0.015814,0.014417,0.013640,0.000000,0.000000,0.333333,0.333333,0.000000,0.000000,0.333333,0.000000,0.000000,0.000000,0.000000,3.342805,4.330964,3.655756
2022-12-13,0.006875,0.000000,0.006875,0.007570,0.008592,0.000000,0.000000,0.333333,0.333333,0.000000,0.000000,0.333333,0.000000,0.000000,0.000000,0.000000,3.365786,4.363748,3.687168
2022-12-14,-0.001737,0.000000,-0.001737,-0.006393,-0.006376,0.000000,0.000000,0.333333,0.333333,0.000000,0.000000,0.333333,0.000000,0.000000,0.000000,0.000000,3.359940,4.335849,3.663659
2022-12-15,-0.013794,0.000000,-0.013794,-0.024462,-0.021106,0.000000,0.000000,0.333333,0.333333,0.000000,0.000000,0.333333,0.000000,0.000000,0.000000,0.000000,3.313593,4.229786,3.586335
2022-12-16,-0.010585,0.000000,-0.010585,-0.011806,-0.011509,0.000000,0.000000,0.333333,0.333333,0.000000,0.000000,0.333333,0.000000,0.000000,0.000000,0.000000,3.278520,4.179850,3.545058
2022-12-19,-0.001495,0.000000,-0.001495,-0.008480,-0.008550,0.000000,0.000000,0.333333,0.333333,0.000000,0.000000,0.333333,0.000000,0.000000,0.000000,0.000000,3.273618,4.144406,3.514749
2022-12-20,0.004687,0.000000,0.004687,0.001369,0.001898,0.000000,0.000000,0.333333,0.333333,0.000000,0.000000,0.333333,0.000000,0.000000,0.000000,0.000000,3.288960,4.150077,3.521419
2022-12-21,0.014044,0.000000,0.014044,0.014952,0.014079,0.000000,0.000000,0.333333,0.333333,0.000000,0.000000,0.333333,0.000000,0.000000,0.000000,0.000000,3.335152,4.212131,3.570997
2022-12-22,-0.008902,0.000000,-0.008902,-0.014266,-0.011668,0.000000,0.000000,0.333333,0.333333,0.000000,0.000000,0.333333,0.000000,0.000000,0.000000,0.000000,3.305463,4.152040,3.529332
2022-12-23,0.012562,0.000000,0.012562,0.005752,0.008456,0.000000,0.000000,0.333333,0.333333,0.000000,0.000000,0.333333,0.000000,0.000000,0.000000,0.000000,3.346986,4.175923,3.559175
2022-12-26,0.000000,0.000000,0.000000,0.000000,0.000000,0.000000,0.000000,0.333333,0.333333,0.000000,0.000000,0.333333,0.000000,0.000000,0.000000,0.000000,3.346986,4.175923,3.559175
2022-12-27,0.004300,0.000000,0.004300,-0.003943,-0.001159,0.000000,0.000000,0.333333,0.333333,0.000000,0.000000,0.333333,0.000000,0.000000,0.000000,0.000000,3.361377,4.159456,3.555049
2022-12-28,-0.013772,0.000000,-0.013772,-0.012428,-0.012522,0.000000,0.000000,0.333333,0.333333,0.000000,0.000000,0.333333,0.000000,0.000000,0.000000,0.000000,3.315085,4.107763,3.510534
2022-12-29,0.008550,0.000000,0.008550,0.018000,0.015611,0.000000,0.000000,0.333333,0.333333,0.000000,0.000000,0.333333,0.000000,0.000000,0.000000,0.000000,3.343430,4.181704,3.565336
2022-12-30,-0.000735,0.000000,-0.000735,-0.002634,-0.003467,0.000000,0.000000,0.333333,0.333333,0.000000,0.000000,0.333333,0.000000,0.000000,0.000000,0.000000,3.340973,4.170689,3.552974
2023-01-02,0.000000,0.000000,0.000000,0.000000,0.000000,0.000000,0.000000,0.333333,0.333333,0.000000,0.000000,0.333333,0.000000,0.000000,0.000000,0.000000,3.340973,4.170689,3.552974
2023-01-03,-0.013908,0.000000,-0.013908,-0.004210,-0.003258,0.000000,0.000000,0.333333,0.333333,0.000000,0.000000,0.333333,0.000000,0.000000,0.000000,0.000000,3.294507,4.153131,3.541397
2023-01-04,0.002148,0.000000,0.002148,0.007720,0.010592,0.000000,0.000000,0.333333,0.333333,0.000000,0.000000,0.333333,0.000000,0.000000,0.000000,0.000000,3.301583,4.185193,3.578910
2023-01-05,-0.000682,0.000000,-0.000682,-0.011413,-0.010393,0.000000,0.000000,0.333333,0.333333,0.000000,0.000000,0.333333,0.000000,0.000000,0.000000,0.000000,3.299333,4.137426,3.541713
2023-01-06,0.018294,0.000000,0.018294,0.022932,0.023380,0.000000,0.000000,0.333333,0.333333,0.000000,0.000000,0.333333,0.000000,0.000000,0.000000,0.000000,3.359692,4.232306,3.624516
2023-01-09,-0.010012,0.000000,-0.010012,-0.000567,-0.000575,0.000000,0.000000,0.333333,0.333333,0.000000,0.000000,0.333333,0.000000,0.000000,0.000000,0.000000,3.326053,4.229907,3.622433
2023-01-10,0.004723,0.000000,0.004723,0.007013,0.006575,0.000000,0.000000,0.333333,0.333333,0.000000,0.000000,0.333333,0.000000,0.000000,0.000000,0.000000,3.341763,4.259570,3.646250
2023-01-11,0.003086,0.000000,0.003086,0.012648,0.012711,0.000000,0.000000,0.333333,0.333333,0.000000,0.000000,0.333333,0.000000,0.000000,0.000000,0.000000,3.352074,4.313445,3.692598
2023-01-12,0.002671,0.000000,0.002671,0.003641,0.004010,0.000000,0.000000,0.333333,0.333333,0.000000,0.000000,0.333333,0.000000,0.000000,0.000000,0.000000,3.361027,4.329149,3.707407
2023-01-13,0.003534,0.000000,0.003534,0.003880,0.002652,0.000000,0.000000,0.333333,0.333333,0.000000,0.000000,0.333333,0.000000,0.000000,0.000000,0.000000,3.372904,4.345944,3.717238
2023-01-16,0.000000,0.000000,0.000000,0.000000,0.000000,0.000000,0.000000,0.333333,0.333333,0.000000,0.000000,0.333333,0.000000,0.000000,0.000000,0.000000,3.372904,4.345944,3.717238
2023-01-17,-0.000623,0.000000,-0.000623,-0.001832,-0.002937,0.000000,0.000000,0.333333,0.333333,0.000000,0.000000,0.333333,0.000000,0.000000,0.000000,0.000000,3.370802,4.337983,3.706322
2023-01-18,-0.019891,0.000000,-0.019891,-0.015788,-0.017158,0.000000,0.000000,0.333333,0.333333,0.000000,0.000000,0.333333,0.000000,0.000000,0.000000,0.000000,3.303753,4.269495,3.642730
2023-01-19,0.001784,0.000000,0.001784,-0.007280,-0.006609,0.000000,0.000000,0.333333,0.333333,0.000000,0.000000,0.333333,0.000000,0.000000,0.000000,0.000000,3.309648,4.238414,3.618656
2023-01-20,0.007578,0.000000,0.007578,0.018629,0.015699,0.000000,0.000000,0.333333,0.333333,0.000000,0.000000,0.333333,0.000000,0.000000,0.000000,0.000000,3.334729,4.317371,3.675466
2023-01-23,0.002643,0.000000,0.002643,0.011998,0.008426,0.000000,0.000000,0.333333,0.333333,0.000000,0.000000,0.333333,0.000000,0.000000,0.000000,0.000000,3.343542,4.369173,3.706435
2023-01-24,-0.002123,0.000000,-0.002123,-0.001073,0.000583,0.000000,0.000000,0.333333,0.333333,0.000000,0.000000,0.333333,0.000000,0.000000,0.000000,0.000000,3.336444,4.364484,3.708595
2023-01-25,0.000957,0.000000,0.000957,0.000375,0.000112,0.000000,0.000000,0.333333,0.333333,0.000000,0.000000,0.333333,0.000000,0.000000,0.000000,0.000000,3.339637,4.366120,3.709012
2023-01-26,0.009967,0.000000,0.009967,0.010990,0.010197,0.000000,0.000000,0.333333,0.333333,0.000000,0.000000,0.333333,0.000000,0.000000,0.000000,0.000000,3.372925,4.414105,3.746833
2023-01-27,-0.009956,0.000000,-0.009956,0.002298,0.001261,0.000000,0.000000,0.333333,0.333333,0.000000,0.000000,0.333333,0.000000,0.000000,0.000000,0.000000,3.339344,4.424247,3.751556
2023-01-30,-0.010235,0.000000,-0.010235,-0.012547,-0.010982,0.000000,0.000000,0.333333,0.333333,0.000000,0.000000,0.333333,0.000000,0.000000,0.000000,0.000000,3.305165,4.368737,3.710355
2023-01-31,0.010868,0.000000,0.010868,0.014703,0.014533,0.000000,0.000000,0.333333,0.333333,0.000000,0.000000,0.333333,0.000000,0.000000,0.000000,0.000000,3.341085,4.432972,3.764279
2023-02-01,-0.004407,0.000167,-0.004574,0.010628,0.006396,0.000000,0.000000,0.333333,0.333333,0.000000,0.000000,0.000000,0.333333,0.000000,0.000000,0.000000,3.325804,4.480085,3.788355
2023-02-02,-0.009141,0.000000,-0.009141,0.014557,0.010720,0.000000,0.000000,0.333333,0.333333,0.000000,0.000000,0.000000,0.333333,0.000000,0.000000,0.000000,3.295402,4.545302,3.828967
2023-02-03,-0.008681,0.000000,-0.008681,-0.010629,-0.012280,0.000000,0.000000,0.333333,0.333333,0.000000,0.000000,0.000000,0.333333,0.000000,0.000000,0.000000,3.266796,4.496990,3.781946
2023-02-06,-0.000524,0.000000,-0.000524,-0.006112,-0.004192,0.000000,0.000000,0.333333,0.333333,0.000000,0.000000,0.000000,0.333333,0.000000,0.000000,0.000000,3.265083,4.469505,3.766092
2023-02-07,0.012831,0.000000,0.012831,0.013079,0.009483,0.000000,0.000000,0.333333,0.333333,0.000000,0.000000,0.000000,0.333333,0.000000,0.000000,0.000000,3.306977,4.527961,3.801807
2023-02-08,-0.009559,0.000000,-0.009559,-0.010935,-0.010056,0.000000,0.000000,0.333333,0.333333,0.000000,0.000000,0.000000,0.333333,0.000000,0.000000,0.000000,3.275366,4.478450,3.763574
2023-02-09,-0.010331,0.000000,-0.010331,-0.008669,-0.009898,0.000000,0.000000,0.333333,0.333333,0.000000,0.000000,0.000000,0.333333,0.000000,0.000000,0.000000,3.241526,4.439626,3.726322
2023-02-10,0.022832,0.000000,0.022832,0.002334,0.006175,0.000000,0.000000,0.333333,0.333333,0.000000,0.000000,0.000000,0.333333,0.000000,0.000000,0.000000,3.315537,4.449985,3.749334
2023-02-13,0.003936,0.000000,0.003936,0.011739,0.009492,0.000000,0.000000,0.333333,0.333333,0.000000,0.000000,0.000000,0.333333,0.000000,0.000000,0.000000,3.328588,4.502224,3.784923
2023-02-14,-0.003279,0.000000,-0.003279,-0.000460,-0.001683,0.000000,0.000000,0.333333,0.333333,0.000000,0.000000,0.000000,0.333333,0.000000,0.000000,0.000000,3.317672,4.500152,3.778552
2023-02-15,-0.005160,0.000000,-0.005160,0.003247,0.002397,0.000000,0.000000,0.333333,0.333333,0.000000,0.000000,0.000000,0.333333,0.000000,0.000000,0.000000,3.300552,4.514765,3.787609
2023-02-16,-0.009146,0.000000,-0.009146,-0.013769,-0.011826,0.000000,0.000000,0.333333,0.333333,0.000000,0.000000,0.000000,0.333333,0.000000,0.000000,0.000000,3.270364,4.452603,3.742818
2023-02-17,-0.005298,0.000000,-0.005298,-0.002498,-0.002176,0.000000,0.000000,0.333333,0.333333,0.000000,0.000000,0.000000,0.333333,0.000000,0.000000,0.000000,3.253038,4.441479,3.734672
2023-02-20,0.000000,0.000000,0.000000,0.000000,0.000000,0.000000,0.000000,0.333333,0.333333,0.000000,0.000000,0.000000,0.333333,0.000000,0.000000,0.000000,3.253038,4.441479,3.734672
2023-02-21,-0.012206,0.000000,-0.012206,-0.020061,-0.018118,0.000000,0.000000,0.333333,0.333333,0.000000,0.000000,0.000000,0.333333,0.000000,0.000000,0.000000,3.213331,4.352378,3.667006
2023-02-22,-0.004636,0.000000,-0.004636,-0.001378,-0.001352,0.000000,0.000000,0.333333,0.333333,0.000000,0.000000,0.000000,0.333333,0.000000,0.000000,0.000000,3.198434,4.346380,3.662049
2023-02-23,0.004185,0.000000,0.004185,0.005319,0.003521,0.000000,0.000000,0.333333,0.333333,0.000000,0.000000,0.000000,0.333333,0.000000,0.000000,0.000000,3.211820,4.369500,3.674944
2023-02-24,-0.004634,0.000000,-0.004634,-0.010682,-0.007708,0.000000,0.000000,0.333333,0.333333,0.000000,0.000000,0.000000,0.333333,0.000000,0.000000,0.000000,3.196937,4.322824,3.646616
2023-02-27,-0.002279,0.000000,-0.002279,0.003406,0.002408,0.000000,0.000000,0.333333,0.333333,0.000000,0.000000,0.000000,0.333333,0.000000,0.000000,0.000000,3.189651,4.337547,3.655395
2023-02-28,-0.013106,0.000000,-0.013106,-0.003696,-0.004001,0.000000,0.000000,0.333333,0.333333,0.000000,0.000000,0.000000,0.333333,0.000000,0.000000,0.000000,3.147849,4.321516,3.640769
2023-03-01,0.005440,0.000333,0.005106,-0.003836,-0.003667,0.000000,0.000000,0.333333,0.000000,0.333333,0.000000,0.333333,0.000000,0.000000,0.000000,0.000000,3.163923,4.304938,3.627419
2023-03-02,0.011411,0.000000,0.011411,0.007777,0.008850,0.000000,0.000000,0.333333,0.000000,0.333333,0.000000,0.333333,0.000000,0.000000,0.000000,0.000000,3.200027,4.338419,3.659522
2023-03-03,0.008414,0.000000,0.008414,0.016038,0.015017,0.000000,0.000000,0.333333,0.000000,0.333333,0.000000,0.333333,0.000000,0.000000,0.000000,0.000000,3.226951,4.407997,3.714475
2023-03-06,0.000415,0.000000,0.000415,0.000693,-0.001468,0.000000,0.000000,0.333333,0.000000,0.333333,0.000000,0.333333,0.000000,0.000000,0.000000,0.000000,3.228291,4.411052,3.709021
2023-03-07,-0.013388,0.000000,-0.013388,-0.015329,-0.016326,0.000000,0.000000,0.333333,0.000000,0.333333,0.000000,0.333333,0.000000,0.000000,0.000000,0.000000,3.185071,4.343436,3.648467
2023-03-08,-0.002081,0.000000,-0.002081,0.001632,0.001666,0.000000,0.000000,0.333333,0.000000,0.333333,0.000000,0.333333,0.000000,0.000000,0.000000,0.000000,3.178443,4.350525,3.654547
2023-03-09,-0.012724,0.000000,-0.012724,-0.018450,-0.018742,0.000000,0.000000,0.333333,0.000000,0.333333,0.000000,0.333333,0.000000,0.000000,0.000000,0.000000,3.138002,4.270258,3.586052
2023-03-10,-0.012106,0.000000,-0.012106,-0.014430,-0.015680,0.000000,0.000000,0.333333,0.000000,0.333333,0.000000,0.333333,0.000000,0.000000,0.000000,0.000000,3.100013,4.208640,3.529823
2023-03-13,-0.006975,0.000000,-0.006975,-0.001425,-0.002028,0.000000,0.000000,0.333333,0.000000,0.333333,0.000000,0.333333,0.000000,0.000000,0.000000,0.000000,3.078390,4.202642,3.522664
2023-03-14,0.009847,0.000000,0.009847,0.016530,0.014853,0.000000,0.000000,0.333333,0.000000,0.333333,0.000000,0.333333,0.000000,0.000000,0.000000,0.000000,3.108705,4.272112,3.574985
2023-03-15,-0.023937,0.000000,-0.023937,-0.006254,-0.009795,0.000000,0.000000,0.333333,0.000000,0.333333,0.000000,0.333333,0.000000,0.000000,0.000000,0.000000,3.034291,4.245393,3.539967
2023-03-16,0.008143,0.000000,0.008143,0.017545,0.012693,0.000000,0.000000,0.333333,0.000000,0.333333,0.000000,0.333333,0.000000,0.000000,0.000000,0.000000,3.059000,4.319879,3.584899
2023-03-17,-0.013136,0.000000,-0.013136,-0.011693,-0.014201,0.000000,0.000000,0.333333,0.000000,0.333333,0.000000,0.333333,0.000000,0.000000,0.000000,0.000000,3.018818,4.269369,3.533988
2023-03-20,0.015709,0.000000,0.015709,0.009616,0.011323,0.000000,0.000000,0.333333,0.000000,0.333333,0.000000,0.333333,0.000000,0.000000,0.000000,0.000000,3.066241,4.310421,3.574005
2023-03-21,0.015127,0.000000,0.015127,0.013131,0.010913,0.000000,0.000000,0.333333,0.000000,0.333333,0.000000,0.333333,0.000000,0.000000,0.000000,0.000000,3.112623,4.367020,3.613009
2023-03-22,-0.016547,0.000000,-0.016547,-0.017047,-0.019237,0.000000,0.000000,0.333333,0.000000,0.333333,0.000000,0.333333,0.000000,0.000000,0.000000,0.000000,3.061119,4.292577,3.543505
2023-03-23,-0.006878,0.000000,-0.006878,0.002703,-0.001390,0.000000,0.000000,0.333333,0.000000,0.333333,0.000000,0.333333,0.000000,0.000000,0.000000,0.000000,3.040065,4.304181,3.538579
2023-03-24,0.008338,0.000000,0.008338,0.006562,0.009803,0.000000,0.000000,0.333333,0.000000,0.333333,0.000000,0.333333,0.000000,0.000000,0.000000,0.000000,3.065414,4.332425,3.573266
2023-03-27,0.011672,0.000000,0.011672,0.001870,0.004263,0.000000,0.000000,0.333333,0.000000,0.333333,0.000000,0.333333,0.000000,0.000000,0.000000,0.000000,3.101193,4.340526,3.588499
2023-03-28,0.007450,0.000000,0.007450,-0.002245,0.000552,0.000000,0.000000,0.333333,0.000000,0.333333,0.000000,0.333333,0.000000,0.000000,0.000000,0.000000,3.124297,4.330783,3.590481
2023-03-29,0.011334,0.000000,0.011334,0.014535,0.014259,0.000000,0.000000,0.333333,0.000000,0.333333,0.000000,0.333333,0.000000,0.000000,0.000000,0.000000,3.159708,4.393731,3.641677
2023-03-30,0.003115,0.000000,0.003115,0.005855,0.005625,0.000000,0.000000,0.333333,0.000000,0.333333,0.000000,0.333333,0.000000,0.000000,0.000000,0.000000,3.169551,4.419458,3.662163
2023-03-31,0.009415,0.000000,0.009415,0.014094,0.014140,0.000000,0.000000,0.333333,0.000000,0.333333,0.000000,0.333333,0.000000,0.000000,0.000000,0.000000,3.199391,4.481747,3.713945
2023-04-03,0.016306,0.000167,0.016139,0.003811,0.004445,0.000000,0.333333,0.333333,0.000000,0.333333,0.000000,0.000000,0.000000,0.000000,0.000000,0.000000,3.251028,4.498825,3.730453
2023-04-04,-0.016614,0.000000,-0.016614,-0.005548,-0.005892,0.000000,0.333333,0.333333,0.000000,0.333333,0.000000,0.000000,0.000000,0.000000,0.000000,0.000000,3.197014,4.473866,3.708475
2023-04-05,0.000262,0.000000,0.000262,-0.002618,0.000554,0.000000,0.333333,0.333333,0.000000,0.333333,0.000000,0.000000,0.000000,0.000000,0.000000,0.000000,3.197851,4.462151,3.710529
2023-04-06,-0.003908,0.000000,-0.003908,0.003901,0.001949,0.000000,0.333333,0.333333,0.000000,0.333333,0.000000,0.000000,0.000000,0.000000,0.000000,0.000000,3.185355,4.479558,3.717762
2023-04-07,0.000000,0.000000,0.000000,0.000000,0.000000,0.000000,0.333333,0.333333,0.000000,0.333333,0.000000,0.000000,0.000000,0.000000,0.000000,0.000000,3.185355,4.479558,3.717762
2023-04-10,0.006431,0.000000,0.006431,0.001026,0.002562,0.000000,0.333333,0.333333,0.000000,0.333333,0.000000,0.000000,0.000000,0.000000,0.000000,0.000000,3.205840,4.484155,3.727286
2023-04-11,0.008057,0.000000,0.008057,0.000269,0.003048,0.000000,0.333333,0.333333,0.000000,0.333333,0.000000,0.000000,0.000000,0.000000,0.000000,0.000000,3.231669,4.485360,3.738648
2023-04-12,0.000618,0.000000,0.000618,-0.004076,-0.003376,0.000000,0.333333,0.333333,0.000000,0.333333,0.000000,0.000000,0.000000,0.000000,0.000000,0.000000,3.233666,4.467078,3.726027
2023-04-13,0.006314,0.000000,0.006314,0.013283,0.009661,0.000000,0.333333,0.333333,0.000000,0.333333,0.000000,0.000000,0.000000,0.000000,0.000000,0.000000,3.254084,4.526413,3.762024
2023-04-14,0.003488,0.000000,0.003488,-0.002443,-0.004012,0.000000,0.333333,0.333333,0.000000,0.333333,0.000000,0.000000,0.000000,0.000000,0.000000,0.000000,3.265435,4.515356,3.746932
2023-04-17,0.002554,0.000000,0.002554,0.003588,0.004746,0.000000,0.333333,0.333333,0.000000,0.333333,0.000000,0.000000,0.000000,0.000000,0.000000,0.000000,3.273776,4.531558,3.764714
2023-04-18,0.003907,0.000000,0.003907,0.000652,0.000446,0.000000,0.333333,0.333333,0.000000,0.333333,0.000000,0.000000,0.000000,0.000000,0.000000,0.000000,3.286567,4.534513,3.766394
2023-04-19,-0.000620,0.000000,-0.000620,-0.000169,-0.000001,0.000000,0.333333,0.333333,0.000000,0.333333,0.000000,0.000000,0.000000,0.000000,0.000000,0.000000,3.284530,4.533748,3.766390
2023-04-20,-0.004528,0.000000,-0.004528,-0.005457,-0.005543,0.000000,0.333333,0.333333,0.000000,0.333333,0.000000,0.000000,0.000000,0.000000,0.000000,0.000000,3.269656,4.509006,3.745514
2023-04-21,-0.003910,0.000000,-0.003910,0.000777,0.000692,0.000000,0.333333,0.333333,0.000000,0.333333,0.000000,0.000000,0.000000,0.000000,0.000000,0.000000,3.256873,4.512510,3.748105
2023-04-24,0.005092,0.000000,0.005092,0.001043,0.002590,0.000000,0.333333,0.333333,0.000000,0.333333,0.000000,0.000000,0.000000,0.000000,0.000000,0.000000,3.273456,4.517217,3.757811
2023-04-25,-0.018140,0.000000,-0.018140,-0.015874,-0.014090,0.000000,0.333333,0.333333,0.000000,0.333333,0.000000,0.000000,0.000000,0.000000,0.000000,0.000000,3.214076,4.445511,3.704863
2023-04-26,-0.013919,0.000000,-0.013919,-0.004236,-0.009825,0.000000,0.333333,0.333333,0.000000,0.333333,0.000000,0.000000,0.000000,0.000000,0.000000,0.000000,3.169340,4.426682,3.668461
2023-04-27,0.013160,0.000000,0.013160,0.019908,0.019212,0.000000,0.333333,0.333333,0.000000,0.333333,0.000000,0.000000,0.000000,0.000000,0.000000,0.000000,3.211048,4.514809,3.738940
2023-04-28,0.012366,0.000000,0.012366,0.008535,0.008612,0.000000,0.333333,0.333333,0.000000,0.333333,0.000000,0.000000,0.000000,0.000000,0.000000,0.000000,3.250756,4.553344,3.771139
2023-05-01,-0.002863,0.000000,-0.002863,-0.001010,-0.001829,0.000000,0.333333,0.333333,0.000000,0.333333,0.000000,0.000000,0.000000,0.000000,0.000000,0.000000,3.241448,4.548746,3.764241
2023-05-02,-0.025533,0.000000,-0.025533,-0.011239,-0.013585,0.000000,0.333333,0.333333,0.000000,0.333333,0.000000,0.000000,0.000000,0.000000,0.000000,0.000000,3.158684,4.497621,3.713103
2023-05-03,-0.011381,0.000000,-0.011381,-0.006864,-0.007634,0.000000,0.333333,0.333333,0.000000,0.333333,0.000000,0.000000,0.000000,0.000000,0.000000,0.000000,3.122735,4.466750,3.684757
2023-05-04,-0.011622,0.000000,-0.011622,-0.007083,-0.005760,0.000000,0.333333,0.333333,0.000000,0.333333,0.000000,0.000000,0.000000,0.000000,0.000000,0.000000,3.086442,4.435111,3.663534
2023-05-05,0.022320,0.000000,0.022320,0.018513,0.016525,0.000000,0.333333,0.333333,0.000000,0.333333,0.000000,0.000000,0.000000,0.000000,0.000000,0.000000,3.155333,4.517217,3.724073
2023-05-08,-0.000690,0.000000,-0.000690,0.000267,-0.000681,0.000000,0.333333,0.333333,0.000000,0.333333,0.000000,0.000000,0.000000,0.000000,0.000000,0.000000,3.153154,4.518421,3.721538
2023-05-09,-0.000371,0.000000,-0.000371,-0.004385,-0.003522,0.000000,0.333333,0.333333,0.000000,0.333333,0.000000,0.000000,0.000000,0.000000,0.000000,0.000000,3.151984,4.498606,3.708432
2023-05-10,-0.006847,0.000000,-0.006847,0.004673,0.002372,0.000000,0.333333,0.333333,0.000000,0.333333,0.000000,0.000000,0.000000,0.000000,0.000000,0.000000,3.130403,4.519626,3.717230
2023-05-11,-0.006530,0.000000,-0.006530,-0.001744,-0.003633,0.000000,0.333333,0.333333,0.000000,0.333333,0.000000,0.000000,0.000000,0.000000,0.000000,0.000000,3.109961,4.511743,3.703727
2023-05-12,-0.000606,0.000000,-0.000606,-0.001310,0.000092,0.000000,0.333333,0.333333,0.000000,0.333333,0.000000,0.000000,0.000000,0.000000,0.000000,0.000000,3.108077,4.505832,3.704068
2023-05-15,0.006040,0.000000,0.006040,0.003450,0.002012,0.000000,0.333333,0.333333,0.000000,0.333333,0.000000,0.000000,0.000000,0.000000,0.000000,0.000000,3.126849,4.521377,3.711520
2023-05-16,-0.015817,0.000000,-0.015817,-0.006683,-0.012164,0.000000,0.333333,0.333333,0.000000,0.333333,0.000000,0.000000,0.000000,0.000000,0.000000,0.000000,3.077391,4.491162,3.666372
2023-05-17,0.018841,0.000000,0.018841,0.012139,0.010871,0.000000,0.333333,0.333333,0.000000,0.333333,0.000000,0.000000,0.000000,0.000000,0.000000,0.000000,3.135373,4.545680,3.706230
2023-05-18,0.007300,0.000000,0.007300,0.009633,0.005925,0.000000,0.333333,0.333333,0.000000,0.333333,0.000000,0.000000,0.000000,0.000000,0.000000,0.000000,3.158261,4.589470,3.728191
2023-05-19,0.000348,0.000000,0.000348,-0.001455,-0.000765,0.000000,0.333333,0.333333,0.000000,0.333333,0.000000,0.000000,0.000000,0.000000,0.000000,0.000000,3.159359,4.582792,3.725340
2023-05-22,-0.000834,0.000000,-0.000834,0.000406,-0.000638,0.000000,0.333333,0.333333,0.000000,0.333333,0.000000,0.000000,0.000000,0.000000,0.000000,0.000000,3.156722,4.584653,3.722962
2023-05-23,-0.004316,0.000000,-0.004316,-0.011223,-0.008989,0.000000,0.333333,0.333333,0.000000,0.333333,0.000000,0.000000,0.000000,0.000000,0.000000,0.000000,3.143099,4.533200,3.689497
2023-05-24,-0.007177,0.000000,-0.007177,-0.007245,-0.008211,0.000000,0.333333,0.333333,0.000000,0.333333,0.000000,0.000000,0.000000,0.000000,0.000000,0.000000,3.120542,4.500358,3.659202
2023-05-25,-0.004929,0.000000,-0.004929,0.008660,-0.001223,0.000000,0.333333,0.333333,0.000000,0.333333,0.000000,0.000000,0.000000,0.000000,0.000000,0.000000,3.105162,4.539331,3.654728
2023-05-26,0.003907,0.000000,0.003907,0.012950,0.009272,0.000000,0.333333,0.333333,0.000000,0.333333,0.000000,0.000000,0.000000,0.000000,0.000000,0.000000,3.117294,4.598117,3.688613
2023-05-29,0.000000,0.000000,0.000000,0.000000,0.000000,0.000000,0.333333,0.333333,0.000000,0.333333,0.000000,0.000000,0.000000,0.000000,0.000000,0.000000,3.117294,4.598117,3.688613
2023-05-30,-0.004040,0.000000,-0.004040,0.000381,-0.002024,0.000000,0.333333,0.333333,0.000000,0.333333,0.000000,0.000000,0.000000,0.000000,0.000000,0.000000,3.104701,4.599870,3.681149
2023-05-31,-0.013937,0.000000,-0.013937,-0.005545,-0.004079,0.000000,0.333333,0.333333,0.000000,0.333333,0.000000,0.000000,0.000000,0.000000,0.000000,0.000000,3.061429,4.574362,3.666133
2023-06-01,0.007381,0.000333,0.007048,0.009501,0.007576,0.333333,0.000000,0.000000,0.000000,0.333333,0.000000,0.333333,0.000000,0.000000,0.000000,0.000000,3.083005,4.617824,3.693909
2023-06-02,0.016184,0.000000,0.016184,0.014461,0.018489,0.333333,0.000000,0.000000,0.000000,0.333333,0.000000,0.333333,0.000000,0.000000,0.000000,0.000000,3.132901,4.684603,3.762205
2023-06-05,-0.005452,0.000000,-0.005452,-0.001916,-0.001787,0.333333,0.000000,0.000000,0.000000,0.333333,0.000000,0.333333,0.000000,0.000000,0.000000,0.000000,3.115822,4.675626,3.755481
2023-06-06,0.000333,0.000000,0.000333,0.002177,0.003584,0.333333,0.000000,0.000000,0.000000,0.333333,0.000000,0.333333,0.000000,0.000000,0.000000,0.000000,3.116859,4.685806,3.768940
2023-06-07,-0.000726,0.000000,-0.000726,-0.003458,0.004881,0.333333,0.000000,0.000000,0.000000,0.333333,0.000000,0.333333,0.000000,0.000000,0.000000,0.000000,3.114596,4.669605,3.787336
2023-06-08,0.006487,0.000000,0.006487,0.006048,0.003202,0.333333,0.000000,0.000000,0.000000,0.333333,0.000000,0.333333,0.000000,0.000000,0.000000,0.000000,3.134802,4.697849,3.799464
2023-06-09,0.000232,0.000000,0.000232,0.001794,-0.001378,0.333333,0.000000,0.000000,0.000000,0.333333,0.000000,0.333333,0.000000,0.000000,0.000000,0.000000,3.135529,4.706279,3.794230
2023-06-12,0.009533,0.000000,0.009533,0.009072,0.004870,0.333333,0.000000,0.000000,0.000000,0.333333,0.000000,0.333333,0.000000,0.000000,0.000000,0.000000,3.165421,4.748974,3.812708
2023-06-13,0.007271,0.000000,0.007271,0.006593,0.007416,0.333333,0.000000,0.000000,0.000000,0.333333,0.000000,0.333333,0.000000,0.000000,0.000000,0.000000,3.188437,4.780282,3.840982
2023-06-14,0.004587,0.000000,0.004587,0.001191,-0.000828,0.333333,0.000000,0.000000,0.000000,0.333333,0.000000,0.333333,0.000000,0.000000,0.000000,0.000000,3.203063,4.785975,3.837802
2023-06-15,0.012662,0.000000,0.012662,0.012398,0.011254,0.333333,0.000000,0.000000,0.000000,0.333333,0.000000,0.333333,0.000000,0.000000,0.000000,0.000000,3.243621,4.845311,3.880993
2023-06-16,-0.002883,0.000000,-0.002883,-0.003406,-0.001390,0.333333,0.000000,0.000000,0.000000,0.333333,0.000000,0.333333,0.000000,0.000000,0.000000,0.000000,3.234270,4.828806,3.875599
2023-06-19,0.000000,0.000000,0.000000,0.000000,0.000000,0.333333,0.000000,0.000000,0.000000,0.333333,0.000000,0.333333,0.000000,0.000000,0.000000,0.000000,3.234270,4.828806,3.875599
2023-06-20,-0.007264,0.000000,-0.007264,-0.005188,-0.007833,0.333333,0.000000,0.000000,0.000000,0.333333,0.000000,0.333333,0.000000,0.000000,0.000000,0.000000,3.210777,4.803753,3.845243
2023-06-21,-0.001900,0.000000,-0.001900,-0.005124,-0.001260,0.333333,0.000000,0.000000,0.000000,0.333333,0.000000,0.333333,0.000000,0.000000,0.000000,0.000000,3.204677,4.779140,3.840397
2023-06-22,0.002244,0.000000,0.002244,0.003610,-0.001022,0.333333,0.000000,0.000000,0.000000,0.333333,0.000000,0.333333,0.000000,0.000000,0.000000,0.000000,3.211869,4.796391,3.836471
2023-06-23,-0.008346,0.000000,-0.008346,-0.007560,-0.007920,0.333333,0.000000,0.000000,0.000000,0.333333,0.000000,0.333333,0.000000,0.000000,0.000000,0.000000,3.185062,4.760130,3.806084
2023-06-26,0.000836,0.000000,0.000836,-0.004086,0.002947,0.333333,0.000000,0.000000,0.000000,0.333333,0.000000,0.333333,0.000000,0.000000,0.000000,0.000000,3.187725,4.740682,3.817302
2023-06-27,0.011563,0.000000,0.011563,0.010963,0.009671,0.333333,0.000000,0.000000,0.000000,0.333333,0.000000,0.333333,0.000000,0.000000,0.000000,0.000000,3.224585,4.792655,3.854221
2023-06-28,-0.002054,0.000000,-0.002054,0.000504,-0.001103,0.333333,0.000000,0.000000,0.000000,0.333333,0.000000,0.333333,0.000000,0.000000,0.000000,0.000000,3.217962,4.795072,3.849969
2023-06-29,0.003494,0.000000,0.003494,0.003941,0.005753,0.333333,0.000000,0.000000,0.000000,0.333333,0.000000,0.333333,0.000000,0.000000,0.000000,0.000000,3.229206,4.813972,3.872119
2023-06-30,0.011050,0.000000,0.011050,0.011801,0.009719,0.333333,0.000000,0.000000,0.000000,0.333333,0.000000,0.333333,0.000000,0.000000,0.000000,0.000000,3.264888,4.870780,3.909753
2023-07-03,0.001198,0.000333,0.000864,0.001151,0.003662,0.333333,0.000000,0.333333,0.000000,0.000000,0.000000,0.000000,0.000000,0.000000,0.000000,0.333333,3.267711,4.876384,3.924071
2023-07-04,0.000000,0.000000,0.000000,0.000000,0.000000,0.333333,0.000000,0.333333,0.000000,0.000000,0.000000,0.000000,0.000000,0.000000,0.000000,0.333333,3.267711,4.876384,3.924071
2023-07-05,-0.001347,0.000000,-0.001347,-0.001487,-0.001967,0.333333,0.000000,0.333333,0.000000,0.000000,0.000000,0.000000,0.000000,0.000000,0.000000,0.333333,3.263308,4.869132,3.916351
2023-07-06,-0.011022,0.000000,-0.011022,-0.007831,-0.009154,0.333333,0.000000,0.333333,0.000000,0.000000,0.000000,0.000000,0.000000,0.000000,0.000000,0.333333,3.227341,4.831004,3.880502
2023-07-07,0.004537,0.000000,0.004537,-0.002525,-0.000855,0.333333,0.000000,0.333333,0.000000,0.000000,0.000000,0.000000,0.000000,0.000000,0.000000,0.333333,3.241983,4.818807,3.877184
2023-07-10,0.002604,0.000000,0.002604,0.002531,0.003283,0.333333,0.000000,0.333333,0.000000,0.000000,0.000000,0.000000,0.000000,0.000000,0.000000,0.333333,3.250426,4.831004,3.889913
2023-07-11,0.013852,0.000000,0.013852,0.006368,0.009902,0.333333,0.000000,0.333333,0.000000,0.000000,0.000000,0.000000,0.000000,0.000000,0.000000,0.333333,3.295452,4.861770,3.928430
2023-07-12,0.010903,0.000000,0.010903,0.008046,0.007131,0.333333,0.000000,0.333333,0.000000,0.000000,0.000000,0.000000,0.000000,0.000000,0.000000,0.333333,3.331381,4.900887,3.956444
2023-07-13,0.007969,0.000000,0.007969,0.007937,0.005514,0.333333,0.000000,0.333333,0.000000,0.000000,0.000000,0.000000,0.000000,0.000000,0.000000,0.333333,3.357927,4.939784,3.978261
2023-07-14,-0.012444,0.000000,-0.012444,-0.000623,-0.003244,0.333333,0.000000,0.333333,0.000000,0.000000,0.000000,0.000000,0.000000,0.000000,0.000000,0.333333,3.316141,4.936708,3.965357
2023-07-17,0.002415,0.000000,0.002415,0.003472,-0.000170,0.333333,0.000000,0.333333,0.000000,0.000000,0.000000,0.000000,0.000000,0.000000,0.000000,0.333333,3.324150,4.953850,3.964684
2023-07-18,0.009432,0.000000,0.009432,0.007431,0.004304,0.333333,0.000000,0.333333,0.000000,0.000000,0.000000,0.000000,0.000000,0.000000,0.000000,0.333333,3.355503,4.990660,3.981749
2023-07-19,0.002057,0.000000,0.002057,0.002224,0.004013,0.333333,0.000000,0.333333,0.000000,0.000000,0.000000,0.000000,0.000000,0.000000,0.000000,0.333333,3.362404,5.001757,3.997730
2023-07-20,-0.009352,0.000000,-0.009352,-0.006634,-0.000711,0.333333,0.000000,0.333333,0.000000,0.000000,0.000000,0.000000,0.000000,0.000000,0.000000,0.333333,3.330960,4.968574,3.994888
2023-07-21,-0.000541,0.000000,-0.000541,0.000000,0.002141,0.333333,0.000000,0.333333,0.000000,0.000000,0.000000,0.000000,0.000000,0.000000,0.000000,0.333333,3.329159,4.968574,4.003439
2023-07-24,0.006574,0.000000,0.006574,0.004467,0.004536,0.333333,0.000000,0.333333,0.000000,0.000000,0.000000,0.000000,0.000000,0.000000,0.000000,0.333333,3.351047,4.990770,4.021597
2023-07-25,0.006633,0.000000,0.006633,0.002730,0.001948,0.333333,0.000000,0.333333,0.000000,0.000000,0.000000,0.000000,0.000000,0.000000,0.000000,0.333333,3.373275,5.004396,4.029430
2023-07-26,0.000844,0.000000,0.000844,0.000154,0.001455,0.333333,0.000000,0.333333,0.000000,0.000000,0.000000,0.000000,0.000000,0.000000,0.000000,0.333333,3.376122,5.005164,4.035295
2023-07-27,-0.000304,0.000000,-0.000304,-0.006630,-0.008544,0.333333,0.000000,0.333333,0.000000,0.000000,0.000000,0.000000,0.000000,0.000000,0.000000,0.333333,3.375094,4.971980,4.000818
2023-07-28,0.012120,0.000000,0.012120,0.009790,0.006971,0.333333,0.000000,0.333333,0.000000,0.000000,0.000000,0.000000,0.000000,0.000000,0.000000,0.333333,3.416001,5.020657,4.028708
2023-07-31,0.007000,0.000000,0.007000,0.001904,0.003098,0.333333,0.000000,0.333333,0.000000,0.000000,0.000000,0.000000,0.000000,0.000000,0.000000,0.333333,3.439914,5.030217,4.041189
2023-08-01,0.001121,0.000167,0.000954,-0.002862,-0.003799,0.333333,0.000000,0.000000,0.000000,0.333333,0.000000,0.000000,0.000000,0.000000,0.000000,0.333333,3.443195,5.015823,4.025837
2023-08-02,-0.017997,0.000000,-0.017997,-0.013911,-0.009624,0.333333,0.000000,0.000000,0.000000,0.333333,0.000000,0.000000,0.000000,0.000000,0.000000,0.333333,3.381227,4.946048,3.987091
2023-08-03,-0.004298,0.000000,-0.004298,-0.002866,-0.004571,0.333333,0.000000,0.000000,0.000000,0.333333,0.000000,0.000000,0.000000,0.000000,0.000000,0.333333,3.366696,4.931874,3.968866
2023-08-04,-0.007297,0.000000,-0.007297,-0.004523,-0.004289,0.333333,0.000000,0.000000,0.000000,0.333333,0.000000,0.000000,0.000000,0.000000,0.000000,0.333333,3.342127,4.909568,3.951845
2023-08-07,0.010198,0.000000,0.010198,0.008728,0.008625,0.333333,0.000000,0.000000,0.000000,0.333333,0.000000,0.000000,0.000000,0.000000,0.000000,0.333333,3.376210,4.952421,3.985928
2023-08-08,-0.005014,0.000000,-0.005014,-0.004349,-0.003413,0.333333,0.000000,0.000000,0.000000,0.333333,0.000000,0.000000,0.000000,0.000000,0.000000,0.333333,3.359281,4.930885,3.972325
2023-08-09,-0.008071,0.000000,-0.008071,-0.006685,-0.002657,0.333333,0.000000,0.000000,0.000000,0.333333,0.000000,0.000000,0.000000,0.000000,0.000000,0.333333,3.332169,4.897921,3.961769
2023-08-10,0.000263,0.000000,0.000263,0.000359,-0.000392,0.333333,0.000000,0.000000,0.000000,0.333333,0.000000,0.000000,0.000000,0.000000,0.000000,0.333333,3.333046,4.899679,3.960218
2023-08-11,-0.003488,0.000000,-0.003488,-0.000583,0.001444,0.333333,0.000000,0.000000,0.000000,0.333333,0.000000,0.000000,0.000000,0.000000,0.000000,0.333333,3.321420,4.896822,3.965938
2023-08-14,0.007868,0.000000,0.007868,0.005520,0.000676,0.333333,0.000000,0.000000,0.000000,0.333333,0.000000,0.000000,0.000000,0.000000,0.000000,0.333333,3.347555,4.923852,3.968621
2023-08-15,-0.010495,0.000000,-0.010495,-0.011649,-0.012856,0.333333,0.000000,0.000000,0.000000,0.333333,0.000000,0.000000,0.000000,0.000000,0.000000,0.333333,3.312424,4.866495,3.917602
2023-08-16,-0.009016,0.000000,-0.009016,-0.007338,-0.006727,0.333333,0.000000,0.000000,0.000000,0.333333,0.000000,0.000000,0.000000,0.000000,0.000000,0.333333,3.282559,4.830784,3.891248
2023-08-17,-0.009799,0.000000,-0.009799,-0.007620,-0.006234,0.333333,0.000000,0.000000,0.000000,0.333333,0.000000,0.000000,0.000000,0.000000,0.000000,0.333333,3.250394,4.793974,3.866988
2023-08-18,-0.000852,0.000000,-0.000852,0.000481,0.001521,0.333333,0.000000,0.000000,0.000000,0.333333,0.000000,0.000000,0.000000,0.000000,0.000000,0.333333,3.247626,4.796281,3.872870
2023-08-21,0.008365,0.000000,0.008365,0.006506,0.000791,0.333333,0.000000,0.000000,0.000000,0.333333,0.000000,0.000000,0.000000,0.000000,0.000000,0.333333,3.274793,4.827487,3.875935
2023-08-22,-0.001162,0.000000,-0.001162,-0.002709,-0.002116,0.333333,0.000000,0.000000,0.000000,0.333333,0.000000,0.000000,0.000000,0.000000,0.000000,0.333333,3.270987,4.814412,3.867733
2023-08-23,0.014839,0.000000,0.014839,0.011138,0.008162,0.333333,0.000000,0.000000,0.000000,0.333333,0.000000,0.000000,0.000000,0.000000,0.000000,0.333333,3.319525,4.868033,3.899299
2023-08-24,-0.018142,0.000000,-0.018142,-0.013859,-0.010523,0.333333,0.000000,0.000000,0.000000,0.333333,0.000000,0.000000,0.000000,0.000000,0.000000,0.333333,3.259304,4.800567,3.858268
2023-08-25,0.006558,0.000000,0.006558,0.007050,0.006498,0.333333,0.000000,0.000000,0.000000,0.333333,0.000000,0.000000,0.000000,0.000000,0.000000,0.333333,3.280679,4.834409,3.883337
2023-08-28,0.009527,0.000000,0.009527,0.006341,0.006082,0.333333,0.000000,0.000000,0.000000,0.333333,0.000000,0.000000,0.000000,0.000000,0.000000,0.333333,3.311935,4.865066,3.906954
2023-08-29,0.016632,0.000000,0.016632,0.014455,0.011910,0.333333,0.000000,0.000000,0.000000,0.333333,0.000000,0.000000,0.000000,0.000000,0.000000,0.333333,3.367018,4.935390,3.953485
2023-08-30,0.004075,0.000000,0.004075,0.004119,0.002204,0.333333,0.000000,0.000000,0.000000,0.333333,0.000000,0.000000,0.000000,0.000000,0.000000,0.333333,3.380739,4.955718,3.962199
2023-08-31,0.000463,0.000000,0.000463,-0.001463,-0.002992,0.333333,0.000000,0.000000,0.000000,0.333333,0.000000,0.000000,0.000000,0.000000,0.000000,0.333333,3.382306,4.948466,3.950346
2023-09-01,-0.000320,0.000000,-0.000320,0.001865,0.002019,0.333333,0.000000,0.000000,0.000000,0.333333,0.000000,0.000000,0.000000,0.000000,0.000000,0.333333,3.381222,4.957696,3.958321
2023-09-04,0.000000,0.000000,0.000000,0.000000,0.000000,0.333333,0.000000,0.000000,0.000000,0.333333,0.000000,0.000000,0.000000,0.000000,0.000000,0.333333,3.381222,4.957696,3.958321
2023-09-05,-0.004465,0.000000,-0.004465,-0.004322,-0.007294,0.333333,0.000000,0.000000,0.000000,0.333333,0.000000,0.000000,0.000000,0.000000,0.000000,0.333333,3.366126,4.936269,3.929451
2023-09-06,-0.006002,0.000000,-0.006002,-0.006722,-0.003222,0.333333,0.000000,0.000000,0.000000,0.333333,0.000000,0.000000,0.000000,0.000000,0.000000,0.333333,3.345924,4.903085,3.916792
2023-09-07,-0.006514,0.000000,-0.006514,-0.003070,0.000301,0.333333,0.000000,0.000000,0.000000,0.333333,0.000000,0.000000,0.000000,0.000000,0.000000,0.333333,3.324130,4.888032,3.917971
2023-09-08,0.000030,0.000000,0.000030,0.001506,0.001481,0.333333,0.000000,0.000000,0.000000,0.333333,0.000000,0.000000,0.000000,0.000000,0.000000,0.333333,3.324231,4.895393,3.923775
2023-09-11,0.006859,0.000000,0.006859,0.006577,0.005771,0.333333,0.000000,0.000000,0.000000,0.333333,0.000000,0.000000,0.000000,0.000000,0.000000,0.333333,3.347031,4.927588,3.946418
2023-09-12,-0.010726,0.000000,-0.010726,-0.005486,-0.001992,0.333333,0.000000,0.000000,0.000000,0.333333,0.000000,0.000000,0.000000,0.000000,0.000000,0.333333,3.311131,4.900557,3.938558
2023-09-13,-0.000285,0.000000,-0.000285,0.001166,-0.000112,0.333333,0.000000,0.000000,0.000000,0.333333,0.000000,0.000000,0.000000,0.000000,0.000000,0.333333,3.310185,4.906272,3.938116
2023-09-14,0.010344,0.000000,0.010344,0.008622,0.011093,0.333333,0.000000,0.000000,0.000000,0.333333,0.000000,0.000000,0.000000,0.000000,0.000000,0.333333,3.344425,4.948575,3.981803
2023-09-15,-0.012766,0.000000,-0.012766,-0.012048,-0.010033,0.333333,0.000000,0.000000,0.000000,0.333333,0.000000,0.000000,0.000000,0.000000,0.000000,0.333333,3.301732,4.888953,3.941853
2023-09-18,0.002209,0.000000,0.002209,0.000587,-0.000777,0.333333,0.000000,0.000000,0.000000,0.333333,0.000000,0.000000,0.000000,0.000000,0.000000,0.333333,3.309026,4.891821,3.938792
2023-09-19,-0.001331,0.000000,-0.001331,-0.002074,-0.002962,0.333333,0.000000,0.000000,0.000000,0.333333,0.000000,0.000000,0.000000,0.000000,0.000000,0.333333,3.304622,4.881675,3.927125
2023-09-20,-0.011097,0.000000,-0.011097,-0.009193,-0.006003,0.333333,0.000000,0.000000,0.000000,0.333333,0.000000,0.000000,0.000000,0.000000,0.000000,0.333333,3.267952,4.836797,3.903549
2023-09-21,-0.014648,0.000000,-0.014648,-0.016528,-0.017121,0.333333,0.000000,0.000000,0.000000,0.333333,0.000000,0.000000,0.000000,0.000000,0.000000,0.333333,3.220083,4.756853,3.836718
2023-09-22,-0.000837,0.000000,-0.000837,-0.002249,-0.003237,0.333333,0.000000,0.000000,0.000000,0.333333,0.000000,0.000000,0.000000,0.000000,0.000000,0.333333,3.217388,4.746157,3.824299
2023-09-25,0.003557,0.000000,0.003557,0.004205,0.003490,0.333333,0.000000,0.000000,0.000000,0.333333,0.000000,0.000000,0.000000,0.000000,0.000000,0.333333,3.228833,4.766115,3.837645
2023-09-26,-0.014784,0.000000,-0.014784,-0.014691,-0.014509,0.333333,0.000000,0.000000,0.000000,0.333333,0.000000,0.000000,0.000000,0.000000,0.000000,0.333333,3.181097,4.696095,3.781966
2023-09-27,0.003867,0.000000,0.003867,0.000399,-0.000934,0.333333,0.000000,0.000000,0.000000,0.333333,0.000000,0.000000,0.000000,0.000000,0.000000,0.333333,3.193399,4.697969,3.778433
2023-09-28,0.007455,0.000000,0.007455,0.005797,0.004481,0.333333,0.000000,0.000000,0.000000,0.333333,0.000000,0.000000,0.000000,0.000000,0.000000,0.333333,3.217206,4.725205,3.795364
2023-09-29,-0.002494,0.000000,-0.002494,-0.002427,-0.003497,0.333333,0.000000,0.000000,0.000000,0.333333,0.000000,0.000000,0.000000,0.000000,0.000000,0.333333,3.209183,4.713738,3.782092
2023-10-02,0.002815,0.000000,0.002815,-0.000398,-0.009570,0.333333,0.000000,0.000000,0.000000,0.333333,0.000000,0.000000,0.000000,0.000000,0.000000,0.333333,3.218216,4.711863,3.745899
2023-10-03,-0.012468,0.000000,-0.012468,-0.013386,-0.009422,0.333333,0.000000,0.000000,0.000000,0.333333,0.000000,0.000000,0.000000,0.000000,0.000000,0.333333,3.178090,4.648790,3.710606
2023-10-04,0.008395,0.000000,0.008395,0.007282,0.004954,0.333333,0.000000,0.000000,0.000000,0.333333,0.000000,0.000000,0.000000,0.000000,0.000000,0.333333,3.204772,4.682642,3.728988
2023-10-05,-0.001978,0.000000,-0.001978,-0.000377,-0.003409,0.333333,0.000000,0.000000,0.000000,0.333333,0.000000,0.000000,0.000000,0.000000,0.000000,0.333333,3.198433,4.680878,3.716274
2023-10-06,0.016936,0.000000,0.016936,0.011873,0.009531,0.333333,0.000000,0.000000,0.000000,0.333333,0.000000,0.000000,0.000000,0.000000,0.000000,0.333333,3.252603,4.736453,3.751696
2023-10-09,0.010537,0.000000,0.010537,0.006402,0.008668,0.333333,0.000000,0.000000,0.000000,0.333333,0.000000,0.000000,0.000000,0.000000,0.000000,0.333333,3.286875,4.766777,3.784215
2023-10-10,0.004454,0.000000,0.004454,0.005205,0.006870,0.333333,0.000000,0.000000,0.000000,0.333333,0.000000,0.000000,0.000000,0.000000,0.000000,0.333333,3.301514,4.791587,3.810213
2023-10-11,0.008135,0.000000,0.008135,0.004096,0.004019,0.333333,0.000000,0.000000,0.000000,0.333333,0.000000,0.000000,0.000000,0.000000,0.000000,0.333333,3.328373,4.811215,3.825528
2023-10-12,-0.006646,0.000000,-0.006646,-0.006097,-0.009006,0.333333,0.000000,0.000000,0.000000,0.333333,0.000000,0.000000,0.000000,0.000000,0.000000,0.333333,3.306253,4.781882,3.791075
2023-10-13,-0.011463,0.000000,-0.011463,-0.004981,-0.000244,0.333333,0.000000,0.000000,0.000000,0.333333,0.000000,0.000000,0.000000,0.000000,0.000000,0.333333,3.268353,4.758065,3.790149
2023-10-16,0.012108,0.000000,0.012108,0.010521,0.010714,0.333333,0.000000,0.000000,0.000000,0.333333,0.000000,0.000000,0.000000,0.000000,0.000000,0.333333,3.307926,4.808126,3.830755
2023-10-17,0.000664,0.000000,0.000664,-0.000046,0.002220,0.333333,0.000000,0.000000,0.000000,0.333333,0.000000,0.000000,0.000000,0.000000,0.000000,0.333333,3.310124,4.807906,3.839260
2023-10-18,-0.017221,0.000000,-0.017221,-0.013325,-0.013169,0.333333,0.000000,0.000000,0.000000,0.333333,0.000000,0.000000,0.000000,0.000000,0.000000,0.333333,3.253122,4.743840,3.788702
2023-10-19,-0.005335,0.000000,-0.005335,-0.008786,-0.010909,0.333333,0.000000,0.000000,0.000000,0.333333,0.000000,0.000000,0.000000,0.000000,0.000000,0.333333,3.235767,4.702159,3.747370
2023-10-20,-0.012158,0.000000,-0.012158,-0.012288,-0.010864,0.333333,0.000000,0.000000,0.000000,0.333333,0.000000,0.000000,0.000000,0.000000,0.000000,0.333333,3.196428,4.644380,3.706658
2023-10-23,0.000587,0.000000,0.000587,-0.001733,-0.005070,0.333333,0.000000,0.000000,0.000000,0.333333,0.000000,0.000000,0.000000,0.000000,0.000000,0.333333,3.198303,4.636330,3.687866
2023-10-24,0.008744,0.000000,0.008744,0.007539,0.008311,0.333333,0.000000,0.000000,0.000000,0.333333,0.000000,0.000000,0.000000,0.000000,0.000000,0.333333,3.226268,4.671285,3.718515
2023-10-25,-0.022645,0.000000,-0.022645,-0.014352,-0.011481,0.333333,0.000000,0.000000,0.000000,0.333333,0.000000,0.000000,0.000000,0.000000,0.000000,0.333333,3.153209,4.604241,3.675822
2023-10-26,-0.015028,0.000000,-0.015028,-0.011974,-0.004575,0.333333,0.000000,0.000000,0.000000,0.333333,0.000000,0.000000,0.000000,0.000000,0.000000,0.333333,3.105823,4.549108,3.659005
2023-10-27,-0.002222,0.000000,-0.002222,-0.004533,-0.009449,0.333333,0.000000,0.000000,0.000000,0.333333,0.000000,0.000000,0.000000,0.000000,0.000000,0.333333,3.098923,4.528487,3.624429
2023-10-30,0.014595,0.000000,0.014595,0.011956,0.010574,0.333333,0.000000,0.000000,0.000000,0.333333,0.000000,0.000000,0.000000,0.000000,0.000000,0.333333,3.144152,4.582629,3.662752
2023-10-31,0.006541,0.000000,0.006541,0.006280,0.007621,0.333333,0.000000,0.000000,0.000000,0.333333,0.000000,0.000000,0.000000,0.000000,0.000000,0.333333,3.164717,4.611409,3.690665
2023-11-01,0.015455,0.000167,0.015289,0.010665,0.006534,0.333333,0.000000,0.000000,0.000000,0.000000,0.333333,0.000000,0.000000,0.000000,0.000000,0.333333,3.213102,4.660588,3.714779
2023-11-02,0.018761,0.000000,0.018761,0.019164,0.020780,0.333333,0.000000,0.000000,0.000000,0.000000,0.333333,0.000000,0.000000,0.000000,0.000000,0.333333,3.273384,4.749905,3.791971
2023-11-03,0.013224,0.000000,0.013224,0.009124,0.009363,0.333333,0.000000,0.000000,0.000000,0.000000,0.333333,0.000000,0.000000,0.000000,0.000000,0.333333,3.316673,4.793241,3.827473
2023-11-06,0.001721,0.000000,0.001721,0.002301,-0.002245,0.333333,0.000000,0.000000,0.000000,0.000000,0.333333,0.000000,0.000000,0.000000,0.000000,0.333333,3.322381,4.804268,3.818880
2023-11-07,0.009144,0.000000,0.009144,0.002846,-0.002780,0.333333,0.000000,0.000000,0.000000,0.000000,0.333333,0.000000,0.000000,0.000000,0.000000,0.333333,3.352761,4.817941,3.808265
2023-11-08,-0.000570,0.000000,-0.000570,0.000732,-0.001317,0.333333,0.000000,0.000000,0.000000,0.000000,0.333333,0.000000,0.000000,0.000000,0.000000,0.333333,3.350850,4.821470,3.803249
2023-11-09,-0.007877,0.000000,-0.007877,-0.007799,-0.008617,0.333333,0.000000,0.000000,0.000000,0.000000,0.333333,0.000000,0.000000,0.000000,0.000000,0.333333,3.324457,4.783869,3.770476
2023-11-10,0.019542,0.000000,0.019542,0.015605,0.012427,0.333333,0.000000,0.000000,0.000000,0.000000,0.333333,0.000000,0.000000,0.000000,0.000000,0.333333,3.389423,4.858519,3.817331
2023-11-13,-0.001255,0.000000,-0.001255,-0.000953,-0.000908,0.333333,0.000000,0.000000,0.000000,0.000000,0.333333,0.000000,0.000000,0.000000,0.000000,0.333333,3.385170,4.853888,3.813865
2023-11-14,0.023312,0.000000,0.023312,0.019401,0.023480,0.333333,0.000000,0.000000,0.000000,0.000000,0.333333,0.000000,0.000000,0.000000,0.000000,0.333333,3.464085,4.948057,3.903413
2023-11-15,0.002451,0.000000,0.002451,0.002117,0.002312,0.333333,0.000000,0.000000,0.000000,0.000000,0.333333,0.000000,0.000000,0.000000,0.000000,0.333333,3.472577,4.958532,3.912437
2023-11-16,-0.000272,0.000000,-0.000272,0.001223,-0.001462,0.333333,0.000000,0.000000,0.000000,0.000000,0.333333,0.000000,0.000000,0.000000,0.000000,0.333333,3.471631,4.964598,3.906718
2023-11-17,0.001489,0.000000,0.001489,0.001244,0.003380,0.333333,0.000000,0.000000,0.000000,0.000000,0.333333,0.000000,0.000000,0.000000,0.000000,0.333333,3.476801,4.970772,3.919922
2023-11-20,0.010305,0.000000,0.010305,0.007698,0.004655,0.333333,0.000000,0.000000,0.000000,0.000000,0.333333,0.000000,0.000000,0.000000,0.000000,0.333333,3.512631,5.009035,3.938169
2023-11-21,-0.004678,0.000000,-0.004678,-0.002179,-0.000686,0.333333,0.000000,0.000000,0.000000,0.000000,0.333333,0.000000,0.000000,0.000000,0.000000,0.333333,3.496198,4.998119,3.935467
2023-11-22,0.005238,0.000000,0.005238,0.003861,0.003804,0.333333,0.000000,0.000000,0.000000,0.000000,0.333333,0.000000,0.000000,0.000000,0.000000,0.333333,3.514511,5.017415,3.950438
2023-11-23,0.000000,0.000000,0.000000,0.000000,0.000000,0.333333,0.000000,0.000000,0.000000,0.000000,0.333333,0.000000,0.000000,0.000000,0.000000,0.333333,3.514511,5.017415,3.950438
2023-11-24,-0.001456,0.000000,-0.001456,0.000615,0.002289,0.333333,0.000000,0.000000,0.000000,0.000000,0.333333,0.000000,0.000000,0.000000,0.000000,0.333333,3.509395,5.020503,3.959479
2023-11-27,-0.001550,0.000000,-0.001550,-0.001801,-0.002034,0.333333,0.000000,0.000000,0.000000,0.000000,0.333333,0.000000,0.000000,0.000000,0.000000,0.333333,3.503955,5.011461,3.951427
2023-11-28,0.003355,0.000000,0.003355,0.000990,0.001611,0.333333,0.000000,0.000000,0.000000,0.000000,0.333333,0.000000,0.000000,0.000000,0.000000,0.333333,3.515711,5.016423,3.957792
2023-11-29,-0.003057,0.000000,-0.003057,-0.000704,-0.000784,0.333333,0.000000,0.000000,0.000000,0.000000,0.333333,0.000000,0.000000,0.000000,0.000000,0.333333,3.504964,5.012894,3.954688
2023-11-30,-0.001934,0.000000,-0.001934,0.003938,0.006185,0.333333,0.000000,0.000000,0.000000,0.000000,0.333333,0.000000,0.000000,0.000000,0.000000,0.333333,3.498186,5.032633,3.979146
2023-12-01,0.005987,0.000000,0.005987,0.005916,0.009015,0.333333,0.000000,0.000000,0.000000,0.000000,0.333333,0.000000,0.000000,0.000000,0.000000,0.333333,3.519129,5.062405,4.015017
2023-12-04,-0.008663,0.000000,-0.008663,-0.005249,-0.003356,0.333333,0.000000,0.000000,0.000000,0.000000,0.333333,0.000000,0.000000,0.000000,0.000000,0.333333,3.488642,5.035831,4.001544
2023-12-05,0.001046,0.000000,0.001046,-0.000197,-0.005600,0.333333,0.000000,0.000000,0.000000,0.000000,0.333333,0.000000,0.000000,0.000000,0.000000,0.333333,3.492290,5.034839,3.979137
2023-12-06,-0.003202,0.000000,-0.003202,-0.004030,-0.001729,0.333333,0.000000,0.000000,0.000000,0.000000,0.333333,0.000000,0.000000,0.000000,0.000000,0.333333,3.481106,5.014549,3.972257
2023-12-07,0.013781,0.000000,0.013781,0.007630,0.004467,0.333333,0.000000,0.000000,0.000000,0.000000,0.333333,0.000000,0.000000,0.000000,0.000000,0.333333,3.529080,5.052812,3.990002
2023-12-08,0.005941,0.000000,0.005941,0.004299,0.002861,0.333333,0.000000,0.000000,0.000000,0.000000,0.333333,0.000000,0.000000,0.000000,0.000000,0.333333,3.550047,5.074534,4.001416
2023-12-11,0.001242,0.000000,0.001242,0.003890,0.004881,0.333333,0.000000,0.000000,0.000000,0.000000,0.333333,0.000000,0.000000,0.000000,0.000000,0.333333,3.554457,5.094272,4.020948
2023-12-12,0.004632,0.000000,0.004632,0.004567,0.001899,0.333333,0.000000,0.000000,0.000000,0.000000,0.333333,0.000000,0.000000,0.000000,0.000000,0.333333,3.570920,5.117540,4.028583
2023-12-13,0.010432,0.000000,0.010432,0.013790,0.017753,0.333333,0.000000,0.000000,0.000000,0.000000,0.333333,0.000000,0.000000,0.000000,0.000000,0.333333,3.608174,5.188111,4.100101
2023-12-14,0.005115,0.000000,0.005115,0.003209,0.007203,0.333333,0.000000,0.000000,0.000000,0.000000,0.333333,0.000000,0.000000,0.000000,0.000000,0.333333,3.626629,5.204761,4.129634
2023-12-15,0.001525,0.000000,0.001525,-0.001647,-0.004405,0.333333,0.000000,0.000000,0.000000,0.000000,0.333333,0.000000,0.000000,0.000000,0.000000,0.333333,3.632158,5.196192,4.111443
2023-12-18,0.007177,0.000000,0.007177,0.005625,0.003779,0.333333,0.000000,0.000000,0.000000,0.000000,0.333333,0.000000,0.000000,0.000000,0.000000,0.333333,3.658228,5.225420,4.126982
2023-12-19,0.007272,0.000000,0.007272,0.006081,0.007227,0.333333,0.000000,0.000000,0.000000,0.000000,0.333333,0.000000,0.000000,0.000000,0.000000,0.333333,3.684832,5.257196,4.156806
2023-12-20,-0.013695,0.000000,-0.013695,-0.013857,-0.015131,0.333333,0.000000,0.000000,0.000000,0.000000,0.333333,0.000000,0.000000,0.000000,0.000000,0.333333,3.634366,5.184345,4.093911
2023-12-21,0.012108,0.000000,0.012108,0.009482,0.009113,0.333333,0.000000,0.000000,0.000000,0.000000,0.333333,0.000000,0.000000,0.000000,0.000000,0.333333,3.678370,5.233502,4.131218
2023-12-22,-0.001972,0.000000,-0.001972,0.002010,0.002750,0.333333,0.000000,0.000000,0.000000,0.000000,0.333333,0.000000,0.000000,0.000000,0.000000,0.333333,3.671117,5.244020,4.142577
2023-12-25,0.000000,0.000000,0.000000,0.000000,0.000000,0.333333,0.000000,0.000000,0.000000,0.000000,0.333333,0.000000,0.000000,0.000000,0.000000,0.333333,3.671117,5.244020,4.142577
2023-12-26,0.004086,0.000000,0.004086,0.004223,0.005128,0.333333,0.000000,0.000000,0.000000,0.000000,0.333333,0.000000,0.000000,0.000000,0.000000,0.333333,3.686116,5.266163,4.163821
2023-12-27,0.001175,0.000000,0.001175,0.001808,0.001833,0.333333,0.000000,0.000000,0.000000,0.000000,0.333333,0.000000,0.000000,0.000000,0.000000,0.333333,3.690447,5.275686,4.171454
2023-12-28,-0.000420,0.000000,-0.000420,0.000378,-0.000071,0.333333,0.000000,0.000000,0.000000,0.000000,0.333333,0.000000,0.000000,0.000000,0.000000,0.333333,3.688895,5.277679,4.171156
2023-12-29,-0.005081,0.000000,-0.005081,-0.002895,-0.003171,0.333333,0.000000,0.000000,0.000000,0.000000,0.333333,0.000000,0.000000,0.000000,0.000000,0.333333,3.670151,5.262399,4.157929
2024-01-01,0.000000,0.000000,0.000000,0.000000,0.000000,0.333333,0.000000,0.000000,0.000000,0.000000,0.333333,0.000000,0.000000,0.000000,0.000000,0.333333,3.670151,5.262399,4.157929
2024-01-02,-0.013704,0.000000,-0.013704,-0.005596,0.001331,0.333333,0.000000,0.000000,0.000000,0.000000,0.333333,0.000000,0.000000,0.000000,0.000000,0.333333,3.619856,5.232949,4.163463
2024-01-03,-0.011379,0.000000,-0.011379,-0.008166,-0.007407,0.333333,0.000000,0.000000,0.000000,0.000000,0.333333,0.000000,0.000000,0.000000,0.000000,0.333333,3.578667,5.190214,4.132624
2024-01-04,-0.005898,0.000000,-0.005898,-0.003221,-0.003200,0.333333,0.000000,0.000000,0.000000,0.000000,0.333333,0.000000,0.000000,0.000000,0.000000,0.333333,3.557561,5.173495,4.119401
2024-01-05,0.001826,0.000000,0.001826,0.001370,0.001092,0.333333,0.000000,0.000000,0.000000,0.000000,0.333333,0.000000,0.000000,0.000000,0.000000,0.333333,3.564055,5.180581,4.123900
2024-01-08,0.019224,0.000000,0.019224,0.014276,0.009137,0.333333,0.000000,0.000000,0.000000,0.000000,0.333333,0.000000,0.000000,0.000000,0.000000,0.333333,3.632570,5.254539,4.161579
2024-01-09,-0.001388,0.000000,-0.001388,-0.001517,-0.004888,0.333333,0.000000,0.000000,0.000000,0.000000,0.333333,0.000000,0.000000,0.000000,0.000000,0.333333,3.627528,5.246567,4.141236
2024-01-10,0.008612,0.000000,0.008612,0.005655,0.002294,0.333333,0.000000,0.000000,0.000000,0.000000,0.333333,0.000000,0.000000,0.000000,0.000000,0.333333,3.658767,5.276239,4.150736
2024-01-11,0.000176,0.000000,0.000176,-0.000441,-0.003578,0.333333,0.000000,0.000000,0.000000,0.000000,0.333333,0.000000,0.000000,0.000000,0.000000,0.333333,3.659409,5.273914,4.135883
2024-01-12,-0.001301,0.000000,-0.001301,0.000693,0.001855,0.333333,0.000000,0.000000,0.000000,0.000000,0.333333,0.000000,0.000000,0.000000,0.000000,0.333333,3.654648,5.277567,4.143557
2024-01-15,0.000000,0.000000,0.000000,0.000000,0.000000,0.333333,0.000000,0.000000,0.000000,0.000000,0.333333,0.000000,0.000000,0.000000,0.000000,0.333333,3.654648,5.277567,4.143557
2024-01-16,-0.001448,0.000000,-0.001448,-0.003671,-0.007737,0.333333,0.000000,0.000000,0.000000,0.000000,0.333333,0.000000,0.000000,0.000000,0.000000,0.333333,3.649357,5.258192,4.111498
2024-01-17,-0.006603,0.000000,-0.006603,-0.005559,-0.007233,0.333333,0.000000,0.000000,0.000000,0.000000,0.333333,0.000000,0.000000,0.000000,0.000000,0.333333,3.625261,5.228964,4.081760
2024-01-18,0.012725,0.000000,0.012725,0.008893,0.003299,0.333333,0.000000,0.000000,0.000000,0.000000,0.333333,0.000000,0.000000,0.000000,0.000000,0.333333,3.671394,5.275464,4.095227
2024-01-19,0.015412,0.000000,0.015412,0.012466,0.007189,0.333333,0.000000,0.000000,0.000000,0.000000,0.333333,0.000000,0.000000,0.000000,0.000000,0.333333,3.727977,5.341229,4.124668
2024-01-22,0.000666,0.000000,0.000666,0.002114,0.001839,0.333333,0.000000,0.000000,0.000000,0.000000,0.333333,0.000000,0.000000,0.000000,0.000000,0.333333,3.730460,5.352521,4.132252
2024-01-23,0.003829,0.000000,0.003829,0.002917,0.002203,0.333333,0.000000,0.000000,0.000000,0.000000,0.333333,0.000000,0.000000,0.000000,0.000000,0.333333,3.744743,5.368133,4.141354
2024-01-24,0.003098,0.000000,0.003098,0.001093,-0.003729,0.333333,0.000000,0.000000,0.000000,0.000000,0.333333,0.000000,0.000000,0.000000,0.000000,0.333333,3.756343,5.374001,4.125911
2024-01-25,0.002697,0.000000,0.002697,0.005439,0.008678,0.333333,0.000000,0.000000,0.000000,0.000000,0.333333,0.000000,0.000000,0.000000,0.000000,0.333333,3.766473,5.403229,4.161713
2024-01-26,-0.001240,0.000000,-0.001240,-0.001270,0.001382,0.333333,0.000000,0.000000,0.000000,0.000000,0.333333,0.000000,0.000000,0.000000,0.000000,0.333333,3.761801,5.396365,4.167466
2024-01-29,0.010719,0.000000,0.010719,0.007919,0.006480,0.333333,0.000000,0.000000,0.000000,0.000000,0.333333,0.000000,0.000000,0.000000,0.000000,0.333333,3.802125,5.439100,4.194471
2024-01-30,-0.005197,0.000000,-0.005197,-0.000773,0.000965,0.333333,0.000000,0.000000,0.000000,0.000000,0.333333,0.000000,0.000000,0.000000,0.000000,0.333333,3.782364,5.434893,4.198517
2024-01-31,-0.021295,0.000000,-0.021295,-0.016317,-0.012506,0.333333,0.000000,0.000000,0.000000,0.000000,0.333333,0.000000,0.000000,0.000000,0.000000,0.333333,3.701817,5.346210,4.146009
2024-02-01,0.014041,0.000000,0.014041,0.013088,0.013385,0.333333,0.000000,0.000000,0.000000,0.000000,0.333333,0.000000,0.000000,0.000000,0.000000,0.333333,3.753796,5.416183,4.201503
2024-02-02,0.022790,0.000000,0.022790,0.010527,0.003582,0.333333,0.000000,0.000000,0.000000,0.000000,0.333333,0.000000,0.000000,0.000000,0.000000,0.333333,3.839346,5.473201,4.216551
2024-02-05,-0.008623,0.000000,-0.008623,-0.003641,-0.009899,0.333333,0.000000,0.000000,0.000000,0.000000,0.333333,0.000000,0.000000,0.000000,0.000000,0.333333,3.806238,5.453272,4.174812
2024-02-06,-0.000526,0.000000,-0.000526,0.002903,0.005670,0.333333,0.000000,0.000000,0.000000,0.000000,0.333333,0.000000,0.000000,0.000000,0.000000,0.333333,3.804237,5.469105,4.198484
2024-02-07,0.009846,0.000000,0.009846,0.008340,0.005053,0.333333,0.000000,0.000000,0.000000,0.000000,0.333333,0.000000,0.000000,0.000000,0.000000,0.333333,3.841692,5.514719,4.219700
2024-02-08,0.003775,0.000000,0.003775,0.000442,0.001182,0.333333,0.000000,0.000000,0.000000,0.000000,0.333333,0.000000,0.000000,0.000000,0.000000,0.333333,3.856194,5.517155,4.224688
2024-02-09,0.007235,0.000000,0.007235,0.005779,0.000849,0.333333,0.000000,0.000000,0.000000,0.000000,0.333333,0.000000,0.000000,0.000000,0.000000,0.333333,3.884094,5.549041,4.228274
2024-02-12,-0.001759,0.000000,-0.001759,-0.000439,0.003335,0.333333,0.000000,0.000000,0.000000,0.000000,0.333333,0.000000,0.000000,0.000000,0.000000,0.333333,3.877260,5.546605,4.242375
2024-02-13,-0.016996,0.000000,-0.016996,-0.013773,-0.013979,0.333333,0.000000,0.000000,0.000000,0.000000,0.333333,0.000000,0.000000,0.000000,0.000000,0.333333,3.811363,5.470211,4.183069
2024-02-14,0.012326,0.000000,0.012326,0.009088,0.007967,0.333333,0.000000,0.000000,0.000000,0.000000,0.333333,0.000000,0.000000,0.000000,0.000000,0.333333,3.858342,5.519922,4.216395
2024-02-15,0.005881,0.000000,0.005881,0.006900,0.013048,0.333333,0.000000,0.000000,0.000000,0.000000,0.333333,0.000000,0.000000,0.000000,0.000000,0.333333,3.881033,5.558009,4.271411
2024-02-16,-0.010241,0.000000,-0.010241,-0.004980,-0.003838,0.333333,0.000000,0.000000,0.000000,0.000000,0.333333,0.000000,0.000000,0.000000,0.000000,0.333333,3.841287,5.530330,4.255018
2024-02-19,0.000000,0.000000,0.000000,0.000000,0.000000,0.333333,0.000000,0.000000,0.000000,0.000000,0.333333,0.000000,0.000000,0.000000,0.000000,0.333333,3.841287,5.530330,4.255018
2024-02-20,-0.007043,0.000000,-0.007043,-0.005505,-0.003031,0.333333,0.000000,0.000000,0.000000,0.000000,0.333333,0.000000,0.000000,0.000000,0.000000,0.333333,3.814233,5.499884,4.242120
2024-02-21,-0.000013,0.000000,-0.000013,0.000906,0.005243,0.333333,0.000000,0.000000,0.000000,0.000000,0.333333,0.000000,0.000000,0.000000,0.000000,0.333333,3.814184,5.504865,4.264362
2024-02-22,0.022378,0.000000,0.022378,0.020696,0.010236,0.333333,0.000000,0.000000,0.000000,0.000000,0.333333,0.000000,0.000000,0.000000,0.000000,0.333333,3.899537,5.618791,4.308013
2024-02-23,-0.003113,0.000000,-0.003113,0.000690,0.001502,0.333333,0.000000,0.000000,0.000000,0.000000,0.333333,0.000000,0.000000,0.000000,0.000000,0.333333,3.887399,5.622666,4.314485
2024-02-26,-0.003496,0.000000,-0.003496,-0.003663,-0.005423,0.333333,0.000000,0.000000,0.000000,0.000000,0.333333,0.000000,0.000000,0.000000,0.000000,0.333333,3.873809,5.602073,4.291088
2024-02-27,0.004107,0.000000,0.004107,0.001858,0.003035,0.333333,0.000000,0.000000,0.000000,0.000000,0.333333,0.000000,0.000000,0.000000,0.000000,0.333333,3.889720,5.612480,4.304112
2024-02-28,-0.002529,0.000000,-0.002529,-0.001322,0.001150,0.333333,0.000000,0.000000,0.000000,0.000000,0.333333,0.000000,0.000000,0.000000,0.000000,0.333333,3.879881,5.605063,4.309062
2024-02-29,0.008936,0.000000,0.008936,0.003595,0.003675,0.333333,0.000000,0.000000,0.000000,0.000000,0.333333,0.000000,0.000000,0.000000,0.000000,0.333333,3.914551,5.625213,4.324898
2024-03-01,0.009962,0.000000,0.009962,0.009388,0.005875,0.333333,0.000000,0.000000,0.000000,0.000000,0.333333,0.000000,0.000000,0.000000,0.000000,0.333333,3.953549,5.678023,4.350308
2024-03-04,-0.008878,0.000000,-0.008878,-0.001072,0.000328,0.333333,0.000000,0.000000,0.000000,0.000000,0.333333,0.000000,0.000000,0.000000,0.000000,0.333333,3.918449,5.671935,4.351734
2024-03-05,-0.015040,0.000000,-0.015040,-0.009994,-0.006511,0.333333,0.000000,0.000000,0.000000,0.000000,0.333333,0.000000,0.000000,0.000000,0.000000,0.333333,3.859517,5.615248,4.323401
2024-03-06,0.001928,0.000000,0.001928,0.005067,0.005190,0.333333,0.000000,0.000000,0.000000,0.000000,0.333333,0.000000,0.000000,0.000000,0.000000,0.333333,3.866957,5.643702,4.345841
2024-03-07,0.013200,0.000000,0.013200,0.009926,0.007619,0.333333,0.000000,0.000000,0.000000,0.000000,0.333333,0.000000,0.000000,0.000000,0.000000,0.333333,3.917999,5.699723,4.378952
2024-03-08,-0.006693,0.000000,-0.006693,-0.006002,-0.001656,0.333333,0.000000,0.000000,0.000000,0.000000,0.333333,0.000000,0.000000,0.000000,0.000000,0.333333,3.891777,5.665513,4.371699
2024-03-11,-0.002450,0.000000,-0.002450,-0.000860,0.001436,0.333333,0.000000,0.000000,0.000000,0.000000,0.333333,0.000000,0.000000,0.000000,0.000000,0.333333,3.882241,5.660641,4.377977
2024-03-12,0.012645,0.000000,0.012645,0.010757,0.003864,0.333333,0.000000,0.000000,0.000000,0.000000,0.333333,0.000000,0.000000,0.000000,0.000000,0.333333,3.931334,5.721535,4.394891
2024-03-13,-0.003718,0.000000,-0.003718,-0.001568,0.002167,0.333333,0.000000,0.000000,0.000000,0.000000,0.333333,0.000000,0.000000,0.000000,0.000000,0.333333,3.916718,5.712566,4.404415
2024-03-14,-0.002843,0.000000,-0.002843,-0.001977,-0.004470,0.333333,0.000000,0.000000,0.000000,0.000000,0.333333,0.000000,0.000000,0.000000,0.000000,0.333333,3.905583,5.701274,4.384725
2024-03-15,-0.011676,0.000000,-0.011676,-0.006867,-0.003265,0.333333,0.000000,0.000000,0.000000,0.000000,0.333333,0.000000,0.000000,0.000000,0.000000,0.333333,3.859979,5.662126,4.370411
2024-03-18,0.011030,0.000000,0.011030,0.005943,0.005149,0.333333,0.000000,0.000000,0.000000,0.000000,0.333333,0.000000,0.000000,0.000000,0.000000,0.333333,3.902555,5.695776,4.392916
2024-03-19,0.004491,0.000000,0.004491,0.005557,0.005245,0.333333,0.000000,0.000000,0.000000,0.000000,0.333333,0.000000,0.000000,0.000000,0.000000,0.333333,3.920082,5.727429,4.415959
2024-03-20,0.012620,0.000000,0.012620,0.009249,0.006965,0.333333,0.000000,0.000000,0.000000,0.000000,0.333333,0.000000,0.000000,0.000000,0.000000,0.333333,3.969555,5.780403,4.446715
2024-03-21,0.002307,0.000000,0.002307,0.003305,0.003567,0.333333,0.000000,0.000000,0.000000,0.000000,0.333333,0.000000,0.000000,0.000000,0.000000,0.333333,3.978714,5.799506,4.462576
2024-03-22,-0.002106,0.000000,-0.002106,-0.001896,-0.004196,0.333333,0.000000,0.000000,0.000000,0.000000,0.333333,0.000000,0.000000,0.000000,0.000000,0.333333,3.970333,5.788511,4.443851
2024-03-25,-0.004443,0.000000,-0.004443,-0.002763,-0.001578,0.333333,0.000000,0.000000,0.000000,0.000000,0.333333,0.000000,0.000000,0.000000,0.000000,0.333333,3.952695,5.772518,4.436837
2024-03-26,-0.001649,0.000000,-0.001649,-0.001847,-0.002274,0.333333,0.000000,0.000000,0.000000,0.000000,0.333333,0.000000,0.000000,0.000000,0.000000,0.333333,3.946178,5.761857,4.426747
2024-03-27,0.007279,0.000000,0.007279,0.008404,0.013670,0.333333,0.000000,0.000000,0.000000,0.000000,0.333333,0.000000,0.000000,0.000000,0.000000,0.333333,3.974902,5.810278,4.487259
2024-03-28,-0.002279,0.000000,-0.002279,-0.000191,0.002458,0.333333,0.000000,0.000000,0.000000,0.000000,0.333333,0.000000,0.000000,0.000000,0.000000,0.333333,3.965845,5.809168,4.498289
2024-03-29,0.000000,0.000000,0.000000,0.000000,0.000000,0.333333,0.000000,0.000000,0.000000,0.000000,0.333333,0.000000,0.000000,0.000000,0.000000,0.333333,3.965845,5.809168,4.498289
2024-04-01,0.001017,0.000000,0.001017,-0.001740,-0.004103,0.333333,0.000000,0.000000,0.000000,0.000000,0.333333,0.000000,0.000000,0.000000,0.000000,0.333333,3.969877,5.799061,4.479833
2024-04-02,-0.008647,0.000000,-0.008647,-0.006358,-0.005056,0.333333,0.000000,0.000000,0.000000,0.000000,0.333333,0.000000,0.000000,0.000000,0.000000,0.333333,3.935548,5.762190,4.457182
2024-04-03,0.003764,0.000000,0.003764,0.001099,0.001198,0.333333,0.000000,0.000000,0.000000,0.000000,0.333333,0.000000,0.000000,0.000000,0.000000,0.333333,3.950363,5.768520,4.462522
2024-04-04,-0.013688,0.000000,-0.013688,-0.012206,-0.009129,0.333333,0.000000,0.000000,0.000000,0.000000,0.333333,0.000000,0.000000,0.000000,0.000000,0.333333,3.896289,5.698109,4.421782
2024-04-05,0.009064,0.000000,0.009064,0.010447,0.008212,0.333333,0.000000,0.000000,0.000000,0.000000,0.333333,0.000000,0.000000,0.000000,0.000000,0.333333,3.931604,5.757636,4.458092
2024-04-08,0.002821,0.000000,0.002821,0.000559,0.001453,0.333333,0.000000,0.000000,0.000000,0.000000,0.333333,0.000000,0.000000,0.000000,0.000000,0.333333,3.942697,5.760857,4.464569
2024-04-09,0.003614,0.000000,0.003614,0.001157,0.002912,0.333333,0.000000,0.000000,0.000000,0.000000,0.333333,0.000000,0.000000,0.000000,0.000000,0.333333,3.956945,5.767521,4.477569
2024-04-10,-0.011853,0.000000,-0.011853,-0.010013,-0.013191,0.333333,0.000000,0.000000,0.000000,0.000000,0.333333,0.000000,0.000000,0.000000,0.000000,0.333333,3.910043,5.709770,4.418505
2024-04-11,0.012275,0.000000,0.012275,0.007547,0.001993,0.333333,0.000000,0.000000,0.000000,0.000000,0.333333,0.000000,0.000000,0.000000,0.000000,0.333333,3.958041,5.752861,4.427311
2024-04-12,-0.016285,0.000000,-0.016285,-0.013803,-0.013616,0.333333,0.000000,0.000000,0.000000,0.000000,0.333333,0.000000,0.000000,0.000000,0.000000,0.333333,3.893585,5.673454,4.367028
2024-04-15,-0.016102,0.000000,-0.016102,-0.012528,-0.009759,0.333333,0.000000,0.000000,0.000000,0.000000,0.333333,0.000000,0.000000,0.000000,0.000000,0.333333,3.830890,5.602377,4.324409
2024-04-16,-0.002619,0.000000,-0.002619,-0.001824,-0.005554,0.333333,0.000000,0.000000,0.000000,0.000000,0.333333,0.000000,0.000000,0.000000,0.000000,0.333333,3.820859,5.592159,4.300393
2024-04-17,-0.006716,0.000000,-0.006716,-0.005918,-0.000809,0.333333,0.000000,0.000000,0.000000,0.000000,0.333333,0.000000,0.000000,0.000000,0.000000,0.333333,3.795197,5.559063,4.296914
2024-04-18,-0.004249,0.000000,-0.004249,-0.002058,-0.000452,0.333333,0.000000,0.000000,0.000000,0.000000,0.333333,0.000000,0.000000,0.000000,0.000000,0.333333,3.779071,5.547624,4.294972
2024-04-19,-0.013438,0.000000,-0.013438,-0.008728,0.001430,0.333333,0.000000,0.000000,0.000000,0.000000,0.333333,0.000000,0.000000,0.000000,0.000000,0.333333,3.728289,5.499202,4.301114
2024-04-22,0.004912,0.000000,0.004912,0.009209,0.006597,0.333333,0.000000,0.000000,0.000000,0.000000,0.333333,0.000000,0.000000,0.000000,0.000000,0.333333,3.746602,5.549845,4.329489
2024-04-23,0.013979,0.000000,0.013979,0.011867,0.008071,0.333333,0.000000,0.000000,0.000000,0.000000,0.333333,0.000000,0.000000,0.000000,0.000000,0.333333,3.798976,5.615703,4.364432
2024-04-24,0.004916,0.000000,0.004916,-0.000475,0.002024,0.333333,0.000000,0.000000,0.000000,0.000000,0.333333,0.000000,0.000000,0.000000,0.000000,0.333333,3.817650,5.613037,4.373266
2024-04-25,-0.012312,0.000000,-0.012312,-0.003799,-0.003647,0.333333,0.000000,0.000000,0.000000,0.000000,0.333333,0.000000,0.000000,0.000000,0.000000,0.333333,3.770647,5.591715,4.357318
2024-04-26,0.015956,0.000000,0.015956,0.009474,0.003009,0.333333,0.000000,0.000000,0.000000,0.000000,0.333333,0.000000,0.000000,0.000000,0.000000,0.333333,3.830813,5.644690,4.370427
2024-04-29,0.005315,0.000000,0.005315,0.003541,0.006155,0.333333,0.000000,0.000000,0.000000,0.000000,0.333333,0.000000,0.000000,0.000000,0.000000,0.333333,3.851174,5.664680,4.397326
2024-04-30,-0.021009,0.000000,-0.021009,-0.015841,-0.015035,0.333333,0.000000,0.000000,0.000000,0.000000,0.333333,0.000000,0.000000,0.000000,0.000000,0.333333,3.770263,5.574945,4.331214
2024-05-01,-0.000331,0.000167,-0.000498,-0.003247,-0.001178,0.333333,0.333333,0.000000,0.000000,0.000000,0.000000,0.000000,0.000000,0.000000,0.000000,0.333333,3.768386,5.556842,4.326113
2024-05-02,0.008982,0.000000,0.008982,0.009353,0.006664,0.333333,0.333333,0.000000,0.000000,0.000000,0.000000,0.000000,0.000000,0.000000,0.000000,0.333333,3.802232,5.608818,4.354941
2024-05-03,0.013556,0.000000,0.013556,0.012395,0.007820,0.333333,0.333333,0.000000,0.000000,0.000000,0.000000,0.000000,0.000000,0.000000,0.000000,0.333333,3.853775,5.678341,4.388997
2024-05-06,0.012721,0.000000,0.012721,0.010327,0.007529,0.333333,0.333333,0.000000,0.000000,0.000000,0.000000,0.000000,0.000000,0.000000,0.000000,0.333333,3.902799,5.736980,4.422042
2024-05-07,0.000415,0.000000,0.000415,0.001103,0.004437,0.333333,0.333333,0.000000,0.000000,0.000000,0.000000,0.000000,0.000000,0.000000,0.000000,0.333333,3.904420,5.743310,4.441665
2024-05-08,0.001627,0.000000,0.001627,0.000097,-0.000904,0.333333,0.333333,0.000000,0.000000,0.000000,0.000000,0.000000,0.000000,0.000000,0.000000,0.333333,3.910774,5.743865,4.437647
2024-05-09,0.004082,0.000000,0.004082,0.005762,0.009978,0.333333,0.333333,0.000000,0.000000,0.000000,0.000000,0.000000,0.000000,0.000000,0.000000,0.333333,3.926740,5.776961,4.481927
2024-05-10,0.003007,0.000000,0.003007,0.001288,0.000283,0.333333,0.333333,0.000000,0.000000,0.000000,0.000000,0.000000,0.000000,0.000000,0.000000,0.333333,3.938547,5.784403,4.483198
2024-05-13,-0.000393,0.000000,-0.000393,0.000134,-0.001015,0.333333,0.333333,0.000000,0.000000,0.000000,0.000000,0.000000,0.000000,0.000000,0.000000,0.333333,3.937000,5.785180,4.478646
2024-05-14,0.006145,0.000000,0.006145,0.004588,0.003374,0.333333,0.333333,0.000000,0.000000,0.000000,0.000000,0.000000,0.000000,0.000000,0.000000,0.333333,3.961192,5.811723,4.493756
2024-05-15,0.012085,0.000000,0.012085,0.012383,0.008709,0.333333,0.333333,0.000000,0.000000,0.000000,0.000000,0.000000,0.000000,0.000000,0.000000,0.333333,4.009064,5.883690,4.532894
2024-05-16,-0.001400,0.000000,-0.001400,-0.002058,-0.001705,0.333333,0.333333,0.000000,0.000000,0.000000,0.000000,0.000000,0.000000,0.000000,0.000000,0.333333,4.003450,5.871583,4.525164
2024-05-17,0.002278,0.000000,0.002278,0.001438,0.003265,0.333333,0.333333,0.000000,0.000000,0.000000,0.000000,0.000000,0.000000,0.000000,0.000000,0.333333,4.012569,5.880025,4.539940
2024-05-20,0.000337,0.000000,0.000337,0.001152,-0.002410,0.333333,0.333333,0.000000,0.000000,0.000000,0.000000,0.000000,0.000000,0.000000,0.000000,0.333333,4.013920,5.886798,4.528999
2024-05-21,0.002249,0.000000,0.002249,0.002452,0.001899,0.333333,0.333333,0.000000,0.000000,0.000000,0.000000,0.000000,0.000000,0.000000,0.000000,0.333333,4.022948,5.901235,4.537600
2024-05-22,-0.000748,0.000000,-0.000748,-0.002879,-0.005724,0.333333,0.333333,0.000000,0.000000,0.000000,0.000000,0.000000,0.000000,0.000000,0.000000,0.333333,4.019937,5.884245,4.511629
2024-05-23,-0.011104,0.000000,-0.011104,-0.007304,-0.012746,0.333333,0.333333,0.000000,0.000000,0.000000,0.000000,0.000000,0.000000,0.000000,0.000000,0.333333,3.975302,5.841265,4.454122
2024-05-24,0.009100,0.000000,0.009100,0.006617,0.005623,0.333333,0.333333,0.000000,0.000000,0.000000,0.000000,0.000000,0.000000,0.000000,0.000000,0.333333,4.011478,5.879913,4.479168
2024-05-27,0.000000,0.000000,0.000000,0.000000,0.000000,0.333333,0.333333,0.000000,0.000000,0.000000,0.000000,0.000000,0.000000,0.000000,0.000000,0.333333,4.011478,5.879913,4.479168
2024-05-28,-0.001713,0.000000,-0.001713,0.000699,-0.003647,0.333333,0.333333,0.000000,0.000000,0.000000,0.000000,0.000000,0.000000,0.000000,0.000000,0.333333,4.004607,5.884021,4.462834
2024-05-29,-0.006552,0.000000,-0.006552,-0.007002,-0.009963,0.333333,0.333333,0.000000,0.000000,0.000000,0.000000,0.000000,0.000000,0.000000,0.000000,0.333333,3.978370,5.842820,4.418371
2024-05-30,-0.006899,0.000000,-0.006899,-0.006634,0.003099,0.333333,0.333333,0.000000,0.000000,0.000000,0.000000,0.000000,0.000000,0.000000,0.000000,0.333333,3.950924,5.804058,4.432063
2024-05-31,0.008958,0.000000,0.008958,0.009108,0.013565,0.333333,0.333333,0.000000,0.000000,0.000000,0.000000,0.000000,0.000000,0.000000,0.000000,0.333333,3.986318,5.856923,4.492185
2024-06-03,-0.009487,0.000167,-0.009654,0.000815,-0.004840,0.000000,0.333333,0.333333,0.000000,0.000000,0.000000,0.000000,0.000000,0.000000,0.000000,0.333333,3.947835,5.861700,4.470444
2024-06-04,-0.003450,0.000000,-0.003450,0.001118,-0.000013,0.000000,0.333333,0.333333,0.000000,0.000000,0.000000,0.000000,0.000000,0.000000,0.000000,0.333333,3.934216,5.868251,4.470385
2024-06-05,0.004986,0.000000,0.004986,0.011885,0.005034,0.000000,0.333333,0.333333,0.000000,0.000000,0.000000,0.000000,0.000000,0.000000,0.000000,0.333333,3.953833,5.937996,4.492889
2024-06-06,0.001778,0.000000,0.001778,-0.000019,0.000185,0.000000,0.333333,0.333333,0.000000,0.000000,0.000000,0.000000,0.000000,0.000000,0.000000,0.333333,3.960862,5.937886,4.493721
2024-06-07,-0.002069,0.000000,-0.002069,-0.001216,-0.003598,0.000000,0.333333,0.333333,0.000000,0.000000,0.000000,0.000000,0.000000,0.000000,0.000000,0.333333,3.952666,5.930667,4.477554
2024-06-10,0.002062,0.000000,0.002062,0.003090,0.003167,0.000000,0.333333,0.333333,0.000000,0.000000,0.000000,0.000000,0.000000,0.000000,0.000000,0.333333,3.960818,5.948992,4.491734
2024-06-11,-0.003823,0.000000,-0.003823,0.002408,-0.001402,0.000000,0.333333,0.333333,0.000000,0.000000,0.000000,0.000000,0.000000,0.000000,0.000000,0.333333,3.945676,5.963317,4.485435
2024-06-12,-0.004607,0.000000,-0.004607,0.008213,0.001600,0.000000,0.333333,0.333333,0.000000,0.000000,0.000000,0.000000,0.000000,0.000000,0.000000,0.333333,3.927497,6.012295,4.492609
2024-06-13,-0.006175,0.000000,-0.006175,0.002014,-0.000805,0.000000,0.333333,0.333333,0.000000,0.000000,0.000000,0.000000,0.000000,0.000000,0.000000,0.333333,3.903244,6.024401,4.488993
2024-06-14,-0.002470,0.000000,-0.002470,0.000608,-0.002820,0.000000,0.333333,0.333333,0.000000,0.000000,0.000000,0.000000,0.000000,0.000000,0.000000,0.333333,3.893605,6.028065,4.476335
2024-06-17,0.005408,0.000000,0.005408,0.007959,0.005424,0.000000,0.333333,0.333333,0.000000,0.000000,0.000000,0.000000,0.000000,0.000000,0.000000,0.333333,3.914660,6.076044,4.500614
2024-06-18,0.001539,0.000000,0.001539,0.002541,0.001247,0.000000,0.333333,0.333333,0.000000,0.000000,0.000000,0.000000,0.000000,0.000000,0.000000,0.333333,3.920684,6.091480,4.506228
2024-06-19,0.000000,0.000000,0.000000,0.000000,0.000000,0.000000,0.333333,0.333333,0.000000,0.000000,0.000000,0.000000,0.000000,0.000000,0.000000,0.333333,3.920684,6.091480,4.506228
2024-06-20,0.009335,0.000000,0.009335,-0.002717,0.002443,0.000000,0.333333,0.333333,0.000000,0.000000,0.000000,0.000000,0.000000,0.000000,0.000000,0.333333,3.957283,6.074932,4.517236
2024-06-21,-0.001033,0.000000,-0.001033,-0.001341,0.000174,0.000000,0.333333,0.333333,0.000000,0.000000,0.000000,0.000000,0.000000,0.000000,0.000000,0.333333,3.953194,6.066787,4.518020
2024-06-24,0.012948,0.000000,0.012948,-0.003251,0.005195,0.000000,0.333333,0.333333,0.000000,0.000000,0.000000,0.000000,0.000000,0.000000,0.000000,0.333333,4.004378,6.047067,4.541490
2024-06-25,0.002008,0.000000,0.002008,0.003851,-0.003089,0.000000,0.333333,0.333333,0.000000,0.000000,0.000000,0.000000,0.000000,0.000000,0.000000,0.333333,4.012418,6.070353,4.527463
2024-06-26,-0.005340,0.000000,-0.005340,0.001248,-0.001562,0.000000,0.333333,0.333333,0.000000,0.000000,0.000000,0.000000,0.000000,0.000000,0.000000,0.333333,3.990992,6.077931,4.520390
2024-06-27,0.002266,0.000000,0.002266,0.001576,0.001498,0.000000,0.333333,0.333333,0.000000,0.000000,0.000000,0.000000,0.000000,0.000000,0.000000,0.333333,4.000038,6.087511,4.527161
2024-06-28,-0.000622,0.000000,-0.000622,-0.003935,-0.001975,0.000000,0.333333,0.333333,0.000000,0.000000,0.000000,0.000000,0.000000,0.000000,0.000000,0.333333,3.997550,6.063556,4.518222
2024-07-01,-0.000488,0.000000,-0.000488,0.002058,-0.004170,0.000000,0.333333,0.333333,0.000000,0.000000,0.000000,0.000000,0.000000,0.000000,0.000000,0.333333,3.995597,6.076037,4.499383
2024-07-02,0.006598,0.000000,0.006598,0.006730,0.005841,0.000000,0.333333,0.333333,0.000000,0.000000,0.000000,0.000000,0.000000,0.000000,0.000000,0.333333,4.021959,6.116927,4.525664
2024-07-03,0.000540,0.000000,0.000540,0.004462,0.002568,0.000000,0.333333,0.333333,0.000000,0.000000,0.000000,0.000000,0.000000,0.000000,0.000000,0.333333,4.024129,6.144223,4.537284
2024-07-04,0.000000,0.000000,0.000000,0.000000,0.000000,0.000000,0.333333,0.333333,0.000000,0.000000,0.000000,0.000000,0.000000,0.000000,0.000000,0.333333,4.024129,6.144223,4.537284
2024-07-05,0.001178,0.000000,0.001178,0.005766,0.003471,0.000000,0.333333,0.333333,0.000000,0.000000,0.000000,0.000000,0.000000,0.000000,0.000000,0.333333,4.028870,6.179654,4.553034
2024-07-08,-0.005918,0.000000,-0.005918,0.001154,-0.000504,0.000000,0.333333,0.333333,0.000000,0.000000,0.000000,0.000000,0.000000,0.000000,0.000000,0.333333,4.005027,6.186786,4.550740
2024-07-09,0.000669,0.000000,0.000669,0.000972,-0.000420,0.000000,0.333333,0.333333,0.000000,0.000000,0.000000,0.000000,0.000000,0.000000,0.000000,0.333333,4.007705,6.192801,4.548831
2024-07-10,0.005632,0.000000,0.005632,0.009895,0.008329,0.000000,0.333333,0.333333,0.000000,0.000000,0.000000,0.000000,0.000000,0.000000,0.000000,0.333333,4.030278,6.254080,4.586719
2024-07-11,0.001538,0.000000,0.001538,-0.008623,0.003772,0.000000,0.333333,0.333333,0.000000,0.000000,0.000000,0.000000,0.000000,0.000000,0.000000,0.333333,4.036474,6.200154,4.604020
2024-07-12,0.000876,0.000000,0.000876,0.006308,0.005935,0.000000,0.333333,0.333333,0.000000,0.000000,0.000000,0.000000,0.000000,0.000000,0.000000,0.333333,4.040010,6.239262,4.631343
2024-07-15,0.011119,0.000000,0.011119,0.002750,0.000844,0.000000,0.333333,0.333333,0.000000,0.000000,0.000000,0.000000,0.000000,0.000000,0.000000,0.333333,4.084930,6.256419,4.635253
2024-07-16,0.006171,0.000000,0.006171,0.005930,0.010779,0.000000,0.333333,0.333333,0.000000,0.000000,0.000000,0.000000,0.000000,0.000000,0.000000,0.333333,4.110137,6.293522,4.685215
2024-07-17,0.000824,0.000000,0.000824,-0.014021,-0.003738,0.000000,0.333333,0.333333,0.000000,0.000000,0.000000,0.000000,0.000000,0.000000,0.000000,0.333333,4.113524,6.205281,4.667700
2024-07-18,-0.003619,0.000000,-0.003619,-0.007685,-0.006866,0.000000,0.333333,0.333333,0.000000,0.000000,0.000000,0.000000,0.000000,0.000000,0.000000,0.333333,4.098639,6.157592,4.635652
2024-07-19,-0.008510,0.000000,-0.008510,-0.006640,-0.005710,0.000000,0.333333,0.333333,0.000000,0.000000,0.000000,0.000000,0.000000,0.000000,0.000000,0.333333,4.063758,6.116703,4.609183
2024-07-22,0.001184,0.000000,0.001184,0.010310,0.006948,0.000000,0.333333,0.333333,0.000000,0.000000,0.000000,0.000000,0.000000,0.000000,0.000000,0.333333,4.068569,6.179766,4.641208
2024-07-23,-0.005151,0.000000,-0.005151,-0.001569,-0.003087,0.000000,0.333333,0.333333,0.000000,0.000000,0.000000,0.000000,0.000000,0.000000,0.000000,0.333333,4.047612,6.170072,4.626882
2024-07-24,-0.013228,0.000000,-0.013228,-0.022663,-0.013754,0.000000,0.333333,0.333333,0.000000,0.000000,0.000000,0.000000,0.000000,0.000000,0.000000,0.333333,3.994070,6.030243,4.563244
2024-07-25,0.003159,0.000000,0.003159,-0.005210,-0.001294,0.000000,0.333333,0.333333,0.000000,0.000000,0.000000,0.000000,0.000000,0.000000,0.000000,0.333333,4.006686,5.998823,4.557337
2024-07-26,0.012525,0.000000,0.012525,0.011200,0.012472,0.000000,0.333333,0.333333,0.000000,0.000000,0.000000,0.000000,0.000000,0.000000,0.000000,0.333333,4.056870,6.066007,4.614178
2024-07-29,-0.000370,0.000000,-0.000370,0.000588,0.002093,0.000000,0.333333,0.333333,0.000000,0.000000,0.000000,0.000000,0.000000,0.000000,0.000000,0.333333,4.055369,6.069574,4.623837
2024-07-30,0.010366,0.000000,0.010366,-0.005067,0.000608,0.000000,0.333333,0.333333,0.000000,0.000000,0.000000,0.000000,0.000000,0.000000,0.000000,0.333333,4.097405,6.038822,4.626649
2024-07-31,0.004535,0.000000,0.004535,0.016255,0.008916,0.000000,0.333333,0.333333,0.000000,0.000000,0.000000,0.000000,0.000000,0.000000,0.000000,0.333333,4.115989,6.136981,4.667901
2024-08-01,-0.015796,0.000167,-0.015963,-0.014161,-0.006179,0.333333,0.333333,0.000000,0.000000,0.000000,0.000000,0.000000,0.000000,0.000000,0.000000,0.333333,4.050285,6.050075,4.639059
2024-08-02,-0.022980,0.000000,-0.022980,-0.018618,-0.014840,0.333333,0.333333,0.000000,0.000000,0.000000,0.000000,0.000000,0.000000,0.000000,0.000000,0.333333,3.957209,5.937434,4.570217
2024-08-05,-0.030332,0.000000,-0.030332,-0.029124,-0.025701,0.333333,0.333333,0.000000,0.000000,0.000000,0.000000,0.000000,0.000000,0.000000,0.000000,0.333333,3.837179,5.764513,4.452757
2024-08-06,0.013846,0.000000,0.013846,0.009219,0.010728,0.333333,0.333333,0.000000,0.000000,0.000000,0.000000,0.000000,0.000000,0.000000,0.000000,0.333333,3.890309,5.817659,4.500527
2024-08-07,-0.006760,0.000000,-0.006760,-0.006684,-0.005713,0.333333,0.333333,0.000000,0.000000,0.000000,0.000000,0.000000,0.000000,0.000000,0.000000,0.333333,3.864009,5.778774,4.474815
2024-08-08,0.024463,0.000000,0.024463,0.023117,0.017820,0.333333,0.333333,0.000000,0.000000,0.000000,0.000000,0.000000,0.000000,0.000000,0.000000,0.333333,3.958536,5.912362,4.554555
2024-08-09,0.005760,0.000000,0.005760,0.004410,0.003378,0.333333,0.333333,0.000000,0.000000,0.000000,0.000000,0.000000,0.000000,0.000000,0.000000,0.333333,3.981336,5.938435,4.569943
2024-08-12,-0.001314,0.000000,-0.001314,0.000525,-0.002320,0.333333,0.333333,0.000000,0.000000,0.000000,0.000000,0.000000,0.000000,0.000000,0.000000,0.333333,3.976104,5.941555,4.559341
2024-08-13,0.017341,0.000000,0.017341,0.016445,0.010671,0.333333,0.333333,0.000000,0.000000,0.000000,0.000000,0.000000,0.000000,0.000000,0.000000,0.333333,4.045054,6.039267,4.607993
2024-08-14,0.003995,0.000000,0.003995,0.003155,0.002510,0.333333,0.333333,0.000000,0.000000,0.000000,0.000000,0.000000,0.000000,0.000000,0.000000,0.333333,4.061215,6.058321,4.619558
2024-08-15,0.015697,0.000000,0.015697,0.017140,0.012168,0.333333,0.333333,0.000000,0.000000,0.000000,0.000000,0.000000,0.000000,0.000000,0.000000,0.333333,4.124963,6.162161,4.675768
2024-08-16,0.004021,0.000000,0.004021,0.002242,0.001898,0.333333,0.333333,0.000000,0.000000,0.000000,0.000000,0.000000,0.000000,0.000000,0.000000,0.333333,4.141549,6.175977,4.684641
2024-08-19,0.011110,0.000000,0.011110,0.009561,0.007742,0.333333,0.333333,0.000000,0.000000,0.000000,0.000000,0.000000,0.000000,0.000000,0.000000,0.333333,4.187561,6.235028,4.720911
2024-08-20,-0.002460,0.000000,-0.002460,-0.001626,-0.003020,0.333333,0.333333,0.000000,0.000000,0.000000,0.000000,0.000000,0.000000,0.000000,0.000000,0.333333,4.177261,6.224889,4.706655
2024-08-21,0.002845,0.000000,0.002845,0.003436,0.005386,0.333333,0.333333,0.000000,0.000000,0.000000,0.000000,0.000000,0.000000,0.000000,0.000000,0.333333,4.189145,6.246281,4.732004
2024-08-22,-0.008279,0.000000,-0.008279,-0.007848,-0.003519,0.333333,0.333333,0.000000,0.000000,0.000000,0.000000,0.000000,0.000000,0.000000,0.000000,0.333333,4.154461,6.197258,4.715350
2024-08-23,0.010615,0.000000,0.010615,0.010625,0.010775,0.333333,0.333333,0.000000,0.000000,0.000000,0.000000,0.000000,0.000000,0.000000,0.000000,0.333333,4.198562,6.263106,4.766159
2024-08-26,-0.002370,0.000000,-0.002370,-0.002384,0.000891,0.333333,0.333333,0.000000,0.000000,0.000000,0.000000,0.000000,0.000000,0.000000,0.000000,0.333333,4.188611,6.248175,4.770403
2024-08-27,0.002980,0.000000,0.002980,0.001373,-0.000334,0.333333,0.333333,0.000000,0.000000,0.000000,0.000000,0.000000,0.000000,0.000000,0.000000,0.333333,4.201092,6.256755,4.768808
2024-08-28,-0.005991,0.000000,-0.005991,-0.005805,-0.004124,0.333333,0.333333,0.000000,0.000000,0.000000,0.000000,0.000000,0.000000,0.000000,0.000000,0.333333,4.175925,6.220432,4.749142
2024-08-29,-0.000729,0.000000,-0.000729,0.000090,0.002113,0.333333,0.333333,0.000000,0.000000,0.000000,0.000000,0.000000,0.000000,0.000000,0.000000,0.333333,4.172879,6.220989,4.759175
2024-08-30,0.009823,0.000000,0.009823,0.009546,0.009276,0.333333,0.333333,0.000000,0.000000,0.000000,0.000000,0.000000,0.000000,0.000000,0.000000,0.333333,4.213868,6.280375,4.803320
2024-09-02,0.000000,0.000000,0.000000,0.000000,0.000000,0.333333,0.333333,0.000000,0.000000,0.000000,0.000000,0.000000,0.000000,0.000000,0.000000,0.333333,4.213868,6.280375,4.803320
2024-09-03,-0.023896,0.000000,-0.023896,-0.020579,-0.013559,0.333333,0.333333,0.000000,0.000000,0.000000,0.000000,0.000000,0.000000,0.000000,0.000000,0.333333,4.113174,6.151130,4.738192
2024-09-04,-0.002084,0.000000,-0.002084,-0.002047,-0.000617,0.333333,0.333333,0.000000,0.000000,0.000000,0.000000,0.000000,0.000000,0.000000,0.000000,0.333333,4.104604,6.138541,4.735269
2024-09-05,-0.003199,0.000000,-0.003199,-0.002432,-0.004388,0.333333,0.333333,0.000000,0.000000,0.000000,0.000000,0.000000,0.000000,0.000000,0.000000,0.333333,4.091473,6.123611,4.714489
2024-09-06,-0.020514,0.000000,-0.020514,-0.016830,-0.012464,0.333333,0.333333,0.000000,0.000000,0.000000,0.000000,0.000000,0.000000,0.000000,0.000000,0.333333,4.007541,6.020548,4.655726
2024-09-09,0.011859,0.000000,0.011859,0.011196,0.010833,0.333333,0.333333,0.000000,0.000000,0.000000,0.000000,0.000000,0.000000,0.000000,0.000000,0.333333,4.055068,6.087957,4.706164
2024-09-10,0.001495,0.000000,0.001495,0.004356,0.002510,0.333333,0.333333,0.000000,0.000000,0.000000,0.000000,0.000000,0.000000,0.000000,0.000000,0.333333,4.061132,6.114473,4.717974
2024-09-11,0.011191,0.000000,0.011191,0.010259,0.002424,0.333333,0.333333,0.000000,0.000000,0.000000,0.000000,0.000000,0.000000,0.000000,0.000000,0.333333,4.106580,6.177202,4.729412
2024-09-12,0.009747,0.000000,0.009747,0.008423,0.007292,0.333333,0.333333,0.000000,0.000000,0.000000,0.000000,0.000000,0.000000,0.000000,0.000000,0.333333,4.146605,6.229235,4.763899
2024-09-13,0.005864,0.000000,0.005864,0.005223,0.007231,0.333333,0.333333,0.000000,0.000000,0.000000,0.000000,0.000000,0.000000,0.000000,0.000000,0.333333,4.170919,6.261767,4.798344
2024-09-16,0.006565,0.000000,0.006565,0.001477,0.005968,0.333333,0.333333,0.000000,0.000000,0.000000,0.000000,0.000000,0.000000,0.000000,0.000000,0.333333,4.198303,6.271016,4.826980
2024-09-17,0.001121,0.000000,0.001121,0.000409,0.000082,0.333333,0.333333,0.000000,0.000000,0.000000,0.000000,0.000000,0.000000,0.000000,0.000000,0.333333,4.203011,6.273579,4.827374
2024-09-18,-0.004337,0.000000,-0.004337,-0.002966,-0.003102,0.333333,0.333333,0.000000,0.000000,0.000000,0.000000,0.000000,0.000000,0.000000,0.000000,0.333333,4.184782,6.254973,4.812399
2024-09-19,0.018111,0.000000,0.018111,0.017064,0.010070,0.333333,0.333333,0.000000,0.000000,0.000000,0.000000,0.000000,0.000000,0.000000,0.000000,0.333333,4.260571,6.361710,4.860861
2024-09-20,-0.001844,0.000000,-0.001844,-0.001729,0.000110,0.333333,0.333333,0.000000,0.000000,0.000000,0.000000,0.000000,0.000000,0.000000,0.000000,0.333333,4.252716,6.350713,4.861395
2024-09-23,0.000284,0.000000,0.000284,0.002499,0.005966,0.333333,0.333333,0.000000,0.000000,0.000000,0.000000,0.000000,0.000000,0.000000,0.000000,0.333333,4.253924,6.366582,4.890397
2024-09-24,0.001070,0.000000,0.001070,0.002861,0.001712,0.333333,0.333333,0.000000,0.000000,0.000000,0.000000,0.000000,0.000000,0.000000,0.000000,0.333333,4.258475,6.384799,4.898767
2024-09-25,-0.002089,0.000000,-0.002089,-0.002205,-0.004730,0.333333,0.333333,0.000000,0.000000,0.000000,0.000000,0.000000,0.000000,0.000000,0.000000,0.333333,4.249579,6.370717,4.875594
2024-09-26,0.008000,0.000000,0.008000,0.003965,0.002116,0.333333,0.333333,0.000000,0.000000,0.000000,0.000000,0.000000,0.000000,0.000000,0.000000,0.333333,4.283574,6.395975,4.885912
2024-09-27,-0.000136,0.000000,-0.000136,-0.001450,0.003062,0.333333,0.333333,0.000000,0.000000,0.000000,0.000000,0.000000,0.000000,0.000000,0.000000,0.333333,4.282993,6.386699,4.900871
2024-09-30,0.003677,0.000000,0.003677,0.004007,0.003090,0.333333,0.333333,0.000000,0.000000,0.000000,0.000000,0.000000,0.000000,0.000000,0.000000,0.333333,4.298740,6.412291,4.916014
2024-10-01,-0.001098,0.000333,-0.001431,-0.008958,-0.001705,0.000000,0.333333,0.000000,0.000000,0.000000,0.000000,0.000000,0.333333,0.000000,0.333333,0.000000,4.292589,6.354848,4.907634
2024-10-02,-0.000668,0.000000,-0.000668,0.000422,-0.001100,0.000000,0.333333,0.000000,0.000000,0.000000,0.000000,0.000000,0.333333,0.000000,0.333333,0.000000,4.289722,6.357530,4.902235
2024-10-03,-0.005135,0.000000,-0.005135,-0.001828,-0.003984,0.000000,0.333333,0.000000,0.000000,0.000000,0.000000,0.000000,0.333333,0.000000,0.333333,0.000000,4.267693,6.345907,4.882704
2024-10-04,0.002905,0.000000,0.002905,0.009087,0.006317,0.000000,0.333333,0.000000,0.000000,0.000000,0.000000,0.000000,0.333333,0.000000,0.333333,0.000000,4.280090,6.403575,4.913549
2024-10-07,-0.014206,0.000000,-0.014206,-0.009040,-0.008606,0.000000,0.333333,0.000000,0.000000,0.000000,0.000000,0.000000,0.333333,0.000000,0.333333,0.000000,4.219286,6.345684,4.871265
2024-10-08,0.003093,0.000000,0.003093,0.009458,0.002581,0.000000,0.333333,0.000000,0.000000,0.000000,0.000000,0.000000,0.333333,0.000000,0.333333,0.000000,4.232337,6.405699,4.883837
2024-10-09,0.000389,0.000000,0.000389,0.006926,0.005220,0.000000,0.333333,0.000000,0.000000,0.000000,0.000000,0.000000,0.333333,0.000000,0.333333,0.000000,4.233983,6.450067,4.909333
2024-10-10,-0.004803,0.000000,-0.004803,-0.001750,-0.002835,0.000000,0.333333,0.000000,0.000000,0.000000,0.000000,0.000000,0.333333,0.000000,0.333333,0.000000,4.213647,6.438779,4.895415
2024-10-11,0.012768,0.000000,0.012768,0.005988,0.007829,0.000000,0.333333,0.000000,0.000000,0.000000,0.000000,0.000000,0.333333,0.000000,0.333333,0.000000,4.267447,6.477335,4.933741
2024-10-14,0.008587,0.000000,0.008587,0.008179,0.006244,0.000000,0.333333,0.000000,0.000000,0.000000,0.000000,0.000000,0.333333,0.000000,0.333333,0.000000,4.304091,6.530310,4.964549
2024-10-15,0.006400,0.000000,0.006400,-0.007770,-0.004111,0.000000,0.333333,0.000000,0.000000,0.000000,0.000000,0.000000,0.333333,0.000000,0.333333,0.000000,4.331638,6.479571,4.944138
2024-10-16,0.014051,0.000000,0.014051,0.004346,0.006569,0.000000,0.333333,0.000000,0.000000,0.000000,0.000000,0.000000,0.333333,0.000000,0.333333,0.000000,4.392500,6.507734,4.976615
2024-10-17,-0.004209,0.000000,-0.004209,0.000086,-0.002006,0.000000,0.333333,0.000000,0.000000,0.000000,0.000000,0.000000,0.333333,0.000000,0.333333,0.000000,4.374013,6.508294,4.966634
2024-10-18,0.004319,0.000000,0.004319,0.003846,0.003511,0.000000,0.333333,0.000000,0.000000,0.000000,0.000000,0.000000,0.333333,0.000000,0.333333,0.000000,4.392903,6.533327,4.984071
2024-10-21,-0.010816,0.000000,-0.010816,-0.001642,-0.006711,0.000000,0.333333,0.000000,0.000000,0.000000,0.000000,0.000000,0.333333,0.000000,0.333333,0.000000,4.345389,6.522598,4.950623
2024-10-22,-0.001287,0.000000,-0.001287,-0.000531,-0.002025,0.000000,0.333333,0.000000,0.000000,0.000000,0.000000,0.000000,0.333333,0.000000,0.333333,0.000000,4.339797,6.519134,4.940596
2024-10-23,0.006179,0.000000,0.006179,-0.009138,-0.003325,0.000000,0.333333,0.000000,0.000000,0.000000,0.000000,0.000000,0.333333,0.000000,0.333333,0.000000,4.366615,6.459565,4.924169
2024-10-24,-0.001116,0.000000,-0.001116,0.002163,0.000674,0.000000,0.333333,0.000000,0.000000,0.000000,0.000000,0.000000,0.333333,0.000000,0.333333,0.000000,4.361741,6.473537,4.927490
2024-10-25,-0.011246,0.000000,-0.011246,-0.000346,-0.004182,0.000000,0.333333,0.000000,0.000000,0.000000,0.000000,0.000000,0.333333,0.000000,0.333333,0.000000,4.312688,6.471300,4.906885
2024-10-28,0.007818,0.000000,0.007818,0.003091,0.003646,0.000000,0.333333,0.000000,0.000000,0.000000,0.000000,0.000000,0.333333,0.000000,0.333333,0.000000,4.346403,6.491306,4.924778
2024-10-29,-0.012182,0.000000,-0.012182,0.001618,-0.004955,0.000000,0.333333,0.000000,0.000000,0.000000,0.000000,0.000000,0.333333,0.000000,0.333333,0.000000,4.293455,6.501812,4.900374
2024-10-30,0.001910,0.000000,0.001910,-0.003025,-0.000273,0.000000,0.333333,0.000000,0.000000,0.000000,0.000000,0.000000,0.333333,0.000000,0.333333,0.000000,4.301658,6.482142,4.899035
2024-10-31,-0.006979,0.000000,-0.006979,-0.019603,-0.009634,0.000000,0.333333,0.000000,0.000000,0.000000,0.000000,0.000000,0.333333,0.000000,0.333333,0.000000,4.271638,6.355072,4.851837
2024-11-01,-0.004974,0.000167,-0.005140,0.004220,-0.000297,0.000000,0.333333,0.000000,0.000000,0.000000,0.000000,0.000000,0.333333,0.000000,0.000000,0.333333,4.249680,6.381893,4.850397
2024-11-04,-0.007659,0.000000,-0.007659,-0.002154,0.000091,0.000000,0.333333,0.000000,0.000000,0.000000,0.000000,0.000000,0.333333,0.000000,0.000000,0.333333,4.217132,6.368147,4.850839
2024-11-05,0.011798,0.000000,0.011798,0.012092,0.010860,0.000000,0.333333,0.000000,0.000000,0.000000,0.000000,0.000000,0.333333,0.000000,0.000000,0.333333,4.266885,6.445149,4.903519
2024-11-06,0.025019,0.000000,0.025019,0.024865,0.016754,0.000000,0.333333,0.000000,0.000000,0.000000,0.000000,0.000000,0.333333,0.000000,0.000000,0.333333,4.373640,6.605411,4.985674
2024-11-07,-0.000412,0.000000,-0.000412,0.007732,0.004149,0.000000,0.333333,0.000000,0.000000,0.000000,0.000000,0.000000,0.333333,0.000000,0.000000,0.333333,4.371836,6.656485,5.006361
2024-11-08,0.007780,0.000000,0.007780,0.004332,0.007380,0.000000,0.333333,0.000000,0.000000,0.000000,0.000000,0.000000,0.333333,0.000000,0.000000,0.333333,4.405851,6.685320,5.043306
2024-11-11,0.007541,0.000000,0.007541,0.000953,0.002577,0.000000,0.333333,0.000000,0.000000,0.000000,0.000000,0.000000,0.333333,0.000000,0.000000,0.333333,4.439077,6.691689,5.056305
2024-11-12,-0.003306,0.000000,-0.003306,-0.003106,-0.007123,0.000000,0.333333,0.000000,0.000000,0.000000,0.000000,0.000000,0.333333,0.000000,0.000000,0.333333,4.424400,6.670903,5.020290
2024-11-13,-0.000256,0.000000,-0.000256,0.000486,0.002256,0.000000,0.333333,0.000000,0.000000,0.000000,0.000000,0.000000,0.333333,0.000000,0.000000,0.333333,4.423267,6.674144,5.031617
2024-11-14,-0.002397,0.000000,-0.002397,-0.006430,-0.006660,0.000000,0.333333,0.000000,0.000000,0.000000,0.000000,0.000000,0.333333,0.000000,0.000000,0.333333,4.412666,6.631228,4.998109
2024-11-15,-0.000121,0.000000,-0.000121,-0.012809,-0.006701,0.000000,0.333333,0.000000,0.000000,0.000000,0.000000,0.000000,0.333333,0.000000,0.000000,0.333333,4.412131,6.546290,4.964618
2024-11-18,0.007198,0.000000,0.007198,0.004098,0.006393,0.000000,0.333333,0.000000,0.000000,0.000000,0.000000,0.000000,0.333333,0.000000,0.000000,0.333333,4.443889,6.573114,4.996356
2024-11-19,0.002113,0.000000,0.002113,0.003655,0.000470,0.000000,0.333333,0.000000,0.000000,0.000000,0.000000,0.000000,0.333333,0.000000,0.000000,0.333333,4.453279,6.597141,4.998704
2024-11-20,0.001296,0.000000,0.001296,0.000339,0.002098,0.000000,0.333333,0.000000,0.000000,0.000000,0.000000,0.000000,0.333333,0.000000,0.000000,0.333333,4.459051,6.599377,5.009191
2024-11-21,0.009181,0.000000,0.009181,0.005368,0.008899,0.000000,0.333333,0.000000,0.000000,0.000000,0.000000,0.000000,0.333333,0.000000,0.000000,0.333333,4.499989,6.634804,5.053767
2024-11-22,0.001209,0.000000,0.001209,0.003099,0.005208,0.000000,0.333333,0.000000,0.000000,0.000000,0.000000,0.000000,0.333333,0.000000,0.000000,0.333333,4.505427,6.655368,5.080086
2024-11-25,0.004503,0.000000,0.004503,0.003392,0.004356,0.000000,0.333333,0.000000,0.000000,0.000000,0.000000,0.000000,0.333333,0.000000,0.000000,0.333333,4.525714,6.677944,5.102213
2024-11-26,0.007196,0.000000,0.007196,0.005221,0.003364,0.000000,0.333333,0.000000,0.000000,0.000000,0.000000,0.000000,0.333333,0.000000,0.000000,0.333333,4.558279,6.712813,5.119374
2024-11-27,0.001095,0.000000,0.001095,-0.003030,-0.000560,0.000000,0.333333,0.000000,0.000000,0.000000,0.000000,0.000000,0.333333,0.000000,0.000000,0.333333,4.563270,6.692472,5.116507
2024-11-28,0.000000,0.000000,0.000000,0.000000,0.000000,0.000000,0.333333,0.000000,0.000000,0.000000,0.000000,0.000000,0.333333,0.000000,0.000000,0.333333,4.563270,6.692472,5.116507
2024-11-29,0.002446,0.000000,0.002446,0.006212,0.004137,0.000000,0.333333,0.000000,0.000000,0.000000,0.000000,0.000000,0.333333,0.000000,0.000000,0.333333,4.574431,6.734048,5.137674
2024-12-02,-0.007722,0.000000,-0.007722,0.001792,-0.003780,0.000000,0.333333,0.000000,0.000000,0.000000,0.000000,0.000000,0.333333,0.000000,0.000000,0.333333,4.539107,6.746116,5.118252
2024-12-03,-0.002679,0.000000,-0.002679,0.000464,-0.002550,0.000000,0.333333,0.000000,0.000000,0.000000,0.000000,0.000000,0.333333,0.000000,0.000000,0.333333,4.526945,6.749244,5.105202
2024-12-04,-0.000530,0.000000,-0.000530,0.006210,-0.000870,0.000000,0.333333,0.000000,0.000000,0.000000,0.000000,0.000000,0.333333,0.000000,0.000000,0.333333,4.524545,6.791155,5.100758
2024-12-05,0.001266,0.000000,0.001266,-0.001646,-0.002194,0.000000,0.333333,0.000000,0.000000,0.000000,0.000000,0.000000,0.333333,0.000000,0.000000,0.333333,4.530273,6.779980,5.089565
2024-12-06,-0.001131,0.000000,-0.001131,0.001896,-0.001259,0.000000,0.333333,0.000000,0.000000,0.000000,0.000000,0.000000,0.333333,0.000000,0.000000,0.333333,4.525150,6.792832,5.083158
2024-12-09,-0.015847,0.000000,-0.015847,-0.005150,-0.005854,0.000000,0.333333,0.000000,0.000000,0.000000,0.000000,0.000000,0.333333,0.000000,0.000000,0.333333,4.453440,6.757852,5.053401
2024-12-10,0.002749,0.000000,0.002749,-0.003109,-0.003552,0.000000,0.333333,0.000000,0.000000,0.000000,0.000000,0.000000,0.333333,0.000000,0.000000,0.333333,4.465682,6.736841,5.035449
2024-12-11,0.004029,0.000000,0.004029,0.007731,0.001473,0.000000,0.333333,0.000000,0.000000,0.000000,0.000000,0.000000,0.333333,0.000000,0.000000,0.333333,4.483672,6.788921,5.042865
2024-12-12,-0.001023,0.000000,-0.001023,-0.005153,-0.004011,0.000000,0.333333,0.000000,0.000000,0.000000,0.000000,0.000000,0.333333,0.000000,0.000000,0.333333,4.479085,6.753940,5.022638
2024-12-13,-0.004035,0.000000,-0.004035,-0.000199,-0.002447,0.000000,0.333333,0.000000,0.000000,0.000000,0.000000,0.000000,0.333333,0.000000,0.000000,0.333333,4.461012,6.752599,5.010346
2024-12-16,-0.001980,0.000000,-0.001980,0.004270,-0.003149,0.000000,0.333333,0.000000,0.000000,0.000000,0.000000,0.000000,0.333333,0.000000,0.000000,0.333333,4.452182,6.781432,4.994570
2024-12-17,-0.006244,0.000000,-0.006244,-0.004120,-0.004607,0.000000,0.333333,0.000000,0.000000,0.000000,0.000000,0.000000,0.333333,0.000000,0.000000,0.333333,4.424381,6.753491,4.971559
2024-12-18,-0.027358,0.000000,-0.027358,-0.029803,-0.028505,0.000000,0.333333,0.000000,0.000000,0.000000,0.000000,0.000000,0.333333,0.000000,0.000000,0.333333,4.303338,6.552215,4.829845
2024-12-19,0.001782,0.000000,0.001782,-0.000307,-0.004320,0.000000,0.333333,0.000000,0.000000,0.000000,0.000000,0.000000,0.333333,0.000000,0.000000,0.333333,4.311006,6.550202,4.808980
2024-12-20,0.012082,0.000000,0.012082,0.012011,0.011096,0.000000,0.333333,0.000000,0.000000,0.000000,0.000000,0.000000,0.333333,0.000000,0.000000,0.333333,4.363089,6.628877,4.862338
2024-12-23,0.003757,0.000000,0.003757,0.005988,0.003550,0.000000,0.333333,0.000000,0.000000,0.000000,0.000000,0.000000,0.333333,0.000000,0.000000,0.333333,4.379480,6.668573,4.879598
2024-12-24,0.008920,0.000000,0.008920,0.011115,0.009023,0.000000,0.333333,0.000000,0.000000,0.000000,0.000000,0.000000,0.333333,0.000000,0.000000,0.333333,4.418546,6.742694,4.923629
2024-12-25,0.000000,0.000000,0.000000,0.000000,0.000000,0.000000,0.333333,0.000000,0.000000,0.000000,0.000000,0.000000,0.333333,0.000000,0.000000,0.333333,4.418546,6.742694,4.923629
2024-12-26,-0.000405,0.000000,-0.000405,0.000067,0.000070,0.000000,0.333333,0.000000,0.000000,0.000000,0.000000,0.000000,0.333333,0.000000,0.000000,0.333333,4.416757,6.743144,4.923971
2024-12-27,-0.006366,0.000000,-0.006366,-0.010527,-0.007227,0.000000,0.333333,0.000000,0.000000,0.000000,0.000000,0.000000,0.333333,0.000000,0.000000,0.333333,4.388638,6.672161,4.888386
2024-12-30,-0.008113,0.000000,-0.008113,-0.011412,-0.009585,0.000000,0.333333,0.000000,0.000000,0.000000,0.000000,0.000000,0.333333,0.000000,0.000000,0.333333,4.353031,6.596020,4.841531
2024-12-31,0.000000,0.000000,0.000000,0.000000,0.000000,0.000000,0.333333,0.000000,0.000000,0.000000,0.000000,0.000000,0.333333,0.000000,0.000000,0.333333,4.353031,6.596020,4.841531
