Date,gross_ret,net_ret,gross_leverage
2011-01-03,0.0050832495570978095,0.004835651118440925,2.771029240977965
2011-01-04,-0.006723215283749601,-0.006723215283749601,2.771029240977965
2011-01-05,-0.009009552396365772,-0.009009552396365772,2.771029240977965
2011-01-06,-0.0012918692119318674,-0.0012918692119318674,2.771029240977965
2011-01-07,0.00102056010600575,0.00102056010600575,2.771029240977965
2011-01-10,0.0019892147833118472,0.0019892147833118472,2.771029240977965
2011-01-11,0.0022795288688936253,0.0022795288688936253,2.771029240977965
2011-01-12,0.012476392142424304,0.012476392142424304,2.771029240977965
2011-01-13,-0.00017679550685554038,-0.00017679550685554038,2.771029240977965
2011-01-14,-0.003102502838370491,-0.003102502838370491,2.771029240977965
2011-01-18,0.004245498948510794,0.004245498948510794,2.771029240977965
2011-01-19,-0.006671183385033879,-0.006671183385033879,2.771029240977965
2011-01-20,-0.02114886172827365,-0.02114886172827365,2.771029240977965
2011-01-21,0.001240403489956044,0.001240403489956044,2.771029240977965
2011-01-24,0.008389152619208815,0.008389152619208815,2.771029240977965
2011-01-25,0.004092262993749764,0.004092262993749764,2.771029240977965
2011-01-26,0.004007215980584072,0.004007215980584072,2.771029240977965
2011-01-27,7.043749042533496e-05,7.043749042533496e-05,2.771029240977965
2011-01-28,-0.01090028887987457,-0.01090028887987457,2.771029240977965
2011-01-31,0.002881995715259474,0.002881995715259474,2.771029240977965
2011-02-01,0.020829475714727347,0.0207019667753322,2.890744793226084
2011-02-02,-0.002446096893013372,-0.002446096893013372,2.890744793226084
2011-02-03,0.0008150900978146575,0.0008150900978146575,2.890744793226084
2011-02-04,-0.0049589672879945205,-0.0049589672879945205,2.890744793226084
2011-02-07,0.0034266924980458978,0.0034266924980458978,2.890744793226084
2011-02-08,0.0036272497386884914,0.0036272497386884914,2.890744793226084
2011-02-09,-0.004279747548322134,-0.004279747548322134,2.890744793226084
2011-02-10,-0.007663064670377795,-0.007663064670377795,2.890744793226084
2011-02-11,0.01002707131097432,0.01002707131097432,2.890744793226084
2011-02-14,0.005031306777812982,0.005031306777812982,2.890744793226084
2011-02-15,-0.0060927899686641866,-0.0060927899686641866,2.890744793226084
2011-02-16,0.0110364240230169,0.0110364240230169,2.890744793226084
2011-02-17,0.013235238891969356,0.013235238891969356,2.890744793226084
2011-02-18,0.004252015140288744,0.004252015140288744,2.890744793226084
2011-02-22,-0.015635159669001107,-0.015635159669001107,2.890744793226084
2011-02-23,0.0006781599148714049,0.0006781599148714049,2.890744793226084
2011-02-24,0.002003919495136618,0.002003919495136618,2.890744793226084
2011-02-25,0.022661719754216388,0.022661719754216388,2.890744793226084
2011-02-28,0.0077230543936286575,0.0077230543936286575,2.890744793226084
2011-03-01,-0.006029862481554837,-0.006396536232538162,3.0137691062362193
2011-03-02,0.005664567701064132,0.005664567701064132,3.0137691062362193
2011-03-03,0.007341843889617324,0.007341843889617324,3.0137691062362193
2011-03-04,0.005631540505437634,0.005631540505437634,3.0137691062362193
2011-03-07,-0.015148431158591961,-0.015148431158591961,3.0137691062362193
2011-03-08,0.0024059266839098364,0.0024059266839098364,3.0137691062362193
2011-03-09,0.0013660297187348795,0.0013660297187348795,3.0137691062362193
2011-03-10,-0.024692087067938125,-0.024692087067938125,3.0137691062362193
2011-03-11,0.007074281332577089,0.007074281332577089,3.0137691062362193
2011-03-14,-0.006322145761473348,-0.006322145761473348,3.0137691062362193
2011-03-15,-0.02621876490527591,-0.02621876490527591,3.0137691062362193
2011-03-16,-0.016995304421066264,-0.016995304421066264,3.0137691062362193
2011-03-17,0.0273992165587258,0.0273992165587258,3.0137691062362193
2011-03-18,0.011665759329176953,0.011665759329176953,3.0137691062362193
2011-03-21,0.020472095281406654,0.020472095281406654,3.0137691062362193
2011-03-22,0.0008597939568008067,0.0008597939568008067,3.0137691062362193
2011-03-23,0.0012198223559277477,0.0012198223559277477,3.0137691062362193
2011-03-24,0.008266144730583859,0.008266144730583859,3.0137691062362193
2011-03-25,-0.010993385350393802,-0.010993385350393802,3.0137691062362193
2011-03-28,-0.004773683893045477,-0.004773683893045477,3.0137691062362193
2011-03-29,0.003356273313276337,0.003356273313276337,3.0137691062362193
2011-03-30,0.012091780618054406,0.012091780618054406,3.0137691062362193
2011-03-31,0.0028565411121446362,0.0028565411121446362,3.0137691062362193
2011-04-01,0.011377651368536534,0.011211701690668688,2.9995441070837288
2011-04-04,0.008601571248579505,0.008601571248579505,2.9995441070837288
2011-04-05,0.0014295476903218533,0.0014295476903218533,2.9995441070837288
2011-04-06,0.006439360161454477,0.006439360161454477,2.9995441070837288
2011-04-07,0.0013181702121092735,0.0013181702121092735,2.9995441070837288
2011-04-08,0.0073720615301294265,0.0073720615301294265,2.9995441070837288
2011-04-11,-0.008028036727735915,-0.008028036727735915,2.9995441070837288
2011-04-12,-0.007292996517636305,-0.007292996517636305,2.9995441070837288
2011-04-13,0.0062438639771918,0.0062438639771918,2.9995441070837288
2011-04-14,0.00610736831618677,0.00610736831618677,2.9995441070837288
2011-04-15,0.009681221042795235,0.009681221042795235,2.9995441070837288
2011-04-18,-0.013896079364166964,-0.013896079364166964,2.9995441070837288
2011-04-19,0.01088142085467096,0.01088142085467096,2.9995441070837288
2011-04-20,0.0245044751327408,0.0245044751327408,2.9995441070837288
2011-04-21,0.011150796503538058,0.011150796503538058,2.9995441070837288
2011-04-25,-0.00014762836845981896,-0.00014762836845981896,2.9995441070837288
2011-04-26,0.009284937994492572,0.009284937994492572,2.9995441070837288
2011-04-27,0.012751595039252755,0.012751595039252755,2.9995441070837288
2011-04-28,0.002939804697558929,0.002939804697558929,2.9995441070837288
2011-04-29,0.007070938287565359,0.007070938287565359,2.9995441070837288
2011-05-02,-0.008517291251027922,-0.00867781893355807,3.1840631493233293
2011-05-03,-0.01270492570217582,-0.01270492570217582,3.1840631493233293
2011-05-04,-0.014508092744209344,-0.014508092744209344,3.1840631493233293
2011-05-05,-0.032877527520952105,-0.032877527520952105,3.1840631493233293
2011-05-06,0.0037301691380646302,0.0037301691380646302,3.1840631493233293
2011-05-09,0.019585297667216277,0.019585297667216277,3.1840631493233293
2011-05-10,0.006608662294153677,0.006608662294153677,3.1840631493233293
2011-05-11,-0.028224909425683946,-0.028224909425683946,3.1840631493233293
2011-05-12,-0.000684930966392725,-0.000684930966392725,3.1840631493233293
2011-05-13,-0.016005429692663137,-0.016005429692663137,3.1840631493233293
2011-05-16,-0.007518568943443852,-0.007518568943443852,3.1840631493233293
2011-05-17,0.005828179612580041,0.005828179612580041,3.1840631493233293
2011-05-18,0.010359130784809729,0.010359130784809729,3.1840631493233293
2011-05-19,0.0034570075054432495,0.0034570075054432495,3.1840631493233293
2011-05-20,-0.011194676173129268,-0.011194676173129268,3.1840631493233293
2011-05-23,-0.025950626154764365,-0.025950626154764365,3.1840631493233293
2011-05-24,0.01287875639167616,0.01287875639167616,3.1840631493233293
2011-05-25,0.008610190197533611,0.008610190197533611,3.1840631493233293
2011-05-26,0.01599963532348315,0.01599963532348315,3.1840631493233293
2011-05-27,0.01424096051083179,0.01424096051083179,3.1840631493233293
2011-05-31,0.016722141789747368,0.016722141789747368,3.1840631493233293
2011-06-01,-0.019013084282506067,-0.01910834378259247,3.2555833372627245
2011-06-02,-0.0023153017880806416,-0.0023153017880806416,3.2555833372627245
2011-06-03,0.004330528545035383,0.004330528545035383,3.2555833372627245
2011-06-06,-0.01664565393901818,-0.01664565393901818,3.2555833372627245
2011-06-07,0.012812805500983184,0.012812805500983184,3.2555833372627245
2011-06-08,-0.007700814367716703,-0.007700814367716703,3.2555833372627245
2011-06-09,0.006276808176356811,0.006276808176356811,3.2555833372627245
2011-06-10,-0.027749012765213143,-0.027749012765213143,3.2555833372627245
2011-06-13,0.002325827863797638,0.002325827863797638,3.2555833372627245
2011-06-14,0.013500647698770168,0.013500647698770168,3.2555833372627245
2011-06-15,-0.025621471945785596,-0.025621471945785596,3.2555833372627245
2011-06-16,-0.001777413066295501,-0.001777413066295501,3.2555833372627245
2011-06-17,0.00801239720791328,0.00801239720791328,3.2555833372627245
2011-06-20,0.0008619936130779957,0.0008619936130779957,3.2555833372627245
2011-06-21,0.02156531437861388,0.02156531437861388,3.2555833372627245
2011-06-22,-0.01153091817407383,-0.01153091817407383,3.2555833372627245
2011-06-23,-0.004238181331255282,-0.004238181331255282,3.2555833372627245
2011-06-24,-0.011831703362299564,-0.011831703362299564,3.2555833372627245
2011-06-27,0.0016028369698602425,0.0016028369698602425,3.2555833372627245
2011-06-28,0.009167105616125009,0.009167105616125009,3.2555833372627245
2011-06-29,0.01645561050684692,0.01645561050684692,3.2555833372627245
2011-06-30,0.008664136933044487,0.008664136933044487,3.2555833372627245
2011-07-01,0.011290441218269855,0.01108990006307018,3.2199019185723627
2011-07-05,0.004064722063581324,0.004064722063581324,3.2199019185723627
2011-07-06,-0.0004997860226793624,-0.0004997860226793624,3.2199019185723627
2011-07-07,0.01388525100635385,0.01388525100635385,3.2199019185723627
2011-07-08,-0.0034836903585113745,-0.0034836903585113745,3.2199019185723627
2011-07-11,-0.028091904310990484,-0.028091904310990484,3.2199019185723627
2011-07-12,0.001542080274108763,0.001542080274108763,3.2199019185723627
2011-07-13,0.025623436768079436,0.025623436768079436,3.2199019185723627
2011-07-14,-0.012828481768604197,-0.012828481768604197,3.2199019185723627
2011-07-15,0.009196740135716102,0.009196740135716102,3.2199019185723627
2011-07-18,-0.01061070574970621,-0.01061070574970621,3.2199019185723627
2011-07-19,0.018931633483626534,0.018931633483626534,3.2199019185723627
2011-07-20,0.00724926126507319,0.00724926126507319,3.2199019185723627
2011-07-21,0.015092468428233299,0.015092468428233299,3.2199019185723627
2011-07-22,0.007463652302879146,0.007463652302879146,3.2199019185723627
2011-07-25,-0.0029810315735193656,-0.0029810315735193656,3.2199019185723627
2011-07-26,0.014084796610656822,0.014084796610656822,3.2199019185723627
2011-07-27,-0.0236002131884687,-0.0236002131884687,3.2199019185723627
2011-07-28,0.0005193471021806823,0.0005193471021806823,3.2199019185723627
2011-07-29,0.010321334332694675,0.010321334332694675,3.2199019185723627
2011-08-01,-0.008564763640492811,-0.008741604644950985,3.190905644615579
2011-08-02,-0.010384032982152316,-0.010384032982152316,3.190905644615579
2011-08-03,0.002964881705431433,0.002964881705431433,3.190905644615579
2011-08-04,-0.06077312102384483,-0.06077312102384483,3.190905644615579
2011-08-05,-0.006498197017548448,-0.006498197017548448,3.190905644615579
2011-08-08,-0.05905091479187114,-0.05905091479187114,3.190905644615579
2011-08-09,0.060890035603152357,0.060890035603152357,3.190905644615579
2011-08-10,-0.033534464695898825,-0.033534464695898825,3.190905644615579
2011-08-11,0.026449641840169662,0.026449641840169662,3.190905644615579
2011-08-12,0.013945474603144305,0.013945474603144305,3.190905644615579
2011-08-15,0.029860923444591382,0.029860923444591382,3.190905644615579
2011-08-16,-0.002290984664543953,-0.002290984664543953,3.190905644615579
2011-08-17,0.013667275073965599,0.013667275073965599,3.190905644615579
2011-08-18,-0.043615560726598085,-0.043615560726598085,3.190905644615579
2011-08-19,-0.003980923421485503,-0.003980923421485503,3.190905644615579
2011-08-22,0.0033388969973492787,0.0033388969973492787,3.190905644615579
2011-08-23,0.020813954757917003,0.020813954757917003,3.190905644615579
2011-08-24,-0.022449307417452807,-0.022449307417452807,3.190905644615579
2011-08-25,-0.010743779006336624,-0.010743779006336624,3.190905644615579
2011-08-26,0.030580068176934906,0.030580068176934906,3.190905644615579
2011-08-29,0.02064948724191077,0.02064948724191077,3.190905644615579
2011-08-30,0.010468373040258574,0.010468373040258574,3.190905644615579
2011-08-31,0.000554466967572385,0.000554466967572385,3.190905644615579
2011-09-01,-0.002119578192881532,-0.0025699259415905935,2.3991408998012074
2011-09-02,0.0007965813147665878,0.0007965813147665878,2.3991408998012074
2011-09-06,-0.021826759839192883,-0.021826759839192883,2.3991408998012074
2011-09-07,0.01382103073810132,0.01382103073810132,2.3991408998012074
2011-09-08,-0.006206296588618834,-0.006206296588618834,2.3991408998012074
2011-09-09,-0.019798647083263114,-0.019798647083263114,2.3991408998012074
2011-09-12,-0.002028997424163196,-0.002028997424163196,2.3991408998012074
2011-09-13,0.002564464733899597,0.002564464733899597,2.3991408998012074
2011-09-14,0.0023103172386239926,0.0023103172386239926,2.3991408998012074
2011-09-15,0.007039229639059928,0.007039229639059928,2.3991408998012074
2011-09-16,0.0019299284456163698,0.0019299284456163698,2.3991408998012074
2011-09-19,-0.0130679954126568,-0.0130679954126568,2.3991408998012074
2011-09-20,0.0019932737556131097,0.0019932737556131097,2.3991408998012074
2011-09-21,-0.01809833823545345,-0.01809833823545345,2.3991408998012074
2011-09-22,-0.0290691506797665,-0.0290691506797665,2.3991408998012074
2011-09-23,-0.012082700034365455,-0.012082700034365455,2.3991408998012074
2011-09-26,0.007253070045554955,0.007253070045554955,2.3991408998012074
2011-09-27,0.012738431376551694,0.012738431376551694,2.3991408998012074
2011-09-28,-0.02181778952178619,-0.02181778952178619,2.3991408998012074
2011-09-29,0.011274879745268366,0.011274879745268366,2.3991408998012074
2011-09-30,-0.022015779891401525,-0.022015779891401525,2.3991408998012074
2011-10-03,0.01711819154589962,0.016194833636264255,2.345380310193462
2011-10-04,-0.010620936058056982,-0.010620936058056982,2.345380310193462
2011-10-05,-0.002858660431984241,-0.002858660431984241,2.345380310193462
2011-10-06,-0.00884842567376018,-0.00884842567376018,2.345380310193462
2011-10-07,-4.55419784869801e-05,-4.55419784869801e-05,2.345380310193462
2011-10-10,-0.016714530591204885,-0.016714530591204885,2.345380310193462
2011-10-11,0.0046012960186152555,0.0046012960186152555,2.345380310193462
2011-10-12,-0.00911086870636699,-0.00911086870636699,2.345380310193462
2011-10-13,0.0048109789318786685,0.0048109789318786685,2.345380310193462
2011-10-14,-0.008637550140169828,-0.008637550140169828,2.345380310193462
2011-10-17,0.011598012560512334,0.011598012560512334,2.345380310193462
2011-10-18,-0.0023714044317919084,-0.0023714044317919084,2.345380310193462
2011-10-19,0.004332521451537891,0.004332521451537891,2.345380310193462
2011-10-20,0.0006346995758326295,0.0006346995758326295,2.345380310193462
2011-10-21,-0.007777220518728971,-0.007777220518728971,2.345380310193462
2011-10-24,-0.0060142153926437646,-0.0060142153926437646,2.345380310193462
2011-10-25,0.012817084836430778,0.012817084836430778,2.345380310193462
2011-10-26,-0.007780776703085072,-0.007780776703085072,2.345380310193462
2011-10-27,-0.01851384122511735,-0.01851384122511735,2.345380310193462
2011-10-28,0.0033178078269546223,0.0033178078269546223,2.345380310193462
2011-10-31,0.01107800024235666,0.01107800024235666,2.345380310193462
2011-11-01,0.009370018058610721,0.009105842632558257,2.2701320118706616
2011-11-02,-0.0010953641349654934,-0.0010953641349654934,2.2701320118706616
2011-11-03,-0.003562495951672147,-0.003562495951672147,2.2701320118706616
2011-11-04,0.0007948767568804118,0.0007948767568804118,2.2701320118706616
2011-11-07,0.003637401944033867,0.003637401944033867,2.2701320118706616
2011-11-08,-0.005705277640690915,-0.005705277640690915,2.2701320118706616
2011-11-09,0.006164262361300838,0.006164262361300838,2.2701320118706616
2011-11-10,-0.004646532862154446,-0.004646532862154446,2.2701320118706616
2011-11-11,-0.0019171825761170518,-0.0019171825761170518,2.2701320118706616
2011-11-14,0.006056528763501219,0.006056528763501219,2.2701320118706616
2011-11-15,0.001034330794796377,0.001034330794796377,2.2701320118706616
2011-11-16,0.00014592787204246505,0.00014592787204246505,2.2701320118706616
2011-11-17,-0.005831000973359951,-0.005831000973359951,2.2701320118706616
2011-11-18,-0.0001787484310980726,-0.0001787484310980726,2.2701320118706616
2011-11-21,-0.0015169469155809708,-0.0015169469155809708,2.2701320118706616
2011-11-22,0.0021694224161955436,0.0021694224161955436,2.2701320118706616
2011-11-23,0.0005470494166775607,0.0005470494166775607,2.2701320118706616
2011-11-25,-0.006607201165141598,-0.006607201165141598,2.2701320118706616
2011-11-28,0.00046188139699053195,0.00046188139699053195,2.2701320118706616
2011-11-29,-0.0030221711776499786,-0.0030221711776499786,2.2701320118706616
2011-11-30,-0.0014917436304103541,-0.0014917436304103541,2.2701320118706616
2011-12-01,2.6758177096307336e-05,-0.0004685245236018717,2.296892405311842
2011-12-02,0.006110134648857138,0.006110134648857138,2.296892405311842
2011-12-05,0.0030810178545381834,0.0030810178545381834,2.296892405311842
2011-12-06,-0.0005786255736870646,-0.0005786255736870646,2.296892405311842
2011-12-07,0.0036632349289867864,0.0036632349289867864,2.296892405311842
2011-12-08,-0.00012291880966326077,-0.00012291880966326077,2.296892405311842
2011-12-09,-0.0013543933841493555,-0.0013543933841493555,2.296892405311842
2011-12-12,0.0022775009804064505,0.0022775009804064505,2.296892405311842
2011-12-13,0.00037805796152535413,0.00037805796152535413,2.296892405311842
2011-12-14,0.0003940832645834627,0.0003940832645834627,2.296892405311842
2011-12-15,-0.0004424665664066862,-0.0004424665664066862,2.296892405311842
2011-12-16,0.006291251360652866,0.006291251360652866,2.296892405311842
2011-12-19,0.0024695717031981853,0.0024695717031981853,2.296892405311842
2011-12-20,-0.0031697760136739526,-0.0031697760136739526,2.296892405311842
2011-12-21,-0.00443441596518962,-0.00443441596518962,2.296892405311842
2011-12-22,-0.000252779517000681,-0.000252779517000681,2.296892405311842
2011-12-23,8.069961881803327e-06,8.069961881803327e-06,2.296892405311842
2011-12-27,0.0018496473009776764,0.0018496473009776764,2.296892405311842
2011-12-28,0.0012029629155202613,0.0012029629155202613,2.296892405311842
2011-12-29,0.0023622772651341038,0.0023622772651341038,2.296892405311842
2011-12-30,0.0015388900590237785,0.0015388900590237785,2.296892405311842
2012-01-03,-0.013698828974160806,-0.014073547177309012,2.4605550297260623
2012-01-04,0.0009384354317816246,0.0009384354317816246,2.4605550297260623
2012-01-05,0.00802269406998671,0.00802269406998671,2.4605550297260623
2012-01-06,0.007071040694944011,0.007071040694944011,2.4605550297260623
2012-01-09,-0.004489291293960522,-0.004489291293960522,2.4605550297260623
2012-01-10,-0.006520088609844135,-0.006520088609844135,2.4605550297260623
2012-01-11,0.008941340375134796,0.008941340375134796,2.4605550297260623
2012-01-12,0.0018320184145311342,0.0018320184145311342,2.4605550297260623
2012-01-13,0.008984424267083055,0.008984424267083055,2.4605550297260623
2012-01-17,-0.0011869052332310118,-0.0011869052332310118,2.4605550297260623
2012-01-18,-0.008102654388156163,-0.008102654388156163,2.4605550297260623
2012-01-19,-0.0052231637370863514,-0.0052231637370863514,2.4605550297260623
2012-01-20,-0.0019131090274864687,-0.0019131090274864687,2.4605550297260623
2012-01-23,-0.011484455785715005,-0.011484455785715005,2.4605550297260623
2012-01-24,-0.002754151499919983,-0.002754151499919983,2.4605550297260623
2012-01-25,-0.0036016734656850987,-0.0036016734656850987,2.4605550297260623
2012-01-26,0.008419943023141198,0.008419943023141198,2.4605550297260623
2012-01-27,0.0012885290613261805,0.0012885290613261805,2.4605550297260623
2012-01-30,0.01163332426261007,0.01163332426261007,2.4605550297260623
2012-01-31,0.00741998693628001,0.00741998693628001,2.4605550297260623
2012-02-01,-0.0013461813995545354,-0.0015246632327943395,2.6260260130043
2012-02-02,0.0008065523829212063,0.0008065523829212063,2.6260260130043
2012-02-03,-0.013769582591481143,-0.013769582591481143,2.6260260130043
2012-02-06,0.0034040455248138812,0.0034040455248138812,2.6260260130043
2012-02-07,-0.004406704461649087,-0.004406704461649087,2.6260260130043
2012-02-08,-0.000603890898543095,-0.000603890898543095,2.6260260130043
2012-02-09,-0.00574191863486015,-0.00574191863486015,2.6260260130043
2012-02-10,0.010774925304109654,0.010774925304109654,2.6260260130043
2012-02-13,-0.0010071846025327426,-0.0010071846025327426,2.6260260130043
2012-02-14,2.5290309018460333e-05,2.5290309018460333e-05,2.6260260130043
2012-02-15,-0.0008821208382480786,-0.0008821208382480786,2.6260260130043
2012-02-16,-0.008549477799785684,-0.008549477799785684,2.6260260130043
2012-02-17,-0.006975912998369388,-0.006975912998369388,2.6260260130043
2012-02-21,-0.0030045269677172574,-0.0030045269677172574,2.6260260130043
2012-02-22,0.0040075787338939885,0.0040075787338939885,2.6260260130043
2012-02-23,0.0024696286887170233,0.0024696286887170233,2.6260260130043
2012-02-24,-0.0071477333874134415,-0.0071477333874134415,2.6260260130043
2012-02-27,0.010032436777290817,0.010032436777290817,2.6260260130043
2012-02-28,-0.0012644465075291804,-0.0012644465075291804,2.6260260130043
2012-02-29,-0.009417879775378342,-0.009417879775378342,2.6260260130043
2012-03-01,-0.0013575292055134397,-0.0016170268889502764,2.8171247586516412
2012-03-02,0.001649097900431879,0.001649097900431879,2.8171247586516412
2012-03-05,0.003566654307666132,0.003566654307666132,2.8171247586516412
2012-03-06,0.011269609864566323,0.011269609864566323,2.8171247586516412
2012-03-07,0.0002452250808653906,0.0002452250808653906,2.8171247586516412
2012-03-08,-0.008011492609864496,-0.008011492609864496,2.8171247586516412
2012-03-09,0.0006130277512518318,0.0006130277512518318,2.8171247586516412
2012-03-12,0.0012259021233326228,0.0012259021233326228,2.8171247586516412
2012-03-13,-0.010099874563121322,-0.010099874563121322,2.8171247586516412
2012-03-14,-0.008377591615394465,-0.008377591615394465,2.8171247586516412
2012-03-15,-0.002408740043053259,-0.002408740043053259,2.8171247586516412
2012-03-16,-4.275888206715632e-05,-4.275888206715632e-05,2.8171247586516412
2012-03-19,-0.0022862601916351817,-0.0022862601916351817,2.8171247586516412
2012-03-20,0.0018060331080963325,0.0018060331080963325,2.8171247586516412
2012-03-21,0.005356100230365971,0.005356100230365971,2.8171247586516412
2012-03-22,0.006598479121185628,0.006598479121185628,2.8171247586516412
2012-03-23,0.003341720144906188,0.003341720144906188,2.8171247586516412
2012-03-26,-0.002215840972516026,-0.002215840972516026,2.8171247586516412
2012-03-27,0.0038514910213149267,0.0038514910213149267,2.8171247586516412
2012-03-28,0.0019931830054342433,0.0019931830054342433,2.8171247586516412
2012-03-29,0.005755018462674349,0.005755018462674349,2.8171247586516412
2012-03-30,-0.008489859689303391,-0.008489859689303391,2.8171247586516412
2012-04-02,-0.006323093585331452,-0.006853105454712707,2.967350063831428
2012-04-03,-0.003718649055857129,-0.003718649055857129,2.967350063831428
2012-04-04,0.010666112703340933,0.010666112703340933,2.967350063831428
2012-04-05,0.004148085414567606,0.004148085414567606,2.967350063831428
2012-04-09,0.009000520147732616,0.009000520147732616,2.967350063831428
2012-04-10,0.011571885036356533,0.011571885036356533,2.967350063831428
2012-04-11,-0.004701709267374944,-0.004701709267374944,2.967350063831428
2012-04-12,-0.01015503790479449,-0.01015503790479449,2.967350063831428
2012-04-13,0.013705300511992813,0.013705300511992813,2.967350063831428
2012-04-16,-0.004805106052985308,-0.004805106052985308,2.967350063831428
2012-04-17,-0.002138290088493184,-0.002138290088493184,2.967350063831428
2012-04-18,0.003340925594731964,0.003340925594731964,2.967350063831428
2012-04-19,-0.0009208285989727843,-0.0009208285989727843,2.967350063831428
2012-04-20,-0.0053832978247508,-0.0053832978247508,2.967350063831428
2012-04-23,0.005010097955756514,0.005010097955756514,2.967350063831428
2012-04-24,-0.0036233910087189462,-0.0036233910087189462,2.967350063831428
2012-04-25,-0.002975429044382134,-0.002975429044382134,2.967350063831428
2012-04-26,0.0019339453383931257,0.0019339453383931257,2.967350063831428
2012-04-27,-0.0045780904284276145,-0.0045780904284276145,2.967350063831428
2012-04-30,-0.0008819759168227036,-0.0008819759168227036,2.967350063831428
2012-05-01,-0.004096137284976572,-0.004781717669032842,3.117278377493029
2012-05-02,0.011448723606188522,0.011448723606188522,3.117278377493029
2012-05-03,0.005136993180732002,0.005136993180732002,3.117278377493029
2012-05-04,0.015523281776355452,0.015523281776355452,3.117278377493029
2012-05-07,-0.003445716986274559,-0.003445716986274559,3.117278377493029
2012-05-08,0.011065999030525023,0.011065999030525023,3.117278377493029
2012-05-09,0.00846500834293979,0.00846500834293979,3.117278377493029
2012-05-10,-0.0040162589324968904,-0.0040162589324968904,3.117278377493029
2012-05-11,0.009709552839853431,0.009709552839853431,3.117278377493029
2012-05-14,0.017131683352056223,0.017131683352056223,3.117278377493029
2012-05-15,0.007128247861838538,0.007128247861838538,3.117278377493029
2012-05-16,0.00593558424937545,0.00593558424937545,3.117278377493029
2012-05-17,0.008431014730038764,0.008431014730038764,3.117278377493029
2012-05-18,0.001458414703528546,0.001458414703528546,3.117278377493029
2012-05-21,-0.01129839982865614,-0.01129839982865614,3.117278377493029
2012-05-22,0.007782366925360628,0.007782366925360628,3.117278377493029
2012-05-23,0.012319073679827751,0.012319073679827751,3.117278377493029
2012-05-24,0.0030203152046258293,0.0030203152046258293,3.117278377493029
2012-05-25,0.004766205338325183,0.004766205338325183,3.117278377493029
2012-05-29,-0.006698387097754255,-0.006698387097754255,3.117278377493029
2012-05-30,0.028495312827917743,0.028495312827917743,3.117278377493029
2012-05-31,0.006309159446696625,0.006309159446696625,3.117278377493029
2012-06-01,0.024492236459253656,0.024408455213096196,3.2793712937268955
2012-06-04,-0.012634560421702011,-0.012634560421702011,3.2793712937268955
2012-06-05,-0.004509521770989343,-0.004509521770989343,3.2793712937268955
2012-06-06,-0.030641352093500503,-0.030641352093500503,3.2793712937268955
2012-06-07,0.0026707195619690882,0.0026707195619690882,3.2793712937268955
2012-06-08,0.00785632742782377,0.00785632742782377,3.2793712937268955
2012-06-11,0.011138541522818082,0.011138541522818082,3.2793712937268955
2012-06-12,-0.015636044318881284,-0.015636044318881284,3.2793712937268955
2012-06-13,0.010479542306030536,0.010479542306030536,3.2793712937268955
2012-06-14,-0.013933291010553373,-0.013933291010553373,3.2793712937268955
2012-06-15,-0.0043724278706278995,-0.0043724278706278995,3.2793712937268955
2012-06-18,0.00031575847744630354,0.00031575847744630354,3.2793712937268955
2012-06-19,-0.016530282699106037,-0.016530282699106037,3.2793712937268955
2012-06-20,0.002425246686087556,0.002425246686087556,3.2793712937268955
2012-06-21,0.02087665250821015,0.02087665250821015,3.2793712937268955
2012-06-22,-0.009828688063784036,-0.009828688063784036,3.2793712937268955
2012-06-25,0.013618670113484112,0.013618670113484112,3.2793712937268955
2012-06-26,-0.007957406898047527,-0.007957406898047527,3.2793712937268955
2012-06-27,-0.0028229464608169395,-0.0028229464608169395,3.2793712937268955
2012-06-28,0.005788396824553386,0.005788396824553386,3.2793712937268955
2012-06-29,-0.04032579389823856,-0.04032579389823856,3.2793712937268955
2012-07-02,0.0011464996572102923,0.0008800477690515386,3.1737784009608556
2012-07-03,-0.012123931974599648,-0.012123931974599648,3.1737784009608556
2012-07-05,0.014584683508102181,0.014584683508102181,3.1737784009608556
2012-07-06,0.015889288892739,0.015889288892739,3.1737784009608556
2012-07-09,-0.002918000970778321,-0.002918000970778321,3.1737784009608556
2012-07-10,0.009807709879796738,0.009807709879796738,3.1737784009608556
2012-07-11,-0.00483600392828873,-0.00483600392828873,3.1737784009608556
2012-07-12,0.009698214170915943,0.009698214170915943,3.1737784009608556
2012-07-13,-0.011829083480993095,-0.011829083480993095,3.1737784009608556
2012-07-16,-0.0028531879044165365,-0.0028531879044165365,3.1737784009608556
2012-07-17,-0.004394137923122753,-0.004394137923122753,3.1737784009608556
2012-07-18,-0.003576566005724021,-0.003576566005724021,3.1737784009608556
2012-07-19,-0.009933454497494004,-0.009933454497494004,3.1737784009608556
2012-07-20,0.01775129925175227,0.01775129925175227,3.1737784009608556
2012-07-23,0.0162222241836383,0.0162222241836383,3.1737784009608556
2012-07-24,0.009347610835643137,0.009347610835643137,3.1737784009608556
2012-07-25,-0.005392335726401636,-0.005392335726401636,3.1737784009608556
2012-07-26,-0.01808682084693517,-0.01808682084693517,3.1737784009608556
2012-07-27,-0.018209341539146984,-0.018209341539146984,3.1737784009608556
2012-07-30,0.0005447698550890207,0.0005447698550890207,3.1737784009608556
2012-07-31,0.0055292879676610675,0.0055292879676610675,3.1737784009608556
2012-08-01,0.005912621445250958,0.005663471058627221,3.33445877111585
2012-08-02,0.012407116989202124,0.012407116989202124,3.33445877111585
2012-08-03,-0.025991713318575117,-0.025991713318575117,3.33445877111585
2012-08-06,-0.004211551747730885,-0.004211551747730885,3.33445877111585
2012-08-07,-0.006794448779442086,-0.006794448779442086,3.33445877111585
2012-08-08,-0.004947283873998589,-0.004947283873998589,3.33445877111585
2012-08-09,2.6606147346227215e-06,2.6606147346227215e-06,3.33445877111585
2012-08-10,0.002047060041098147,0.002047060041098147,3.33445877111585
2012-08-13,0.00581580222932048,0.00581580222932048,3.33445877111585
2012-08-14,-0.005733079747548397,-0.005733079747548397,3.33445877111585
2012-08-15,-0.003616014120740629,-0.003616014120740629,3.33445877111585
2012-08-16,-0.006788911470506175,-0.006788911470506175,3.33445877111585
2012-08-17,0.004477335301971982,0.004477335301971982,3.33445877111585
2012-08-20,-0.002153411249736134,-0.002153411249736134,3.33445877111585
2012-08-21,-0.008324111946942029,-0.008324111946942029,3.33445877111585
2012-08-22,0.0006749468884678305,0.0006749468884678305,3.33445877111585
2012-08-23,0.0024898032238170496,0.0024898032238170496,3.33445877111585
2012-08-24,0.004763234168483544,0.004763234168483544,3.33445877111585
2012-08-27,0.006232024007624356,0.006232024007624356,3.33445877111585
2012-08-28,-0.0012828612388121764,-0.0012828612388121764,3.33445877111585
2012-08-29,0.001681127764724624,0.001681127764724624,3.33445877111585
2012-08-30,0.006924313505837079,0.006924313505837079,3.33445877111585
2012-08-31,-0.006813446243094828,-0.006813446243094828,3.33445877111585
2012-09-04,0.0003545893207214912,-1.887277745916022e-05,3.5332090649155634
2012-09-05,0.003108464208425501,0.003108464208425501,3.5332090649155634
2012-09-06,-0.0042277046962380365,-0.0042277046962380365,3.5332090649155634
2012-09-07,-0.015099302486253073,-0.015099302486253073,3.5332090649155634
2012-09-10,-0.0003799681532388107,-0.0003799681532388107,3.5332090649155634
2012-09-11,-0.011040351289341048,-0.011040351289341048,3.5332090649155634
2012-09-12,-0.006070113645521955,-0.006070113645521955,3.5332090649155634
2012-09-13,-0.006278067526326243,-0.006278067526326243,3.5332090649155634
2012-09-14,-0.006833756122559707,-0.006833756122559707,3.5332090649155634
2012-09-17,0.013602543045998353,0.013602543045998353,3.5332090649155634
2012-09-18,0.0010026440600952463,0.0010026440600952463,3.5332090649155634
2012-09-19,-0.004270554245662788,-0.004270554245662788,3.5332090649155634
2012-09-20,0.005526915854166992,0.005526915854166992,3.5332090649155634
2012-09-21,-0.001971580811550141,-0.001971580811550141,3.5332090649155634
2012-09-24,0.004550987318147968,0.004550987318147968,3.5332090649155634
2012-09-25,0.0003037032501280084,0.0003037032501280084,3.5332090649155634
2012-09-26,0.00528981783175839,0.00528981783175839,3.5332090649155634
2012-09-27,-0.008202483291860034,-0.008202483291860034,3.5332090649155634
2012-09-28,0.0018182293487829762,0.0018182293487829762,3.5332090649155634
2012-10-01,0.005051154949310221,0.003749797439869717,3.5958846385064835
2012-10-02,-7.420441309574318e-05,-7.420441309574318e-05,3.5958846385064835
2012-10-03,-0.0028581611774721326,-0.0028581611774721326,3.5958846385064835
2012-10-04,0.01092464401404205,0.01092464401404205,3.5958846385064835
2012-10-05,-0.007243565870949205,-0.007243565870949205,3.5958846385064835
2012-10-08,-0.004964634205454982,-0.004964634205454982,3.5958846385064835
2012-10-09,-0.008797762381663512,-0.008797762381663512,3.5958846385064835
2012-10-10,-0.0002652316233379569,-0.0002652316233379569,3.5958846385064835
2012-10-11,0.006775924552645999,0.006775924552645999,3.5958846385064835
2012-10-12,-0.00244185730509307,-0.00244185730509307,3.5958846385064835
2012-10-15,0.005002520682058739,0.005002520682058739,3.5958846385064835
2012-10-16,0.0014546683697975768,0.0014546683697975768,3.5958846385064835
2012-10-17,0.00462287032527878,0.00462287032527878,3.5958846385064835
2012-10-18,-0.011110264211179952,-0.011110264211179952,3.5958846385064835
2012-10-19,-0.013924110358399067,-0.013924110358399067,3.5958846385064835
2012-10-22,0.0007641988234298378,0.0007641988234298378,3.5958846385064835
2012-10-23,-0.011655116232642726,-0.011655116232642726,3.5958846385064835
2012-10-24,-0.0016768237358338925,-0.0016768237358338925,3.5958846385064835
2012-10-25,0.0048264716106145205,0.0048264716106145205,3.5958846385064835
2012-10-26,0.003024678896034373,0.003024678896034373,3.5958846385064835
2012-10-31,0.0070784497557509415,0.0070784497557509415,3.5958846385064835
2012-11-01,-0.0024946921710598145,-0.003688696047777789,3.776939677788742
2012-11-02,0.007718091725717432,0.007718091725717432,3.776939677788742
2012-11-05,0.0013403366803235975,0.0013403366803235975,3.776939677788742
2012-11-06,-0.012390905946594503,-0.012390905946594503,3.776939677788742
2012-11-07,0.004550075767406131,0.004550075767406131,3.776939677788742
2012-11-08,-0.0023006181351341902,-0.0023006181351341902,3.776939677788742
2012-11-09,0.0010227717802429696,0.0010227717802429696,3.776939677788742
2012-11-12,0.0010953680858548094,0.0010953680858548094,3.776939677788742
2012-11-13,-0.0017185666594643017,-0.0017185666594643017,3.776939677788742
2012-11-14,-0.0022106434757615725,-0.0022106434757615725,3.776939677788742
2012-11-15,-4.6616535075400846e-05,-4.6616535075400846e-05,3.776939677788742
2012-11-16,-0.0015052265627160414,-0.0015052265627160414,3.776939677788742
2012-11-19,-0.0014118910795363495,-0.0014118910795363495,3.776939677788742
2012-11-20,-0.0012327460976226947,-0.0012327460976226947,3.776939677788742
2012-11-21,0.0010874666756841137,0.0010874666756841137,3.776939677788742
2012-11-23,-0.004699901906504404,-0.004699901906504404,3.776939677788742
2012-11-26,0.00411783958768365,0.00411783958768365,3.776939677788742
2012-11-27,0.0030923526995314133,0.0030923526995314133,3.776939677788742
2012-11-28,0.0065818409268064496,0.0065818409268064496,3.776939677788742
2012-11-29,0.002001120770294442,0.002001120770294442,3.776939677788742
2012-11-30,0.0032316415832808944,0.0032316415832808944,3.776939677788742
2012-12-03,-0.0005447241158792458,-0.001733045953284275,3.957465018475155
2012-12-04,0.005830182727064757,0.005830182727064757,3.957465018475155
2012-12-05,0.003926966150378003,0.003926966150378003,3.957465018475155
2012-12-06,0.006140183445337425,0.006140183445337425,3.957465018475155
2012-12-07,-0.001402280166848345,-0.001402280166848345,3.957465018475155
2012-12-10,0.009198652956583127,0.009198652956583127,3.957465018475155
2012-12-11,0.00244057823599337,0.00244057823599337,3.957465018475155
2012-12-12,0.0005205599236842693,0.0005205599236842693,3.957465018475155
2012-12-13,-0.007185286985913674,-0.007185286985913674,3.957465018475155
2012-12-14,0.0030429453216963796,0.0030429453216963796,3.957465018475155
2012-12-17,0.001270299842980568,0.001270299842980568,3.957465018475155
2012-12-18,0.004982894798765301,0.004982894798765301,3.957465018475155
2012-12-19,0.0017520808287790335,0.0017520808287790335,3.957465018475155
2012-12-20,0.004316013556858072,0.004316013556858072,3.957465018475155
2012-12-21,-0.0076039913413142625,-0.0076039913413142625,3.957465018475155
2012-12-24,-0.002458579529331907,-0.002458579529331907,3.957465018475155
2012-12-26,0.0007171629748851522,0.0007171629748851522,3.957465018475155
2012-12-27,0.0043100864958204544,0.0043100864958204544,3.957465018475155
2012-12-28,-0.003710088272143245,-0.003710088272143245,3.957465018475155
2012-12-31,0.012621870271368726,0.012621870271368726,3.957465018475155
2013-01-02,0.02828916102631592,0.027843108988657453,4.203471245305352
2013-01-03,-0.02767096949192026,-0.02767096949192026,4.203471245305352
2013-01-04,0.003114541392361402,0.003114541392361402,4.203471245305352
2013-01-07,-0.002440291055182924,-0.002440291055182924,4.203471245305352
2013-01-08,-0.004015909523352229,-0.004015909523352229,4.203471245305352
2013-01-09,0.006876606412262178,0.006876606412262178,4.203471245305352
2013-01-10,0.019419999089466646,0.019419999089466646,4.203471245305352
2013-01-11,0.0006270273440506051,0.0006270273440506051,4.203471245305352
2013-01-14,0.0013187862650783774,0.0013187862650783774,4.203471245305352
2013-01-15,-0.002948811998730273,-0.002948811998730273,4.203471245305352
2013-01-16,-0.006803551119021216,-0.006803551119021216,4.203471245305352
2013-01-17,0.00622897241232736,0.00622897241232736,4.203471245305352
2013-01-18,-0.002524420629071921,-0.002524420629071921,4.203471245305352
2013-01-22,0.0014491399903978218,0.0014491399903978218,4.203471245305352
2013-01-23,-0.001672697247212552,-0.001672697247212552,4.203471245305352
2013-01-24,-0.002429472743085502,-0.002429472743085502,4.203471245305352
2013-01-25,-0.001509862813417033,-0.001509862813417033,4.203471245305352
2013-01-28,-0.010551825086600243,-0.010551825086600243,4.203471245305352
2013-01-29,0.010662345388426142,0.010662345388426142,4.203471245305352
2013-01-30,0.002296011695356489,0.002296011695356489,4.203471245305352
2013-01-31,0.004577732533195727,0.004577732533195727,4.203471245305352
2013-02-01,0.00010321735478433907,-0.00031237797899509535,4.296197272027331
2013-02-04,-0.009143853243725337,-0.009143853243725337,4.296197272027331
2013-02-05,-0.000720914938649347,-0.000720914938649347,4.296197272027331
2013-02-06,0.0025825179275262306,0.0025825179275262306,4.296197272027331
2013-02-07,-0.003841127947384123,-0.003841127947384123,4.296197272027331
2013-02-08,0.007080143130424657,0.007080143130424657,4.296197272027331
2013-02-11,0.0002580197596621254,0.0002580197596621254,4.296197272027331
2013-02-12,0.0028660883723451306,0.0028660883723451306,4.296197272027331
2013-02-13,-0.002170591614454249,-0.002170591614454249,4.296197272027331
2013-02-14,0.001669387735152267,0.001669387735152267,4.296197272027331
2013-02-15,0.00013804679236645453,0.00013804679236645453,4.296197272027331
2013-02-19,0.005595385651475051,0.005595385651475051,4.296197272027331
2013-02-20,-0.01302979457520229,-0.01302979457520229,4.296197272027331
2013-02-21,-0.008060487110762843,-0.008060487110762843,4.296197272027331
2013-02-22,0.012018379298503303,0.012018379298503303,4.296197272027331
2013-02-25,-0.020142208320682288,-0.020142208320682288,4.296197272027331
2013-02-26,-0.000510842656159645,-0.000510842656159645,4.296197272027331
2013-02-27,0.01719472596834829,0.01719472596834829,4.296197272027331
2013-02-28,0.0007948006696379467,0.0007948006696379467,4.296197272027331
2013-03-01,0.01342370813046917,0.012083348533663406,4.229562415043385
2013-03-04,-0.004131453520571498,-0.004131453520571498,4.229562415043385
2013-03-05,0.005429045859601967,0.005429045859601967,4.229562415043385
2013-03-06,0.007111557634315624,0.007111557634315624,4.229562415043385
2013-03-07,-0.009474431818927678,-0.009474431818927678,4.229562415043385
2013-03-08,0.0053161133774705166,0.0053161133774705166,4.229562415043385
2013-03-11,-0.0011355496195686978,-0.0011355496195686978,4.229562415043385
2013-03-12,-0.008044081665699978,-0.008044081665699978,4.229562415043385
2013-03-13,0.0025559346314987922,0.0025559346314987922,4.229562415043385
2013-03-14,-0.0005359809931443515,-0.0005359809931443515,4.229562415043385
2013-03-15,-0.0035113840486929596,-0.0035113840486929596,4.229562415043385
2013-03-18,0.0013261652498849593,0.0013261652498849593,4.229562415043385
2013-03-19,0.0027217999197662046,0.0027217999197662046,4.229562415043385
2013-03-20,0.0006833282061854964,0.0006833282061854964,4.229562415043385
2013-03-21,-0.010470305660597168,-0.010470305660597168,4.229562415043385
2013-03-22,0.0009827336440141284,0.0009827336440141284,4.229562415043385
2013-03-25,-0.00227476419154442,-0.00227476419154442,4.229562415043385
2013-03-26,0.0058720108621330295,0.0058720108621330295,4.229562415043385
2013-03-27,0.003874036590893244,0.003874036590893244,4.229562415043385
2013-03-28,0.0032544294787529462,0.0032544294787529462,4.229562415043385
2013-04-01,-0.008134833617888743,-0.008618324566440327,4.403403153186485
2013-04-02,0.011381931372191944,0.011381931372191944,4.403403153186485
2013-04-03,-0.00019897062787903563,-0.00019897062787903563,4.403403153186485
2013-04-04,0.017564356451718985,0.017564356451718985,4.403403153186485
2013-04-05,0.0008640205312388464,0.0008640205312388464,4.403403153186485
2013-04-08,0.0050080491652404425,0.0050080491652404425,4.403403153186485
2013-04-09,-0.008042720154832171,-0.008042720154832171,4.403403153186485
2013-04-10,0.0155219767995773,0.0155219767995773,4.403403153186485
2013-04-11,0.0035998787578697,0.0035998787578697,4.403403153186485
2013-04-12,0.021411935752620032,0.021411935752620032,4.403403153186485
2013-04-15,0.010025218997831795,0.010025218997831795,4.403403153186485
2013-04-16,-0.004632789379098589,-0.004632789379098589,4.403403153186485
2013-04-17,-0.00047857754157404624,-0.00047857754157404624,4.403403153186485
2013-04-18,-0.010636974896459789,-0.010636974896459789,4.403403153186485
2013-04-19,0.013519072879053629,0.013519072879053629,4.403403153186485
2013-04-22,-0.002715119194938535,-0.002715119194938535,4.403403153186485
2013-04-23,0.016965117112987073,0.016965117112987073,4.403403153186485
2013-04-24,-0.0024126819359825153,-0.0024126819359825153,4.403403153186485
2013-04-25,-0.011823247963023111,-0.011823247963023111,4.403403153186485
2013-04-26,0.005829469090730141,0.005829469090730141,4.403403153186485
2013-04-29,-0.003502398904640175,-0.003502398904640175,4.403403153186485
2013-04-30,-0.0023861121598134014,-0.0023861121598134014,4.403403153186485
2013-05-01,0.0005429800943639519,-4.088131162744107e-05,4.06150449038991
2013-05-02,-0.00019822623403178313,-0.00019822623403178313,4.06150449038991
2013-05-03,-0.005585557397581049,-0.005585557397581049,4.06150449038991
2013-05-06,-0.0007348998597616821,-0.0007348998597616821,4.06150449038991
2013-05-07,0.0005847788684309644,0.0005847788684309644,4.06150449038991
2013-05-08,0.004223769645530046,0.004223769645530046,4.06150449038991
2013-05-09,-0.0029161957581353005,-0.0029161957581353005,4.06150449038991
2013-05-10,-0.004383899753657696,-0.004383899753657696,4.06150449038991
2013-05-13,-0.00500843367530805,-0.00500843367530805,4.06150449038991
2013-05-14,0.004848804998747951,0.004848804998747951,4.06150449038991
2013-05-15,0.01203669518484318,0.01203669518484318,4.06150449038991
2013-05-16,-0.0006132439231193594,-0.0006132439231193594,4.06150449038991
2013-05-17,0.0073890500833116105,0.0073890500833116105,4.06150449038991
2013-05-20,-0.005148526241387685,-0.005148526241387685,4.06150449038991
2013-05-21,0.012213678242317137,0.012213678242317137,4.06150449038991
2013-05-22,-0.018018789206664772,-0.018018789206664772,4.06150449038991
2013-05-23,-0.01144694720139056,-0.01144694720139056,4.06150449038991
2013-05-24,-0.00527894605025778,-0.00527894605025778,4.06150449038991
2013-05-28,-0.009652202552501033,-0.009652202552501033,4.06150449038991
2013-05-29,-0.011473614179098946,-0.011473614179098946,4.06150449038991
2013-05-30,-0.0050973270430957306,-0.0050973270430957306,4.06150449038991
2013-05-31,-0.01430842535044001,-0.01430842535044001,4.06150449038991
2013-06-03,-0.012448679650265262,-0.014026224205520688,3.7687505025161907
2013-06-04,0.004388624188073751,0.004388624188073751,3.7687505025161907
2013-06-05,-0.020247828335785513,-0.020247828335785513,3.7687505025161907
2013-06-06,-0.006074584534820718,-0.006074584534820718,3.7687505025161907
2013-06-07,0.020476883090879996,0.020476883090879996,3.7687505025161907
2013-06-10,0.006822213207769744,0.006822213207769744,3.7687505025161907
2013-06-11,-0.01843021259683584,-0.01843021259683584,3.7687505025161907
2013-06-12,-0.0010971522907347593,-0.0010971522907347593,3.7687505025161907
2013-06-13,0.005497108164892012,0.005497108164892012,3.7687505025161907
2013-06-14,-0.015594208850356912,-0.015594208850356912,3.7687505025161907
2013-06-17,0.01680921453996606,0.01680921453996606,3.7687505025161907
2013-06-18,0.013658581374596657,0.013658581374596657,3.7687505025161907
2013-06-19,-0.0013144722801672652,-0.0013144722801672652,3.7687505025161907
2013-06-20,-0.006389479568600955,-0.006389479568600955,3.7687505025161907
2013-06-21,0.011414877896041504,0.011414877896041504,3.7687505025161907
2013-06-24,-0.01323742849898972,-0.01323742849898972,3.7687505025161907
2013-06-25,0.0120844444779103,0.0120844444779103,3.7687505025161907
2013-06-26,0.01116502062549037,0.01116502062549037,3.7687505025161907
2013-06-27,0.006715500243311081,0.006715500243311081,3.7687505025161907
2013-06-28,0.001432353665129465,0.001432353665129465,3.7687505025161907
2013-07-01,0.003802125135457474,0.0034096256572823964,3.2540486445668146
2013-07-02,0.00149904438967056,0.00149904438967056,3.2540486445668146
2013-07-03,-0.002009664300168775,-0.002009664300168775,3.2540486445668146
2013-07-05,0.029171847341908873,0.029171847341908873,3.2540486445668146
2013-07-08,-0.005051792734377377,-0.005051792734377377,3.2540486445668146
2013-07-09,0.0030666186690328254,0.0030666186690328254,3.2540486445668146
2013-07-10,0.004077387575215871,0.004077387575215871,3.2540486445668146
2013-07-11,0.003826504759496434,0.003826504759496434,3.2540486445668146
2013-07-12,0.0035131727819555296,0.0035131727819555296,3.2540486445668146
2013-07-15,0.003699961527583483,0.003699961527583483,3.2540486445668146
2013-07-16,-0.010392101352382123,-0.010392101352382123,3.2540486445668146
2013-07-17,0.008817869256913535,0.008817869256913535,3.2540486445668146
2013-07-18,0.0038844813139962513,0.0038844813139962513,3.2540486445668146
2013-07-19,-0.006376575022442217,-0.006376575022442217,3.2540486445668146
2013-07-22,-0.005549264704867861,-0.005549264704867861,3.2540486445668146
2013-07-23,0.00032314896820969893,0.00032314896820969893,3.2540486445668146
2013-07-24,0.009021294463662836,0.009021294463662836,3.2540486445668146
2013-07-25,-0.0017436254011839458,-0.0017436254011839458,3.2540486445668146
2013-07-26,-0.002571368133476552,-0.002571368133476552,3.2540486445668146
2013-07-29,-0.00198429248170053,-0.00198429248170053,3.2540486445668146
2013-07-30,0.007335975253871352,0.007335975253871352,3.2540486445668146
2013-07-31,-0.0004940009902908048,-0.0004940009902908048,3.2540486445668146
2013-08-01,0.03134017855749522,0.031016541489129024,3.22290018620423
2013-08-02,-0.0037903653784941535,-0.0037903653784941535,3.22290018620423
2013-08-05,-0.0024098721714626518,-0.0024098721714626518,3.22290018620423
2013-08-06,-0.00579286782633696,-0.00579286782633696,3.22290018620423
2013-08-07,-0.012721567062263336,-0.012721567062263336,3.22290018620423
2013-08-08,-0.008392013421404963,-0.008392013421404963,3.22290018620423
2013-08-09,-0.0009083290713191381,-0.0009083290713191381,3.22290018620423
2013-08-12,7.586035126198626e-06,7.586035126198626e-06,3.22290018620423
2013-08-13,0.019422719600549105,0.019422719600549105,3.22290018620423
2013-08-14,-0.005760520539635317,-0.005760520539635317,3.22290018620423
2013-08-15,-0.012773315167560119,-0.012773315167560119,3.22290018620423
2013-08-16,0.0028932467357119266,0.0028932467357119266,3.22290018620423
2013-08-19,-0.0014466356667657508,-0.0014466356667657508,3.22290018620423
2013-08-20,-0.0014853104422052643,-0.0014853104422052643,3.22290018620423
2013-08-21,0.0017232205105452026,0.0017232205105452026,3.22290018620423
2013-08-22,0.012370901099799643,0.012370901099799643,3.22290018620423
2013-08-23,-0.0041711744458132645,-0.0041711744458132645,3.22290018620423
2013-08-26,-0.009682117895336321,-0.009682117895336321,3.22290018620423
2013-08-27,-0.022048920506416454,-0.022048920506416454,3.22290018620423
2013-08-28,0.006319269029345172,0.006319269029345172,3.22290018620423
2013-08-29,0.005010103089826042,0.005010103089826042,3.22290018620423
2013-08-30,-0.0027224550444098,-0.0027224550444098,3.22290018620423
2013-09-03,0.012094361185393657,0.011902530713199598,3.284914867036397
2013-09-04,0.009319553709243433,0.009319553709243433,3.284914867036397
2013-09-05,0.010260632011482777,0.010260632011482777,3.284914867036397
2013-09-06,-0.010960431266654089,-0.010960431266654089,3.284914867036397
2013-09-09,0.008599036584075424,0.008599036584075424,3.284914867036397
2013-09-10,0.010473714952502749,0.010473714952502749,3.284914867036397
2013-09-11,-0.0072714100967400915,-0.0072714100967400915,3.284914867036397
2013-09-12,0.004325535139466042,0.004325535139466042,3.284914867036397
2013-09-13,0.001437056595306246,0.001437056595306246,3.284914867036397
2013-09-16,0.003623854503240106,0.003623854503240106,3.284914867036397
2013-09-17,-0.0017667766662716774,-0.0017667766662716774,3.284914867036397
2013-09-18,-0.013855600366883492,-0.013855600366883492,3.284914867036397
2013-09-19,0.004360331835859724,0.004360331835859724,3.284914867036397
2013-09-20,0.002641759852538736,0.002641759852538736,3.284914867036397
2013-09-23,-0.00975082588030962,-0.00975082588030962,3.284914867036397
2013-09-24,-0.004410521799244604,-0.004410521799244604,3.284914867036397
2013-09-25,-0.004293093973471438,-0.004293093973471438,3.284914867036397
2013-09-26,0.007530439082066761,0.007530439082066761,3.284914867036397
2013-09-27,-0.005783946907096318,-0.005783946907096318,3.284914867036397
2013-09-30,-0.004641872738598875,-0.004641872738598875,3.284914867036397
2013-10-01,0.010550377214910802,0.010356208420627028,3.3717509742743332
2013-10-02,-0.003593386813771098,-0.003593386813771098,3.3717509742743332
2013-10-03,-0.006312173055218176,-0.006312173055218176,3.3717509742743332
2013-10-04,0.006098454562830086,0.006098454562830086,3.3717509742743332
2013-10-07,-0.016864354007416496,-0.016864354007416496,3.3717509742743332
2013-10-08,-0.00923493680709556,-0.00923493680709556,3.3717509742743332
2013-10-09,0.007072251788280427,0.007072251788280427,3.3717509742743332
2013-10-10,0.02206491612849864,0.02206491612849864,3.3717509742743332
2013-10-11,0.004847603268191628,0.004847603268191628,3.3717509742743332
2013-10-14,0.005892839717127272,0.005892839717127272,3.3717509742743332
2013-10-15,-0.0075738043510132375,-0.0075738043510132375,3.3717509742743332
2013-10-16,0.005338695991695824,0.005338695991695824,3.3717509742743332
2013-10-17,-0.007021711936073106,-0.007021711936073106,3.3717509742743332
2013-10-18,0.005369279668214338,0.005369279668214338,3.3717509742743332
2013-10-21,0.002499728623836084,0.002499728623836084,3.3717509742743332
2013-10-22,-0.00416278249571259,-0.00416278249571259,3.3717509742743332
2013-10-23,-0.005344468402065776,-0.005344468402065776,3.3717509742743332
2013-10-24,0.005136177033976415,0.005136177033976415,3.3717509742743332
2013-10-25,0.00031664047864375666,0.00031664047864375666,3.3717509742743332
2013-10-28,0.0048836134614902195,0.0048836134614902195,3.3717509742743332
2013-10-29,0.008058618837788082,0.008058618837788082,3.3717509742743332
2013-10-30,-0.0008952562386855783,-0.0008952562386855783,3.3717509742743332
2013-10-31,-0.00182682247763413,-0.00182682247763413,3.3717509742743332
2013-11-01,0.007175118483068337,0.007048625576995094,3.5915380487411137
2013-11-04,0.004147550346693799,0.004147550346693799,3.5915380487411137
2013-11-05,-0.0035398106829180624,-0.0035398106829180624,3.5915380487411137
2013-11-06,0.0018113755598131247,0.0018113755598131247,3.5915380487411137
2013-11-07,-0.0172749442530565,-0.0172749442530565,3.5915380487411137
2013-11-08,0.02401960839104255,0.02401960839104255,3.5915380487411137
2013-11-11,0.0048221064740319635,0.0048221064740319635,3.5915380487411137
2013-11-12,0.0027650423588490257,0.0027650423588490257,3.5915380487411137
2013-11-13,0.0011057694133324307,0.0011057694133324307,3.5915380487411137
2013-11-14,-0.0008374081630294038,-0.0008374081630294038,3.5915380487411137
2013-11-15,0.0072556176893314,0.0072556176893314,3.5915380487411137
2013-11-18,-0.00045810931475706725,-0.00045810931475706725,3.5915380487411137
2013-11-19,0.00319459512629818,0.00319459512629818,3.5915380487411137
2013-11-20,0.0019325818820706908,0.0019325818820706908,3.5915380487411137
2013-11-21,0.01173213649079259,0.01173213649079259,3.5915380487411137
2013-11-22,0.000984654565519505,0.000984654565519505,3.5915380487411137
2013-11-25,-0.004784135342634773,-0.004784135342634773,3.5915380487411137
2013-11-26,0.0009960349919498589,0.0009960349919498589,3.5915380487411137
2013-11-27,0.009596273557954598,0.009596273557954598,3.5915380487411137
2013-11-29,0.0017708939194820074,0.0017708939194820074,3.5915380487411137
2013-12-02,0.00417337898038861,0.0038683829044863453,3.7768685259831893
2013-12-03,-0.006808225620581436,-0.006808225620581436,3.7768685259831893
2013-12-04,0.0009677704102508888,0.0009677704102508888,3.7768685259831893
2013-12-05,-0.0025429853893240767,-0.0025429853893240767,3.7768685259831893
2013-12-06,0.01160012166708178,0.01160012166708178,3.7768685259831893
2013-12-09,-0.0030542791611211824,-0.0030542791611211824,3.7768685259831893
2013-12-10,-0.011994632676053192,-0.011994632676053192,3.7768685259831893
2013-12-11,-0.011968787814764502,-0.011968787814764502,3.7768685259831893
2013-12-12,0.0065948510338302525,0.0065948510338302525,3.7768685259831893
2013-12-13,-0.00840381939665406,-0.00840381939665406,3.7768685259831893
2013-12-16,0.00944734049362347,0.00944734049362347,3.7768685259831893
2013-12-17,-0.005557719532562547,-0.005557719532562547,3.7768685259831893
2013-12-18,0.02692494685423306,0.02692494685423306,3.7768685259831893
2013-12-19,-5.01064275710625e-05,-5.01064275710625e-05,3.7768685259831893
2013-12-20,-0.004985824066390818,-0.004985824066390818,3.7768685259831893
2013-12-23,0.009982217330461342,0.009982217330461342,3.7768685259831893
2013-12-24,0.0067376339623032855,0.0067376339623032855,3.7768685259831893
2013-12-26,0.006896529286013906,0.006896529286013906,3.7768685259831893
2013-12-27,0.009137585023724852,0.009137585023724852,3.7768685259831893
2013-12-30,-0.00115353382427691,-0.00115353382427691,3.7768685259831893
2013-12-31,0.010632666906653527,0.010632666906653527,3.7768685259831893
2014-01-02,-0.016076521337442112,-0.016403718466134674,3.9852458884852537
2014-01-03,-0.005203724085766953,-0.005203724085766953,3.9852458884852537
2014-01-06,-0.00630146748914197,-0.00630146748914197,3.9852458884852537
2014-01-07,0.011023529093939742,0.011023529093939742,3.9852458884852537
2014-01-08,0.004311062865789596,0.004311062865789596,3.9852458884852537
2014-01-09,0.0008744685416984855,0.0008744685416984855,3.9852458884852537
2014-01-10,-0.011693975057632606,-0.011693975057632606,3.9852458884852537
2014-01-13,-0.0158658014185135,-0.0158658014185135,3.9852458884852537
2014-01-14,0.02260703315854211,0.02260703315854211,3.9852458884852537
2014-01-15,0.009058747391785292,0.009058747391785292,3.9852458884852537
2014-01-16,-0.002958321504644549,-0.002958321504644549,3.9852458884852537
2014-01-17,-0.003921105009933382,-0.003921105009933382,3.9852458884852537
2014-01-21,0.01165162593283708,0.01165162593283708,3.9852458884852537
2014-01-22,0.010193726945070444,0.010193726945070444,3.9852458884852537
2014-01-23,-0.005819749405631755,-0.005819749405631755,3.9852458884852537
2014-01-24,-0.01923531640722555,-0.01923531640722555,3.9852458884852537
2014-01-27,-0.003546119326299715,-0.003546119326299715,3.9852458884852537
2014-01-28,0.006639783113057825,0.006639783113057825,3.9852458884852537
2014-01-29,-0.008086083941861997,-0.008086083941861997,3.9852458884852537
2014-01-30,0.002825395679185108,0.002825395679185108,3.9852458884852537
2014-01-31,-0.018312231155112425,-0.018312231155112425,3.9852458884852537
2014-02-03,-0.02446076865427235,-0.025195692823822908,3.877942674514306
2014-02-04,0.002916767843026161,0.002916767843026161,3.877942674514306
2014-02-05,-0.0024489492122710616,-0.0024489492122710616,3.877942674514306
2014-02-06,0.008523396253754542,0.008523396253754542,3.877942674514306
2014-02-07,0.0007858231124089108,0.0007858231124089108,3.877942674514306
2014-02-10,8.453547924901266e-05,8.453547924901266e-05,3.877942674514306
2014-02-11,0.008319824351340505,0.008319824351340505,3.877942674514306
2014-02-12,0.00286480439379641,0.00286480439379641,3.877942674514306
2014-02-13,-0.0003965746763916474,-0.0003965746763916474,3.877942674514306
2014-02-14,-0.003831312133090837,-0.003831312133090837,3.877942674514306
2014-02-18,-0.0035302869108627993,-0.0035302869108627993,3.877942674514306
2014-02-19,-0.0007017974199235175,-0.0007017974199235175,3.877942674514306
2014-02-20,0.003185991963959489,0.003185991963959489,3.877942674514306
2014-02-21,0.002369552264817625,0.002369552264817625,3.877942674514306
2014-02-24,-0.0017519436790639086,-0.0017519436790639086,3.877942674514306
2014-02-25,-0.0028422604802349287,-0.0028422604802349287,3.877942674514306
2014-02-26,0.0020202088957091604,0.0020202088957091604,3.877942674514306
2014-02-27,-0.003790571308238577,-0.003790571308238577,3.877942674514306
2014-02-28,-0.0003218537416717537,-0.0003218537416717537,3.877942674514306
2014-03-03,-0.01363542232991305,-0.014467782590863136,3.9500572193599464
2014-03-04,0.0179932876085274,0.0179932876085274,3.9500572193599464
2014-03-05,-0.003537832084072392,-0.003537832084072392,3.9500572193599464
2014-03-06,0.0050376863307676845,0.0050376863307676845,3.9500572193599464
2014-03-07,0.00927497865085135,0.00927497865085135,3.9500572193599464
2014-03-10,-0.00320067719757708,-0.00320067719757708,3.9500572193599464
2014-03-11,-0.0015545072392850298,-0.0015545072392850298,3.9500572193599464
2014-03-12,-0.007538465631645042,-0.007538465631645042,3.9500572193599464
2014-03-13,-0.01758230835583278,-0.01758230835583278,3.9500572193599464
2014-03-14,-0.0016877984082031734,-0.0016877984082031734,3.9500572193599464
2014-03-17,0.009750072967283672,0.009750072967283672,3.9500572193599464
2014-03-18,0.006938477057961534,0.006938477057961534,3.9500572193599464
2014-03-19,0.002762513028952349,0.002762513028952349,3.9500572193599464
2014-03-20,-0.0024813481734580417,-0.0024813481734580417,3.9500572193599464
2014-03-21,-0.010556613071948221,-0.010556613071948221,3.9500572193599464
2014-03-24,-0.0015887387234966386,-0.0015887387234966386,3.9500572193599464
2014-03-25,0.0027965006139235565,0.0027965006139235565,3.9500572193599464
2014-03-26,-0.005603463492313044,-0.005603463492313044,3.9500572193599464
2014-03-27,0.0003034273041009408,0.0003034273041009408,3.9500572193599464
2014-03-28,0.0056629706179076875,0.0056629706179076875,3.9500572193599464
2014-03-31,0.004659932812723135,0.004659932812723135,3.9500572193599464
2014-04-01,0.004854087602366116,0.004698922621035057,3.9551512544098486
2014-04-02,0.0006423517567026989,0.0006423517567026989,3.9551512544098486
2014-04-03,-0.0039254562486474125,-0.0039254562486474125,3.9551512544098486
2014-04-04,-0.013431375385230006,-0.013431375385230006,3.9551512544098486
2014-04-07,-0.004794904344918168,-0.004794904344918168,3.9551512544098486
2014-04-08,0.001914169145557811,0.001914169145557811,3.9551512544098486
2014-04-09,0.014688853850008897,0.014688853850008897,3.9551512544098486
2014-04-10,-0.020356193759399746,-0.020356193759399746,3.9551512544098486
2014-04-11,-0.01003744053994739,-0.01003744053994739,3.9551512544098486
2014-04-14,0.005139585564410525,0.005139585564410525,3.9551512544098486
2014-04-15,0.0022380433542608775,0.0022380433542608775,3.9551512544098486
2014-04-16,0.011467551378693906,0.011467551378693906,3.9551512544098486
2014-04-17,0.008329350297898505,0.008329350297898505,3.9551512544098486
2014-04-21,0.0021878278527496732,0.0021878278527496732,3.9551512544098486
2014-04-22,0.004121068967926248,0.004121068967926248,3.9551512544098486
2014-04-23,-0.002396785034791726,-0.002396785034791726,3.9551512544098486
2014-04-24,-0.0008944048488954105,-0.0008944048488954105,3.9551512544098486
2014-04-25,-0.009363590962904688,-0.009363590962904688,3.9551512544098486
2014-04-28,0.005921231556646183,0.005921231556646183,3.9551512544098486
2014-04-29,0.006356596701819261,0.006356596701819261,3.9551512544098486
2014-04-30,0.00431781320850879,0.00431781320850879,3.9551512544098486
2014-05-01,-0.0014665805211264871,-0.0017874372548649493,4.188688037626063
2014-05-02,-0.006810453906079762,-0.006810453906079762,4.188688037626063
2014-05-05,0.0017520761796758777,0.0017520761796758777,4.188688037626063
2014-05-06,-0.004130535883197461,-0.004130535883197461,4.188688037626063
2014-05-07,0.00589354831605882,0.00589354831605882,4.188688037626063
2014-05-08,-0.007900909785674934,-0.007900909785674934,4.188688037626063
2014-05-09,-0.003758755914588136,-0.003758755914588136,4.188688037626063
2014-05-12,0.0020940467432778677,0.0020940467432778677,4.188688037626063
2014-05-13,-0.004149079071093217,-0.004149079071093217,4.188688037626063
2014-05-14,-0.012187065008472388,-0.012187065008472388,4.188688037626063
2014-05-15,-0.0002657328817996938,-0.0002657328817996938,4.188688037626063
2014-05-16,0.00020683008094016621,0.00020683008094016621,4.188688037626063
2014-05-19,0.005175769946105235,0.005175769946105235,4.188688037626063
2014-05-20,-0.0016807761553660665,-0.0016807761553660665,4.188688037626063
2014-05-21,0.006634209412518859,0.006634209412518859,4.188688037626063
2014-05-22,-0.004689204385717566,-0.004689204385717566,4.188688037626063
2014-05-23,-0.0022325372321926563,-0.0022325372321926563,4.188688037626063
2014-05-27,0.008439769861577797,0.008439769861577797,4.188688037626063
2014-05-28,-0.00858294690974148,-0.00858294690974148,4.188688037626063
2014-05-29,0.002048156165983526,0.002048156165983526,4.188688037626063
2014-05-30,0.0024442686891836063,0.0024442686891836063,4.188688037626063
2014-06-02,-0.001081006857656696,-0.0019469804572152718,4.487193884442189
2014-06-03,-0.003130011860297686,-0.003130011860297686,4.487193884442189
2014-06-04,0.001653791497121891,0.001653791497121891,4.487193884442189
2014-06-05,0.008631135079475228,0.008631135079475228,4.487193884442189
2014-06-06,0.008380447790573944,0.008380447790573944,4.487193884442189
2014-06-09,-0.004522251350362648,-0.004522251350362648,4.487193884442189
2014-06-10,-0.006887983078266155,-0.006887983078266155,4.487193884442189
2014-06-11,-0.0031212944831678184,-0.0031212944831678184,4.487193884442189
2014-06-12,0.00420495290155389,0.00420495290155389,4.487193884442189
2014-06-13,0.004961513326682525,0.004961513326682525,4.487193884442189
2014-06-16,0.00024552198072031616,0.00024552198072031616,4.487193884442189
2014-06-17,-0.004200683284578985,-0.004200683284578985,4.487193884442189
2014-06-18,0.011213343686982749,0.011213343686982749,4.487193884442189
2014-06-19,-0.0076643925992164776,-0.0076643925992164776,4.487193884442189
2014-06-20,-0.0018153244352860456,-0.0018153244352860456,4.487193884442189
2014-06-23,-0.006576402632044974,-0.006576402632044974,4.487193884442189
2014-06-24,-0.0014476246309583825,-0.0014476246309583825,4.487193884442189
2014-06-25,0.004808168198738739,0.004808168198738739,4.487193884442189
2014-06-26,-0.00030525194180211154,-0.00030525194180211154,4.487193884442189
2014-06-27,0.0016825362055219236,0.0016825362055219236,4.487193884442189
2014-06-30,-0.0005173380385845845,-0.0005173380385845845,4.487193884442189
2014-07-01,0.004220100932482101,0.0032025337290617828,4.78689366349282
2014-07-02,-0.0017628048338338429,-0.0017628048338338429,4.78689366349282
2014-07-03,-0.0009247976590644536,-0.0009247976590644536,4.78689366349282
2014-07-07,-0.006902332242941618,-0.006902332242941618,4.78689366349282
2014-07-08,-0.003927294852480994,-0.003927294852480994,4.78689366349282
2014-07-09,0.0037892029867357705,0.0037892029867357705,4.78689366349282
2014-07-10,-0.01266807505140731,-0.01266807505140731,4.78689366349282
2014-07-11,0.005197895745641709,0.005197895745641709,4.78689366349282
2014-07-14,0.0026690534473218365,0.0026690534473218365,4.78689366349282
2014-07-15,-0.008957952097815362,-0.008957952097815362,4.78689366349282
2014-07-16,0.0074935308451859065,0.0074935308451859065,4.78689366349282
2014-07-17,-0.004205084863091321,-0.004205084863091321,4.78689366349282
2014-07-18,0.006317047780127224,0.006317047780127224,4.78689366349282
2014-07-21,4.8295456106752096e-05,4.8295456106752096e-05,4.78689366349282
2014-07-22,0.006269590367586198,0.006269590367586198,4.78689366349282
2014-07-23,0.006038387345119125,0.006038387345119125,4.78689366349282
2014-07-24,-0.006195648079766512,-0.006195648079766512,4.78689366349282
2014-07-25,0.002782308157883374,0.002782308157883374,4.78689366349282
2014-07-28,0.0016201649305632965,0.0016201649305632965,4.78689366349282
2014-07-29,-0.005377971045308693,-0.005377971045308693,4.78689366349282
2014-07-30,-0.011349251422349261,-0.011349251422349261,4.78689366349282
2014-07-31,-0.02783330524218481,-0.02783330524218481,4.78689366349282
2014-08-01,-0.0007969671335609948,-0.00113897183684905,4.891253916738191
2014-08-04,0.01123424946194209,0.01123424946194209,4.891253916738191
2014-08-05,-0.015337708685276721,-0.015337708685276721,4.891253916738191
2014-08-06,-0.0020837907643146162,-0.0020837907643146162,4.891253916738191
2014-08-07,-0.00899783492156263,-0.00899783492156263,4.891253916738191
2014-08-08,0.00954930776174534,0.00954930776174534,4.891253916738191
2014-08-11,0.008194648347229787,0.008194648347229787,4.891253916738191
2014-08-12,-0.006202513255184386,-0.006202513255184386,4.891253916738191
2014-08-13,0.00614129365848264,0.00614129365848264,4.891253916738191
2014-08-14,0.009807102294656448,0.009807102294656448,4.891253916738191
2014-08-15,0.005746319490780121,0.005746319490780121,4.891253916738191
2014-08-18,0.005922752250754818,0.005922752250754818,4.891253916738191
2014-08-19,-0.00040751856205709547,-0.00040751856205709547,4.891253916738191
2014-08-20,-0.005921671996194748,-0.005921671996194748,4.891253916738191
2014-08-21,0.0060290942104711314,0.0060290942104711314,4.891253916738191
2014-08-22,-0.0013552190969310569,-0.0013552190969310569,4.891253916738191
2014-08-25,0.010228678345933103,0.010228678345933103,4.891253916738191
2014-08-26,-0.001047149081646944,-0.001047149081646944,4.891253916738191
2014-08-27,0.00556410947600176,0.00556410947600176,4.891253916738191
2014-08-28,-0.0034171618435000837,-0.0034171618435000837,4.891253916738191
2014-08-29,1.8451144671365115e-05,1.8451144671365115e-05,4.891253916738191
2014-09-02,-0.0026254434828903318,-0.00322003922835551,5.137327208509166
2014-09-03,0.002999036774739638,0.002999036774739638,5.137327208509166
2014-09-04,-0.006905739953336112,-0.006905739953336112,5.137327208509166
2014-09-05,0.003316344094407271,0.003316344094407271,5.137327208509166
2014-09-08,-0.010687748138209411,-0.010687748138209411,5.137327208509166
2014-09-09,-0.016635957427112637,-0.016635957427112637,5.137327208509166
2014-09-10,0.001922284058838108,0.001922284058838108,5.137327208509166
2014-09-11,-0.005243396788753428,-0.005243396788753428,5.137327208509166
2014-09-12,-0.00999796396440416,-0.00999796396440416,5.137327208509166
2014-09-15,-0.007568483830853853,-0.007568483830853853,5.137327208509166
2014-09-16,0.007416988559404878,0.007416988559404878,5.137327208509166
2014-09-17,-0.00664906418250328,-0.00664906418250328,5.137327208509166
2014-09-18,0.006808762372118951,0.006808762372118951,5.137327208509166
2014-09-19,0.0031908425702105326,0.0031908425702105326,5.137327208509166
2014-09-22,-0.0077319094973187,-0.0077319094973187,5.137327208509166
2014-09-23,-0.005172240545183582,-0.005172240545183582,5.137327208509166
2014-09-24,0.011894713874345882,0.011894713874345882,5.137327208509166
2014-09-25,-0.0171675055933114,-0.0171675055933114,5.137327208509166
2014-09-26,0.004414459317872602,0.004414459317872602,5.137327208509166
2014-09-29,-0.004894070668586926,-0.004894070668586926,5.137327208509166
2014-09-30,0.002531151251622425,0.002531151251622425,5.137327208509166
2014-10-01,-0.01089833351510769,-0.011965985144758641,4.753742286841592
2014-10-02,-0.01404649644030232,-0.01404649644030232,4.753742286841592
2014-10-03,0.034557458348729565,0.034557458348729565,4.753742286841592
2014-10-06,-0.013379198307347271,-0.013379198307347271,4.753742286841592
2014-10-07,-0.010115536998124022,-0.010115536998124022,4.753742286841592
2014-10-08,0.014112693186468883,0.014112693186468883,4.753742286841592
2014-10-09,-0.020641071524197405,-0.020641071524197405,4.753742286841592
2014-10-10,-0.00920146363242833,-0.00920146363242833,4.753742286841592
2014-10-13,-0.007006914580992406,-0.007006914580992406,4.753742286841592
2014-10-14,0.017033298930181504,0.017033298930181504,4.753742286841592
2014-10-15,-0.022138822416996596,-0.022138822416996596,4.753742286841592
2014-10-16,-0.008083575704511974,-0.008083575704511974,4.753742286841592
2014-10-17,0.01637102169009395,0.01637102169009395,4.753742286841592
2014-10-20,0.0010506833892959646,0.0010506833892959646,4.753742286841592
2014-10-21,0.016102176731291797,0.016102176731291797,4.753742286841592
2014-10-22,9.136820481407503e-05,9.136820481407503e-05,4.753742286841592
2014-10-23,0.010722300916263087,0.010722300916263087,4.753742286841592
2014-10-24,0.0025058741959783607,0.0025058741959783607,4.753742286841592
2014-10-27,-0.006021812762095111,-0.006021812762095111,4.753742286841592
2014-10-28,0.013985688577173933,0.013985688577173933,4.753742286841592
2014-10-29,0.010061416527945899,0.010061416527945899,4.753742286841592
2014-10-30,0.014464701053671222,0.014464701053671222,4.753742286841592
2014-10-31,0.040452309602785334,0.040452309602785334,4.753742286841592
2014-11-03,0.015976908755303026,0.015459053532847938,4.178158578342696
2014-11-04,-0.0038247181703861028,-0.0038247181703861028,4.178158578342696
2014-11-05,0.009045861779704277,0.009045861779704277,4.178158578342696
2014-11-06,0.005514343148694531,0.005514343148694531,4.178158578342696
2014-11-07,-0.004721640916184392,-0.004721640916184392,4.178158578342696
2014-11-10,0.0028146622542600526,0.0028146622542600526,4.178158578342696
2014-11-11,-0.005934901723055626,-0.005934901723055626,4.178158578342696
2014-11-12,0.0050958357830268855,0.0050958357830268855,4.178158578342696
2014-11-13,0.002288390979906819,0.002288390979906819,4.178158578342696
2014-11-14,-0.0040982077471687925,-0.0040982077471687925,4.178158578342696
2014-11-17,-0.0016110544159678546,-0.0016110544159678546,4.178158578342696
2014-11-18,-0.0005628166808326408,-0.0005628166808326408,4.178158578342696
2014-11-19,0.0010972433364347016,0.0010972433364347016,4.178158578342696
2014-11-20,-0.0011568259931075088,-0.0011568259931075088,4.178158578342696
2014-11-21,0.009668371602556264,0.009668371602556264,4.178158578342696
2014-11-24,0.002296655895633061,0.002296655895633061,4.178158578342696
2014-11-25,0.004021703008825987,0.004021703008825987,4.178158578342696
2014-11-26,0.002276818820090987,0.002276818820090987,4.178158578342696
2014-11-28,0.022703303498572223,0.022703303498572223,4.178158578342696
2014-12-01,-0.026692261184761618,-0.027071930065550538,4.089482170478855
2014-12-02,0.0029424920419187537,0.0029424920419187537,4.089482170478855
2014-12-03,0.00288431641352003,0.00288431641352003,4.089482170478855
2014-12-04,0.006588378394952742,0.006588378394952742,4.089482170478855
2014-12-05,0.009057221173245096,0.009057221173245096,4.089482170478855
2014-12-08,-0.0003953421610754427,-0.0003953421610754427,4.089482170478855
2014-12-09,-0.004471840728707584,-0.004471840728707584,4.089482170478855
2014-12-10,-0.00510713993240888,-0.00510713993240888,4.089482170478855
2014-12-11,0.007873960760436808,0.007873960760436808,4.089482170478855
2014-12-12,0.009890104093587388,0.009890104093587388,4.089482170478855
2014-12-15,0.010334990850436257,0.010334990850436257,4.089482170478855
2014-12-16,-0.012384028723345332,-0.012384028723345332,4.089482170478855
2014-12-17,0.016316452069208162,0.016316452069208162,4.089482170478855
2014-12-18,-0.004285873053173549,-0.004285873053173549,4.089482170478855
2014-12-19,0.005080466808941801,0.005080466808941801,4.089482170478855
2014-12-22,0.008725732963369915,0.008725732963369915,4.089482170478855
2014-12-23,-0.009151613193946423,-0.009151613193946423,4.089482170478855
2014-12-24,-0.004639320779697538,-0.004639320779697538,4.089482170478855
2014-12-26,0.0029297165676554857,0.0029297165676554857,4.089482170478855
2014-12-29,0.013488157251698723,0.013488157251698723,4.089482170478855
2014-12-30,-0.007509234917788523,-0.007509234917788523,4.089482170478855
2014-12-31,0.004591083793091692,0.004591083793091692,4.089482170478855
2015-01-02,0.01871886735329972,0.018302031303593723,3.813846721829019
2015-01-05,0.016861747714370472,0.016861747714370472,3.813846721829019
2015-01-06,0.008916018553124896,0.008916018553124896,3.813846721829019
2015-01-07,0.003928900973667834,0.003928900973667834,3.813846721829019
2015-01-08,-0.007011081793253336,-0.007011081793253336,3.813846721829019
2015-01-09,-0.001413409482933989,-0.001413409482933989,3.813846721829019
2015-01-12,0.005436784250980131,0.005436784250980131,3.813846721829019
2015-01-13,-0.0028577640180660192,-0.0028577640180660192,3.813846721829019
2015-01-14,-0.003784457993241672,-0.003784457993241672,3.813846721829019
2015-01-15,0.004497424697217933,0.004497424697217933,3.813846721829019
2015-01-16,-0.016174777409082387,-0.016174777409082387,3.813846721829019
2015-01-20,0.012061316591763488,0.012061316591763488,3.813846721829019
2015-01-21,-0.006715051375237935,-0.006715051375237935,3.813846721829019
2015-01-22,0.015167622101373738,0.015167622101373738,3.813846721829019
2015-01-23,0.01738078054300558,0.01738078054300558,3.813846721829019
2015-01-26,-0.007205000809752833,-0.007205000809752833,3.813846721829019
2015-01-27,-0.012611871031922522,-0.012611871031922522,3.813846721829019
2015-01-28,0.01800578991999413,0.01800578991999413,3.813846721829019
2015-01-29,0.008771908925838335,0.008771908925838335,3.813846721829019
2015-01-30,0.004886976873298067,0.004886976873298067,3.813846721829019
2015-02-02,-0.004258855249856233,-0.004754290132722998,3.485460207566334
2015-02-03,-0.02332558622091227,-0.02332558622091227,3.485460207566334
2015-02-04,0.01342433425728468,0.01342433425728468,3.485460207566334
2015-02-05,-0.01497985773411451,-0.01497985773411451,3.485460207566334
2015-02-06,-0.001173759530753826,-0.001173759530753826,3.485460207566334
2015-02-09,-0.0028863539476754463,-0.0028863539476754463,3.485460207566334
2015-02-10,0.003761203239472102,0.003761203239472102,3.485460207566334
2015-02-11,0.00620683810622277,0.00620683810622277,3.485460207566334
2015-02-12,-0.015140035083162324,-0.015140035083162324,3.485460207566334
2015-02-13,-0.007420667502089575,-0.007420667502089575,3.485460207566334
2015-02-17,-0.005846591927681458,-0.005846591927681458,3.485460207566334
2015-02-18,0.002538769415811764,0.002538769415811764,3.485460207566334
2015-02-19,0.0026958649424380244,0.0026958649424380244,3.485460207566334
2015-02-20,0.0010710095178069565,0.0010710095178069565,3.485460207566334
2015-02-23,0.008200534040903883,0.008200534040903883,3.485460207566334
2015-02-24,0.0033667990992002393,0.0033667990992002393,3.485460207566334
2015-02-25,-0.004538837963150166,-0.004538837963150166,3.485460207566334
2015-02-26,0.009989709188550418,0.009989709188550418,3.485460207566334
2015-02-27,0.0006977670341435152,0.0006977670341435152,3.485460207566334
2015-03-02,-0.00011225882795620502,-0.0004131773037344352,3.40907834193606
2015-03-03,-0.00287207250127861,-0.00287207250127861,3.40907834193606
2015-03-04,-0.001163844393727394,-0.001163844393727394,3.40907834193606
2015-03-05,0.004869851465799163,0.004869851465799163,3.40907834193606
2015-03-06,0.0047084636243756245,0.0047084636243756245,3.40907834193606
2015-03-09,0.0020965546520558733,0.0020965546520558733,3.40907834193606
2015-03-10,0.011358267313398621,0.011358267313398621,3.40907834193606
2015-03-11,0.01337838636463971,0.01337838636463971,3.40907834193606
2015-03-12,-0.0008773018952883924,-0.0008773018952883924,3.40907834193606
2015-03-13,0.009795954708421532,0.009795954708421532,3.40907834193606
2015-03-16,-0.0006411521783284242,-0.0006411521783284242,3.40907834193606
2015-03-17,0.007847673368873551,0.007847673368873551,3.40907834193606
2015-03-18,-0.012780839351179268,-0.012780839351179268,3.40907834193606
2015-03-19,0.015943961547494005,0.015943961547494005,3.40907834193606
2015-03-20,-0.02007745107789892,-0.02007745107789892,3.40907834193606
2015-03-23,-0.015846097910586558,-0.015846097910586558,3.40907834193606
2015-03-24,0.00870166285981646,0.00870166285981646,3.40907834193606
2015-03-25,-0.01123544108264785,-0.01123544108264785,3.40907834193606
2015-03-26,-0.006023767618443358,-0.006023767618443358,3.40907834193606
2015-03-27,0.012945272925353185,0.012945272925353185,3.40907834193606
2015-03-30,0.017532266973129283,0.017532266973129283,3.40907834193606
2015-03-31,0.005940299265116328,0.005940299265116328,3.40907834193606
2015-04-01,-0.00430012825791851,-0.004554743362654026,3.1373618064405915
2015-04-02,-0.009403027135718774,-0.009403027135718774,3.1373618064405915
2015-04-06,-0.00474328871656781,-0.00474328871656781,3.1373618064405915
2015-04-07,0.006539880756269178,0.006539880756269178,3.1373618064405915
2015-04-08,0.0072161163186757376,0.0072161163186757376,3.1373618064405915
2015-04-09,0.008458753280554319,0.008458753280554319,3.1373618064405915
2015-04-10,-0.0011576730822984182,-0.0011576730822984182,3.1373618064405915
2015-04-13,0.006569681346473369,0.006569681346473369,3.1373618064405915
2015-04-14,-0.006852913455478154,-0.006852913455478154,3.1373618064405915
2015-04-15,-0.008233785253596327,-0.008233785253596327,3.1373618064405915
2015-04-16,-0.008800776585095873,-0.008800776585095873,3.1373618064405915
2015-04-17,0.0007755340877518401,0.0007755340877518401,3.1373618064405915
2015-04-20,0.011072367846074464,0.011072367846074464,3.1373618064405915
2015-04-21,-0.0005099245919193215,-0.0005099245919193215,3.1373618064405915
2015-04-22,-0.0030206210044685677,-0.0030206210044685677,3.1373618064405915
2015-04-23,-0.00519478568500937,-0.00519478568500937,3.1373618064405915
2015-04-24,-0.0005203406003657192,-0.0005203406003657192,3.1373618064405915
2015-04-27,-0.010268807901328425,-0.010268807901328425,3.1373618064405915
2015-04-28,-0.014096680487544595,-0.014096680487544595,3.1373618064405915
2015-04-29,-0.010540330779792436,-0.010540330779792436,3.1373618064405915
2015-04-30,-0.0033037813349283893,-0.0033037813349283893,3.1373618064405915
2015-05-01,0.010233110124683923,0.009873988205980065,3.260972737826312
2015-05-04,-0.002491096836358372,-0.002491096836358372,3.260972737826312
2015-05-05,-0.013143402882749441,-0.013143402882749441,3.260972737826312
2015-05-06,-0.017246551101151513,-0.017246551101151513,3.260972737826312
2015-05-07,0.012938468329796853,0.012938468329796853,3.260972737826312
2015-05-08,0.002382177562340495,0.002382177562340495,3.260972737826312
2015-05-11,-0.012437670341699458,-0.012437670341699458,3.260972737826312
2015-05-12,-0.007905523837064369,-0.007905523837064369,3.260972737826312
2015-05-13,-0.011748469550256395,-0.011748469550256395,3.260972737826312
2015-05-14,6.38255594345924e-05,6.38255594345924e-05,3.260972737826312
2015-05-15,0.009731549284114889,0.009731549284114889,3.260972737826312
2015-05-18,0.0011659574925087179,0.0011659574925087179,3.260972737826312
2015-05-19,0.009069962000829015,0.009069962000829015,3.260972737826312
2015-05-20,0.0024393673944933165,0.0024393673944933165,3.260972737826312
2015-05-21,0.002258991751209604,0.002258991751209604,3.260972737826312
2015-05-22,0.012238138310894,0.012238138310894,3.260972737826312
2015-05-26,0.01640396749353558,0.01640396749353558,3.260972737826312
2015-05-27,0.007169832775730676,0.007169832775730676,3.260972737826312
2015-05-28,-0.00152412500314776,-0.00152412500314776,3.260972737826312
2015-05-29,-0.004557269475835262,-0.004557269475835262,3.260972737826312
2015-06-01,0.007646568931048203,0.0070368613454497185,3.2546526887248826
2015-06-02,-0.02104775137428872,-0.02104775137428872,3.2546526887248826
2015-06-03,0.0007340985411231283,0.0007340985411231283,3.2546526887248826
2015-06-04,0.009844069415353481,0.009844069415353481,3.2546526887248826
2015-06-05,0.008417756328548645,0.008417756328548645,3.2546526887248826
2015-06-08,-0.013740622563216605,-0.013740622563216605,3.2546526887248826
2015-06-09,-0.006484451982604416,-0.006484451982604416,3.2546526887248826
2015-06-10,-0.01565516696678875,-0.01565516696678875,3.2546526887248826
2015-06-11,0.013949784912257535,0.013949784912257535,3.2546526887248826
2015-06-12,0.002840692187835097,0.002840692187835097,3.2546526887248826
2015-06-15,-0.0012458292381929974,-0.0012458292381929974,3.2546526887248826
2015-06-16,0.0023196478163184492,0.0023196478163184492,3.2546526887248826
2015-06-17,-0.00824326410489575,-0.00824326410489575,3.2546526887248826
2015-06-18,-0.0036487854601509745,-0.0036487854601509745,3.2546526887248826
2015-06-19,0.007384950566536671,0.007384950566536671,3.2546526887248826
2015-06-22,-0.003805367659253305,-0.003805367659253305,3.2546526887248826
2015-06-23,0.006084350036030954,0.006084350036030954,3.2546526887248826
2015-06-24,0.002554827742943534,0.002554827742943534,3.2546526887248826
2015-06-25,-0.006566741184401908,-0.006566741184401908,3.2546526887248826
2015-06-26,-0.0007930689375709792,-0.0007930689375709792,3.2546526887248826
2015-06-29,0.0011216264551238593,0.0011216264551238593,3.2546526887248826
2015-06-30,0.0015793013846642045,0.0015793013846642045,3.2546526887248826
2015-07-01,0.008036268379947777,0.007959712076964312,3.233357352119516
2015-07-02,-0.0012404456356904523,-0.0012404456356904523,3.233357352119516
2015-07-06,0.016210223756872578,0.016210223756872578,3.233357352119516
2015-07-07,0.013884493640925859,0.013884493640925859,3.233357352119516
2015-07-08,-0.0063027383742662235,-0.0063027383742662235,3.233357352119516
2015-07-09,-0.009007561000731265,-0.009007561000731265,3.233357352119516
2015-07-10,-0.008570788006817431,-0.008570788006817431,3.233357352119516
2015-07-13,0.008090285844286223,0.008090285844286223,3.233357352119516
2015-07-14,-0.0015824464697844632,-0.0015824464697844632,3.233357352119516
2015-07-15,0.009318281688433036,0.009318281688433036,3.233357352119516
2015-07-16,0.008021885268374395,0.008021885268374395,3.233357352119516
2015-07-17,0.0075432735696237775,0.0075432735696237775,3.233357352119516
2015-07-20,0.009159910419659387,0.009159910419659387,3.233357352119516
2015-07-21,-0.0033834727522400205,-0.0033834727522400205,3.233357352119516
2015-07-22,0.008705653046997712,0.008705653046997712,3.233357352119516
2015-07-23,0.006642357394668211,0.006642357394668211,3.233357352119516
2015-07-24,0.002385428378328497,0.002385428378328497,3.233357352119516
2015-07-27,0.0009901127923265859,0.0009901127923265859,3.233357352119516
2015-07-28,-0.007818980298852323,-0.007818980298852323,3.233357352119516
2015-07-29,0.0011850224220990484,0.0011850224220990484,3.233357352119516
2015-07-30,0.007603527690544134,0.007603527690544134,3.233357352119516
2015-07-31,0.0031234328410328256,0.0031234328410328256,3.233357352119516
2015-08-03,0.008279572144036667,0.008193390923321863,3.311875539693282
2015-08-04,-0.004929447069929191,-0.004929447069929191,3.311875539693282
2015-08-05,0.002578396634105773,0.002578396634105773,3.311875539693282
2015-08-06,-0.0022933164326361657,-0.0022933164326361657,3.311875539693282
2015-08-07,0.00025329335672815757,0.00025329335672815757,3.311875539693282
2015-08-10,-0.013006173998028146,-0.013006173998028146,3.311875539693282
2015-08-11,0.010636549381963714,0.010636549381963714,3.311875539693282
2015-08-12,-0.008650889599506334,-0.008650889599506334,3.311875539693282
2015-08-13,0.006587559787014687,0.006587559787014687,3.311875539693282
2015-08-14,0.0028656992455082407,0.0028656992455082407,3.311875539693282
2015-08-17,0.010267371997730777,0.010267371997730777,3.311875539693282
2015-08-18,0.0017581170873375302,0.0017581170873375302,3.311875539693282
2015-08-19,-0.002200934474771375,-0.002200934474771375,3.311875539693282
2015-08-20,-0.013547801566930452,-0.013547801566930452,3.311875539693282
2015-08-21,-0.003656319513745469,-0.003656319513745469,3.311875539693282
2015-08-24,-0.008190176844722908,-0.008190176844722908,3.311875539693282
2015-08-25,-0.0019902863341378545,-0.0019902863341378545,3.311875539693282
2015-08-26,0.02401159121784241,0.02401159121784241,3.311875539693282
2015-08-27,-0.00248730776119303,-0.00248730776119303,3.311875539693282
2015-08-28,-0.003936190580527848,-0.003936190580527848,3.311875539693282
2015-08-31,-0.007645671344698018,-0.007645671344698018,3.311875539693282
2015-09-01,0.005033577358728738,0.004567223623204419,3.0901031523169
2015-09-02,0.003976543544573469,0.003976543544573469,3.0901031523169
2015-09-03,-0.002396881981172985,-0.002396881981172985,3.0901031523169
2015-09-04,0.010625924305228135,0.010625924305228135,3.0901031523169
2015-09-08,-0.016555653571606918,-0.016555653571606918,3.0901031523169
2015-09-09,0.005135300512305691,0.005135300512305691,3.0901031523169
2015-09-10,-0.007951092481144338,-0.007951092481144338,3.0901031523169
2015-09-11,-0.00021554330695593707,-0.00021554330695593707,3.0901031523169
2015-09-14,0.00242947279705904,0.00242947279705904,3.0901031523169
2015-09-15,0.004911558726776864,0.004911558726776864,3.0901031523169
2015-09-16,-0.013889249643486269,-0.013889249643486269,3.0901031523169
2015-09-17,-0.006977833030014565,-0.006977833030014565,3.0901031523169
2015-09-18,0.010548603665449305,0.010548603665449305,3.0901031523169
2015-09-21,0.005851951195141178,0.005851951195141178,3.0901031523169
2015-09-22,0.014710625666207417,0.014710625666207417,3.0901031523169
2015-09-23,0.007296399854871776,0.007296399854871776,3.0901031523169
2015-09-24,-0.007949276820038341,-0.007949276820038341,3.0901031523169
2015-09-25,0.002960086630856789,0.002960086630856789,3.0901031523169
2015-09-28,0.006529692855621804,0.006529692855621804,3.0901031523169
2015-09-29,-0.0019072770397431478,-0.0019072770397431478,3.0901031523169
2015-09-30,-0.00023563446621475926,-0.00023563446621475926,3.0901031523169
2015-10-01,-0.0013717305698054112,-0.0018632350990401498,3.0753732574663055
2015-10-02,-0.016949820208956398,-0.016949820208956398,3.0753732574663055
2015-10-05,-0.011543337858222612,-0.011543337858222612,3.0753732574663055
2015-10-06,-0.010996728701330748,-0.010996728701330748,3.0753732574663055
2015-10-07,-0.008990413970719969,-0.008990413970719969,3.0753732574663055
2015-10-08,-0.007191145742720964,-0.007191145742720964,3.0753732574663055
2015-10-09,-0.00921636391341246,-0.00921636391341246,3.0753732574663055
2015-10-12,0.0031823985989436533,0.0031823985989436533,3.0753732574663055
2015-10-13,0.007611169495363437,0.007611169495363437,3.0753732574663055
2015-10-14,-0.013418134723046149,-0.013418134723046149,3.0753732574663055
2015-10-15,-0.00423656161224965,-0.00423656161224965,3.0753732574663055
2015-10-16,0.007992547973903325,0.007992547973903325,3.0753732574663055
2015-10-19,0.008984494766945,0.008984494766945,3.0753732574663055
2015-10-20,-0.003492513612843146,-0.003492513612843146,3.0753732574663055
2015-10-21,0.012350915583629699,0.012350915583629699,3.0753732574663055
2015-10-22,-0.00025921138458231074,-0.00025921138458231074,3.0753732574663055
2015-10-23,0.003700213344776169,0.003700213344776169,3.0753732574663055
2015-10-26,0.004856615518071069,0.004856615518071069,3.0753732574663055
2015-10-27,0.006033307290083247,0.006033307290083247,3.0753732574663055
2015-10-28,0.004052378826180802,0.004052378826180802,3.0753732574663055
2015-10-29,0.002519357390220353,0.002519357390220353,3.0753732574663055
2015-10-30,-0.0068618208189970935,-0.0068618208189970935,3.0753732574663055
2015-11-02,0.0038004518509381887,0.0034990946896641503,3.1965225100856296
2015-11-03,-0.002227950396427537,-0.002227950396427537,3.1965225100856296
2015-11-04,0.009951421424731625,0.009951421424731625,3.1965225100856296
2015-11-05,0.006763865941470567,0.006763865941470567,3.1965225100856296
2015-11-06,0.01635791347092683,0.01635791347092683,3.1965225100856296
2015-11-09,0.00273356245223785,0.00273356245223785,3.1965225100856296
2015-11-10,0.005494287804633247,0.005494287804633247,3.1965225100856296
2015-11-11,-0.004390553313579486,-0.004390553313579486,3.1965225100856296
2015-11-12,-0.002424549902738064,-0.002424549902738064,3.1965225100856296
2015-11-13,0.003299139418212341,0.003299139418212341,3.1965225100856296
2015-11-16,0.004462594398725585,0.004462594398725585,3.1965225100856296
2015-11-17,0.004114229896974606,0.004114229896974606,3.1965225100856296
2015-11-18,0.0046503119288515355,0.0046503119288515355,3.1965225100856296
2015-11-19,-0.008725822482952365,-0.008725822482952365,3.1965225100856296
2015-11-20,0.006347756716181136,0.006347756716181136,3.1965225100856296
2015-11-23,0.005746399128619486,0.005746399128619486,3.1965225100856296
2015-11-24,-0.006118512752265642,-0.006118512752265642,3.1965225100856296
2015-11-25,0.002493672701453193,0.002493672701453193,3.1965225100856296
2015-11-27,0.013462794610437973,0.013462794610437973,3.1965225100856296
2015-11-30,-0.0012261327706969659,-0.0012261327706969659,3.1965225100856296
2015-12-01,-0.008217354414980256,-0.008705599801287267,3.448144603571471
2015-12-02,0.014431630248136098,0.014431630248136098,3.448144603571471
2015-12-03,-0.018081260926370735,-0.018081260926370735,3.448144603571471
2015-12-04,-0.0005567657475398802,-0.0005567657475398802,3.448144603571471
2015-12-07,0.019321498449174992,0.019321498449174992,3.448144603571471
2015-12-08,0.006487397104256616,0.006487397104256616,3.448144603571471
2015-12-09,-0.010252901137887347,-0.010252901137887347,3.448144603571471
2015-12-10,0.008324038256719613,0.008324038256719613,3.448144603571471
2015-12-11,0.006524369155327092,0.006524369155327092,3.448144603571471
2015-12-14,0.006090948802194759,0.006090948802194759,3.448144603571471
2015-12-15,0.006813412327490063,0.006813412327490063,3.448144603571471
2015-12-16,-0.002312214354652878,-0.002312214354652878,3.448144603571471
2015-12-17,0.018808646601696673,0.018808646601696673,3.448144603571471
2015-12-18,-0.01569112898608119,-0.01569112898608119,3.448144603571471
2015-12-21,-0.006527899309711279,-0.006527899309711279,3.448144603571471
2015-12-22,0.0007470025301155091,0.0007470025301155091,3.448144603571471
2015-12-23,-0.013475277418082262,-0.013475277418082262,3.448144603571471
2015-12-24,-0.006381503738277884,-0.006381503738277884,3.448144603571471
2015-12-28,0.005628150180987883,0.005628150180987883,3.448144603571471
2015-12-29,-0.003203534757202038,-0.003203534757202038,3.448144603571471
2015-12-30,0.00513065945293049,0.00513065945293049,3.448144603571471
2015-12-31,-0.0007921579728945184,-0.0007921579728945184,3.448144603571471
2016-01-04,0.011086664525096969,0.01081797816285782,3.3851693777220633
2016-01-05,0.006110928118085594,0.006110928118085594,3.3851693777220633
2016-01-06,0.006840984852118363,0.006840984852118363,3.3851693777220633
2016-01-07,0.0020388937605212735,0.0020388937605212735,3.3851693777220633
2016-01-08,0.004917689251165702,0.004917689251165702,3.3851693777220633
2016-01-11,0.015356270268010435,0.015356270268010435,3.3851693777220633
2016-01-12,0.0026805205659028446,0.0026805205659028446,3.3851693777220633
2016-01-13,-0.0006356011338852837,-0.0006356011338852837,3.3851693777220633
2016-01-14,0.005300766471167732,0.005300766471167732,3.3851693777220633
2016-01-15,0.016726525562665667,0.016726525562665667,3.3851693777220633
2016-01-19,0.0005646942855478938,0.0005646942855478938,3.3851693777220633
2016-01-20,0.0018918446242860254,0.0018918446242860254,3.3851693777220633
2016-01-21,-0.009406213405183933,-0.009406213405183933,3.3851693777220633
2016-01-22,-0.008343109431000766,-0.008343109431000766,3.3851693777220633
2016-01-25,0.006605995173955548,0.006605995173955548,3.3851693777220633
2016-01-26,-0.02038201095326659,-0.02038201095326659,3.3851693777220633
2016-01-27,0.0007362640633212307,0.0007362640633212307,3.3851693777220633
2016-01-28,-0.006807070643834431,-0.006807070643834431,3.3851693777220633
2016-01-29,-0.0033281247979871633,-0.0033281247979871633,3.3851693777220633
2016-02-01,0.00032715134783757897,4.846784269069219e-05,3.277852666984961
2016-02-02,0.01443515034357205,0.01443515034357205,3.277852666984961
2016-02-03,-0.03241085417365868,-0.03241085417365868,3.277852666984961
2016-02-04,-0.0057355419028606155,-0.0057355419028606155,3.277852666984961
2016-02-05,0.015698526055729693,0.015698526055729693,3.277852666984961
2016-02-08,-3.586063783749086e-05,-3.586063783749086e-05,3.277852666984961
2016-02-09,0.006961657094922213,0.006961657094922213,3.277852666984961
2016-02-10,-0.005798789596226161,-0.005798789596226161,3.277852666984961
2016-02-11,1.4692121856586712e-05,1.4692121856586712e-05,3.277852666984961
2016-02-12,-0.005899530881136121,-0.005899530881136121,3.277852666984961
2016-02-16,0.005048734991524659,0.005048734991524659,3.277852666984961
2016-02-17,-0.015337292852965128,-0.015337292852965128,3.277852666984961
2016-02-18,-0.0041751845614714156,-0.0041751845614714156,3.277852666984961
2016-02-19,0.0001656429282304803,0.0001656429282304803,3.277852666984961
2016-02-22,-0.0066314429189558355,-0.0066314429189558355,3.277852666984961
2016-02-23,0.010421232969230497,0.010421232969230497,3.277852666984961
2016-02-24,-0.002920369421950713,-0.002920369421950713,3.277852666984961
2016-02-25,-0.007162849452177807,-0.007162849452177807,3.277852666984961
2016-02-26,0.011238009300650921,0.011238009300650921,3.277852666984961
2016-02-29,-0.003657633185394279,-0.003657633185394279,3.277852666984961
2016-03-01,-0.026052964370037134,-0.026564892529414557,3.161571555787541
2016-03-02,-0.009336305638537433,-0.009336305638537433,3.161571555787541
2016-03-03,-0.01238900673694292,-0.01238900673694292,3.161571555787541
2016-03-04,-0.016029505798099,-0.016029505798099,3.161571555787541
2016-03-07,-0.002165730803270061,-0.002165730803270061,3.161571555787541
2016-03-08,0.01574252948336305,0.01574252948336305,3.161571555787541
2016-03-09,-0.01104038888370445,-0.01104038888370445,3.161571555787541
2016-03-10,-0.0024502170723970443,-0.0024502170723970443,3.161571555787541
2016-03-11,-0.027137327041161625,-0.027137327041161625,3.161571555787541
2016-03-14,0.004032277639538076,0.004032277639538076,3.161571555787541
2016-03-15,0.012508879613070782,0.012508879613070782,3.161571555787541
2016-03-16,-0.023123609339738768,-0.023123609339738768,3.161571555787541
2016-03-17,-0.02113497294329185,-0.02113497294329185,3.161571555787541
2016-03-18,0.0007779929999262771,0.0007779929999262771,3.161571555787541
2016-03-21,0.002077401086865799,0.002077401086865799,3.161571555787541
2016-03-22,0.001187594005708156,0.001187594005708156,3.161571555787541
2016-03-23,0.020437335116870653,0.020437335116870653,3.161571555787541
2016-03-24,0.004604168100630101,0.004604168100630101,3.161571555787541
2016-03-28,-0.008176276378053274,-0.008176276378053274,3.161571555787541
2016-03-29,-0.018007246866361168,-0.018007246866361168,3.161571555787541
2016-03-30,-0.0067885466506767515,-0.0067885466506767515,3.161571555787541
2016-03-31,0.0026139936340623684,0.0026139936340623684,3.161571555787541
2016-04-01,0.013313326766459235,0.011969098692571782,3.149007084463408
2016-04-04,0.004401958533514178,0.004401958533514178,3.149007084463408
2016-04-05,0.01690193009971279,0.01690193009971279,3.149007084463408
2016-04-06,-0.005882235419825407,-0.005882235419825407,3.149007084463408
2016-04-07,0.013390152034630133,0.013390152034630133,3.149007084463408
2016-04-08,-0.015366450338751616,-0.015366450338751616,3.149007084463408
2016-04-11,-0.002978642030466088,-0.002978642030466088,3.149007084463408
2016-04-12,-0.020698708973813273,-0.020698708973813273,3.149007084463408
2016-04-13,-0.011902149633067113,-0.011902149633067113,3.149007084463408
2016-04-14,-0.0012522752904946706,-0.0012522752904946706,3.149007084463408
2016-04-15,0.00838953297634616,0.00838953297634616,3.149007084463408
2016-04-18,-0.005562024113239874,-0.005562024113239874,3.149007084463408
2016-04-19,-0.017215060527422353,-0.017215060527422353,3.149007084463408
2016-04-20,-0.011544937363649338,-0.011544937363649338,3.149007084463408
2016-04-21,0.002375940893086149,0.002375940893086149,3.149007084463408
2016-04-22,-0.009059528523777402,-0.009059528523777402,3.149007084463408
2016-04-25,0.0015626564990770103,0.0015626564990770103,3.149007084463408
2016-04-26,-0.007337806449502276,-0.007337806449502276,3.149007084463408
2016-04-27,0.0029565842182739588,0.0029565842182739588,3.149007084463408
2016-04-28,0.0176063876685253,0.0176063876685253,3.149007084463408
2016-04-29,0.00457449008363171,0.00457449008363171,3.149007084463408
2016-05-02,-0.006610869390073069,-0.006987822784151394,3.2180032922034685
2016-05-03,0.022835093940511517,0.022835093940511517,3.2180032922034685
2016-05-04,0.007202124896597484,0.007202124896597484,3.2180032922034685
2016-05-05,0.004506191969998763,0.004506191969998763,3.2180032922034685
2016-05-06,-0.0019627549403138248,-0.0019627549403138248,3.2180032922034685
2016-05-09,0.0005577509697749133,0.0005577509697749133,3.2180032922034685
2016-05-10,-0.013488669452817117,-0.013488669452817117,3.2180032922034685
2016-05-11,0.007306984994938972,0.007306984994938972,3.2180032922034685
2016-05-12,-0.004191220356345052,-0.004191220356345052,3.2180032922034685
2016-05-13,0.013666051679854217,0.013666051679854217,3.2180032922034685
2016-05-16,-0.013547669671362703,-0.013547669671362703,3.2180032922034685
2016-05-17,0.002488656533912815,0.002488656533912815,3.2180032922034685
2016-05-18,-0.01434075337416697,-0.01434075337416697,3.2180032922034685
2016-05-19,0.0059180997001148355,0.0059180997001148355,3.2180032922034685
2016-05-20,-0.003961217795404891,-0.003961217795404891,3.2180032922034685
2016-05-23,0.005765171740230935,0.005765171740230935,3.2180032922034685
2016-05-24,-0.016751531459751872,-0.016751531459751872,3.2180032922034685
2016-05-25,-0.00942945640626633,-0.00942945640626633,3.2180032922034685
2016-05-26,0.0016233207422197637,0.0016233207422197637,3.2180032922034685
2016-05-27,-0.005709255596924418,-0.005709255596924418,3.2180032922034685
2016-05-31,-0.00014295385724737869,-0.00014295385724737869,3.2180032922034685
2016-06-01,2.0175232602154106e-05,-0.00021047559429018592,3.3667388035899704
2016-06-02,0.0027688781641504183,0.0027688781641504183,3.3667388035899704
2016-06-03,0.008863185001656585,0.008863185001656585,3.3667388035899704
2016-06-06,-0.011505386044749925,-0.011505386044749925,3.3667388035899704
2016-06-07,-0.004497302186522282,-0.004497302186522282,3.3667388035899704
2016-06-08,-0.0042701495497602755,-0.0042701495497602755,3.3667388035899704
2016-06-09,0.006424444202976104,0.006424444202976104,3.3667388035899704
2016-06-10,0.01951771755562195,0.01951771755562195,3.3667388035899704
2016-06-13,0.009438329900434214,0.009438329900434214,3.3667388035899704
2016-06-14,0.004727380845846352,0.004727380845846352,3.3667388035899704
2016-06-15,0.0024867590418655985,0.0024867590418655985,3.3667388035899704
2016-06-16,0.007481981235497163,0.007481981235497163,3.3667388035899704
2016-06-17,-0.013475653143208567,-0.013475653143208567,3.3667388035899704
2016-06-20,-0.022951411984487458,-0.022951411984487458,3.3667388035899704
2016-06-21,-0.007682997584854485,-0.007682997584854485,3.3667388035899704
2016-06-22,0.004909464512897632,0.004909464512897632,3.3667388035899704
2016-06-23,-0.023062449772603053,-0.023062449772603053,3.3667388035899704
2016-06-24,0.0715721028886214,0.0715721028886214,3.3667388035899704
2016-06-27,0.023813961138626803,0.023813961138626803,3.3667388035899704
2016-06-28,-0.015396313714754644,-0.015396313714754644,3.3667388035899704
2016-06-29,-0.015688862102652475,-0.015688862102652475,3.3667388035899704
2016-06-30,-0.0035266622036152313,-0.0035266622036152313,3.3667388035899704
2016-07-01,0.009400738027172787,0.008980971051409738,2.9840763190563147
2016-07-05,0.024584629723817246,0.024584629723817246,2.9840763190563147
2016-07-06,0.004143887714557372,0.004143887714557372,2.9840763190563147
2016-07-07,0.006369632426663653,0.006369632426663653,2.9840763190563147
2016-07-08,-0.0010832333879832754,-0.0010832333879832754,2.9840763190563147
2016-07-11,-0.012173679227837533,-0.012173679227837533,2.9840763190563147
2016-07-12,-0.026332130590586915,-0.026332130590586915,2.9840763190563147
2016-07-13,0.008408148109032024,0.008408148109032024,2.9840763190563147
2016-07-14,-0.013581266964127679,-0.013581266964127679,2.9840763190563147
2016-07-15,-0.0013078896963323087,-0.0013078896963323087,2.9840763190563147
2016-07-18,-0.0022420292635852274,-0.0022420292635852274,2.9840763190563147
2016-07-19,0.011307740396600749,0.011307740396600749,2.9840763190563147
2016-07-20,-0.005986573525527471,-0.005986573525527471,2.9840763190563147
2016-07-21,0.007988698877717472,0.007988698877717472,2.9840763190563147
2016-07-22,-0.0015659414920661087,-0.0015659414920661087,2.9840763190563147
2016-07-25,0.0006092500742208086,0.0006092500742208086,2.9840763190563147
2016-07-26,0.0023405659276496756,0.0023405659276496756,2.9840763190563147
2016-07-27,0.010310454208654935,0.010310454208654935,2.9840763190563147
2016-07-28,-0.0027446480083829976,-0.0027446480083829976,2.9840763190563147
2016-07-29,0.003010588263212348,0.003010588263212348,2.9840763190563147
2016-08-01,-0.0025065480302509133,-0.0030150452582894402,3.092859479101096
2016-08-02,-0.0015669564889079744,-0.0015669564889079744,3.092859479101096
2016-08-03,-0.004075713912487463,-0.004075713912487463,3.092859479101096
2016-08-04,0.004647801175678402,0.004647801175678402,3.092859479101096
2016-08-05,-0.008283370697073801,-0.008283370697073801,3.092859479101096
2016-08-08,-0.001603270872197254,-0.001603270872197254,3.092859479101096
2016-08-09,0.007933506859000461,0.007933506859000461,3.092859479101096
2016-08-10,0.007310402994602018,0.007310402994602018,3.092859479101096
2016-08-11,-0.010653655521359868,-0.010653655521359868,3.092859479101096
2016-08-12,0.0034577674945246236,0.0034577674945246236,3.092859479101096
2016-08-15,-0.006034997578903368,-0.006034997578903368,3.092859479101096
2016-08-16,-0.0022375822966021054,-0.0022375822966021054,3.092859479101096
2016-08-17,0.0019129177751506744,0.0019129177751506744,3.092859479101096
2016-08-18,0.0020076140798008808,0.0020076140798008808,3.092859479101096
2016-08-19,-0.0036748368886809764,-0.0036748368886809764,3.092859479101096
2016-08-22,0.002599091016398973,0.002599091016398973,3.092859479101096
2016-08-23,-0.0025113392951424366,-0.0025113392951424366,3.092859479101096
2016-08-24,-0.002701030255647766,-0.002701030255647766,3.092859479101096
2016-08-25,-0.000921884064522624,-0.000921884064522624,3.092859479101096
2016-08-26,-0.006640738205770766,-0.006640738205770766,3.092859479101096
2016-08-29,0.008785054876071431,0.008785054876071431,3.092859479101096
2016-08-30,-0.004726878010374878,-0.004726878010374878,3.092859479101096
2016-08-31,-3.5116495471084754e-05,-3.5116495471084754e-05,3.092859479101096
2016-09-01,0.007027995143505969,0.00635455802728707,3.3274578658176
2016-09-02,0.0024287961043630993,0.0024287961043630993,3.3274578658176
2016-09-06,0.017166436978409912,0.017166436978409912,3.3274578658176
2016-09-07,0.0011325929066465252,0.0011325929066465252,3.3274578658176
2016-09-08,-0.014871782355288665,-0.014871782355288665,3.3274578658176
2016-09-09,-0.02787962266257066,-0.02787962266257066,3.3274578658176
2016-09-12,0.007418190814570504,0.007418190814570504,3.3274578658176
2016-09-13,-0.018198718928575244,-0.018198718928575244,3.3274578658176
2016-09-14,0.006544974528097921,0.006544974528097921,3.3274578658176
2016-09-15,0.0055007467403595176,0.0055007467403595176,3.3274578658176
2016-09-16,-0.0015536260161666212,-0.0015536260161666212,3.3274578658176
2016-09-19,0.003078463582002407,0.003078463582002407,3.3274578658176
2016-09-20,0.003200962346637069,0.003200962346637069,3.3274578658176
2016-09-21,0.02146440376055831,0.02146440376055831,3.3274578658176
2016-09-22,0.013663384423792516,0.013663384423792516,3.3274578658176
2016-09-23,-0.00278916378446067,-0.00278916378446067,3.3274578658176
2016-09-26,-0.004472939249886447,-0.004472939249886447,3.3274578658176
2016-09-27,0.008897964091672948,0.008897964091672948,3.3274578658176
2016-09-28,0.0018741790331085885,0.0018741790331085885,3.3274578658176
2016-09-29,-0.008078330425627495,-0.008078330425627495,3.3274578658176
2016-09-30,0.0033918706051564483,0.0033918706051564483,3.3274578658176
2016-10-03,-0.00373172161629948,-0.004044367266217595,3.4216188708464426
2016-10-04,-0.02340844616300663,-0.02340844616300663,3.4216188708464426
2016-10-05,-0.0014660575062012996,-0.0014660575062012996,3.4216188708464426
2016-10-06,-0.006091661190806825,-0.006091661190806825,3.4216188708464426
2016-10-07,-0.0029133769849029735,-0.0029133769849029735,3.4216188708464426
2016-10-10,0.005168555897675509,0.005168555897675509,3.4216188708464426
2016-10-11,-0.017085833432625114,-0.017085833432625114,3.4216188708464426
2016-10-12,-0.00043446598179418077,-0.00043446598179418077,3.4216188708464426
2016-10-13,-0.003824408280731752,-0.003824408280731752,3.4216188708464426
2016-10-14,-0.0035054861802034385,-0.0035054861802034385,3.4216188708464426
2016-10-17,0.0031663673816909248,0.0031663673816909248,3.4216188708464426
2016-10-18,0.01128956326670705,0.01128956326670705,3.4216188708464426
2016-10-19,0.0070814416522223525,0.0070814416522223525,3.4216188708464426
2016-10-20,-0.00535116980648187,-0.00535116980648187,3.4216188708464426
2016-10-21,-0.000191276317270559,-0.000191276317270559,3.4216188708464426
2016-10-24,0.0005458300285766057,0.0005458300285766057,3.4216188708464426
2016-10-25,0.005780441807843315,0.005780441807843315,3.4216188708464426
2016-10-26,-0.009997843998770779,-0.009997843998770779,3.4216188708464426
2016-10-27,-0.011374164510614012,-0.011374164510614012,3.4216188708464426
2016-10-28,-2.3110971462929483e-05,-2.3110971462929483e-05,3.4216188708464426
2016-10-31,0.009187038432804875,0.009187038432804875,3.4216188708464426
2016-11-01,0.0025824945544060413,0.0019708233823135073,3.6772550604841516
2016-11-02,0.0026764995837978544,0.0026764995837978544,3.6772550604841516
2016-11-03,-0.0017376736036605013,-0.0017376736036605013,3.6772550604841516
2016-11-04,0.00450030936149763,0.00450030936149763,3.6772550604841516
2016-11-07,0.0006720919708913062,0.0006720919708913062,3.6772550604841516
2016-11-08,0.0013826684884622428,0.0013826684884622428,3.6772550604841516
2016-11-09,-0.018732284239890283,-0.018732284239890283,3.6772550604841516
2016-11-10,-0.008534293262500572,-0.008534293262500572,3.6772550604841516
2016-11-11,-0.008188387346538617,-0.008188387346538617,3.6772550604841516
2016-11-14,-0.008775597984275534,-0.008775597984275534,3.6772550604841516
2016-11-15,0.0034769856845000536,0.0034769856845000536,3.6772550604841516
2016-11-16,0.0007013567111194984,0.0007013567111194984,3.6772550604841516
2016-11-17,-0.005772886882496418,-0.005772886882496418,3.6772550604841516
2016-11-18,-0.010890920558076181,-0.010890920558076181,3.6772550604841516
2016-11-21,-0.002406552518821759,-0.002406552518821759,3.6772550604841516
2016-11-22,0.008034788165733487,0.008034788165733487,3.6772550604841516
2016-11-23,-0.007223215249982588,-0.007223215249982588,3.6772550604841516
2016-11-25,0.0008996957055826996,0.0008996957055826996,3.6772550604841516
2016-11-28,0.006395208516200424,0.006395208516200424,3.6772550604841516
2016-11-29,0.0004647655051410062,0.0004647655051410062,3.6772550604841516
2016-11-30,-0.019059639291774955,-0.019059639291774955,3.6772550604841516
2016-12-01,-0.007849853301560256,-0.008486307777673037,3.5147669795003216
2016-12-02,-0.0008314744251753599,-0.0008314744251753599,3.5147669795003216
2016-12-05,-0.00045663484087202916,-0.00045663484087202916,3.5147669795003216
2016-12-06,0.0005198943454546412,0.0005198943454546412,3.5147669795003216
2016-12-07,0.004963270545985772,0.004963270545985772,3.5147669795003216
2016-12-08,0.0030161434504027097,0.0030161434504027097,3.5147669795003216
2016-12-09,-0.0030110387862336448,-0.0030110387862336448,3.5147669795003216
2016-12-12,-0.005390948309001028,-0.005390948309001028,3.5147669795003216
2016-12-13,0.002016710663163854,0.002016710663163854,3.5147669795003216
2016-12-14,-0.00734087878949728,-0.00734087878949728,3.5147669795003216
2016-12-15,-0.002141624355647761,-0.002141624355647761,3.5147669795003216
2016-12-16,-0.009053421008924097,-0.009053421008924097,3.5147669795003216
2016-12-19,0.0034052590396777375,0.0034052590396777375,3.5147669795003216
2016-12-20,0.003898024921240745,0.003898024921240745,3.5147669795003216
2016-12-21,-0.004642769940314223,-0.004642769940314223,3.5147669795003216
2016-12-22,0.0011398470424451256,0.0011398470424451256,3.5147669795003216
2016-12-23,-0.0004576077792410901,-0.0004576077792410901,3.5147669795003216
2016-12-27,0.0018981288956643975,0.0018981288956643975,3.5147669795003216
2016-12-28,-0.00032915385673813947,-0.00032915385673813947,3.5147669795003216
2016-12-29,0.0006689879978768951,0.0006689879978768951,3.5147669795003216
2016-12-30,-0.006356135662771237,-0.006356135662771237,3.5147669795003216
2017-01-03,0.008570883619055447,0.00724827958509276,3.607608322237418
2017-01-04,0.008363581850908644,0.008363581850908644,3.607608322237418
2017-01-05,0.009433380815585257,0.009433380815585257,3.607608322237418
2017-01-06,-0.0029024836780572826,-0.0029024836780572826,3.607608322237418
2017-01-09,0.0020643835155391413,0.0020643835155391413,3.607608322237418
2017-01-10,0.004121373728309508,0.004121373728309508,3.607608322237418
2017-01-11,0.007339870911619746,0.007339870911619746,3.607608322237418
2017-01-12,0.0005593092472824006,0.0005593092472824006,3.607608322237418
2017-01-13,0.00024881769742179536,0.00024881769742179536,3.607608322237418
2017-01-17,-0.0024488377484328805,-0.0024488377484328805,3.607608322237418
2017-01-18,-0.0075882857014263096,-0.0075882857014263096,3.607608322237418
2017-01-19,-0.009024594246901357,-0.009024594246901357,3.607608322237418
2017-01-20,0.0031686734914304067,0.0031686734914304067,3.607608322237418
2017-01-23,0.006165847669711526,0.006165847669711526,3.607608322237418
2017-01-24,0.004861064718940951,0.004861064718940951,3.607608322237418
2017-01-25,0.000974270167176914,0.000974270167176914,3.607608322237418
2017-01-26,0.0025698313116970387,0.0025698313116970387,3.607608322237418
2017-01-27,0.00020235146257882336,0.00020235146257882336,3.607608322237418
2017-01-30,-0.0033524131262756946,-0.0033524131262756946,3.607608322237418
2017-01-31,0.0037439698168453776,0.0037439698168453776,3.607608322237418
2017-02-01,0.0031007819882223637,0.0019658006791416415,3.670444307777944
2017-02-02,0.003961676928414455,0.003961676928414455,3.670444307777944
2017-02-03,0.005736090764165562,0.005736090764165562,3.670444307777944
2017-02-06,-0.0009765131076559839,-0.0009765131076559839,3.670444307777944
2017-02-07,-0.006509743260097501,-0.006509743260097501,3.670444307777944
2017-02-08,0.0053193048862084265,0.0053193048862084265,3.670444307777944
2017-02-09,0.0054058523446784594,0.0054058523446784594,3.670444307777944
2017-02-10,0.01304550585212607,0.01304550585212607,3.670444307777944
2017-02-13,0.0017458023345986063,0.0017458023345986063,3.670444307777944
2017-02-14,0.002287146695009891,0.002287146695009891,3.670444307777944
2017-02-15,0.009849307153057386,0.009849307153057386,3.670444307777944
2017-02-16,0.0003617823931943654,0.0003617823931943654,3.670444307777944
2017-02-17,-0.0022513956861549052,-0.0022513956861549052,3.670444307777944
2017-02-21,0.011439705786169839,0.011439705786169839,3.670444307777944
2017-02-22,0.001531692191948496,0.001531692191948496,3.670444307777944
2017-02-23,-0.0005731237277987774,-0.0005731237277987774,3.670444307777944
2017-02-24,-0.0027996615392365787,-0.0027996615392365787,3.670444307777944
2017-02-27,-0.0027804065719323934,-0.0027804065719323934,3.670444307777944
2017-02-28,-0.004881930080039405,-0.004881930080039405,3.670444307777944
2017-03-01,0.02406910472292352,0.023451941047376308,3.9869806276279496
2017-03-02,-0.016655886363970737,-0.016655886363970737,3.9869806276279496
2017-03-03,0.002738962224283826,0.002738962224283826,3.9869806276279496
2017-03-06,-0.004708985877128424,-0.004708985877128424,3.9869806276279496
2017-03-07,-0.006696049373088057,-0.006696049373088057,3.9869806276279496
2017-03-08,-0.00802118024515061,-0.00802118024515061,3.9869806276279496
2017-03-09,-0.0031304135744720835,-0.0031304135744720835,3.9869806276279496
2017-03-10,0.006944480242248985,0.006944480242248985,3.9869806276279496
2017-03-13,0.007881665850227983,0.007881665850227983,3.9869806276279496
2017-03-14,-0.007797288226966855,-0.007797288226966855,3.9869806276279496
2017-03-15,0.018757090004479105,0.018757090004479105,3.9869806276279496
2017-03-16,0.001572483760700677,0.001572483760700677,3.9869806276279496
2017-03-17,0.000675583495815924,0.000675583495815924,3.9869806276279496
2017-03-20,0.002128052459329043,0.002128052459329043,3.9869806276279496
2017-03-21,-0.022312170767419957,-0.022312170767419957,3.9869806276279496
2017-03-22,0.001955136867417335,0.001955136867417335,3.9869806276279496
2017-03-23,-0.00012254034153886124,-0.00012254034153886124,3.9869806276279496
2017-03-24,0.0026702696482845422,0.0026702696482845422,3.9869806276279496
2017-03-27,-0.00458570308872908,-0.00458570308872908,3.9869806276279496
2017-03-28,0.012230797128166304,0.012230797128166304,3.9869806276279496
2017-03-29,0.005538298910273402,0.005538298910273402,3.9869806276279496
2017-03-30,0.002767173105027006,0.002767173105027006,3.9869806276279496
2017-03-31,-0.0037426512359088567,-0.0037426512359088567,3.9869806276279496
2017-04-03,-0.0007114711766804671,-0.0014927220042850616,4.071463017238556
2017-04-04,0.007606105890483353,0.007606105890483353,4.071463017238556
2017-04-05,-0.005850593460875327,-0.005850593460875327,4.071463017238556
2017-04-06,0.002308879174791718,0.002308879174791718,4.071463017238556
2017-04-07,0.0015864559905411039,0.0015864559905411039,4.071463017238556
2017-04-10,-0.005724177948763334,-0.005724177948763334,4.071463017238556
2017-04-11,-0.0007758738653101179,-0.0007758738653101179,4.071463017238556
2017-04-12,-0.005979374127484264,-0.005979374127484264,4.071463017238556
2017-04-13,-0.005254037318202618,-0.005254037318202618,4.071463017238556
2017-04-17,0.006026635281770178,0.006026635281770178,4.071463017238556
2017-04-18,-0.015066477281879508,-0.015066477281879508,4.071463017238556
2017-04-19,0.0010007483719206899,0.0010007483719206899,4.071463017238556
2017-04-20,0.014339236766907185,0.014339236766907185,4.071463017238556
2017-04-21,-0.004289446959102704,-0.004289446959102704,4.071463017238556
2017-04-24,0.01807432253453985,0.01807432253453985,4.071463017238556
2017-04-25,0.009152815266795995,0.009152815266795995,4.071463017238556
2017-04-26,0.0036105650564956953,0.0036105650564956953,4.071463017238556
2017-04-27,-0.0028522563312819347,-0.0028522563312819347,4.071463017238556
2017-04-28,-0.004685591969103963,-0.004685591969103963,4.071463017238556
2017-05-01,0.00759423234415716,0.007217775056620107,4.201856773425605
2017-05-02,0.003206285597502671,0.003206285597502671,4.201856773425605
2017-05-03,0.0008255054721300405,0.0008255054721300405,4.201856773425605
2017-05-04,0.00596006754314848,0.00596006754314848,4.201856773425605
2017-05-05,0.005759002432421971,0.005759002432421971,4.201856773425605
2017-05-08,-0.0009566149942667471,-0.0009566149942667471,4.201856773425605
2017-05-09,0.01262640148098424,0.01262640148098424,4.201856773425605
2017-05-10,0.00026096794142162357,0.00026096794142162357,4.201856773425605
2017-05-11,-0.0006879863830333522,-0.0006879863830333522,4.201856773425605
2017-05-12,-0.00170914637396773,-0.00170914637396773,4.201856773425605
2017-05-15,0.0035142969240306984,0.0035142969240306984,4.201856773425605
2017-05-16,-0.0047438861351836595,-0.0047438861351836595,4.201856773425605
2017-05-17,-0.030307292890589577,-0.030307292890589577,4.201856773425605
2017-05-18,0.007832019915536573,0.007832019915536573,4.201856773425605
2017-05-19,0.0034552592296863815,0.0034552592296863815,4.201856773425605
2017-05-22,0.0009606825499846756,0.0009606825499846756,4.201856773425605
2017-05-23,0.00602586990559173,0.00602586990559173,4.201856773425605
2017-05-24,-0.002710107868147989,-0.002710107868147989,4.201856773425605
2017-05-25,0.010006800305414155,0.010006800305414155,4.201856773425605
2017-05-26,-0.002035872737354285,-0.002035872737354285,4.201856773425605
2017-05-30,-0.0056270868415058675,-0.0056270868415058675,4.201856773425605
2017-05-31,-0.0005062559823486967,-0.0005062559823486967,4.201856773425605
2017-06-01,0.011349348629722382,0.010779377263778634,4.364436558217169
2017-06-02,0.011493903805312553,0.011493903805312553,4.364436558217169
2017-06-05,-0.0037051306935854417,-0.0037051306935854417,4.364436558217169
2017-06-06,-0.00521540948332525,-0.00521540948332525,4.364436558217169
2017-06-07,0.00480956457923768,0.00480956457923768,4.364436558217169
2017-06-08,0.0014920414818007989,0.0014920414818007989,4.364436558217169
2017-06-09,-0.00857987958077092,-0.00857987958077092,4.364436558217169
2017-06-12,-0.007830381647171472,-0.007830381647171472,4.364436558217169
2017-06-13,0.006099211915862289,0.006099211915862289,4.364436558217169
2017-06-14,-0.002031549553148102,-0.002031549553148102,4.364436558217169
2017-06-15,-0.009819124081864396,-0.009819124081864396,4.364436558217169
2017-06-16,0.0017382188273798254,0.0017382188273798254,4.364436558217169
2017-06-19,0.016849316838122994,0.016849316838122994,4.364436558217169
2017-06-20,-0.00929704366066631,-0.00929704366066631,4.364436558217169
2017-06-21,0.004768275735688876,0.004768275735688876,4.364436558217169
2017-06-22,0.003736443738424224,0.003736443738424224,4.364436558217169
2017-06-23,0.003432109374030428,0.003432109374030428,4.364436558217169
2017-06-26,0.00036609150687637917,0.00036609150687637917,4.364436558217169
2017-06-27,-0.012794961193172442,-0.012794961193172442,4.364436558217169
2017-06-28,0.009186148957701411,0.009186148957701411,4.364436558217169
2017-06-29,-0.01842303194418268,-0.01842303194418268,4.364436558217169
2017-06-30,-0.002768971721711965,-0.002768971721711965,4.364436558217169
2017-07-03,0.008722044294058552,0.007776987869916575,4.426391496446064
2017-07-05,0.0016238964762494439,0.0016238964762494439,4.426391496446064
2017-07-06,-0.007145152471181061,-0.007145152471181061,4.426391496446064
2017-07-07,0.0138005408415278,0.0138005408415278,4.426391496446064
2017-07-10,-0.0004508505911916988,-0.0004508505911916988,4.426391496446064
2017-07-11,0.002659867558901681,0.002659867558901681,4.426391496446064
2017-07-12,0.005838347585349074,0.005838347585349074,4.426391496446064
2017-07-13,0.006048258380693861,0.006048258380693861,4.426391496446064
2017-07-14,0.0035368673046994713,0.0035368673046994713,4.426391496446064
2017-07-17,-0.0038082411730227883,-0.0038082411730227883,4.426391496446064
2017-07-18,-0.003512233380680502,-0.003512233380680502,4.426391496446064
2017-07-19,0.0030613854721860375,0.0030613854721860375,4.426391496446064
2017-07-20,0.005700961951189946,0.005700961951189946,4.426391496446064
2017-07-21,-0.006254770204540955,-0.006254770204540955,4.426391496446064
2017-07-24,0.0011594427312243288,0.0011594427312243288,4.426391496446064
2017-07-25,0.009842364134500499,0.009842364134500499,4.426391496446064
2017-07-26,-0.0020834500875548667,-0.0020834500875548667,4.426391496446064
2017-07-27,-0.004655569919680337,-0.004655569919680337,4.426391496446064
2017-07-28,-0.0073652660236430256,-0.0073652660236430256,4.426391496446064
2017-07-31,0.0019947758456743633,0.0019947758456743633,4.426391496446064
2017-08-01,0.0016033066159691209,0.0008487633925442265,4.580841877873485
2017-08-02,0.0016095271928048252,0.0016095271928048252,4.580841877873485
2017-08-03,-0.00840467458402714,-0.00840467458402714,4.580841877873485
2017-08-04,0.013059945819106461,0.013059945819106461,4.580841877873485
2017-08-07,0.0027656427021220766,0.0027656427021220766,4.580841877873485
2017-08-08,-0.0004056586116811096,-0.0004056586116811096,4.580841877873485
2017-08-09,-0.014609137004525633,-0.014609137004525633,4.580841877873485
2017-08-10,-0.0331889579194023,-0.0331889579194023,4.580841877873485
2017-08-11,-6.739736222014783e-05,-6.739736222014783e-05,4.580841877873485
2017-08-14,0.017468159197492304,0.017468159197492304,4.580841877873485
2017-08-15,0.00950522688054133,0.00950522688054133,4.580841877873485
2017-08-16,0.00912984188968841,0.00912984188968841,4.580841877873485
2017-08-17,-0.02966137828979468,-0.02966137828979468,4.580841877873485
2017-08-18,0.009261057053503729,0.009261057053503729,4.580841877873485
2017-08-21,-0.001826688957157593,-0.001826688957157593,4.580841877873485
2017-08-22,0.01736924763737209,0.01736924763737209,4.580841877873485
2017-08-23,-0.004091772192576289,-0.004091772192576289,4.580841877873485
2017-08-24,0.0018269406315482208,0.0018269406315482208,4.580841877873485
2017-08-25,0.004510813939808584,0.004510813939808584,4.580841877873485
2017-08-28,-0.006749622769188273,-0.006749622769188273,4.580841877873485
2017-08-29,-0.0021084937516636045,-0.0021084937516636045,4.580841877873485
2017-08-30,0.0011664931144109328,0.0011664931144109328,4.580841877873485
2017-08-31,0.0057482067697704736,0.0057482067697704736,4.580841877873485
2017-09-01,0.0067809491903405026,0.006240595077743789,4.671884537119064
2017-09-05,-0.026763532692989915,-0.026763532692989915,4.671884537119064
2017-09-06,0.011905523130712319,0.011905523130712319,4.671884537119064
2017-09-07,0.0026936122382993097,0.0026936122382993097,4.671884537119064
2017-09-08,-0.005167373322234403,-0.005167373322234403,4.671884537119064
2017-09-11,0.025789986862685032,0.025789986862685032,4.671884537119064
2017-09-12,0.002953387385061914,0.002953387385061914,4.671884537119064
2017-09-13,-0.003651208092945151,-0.003651208092945151,4.671884537119064
2017-09-14,-0.005359782246119044,-0.005359782246119044,4.671884537119064
2017-09-15,0.0028007023639403696,0.0028007023639403696,4.671884537119064
2017-09-18,0.009800835177069617,0.009800835177069617,4.671884537119064
2017-09-19,0.008267238365131914,0.008267238365131914,4.671884537119064
2017-09-20,0.0024156203764293736,0.0024156203764293736,4.671884537119064
2017-09-21,-0.0004091824441299043,-0.0004091824441299043,4.671884537119064
2017-09-22,-0.0014619738119944232,-0.0014619738119944232,4.671884537119064
2017-09-25,-0.016855842658132246,-0.016855842658132246,4.671884537119064
2017-09-26,0.005043872752408692,0.005043872752408692,4.671884537119064
2017-09-27,0.009732954557204954,0.009732954557204954,4.671884537119064
2017-09-28,0.005070107115592631,0.005070107115592631,4.671884537119064
2017-09-29,0.010565114305074277,0.010565114305074277,4.671884537119064
2017-10-02,0.006361855974831365,0.006060674660909954,4.655436099811685
2017-10-03,0.011385691075264132,0.011385691075264132,4.655436099811685
2017-10-04,-0.0001567828403273913,-0.0001567828403273913,4.655436099811685
2017-10-05,0.0012752573970170851,0.0012752573970170851,4.655436099811685
2017-10-06,-0.003429446054936722,-0.003429446054936722,4.655436099811685
2017-10-09,-0.001270254548399092,-0.001270254548399092,4.655436099811685
2017-10-10,0.006971810445089036,0.006971810445089036,4.655436099811685
2017-10-11,0.0010744570413468806,0.0010744570413468806,4.655436099811685
2017-10-12,-0.002365658437003472,-0.002365658437003472,4.655436099811685
2017-10-13,0.0018316006663523035,0.0018316006663523035,4.655436099811685
2017-10-16,0.0030120704212124013,0.0030120704212124013,4.655436099811685
2017-10-17,-0.0025452138962132696,-0.0025452138962132696,4.655436099811685
2017-10-18,0.009762544857220118,0.009762544857220118,4.655436099811685
2017-10-19,-0.009112855527982192,-0.009112855527982192,4.655436099811685
2017-10-20,0.0076052628976942364,0.0076052628976942364,4.655436099811685
2017-10-23,-0.007926263149065233,-0.007926263149065233,4.655436099811685
2017-10-24,0.004115410633825794,0.004115410633825794,4.655436099811685
2017-10-25,-0.0038495327622388204,-0.0038495327622388204,4.655436099811685
2017-10-26,-0.00132219448603806,-0.00132219448603806,4.655436099811685
2017-10-27,0.007054041366574782,0.007054041366574782,4.655436099811685
2017-10-30,-0.005705881701554374,-0.005705881701554374,4.655436099811685
2017-10-31,0.008428308455984032,0.008428308455984032,4.655436099811685
2017-11-01,0.00014489700878195396,-6.902528587743483e-05,4.941832350922736
2017-11-02,0.00013107948156699373,0.00013107948156699373,4.941832350922736
2017-11-03,4.658778791370548e-05,4.658778791370548e-05,4.941832350922736
2017-11-06,0.0006496067771247801,0.0006496067771247801,4.941832350922736
2017-11-07,-0.008329932111638533,-0.008329932111638533,4.941832350922736
2017-11-08,0.004451540524208514,0.004451540524208514,4.941832350922736
2017-11-09,-0.008658560781191553,-0.008658560781191553,4.941832350922736
2017-11-10,0.00313088975468428,0.00313088975468428,4.941832350922736
2017-11-13,-0.005024381477332291,-0.005024381477332291,4.941832350922736
2017-11-14,-0.005631936370622221,-0.005631936370622221,4.941832350922736
2017-11-15,-0.014635793796623237,-0.014635793796623237,4.941832350922736
2017-11-16,0.020748287428892072,0.020748287428892072,4.941832350922736
2017-11-17,-0.00935700660672651,-0.00935700660672651,4.941832350922736
2017-11-20,0.011367727327840922,0.011367727327840922,4.941832350922736
2017-11-21,0.017572481051286698,0.017572481051286698,4.941832350922736
2017-11-22,0.0005064549730072784,0.0005064549730072784,4.941832350922736
2017-11-24,0.015081710332228208,0.015081710332228208,4.941832350922736
2017-11-27,-0.01704218143824962,-0.01704218143824962,4.941832350922736
2017-11-28,0.009326657341663802,0.009326657341663802,4.941832350922736
2017-11-29,-0.005505093301495441,-0.005505093301495441,4.941832350922736
2017-11-30,0.01294358174299032,0.01294358174299032,4.941832350922736
2017-12-01,0.00731335100503065,0.005760840970647283,5.023682914308157
2017-12-04,-0.005626065362924035,-0.005626065362924035,5.023682914308157
2017-12-05,-0.0015482771771455363,-0.0015482771771455363,5.023682914308157
2017-12-06,-0.00879809522559499,-0.00879809522559499,5.023682914308157
2017-12-07,0.005755795329070031,0.005755795329070031,5.023682914308157
2017-12-08,0.006844104493521275,0.006844104493521275,5.023682914308157
2017-12-11,0.007313611562906215,0.007313611562906215,5.023682914308157
2017-12-12,0.0003930224006112863,0.0003930224006112863,5.023682914308157
2017-12-13,0.017460586361354592,0.017460586361354592,5.023682914308157
2017-12-14,-0.0028470266097151593,-0.0028470266097151593,5.023682914308157
2017-12-15,0.002816018378247678,0.002816018378247678,5.023682914308157
2017-12-18,0.01256291374423662,0.01256291374423662,5.023682914308157
2017-12-19,-0.01257363169452302,-0.01257363169452302,5.023682914308157
2017-12-20,-0.0027829219152120297,-0.0027829219152120297,5.023682914308157
2017-12-21,0.01360024062680395,0.01360024062680395,5.023682914308157
2017-12-22,0.004968431476825702,0.004968431476825702,5.023682914308157
2017-12-26,0.002274435255613605,0.002274435255613605,5.023682914308157
2017-12-27,0.012106935129926924,0.012106935129926924,5.023682914308157
2017-12-28,0.0022864041694071286,0.0022864041694071286,5.023682914308157
2017-12-29,0.003860144442707596,0.003860144442707596,5.023682914308157
2018-01-02,0.018330409595434444,0.017935588951596606,5.139581604239077
2018-01-03,0.008448178921628165,0.008448178921628165,5.139581604239077
2018-01-04,0.018789677021004758,0.018789677021004758,5.139581604239077
2018-01-05,0.008918992286066348,0.008918992286066348,5.139581604239077
2018-01-08,-0.0012412550629218601,-0.0012412550629218601,5.139581604239077
2018-01-09,-0.012820359142244518,-0.012820359142244518,5.139581604239077
2018-01-10,0.003497490273019259,0.003497490273019259,5.139581604239077
2018-01-11,0.01626062793975747,0.01626062793975747,5.139581604239077
2018-01-12,0.02937400236556448,0.02937400236556448,5.139581604239077
2018-01-16,0.005331692999709045,0.005331692999709045,5.139581604239077
2018-01-17,0.0036367641082290856,0.0036367641082290856,5.139581604239077
2018-01-18,-0.00478978441158977,-0.00478978441158977,5.139581604239077
2018-01-19,0.007316130990391428,0.007316130990391428,5.139581604239077
2018-01-22,0.014406887534642998,0.014406887534642998,5.139581604239077
2018-01-23,0.01472416304664569,0.01472416304664569,5.139581604239077
2018-01-24,0.019221760608344324,0.019221760608344324,5.139581604239077
2018-01-25,-0.007255657856826098,-0.007255657856826098,5.139581604239077
2018-01-26,0.0182262602774709,0.0182262602774709,5.139581604239077
2018-01-29,-0.02566176135582092,-0.02566176135582092,5.139581604239077
2018-01-30,-0.02296878700056911,-0.02296878700056911,5.139581604239077
2018-01-31,0.012588775542657712,0.012588775542657712,5.139581604239077
2018-02-01,0.003563102971057513,0.0024132858953418695,5.044218557802288
2018-02-02,-0.044969784613412916,-0.044969784613412916,5.044218557802288
2018-02-05,-0.06756135997574372,-0.06756135997574372,5.044218557802288
2018-02-06,0.031008106166043218,0.031008106166043218,5.044218557802288
2018-02-07,-0.031154699266805332,-0.031154699266805332,5.044218557802288
2018-02-08,-0.04930390791193968,-0.04930390791193968,5.044218557802288
2018-02-09,0.011226352787479636,0.011226352787479636,5.044218557802288
2018-02-12,0.02627254951463065,0.02627254951463065,5.044218557802288
2018-02-13,0.006555508056021408,0.006555508056021408,5.044218557802288
2018-02-14,0.04347195548793093,0.04347195548793093,5.044218557802288
2018-02-15,0.02387978462134123,0.02387978462134123,5.044218557802288
2018-02-16,-0.0002707535902865207,-0.0002707535902865207,5.044218557802288
2018-02-20,-0.024970844550975528,-0.024970844550975528,5.044218557802288
2018-02-21,-0.014008433038697702,-0.014008433038697702,5.044218557802288
2018-02-22,0.009724218253000096,0.009724218253000096,5.044218557802288
2018-02-23,0.01858078542793398,0.01858078542793398,5.044218557802288
2018-02-26,0.013796135925191494,0.013796135925191494,5.044218557802288
2018-02-27,-0.035676609401422234,-0.035676609401422234,5.044218557802288
2018-02-28,-0.022190235191070874,-0.022190235191070874,5.044218557802288
2018-03-01,-0.01719788768384873,-0.017797590716242477,4.180888038420002
2018-03-02,0.009679816923566419,0.009679816923566419,4.180888038420002
2018-03-05,0.003944336431942048,0.003944336431942048,4.180888038420002
2018-03-06,0.011046738994463094,0.011046738994463094,4.180888038420002
2018-03-07,0.0011090517839298355,0.0011090517839298355,4.180888038420002
2018-03-08,-0.007068721389989,-0.007068721389989,4.180888038420002
2018-03-09,0.01922189486917969,0.01922189486917969,4.180888038420002
2018-03-12,0.0002345741623477924,0.0002345741623477924,4.180888038420002
2018-03-13,-0.01012121668454018,-0.01012121668454018,4.180888038420002
2018-03-14,0.0005113005741961038,0.0005113005741961038,4.180888038420002
2018-03-15,-0.003509290103658811,-0.003509290103658811,4.180888038420002
2018-03-16,0.0006255274953113311,0.0006255274953113311,4.180888038420002
2018-03-19,-0.0025527210126551243,-0.0025527210126551243,4.180888038420002
2018-03-20,-0.0016149935312297135,-0.0016149935312297135,4.180888038420002
2018-03-21,0.015150040471041987,0.015150040471041987,4.180888038420002
2018-03-22,-0.027210291936084104,-0.027210291936084104,4.180888038420002
2018-03-23,-0.009911466666457652,-0.009911466666457652,4.180888038420002
2018-03-26,0.02873596067963802,0.02873596067963802,4.180888038420002
2018-03-27,-0.02074687645244037,-0.02074687645244037,4.180888038420002
2018-03-28,-0.008283109474977022,-0.008283109474977022,4.180888038420002
2018-03-29,0.010868938891207585,0.010868938891207585,4.180888038420002
2018-04-02,-0.013591951000258562,-0.014022912704101043,4.169860435830809
2018-04-03,0.00706087970454789,0.00706087970454789,4.169860435830809
2018-04-04,0.005970216292152316,0.005970216292152316,4.169860435830809
2018-04-05,0.0011052835592624756,0.0011052835592624756,4.169860435830809
2018-04-06,-0.008833930295788944,-0.008833930295788944,4.169860435830809
2018-04-09,0.008200034376639635,0.008200034376639635,4.169860435830809
2018-04-10,0.02152413307977264,0.02152413307977264,4.169860435830809
2018-04-11,0.00012229483243609228,0.00012229483243609228,4.169860435830809
2018-04-12,-0.0006316265176717973,-0.0006316265176717973,4.169860435830809
2018-04-13,-0.003430281870817557,-0.003430281870817557,4.169860435830809
2018-04-16,0.007524172606195048,0.007524172606195048,4.169860435830809
2018-04-17,0.006955221800034179,0.006955221800034179,4.169860435830809
2018-04-18,0.0013285602625576068,0.0013285602625576068,4.169860435830809
2018-04-19,-0.00874523543204348,-0.00874523543204348,4.169860435830809
2018-04-20,-0.010168648966043678,-0.010168648966043678,4.169860435830809
2018-04-23,-0.008260607014730227,-0.008260607014730227,4.169860435830809
2018-04-24,-0.007061847262605353,-0.007061847262605353,4.169860435830809
2018-04-25,-0.007553587604689088,-0.007553587604689088,4.169860435830809
2018-04-26,0.006058579451031351,0.006058579451031351,4.169860435830809
2018-04-27,-0.002158842312335191,-0.002158842312335191,4.169860435830809
2018-04-30,-0.006100979556939023,-0.006100979556939023,4.169860435830809
2018-05-01,-0.004833233319298979,-0.005653503035355142,4.267834444674957
2018-05-02,-0.0029997669865035356,-0.0029997669865035356,4.267834444674957
2018-05-03,-0.003524319408452815,-0.003524319408452815,4.267834444674957
2018-05-04,0.008421153015426059,0.008421153015426059,4.267834444674957
2018-05-07,0.00283028635444968,0.00283028635444968,4.267834444674957
2018-05-08,0.0014452779255380017,0.0014452779255380017,4.267834444674957
2018-05-09,0.011193857581445945,0.011193857581445945,4.267834444674957
2018-05-10,0.0016939639693600698,0.0016939639693600698,4.267834444674957
2018-05-11,0.00014726423933589082,0.00014726423933589082,4.267834444674957
2018-05-14,0.0069556363710132465,0.0069556363710132465,4.267834444674957
2018-05-15,-0.0022007508611675427,-0.0022007508611675427,4.267834444674957
2018-05-16,0.006370147743383618,0.006370147743383618,4.267834444674957
2018-05-17,0.0018788378084863093,0.0018788378084863093,4.267834444674957
2018-05-18,-0.013314058517288486,-0.013314058517288486,4.267834444674957
2018-05-21,0.005152653096323562,0.005152653096323562,4.267834444674957
2018-05-22,-0.00466366576299102,-0.00466366576299102,4.267834444674957
2018-05-23,-0.01657712116619726,-0.01657712116619726,4.267834444674957
2018-05-24,-0.009506078890061222,-0.009506078890061222,4.267834444674957
2018-05-25,-0.01334516529439539,-0.01334516529439539,4.267834444674957
2018-05-29,-0.030812713621921534,-0.030812713621921534,4.267834444674957
2018-05-30,0.02380624770891885,0.02380624770891885,4.267834444674957
2018-05-31,-0.006034702960602412,-0.006034702960602412,4.267834444674957
2018-06-01,0.011230280504357563,0.010906815704633904,4.256861285944853
2018-06-04,0.018186212295268112,0.018186212295268112,4.256861285944853
2018-06-05,0.0009169221092724675,0.0009169221092724675,4.256861285944853
2018-06-06,0.01558202931220329,0.01558202931220329,4.256861285944853
2018-06-07,-0.01307047879185925,-0.01307047879185925,4.256861285944853
2018-06-08,0.002004116650054098,0.002004116650054098,4.256861285944853
2018-06-11,0.004691131876574656,0.004691131876574656,4.256861285944853
2018-06-12,-0.005942435589808154,-0.005942435589808154,4.256861285944853
2018-06-13,0.001052955759443108,0.001052955759443108,4.256861285944853
2018-06-14,-0.013943585366286322,-0.013943585366286322,4.256861285944853
2018-06-15,-0.012377931760408842,-0.012377931760408842,4.256861285944853
2018-06-18,-0.00277296008349421,-0.00277296008349421,4.256861285944853
2018-06-19,-0.015765727163498146,-0.015765727163498146,4.256861285944853
2018-06-20,0.00582934712446771,0.00582934712446771,4.256861285944853
2018-06-21,-0.010168385793324004,-0.010168385793324004,4.256861285944853
2018-06-22,0.012044752978516213,0.012044752978516213,4.256861285944853
2018-06-25,-0.017223760061896933,-0.017223760061896933,4.256861285944853
2018-06-26,-9.88227801273168e-05,-9.88227801273168e-05,4.256861285944853
2018-06-27,-0.021591290245027445,-0.021591290245027445,4.256861285944853
2018-06-28,0.008619097860884384,0.008619097860884384,4.256861285944853
2018-06-29,0.013175746227026679,0.013175746227026679,4.256861285944853
2018-07-02,0.007301905188652485,0.005345624725694114,4.38044289028914
2018-07-03,-0.011900101394997229,-0.011900101394997229,4.38044289028914
2018-07-05,-0.002950966771516733,-0.002950966771516733,4.38044289028914
2018-07-06,0.0008028888395781204,0.0008028888395781204,4.38044289028914
2018-07-09,0.011517030676203688,0.011517030676203688,4.38044289028914
2018-07-10,0.0007508820406909053,0.0007508820406909053,4.38044289028914
2018-07-11,-0.001440570818992805,-0.001440570818992805,4.38044289028914
2018-07-12,0.003681807797890144,0.003681807797890144,4.38044289028914
2018-07-13,0.0025417670983470587,0.0025417670983470587,4.38044289028914
2018-07-16,-0.006513404130367047,-0.006513404130367047,4.38044289028914
2018-07-17,0.011713948272100627,0.011713948272100627,4.38044289028914
2018-07-18,0.0041075028557146535,0.0041075028557146535,4.38044289028914
2018-07-19,-0.0012519466612722575,-0.0012519466612722575,4.38044289028914
2018-07-20,-0.005646405813655685,-0.005646405813655685,4.38044289028914
2018-07-23,0.008415584662408337,0.008415584662408337,4.38044289028914
2018-07-24,0.0020860855698993535,0.0020860855698993535,4.38044289028914
2018-07-25,-0.0026115933544152256,-0.0026115933544152256,4.38044289028914
2018-07-26,0.005355061010366368,0.005355061010366368,4.38044289028914
2018-07-27,-0.007182554485687237,-0.007182554485687237,4.38044289028914
2018-07-30,-0.004455378615860989,-0.004455378615860989,4.38044289028914
2018-07-31,0.0028731269925429356,0.0028731269925429356,4.38044289028914
2018-08-01,0.007531025417361898,0.006732055312167773,4.527761307212853
2018-08-02,0.0017635170823956329,0.0017635170823956329,4.527761307212853
2018-08-03,-0.007788277697399468,-0.007788277697399468,4.527761307212853
2018-08-06,0.0006684112318109207,0.0006684112318109207,4.527761307212853
2018-08-07,0.008668093539466914,0.008668093539466914,4.527761307212853
2018-08-08,-0.007586409408210825,-0.007586409408210825,4.527761307212853
2018-08-09,0.002168219676802533,0.002168219676802533,4.527761307212853
2018-08-10,-0.007555594086901944,-0.007555594086901944,4.527761307212853
2018-08-13,0.003402484068769401,0.003402484068769401,4.527761307212853
2018-08-14,0.0057632062756440144,0.0057632062756440144,4.527761307212853
2018-08-15,-0.010121000188671967,-0.010121000188671967,4.527761307212853
2018-08-16,0.003183648480993943,0.003183648480993943,4.527761307212853
2018-08-17,-0.008380453709227314,-0.008380453709227314,4.527761307212853
2018-08-20,-0.0033370904803467567,-0.0033370904803467567,4.527761307212853
2018-08-21,0.0026679810086864516,0.0026679810086864516,4.527761307212853
2018-08-22,0.0017015412456275164,0.0017015412456275164,4.527761307212853
2018-08-23,0.0075801392524215624,0.0075801392524215624,4.527761307212853
2018-08-24,-0.005217033225498357,-0.005217033225498357,4.527761307212853
2018-08-27,0.00951285325970366,0.00951285325970366,4.527761307212853
2018-08-28,0.006822679659607779,0.006822679659607779,4.527761307212853
2018-08-29,0.0034006702736565577,0.0034006702736565577,4.527761307212853
2018-08-30,-0.005299782743348364,-0.005299782743348364,4.527761307212853
2018-08-31,0.0036014236091086557,0.0036014236091086557,4.527761307212853
2018-09-04,0.016039780117950424,0.015646480044273055,4.640706480709902
2018-09-05,-0.003732070591896778,-0.003732070591896778,4.640706480709902
2018-09-06,-0.008960281507141286,-0.008960281507141286,4.640706480709902
2018-09-07,0.0111411265387153,0.0111411265387153,4.640706480709902
2018-09-10,-0.00395291335943097,-0.00395291335943097,4.640706480709902
2018-09-11,0.011933766369408072,0.011933766369408072,4.640706480709902
2018-09-12,-0.013157335351429352,-0.013157335351429352,4.640706480709902
2018-09-13,7.030023719944338e-05,7.030023719944338e-05,4.640706480709902
2018-09-14,0.015951446742675308,0.015951446742675308,4.640706480709902
2018-09-17,-0.009025097264827055,-0.009025097264827055,4.640706480709902
2018-09-18,0.008668626114260329,0.008668626114260329,4.640706480709902
2018-09-19,-0.0019131701625290374,-0.0019131701625290374,4.640706480709902
2018-09-20,-0.010440784449812541,-0.010440784449812541,4.640706480709902
2018-09-21,0.002478534970745173,0.002478534970745173,4.640706480709902
2018-09-24,0.005737607657368468,0.005737607657368468,4.640706480709902
2018-09-25,-0.0001228584230670072,-0.0001228584230670072,4.640706480709902
2018-09-26,-0.0025714979083906386,-0.0025714979083906386,4.640706480709902
2018-09-27,0.009937354365359662,0.009937354365359662,4.640706480709902
2018-09-28,-0.0012038668907742417,-0.0012038668907742417,4.640706480709902
2018-10-01,0.0024721257116867585,0.0023643590587523584,4.79736121715868
2018-10-02,-0.009371252453362023,-0.009371252453362023,4.79736121715868
2018-10-03,0.019966241298449025,0.019966241298449025,4.79736121715868
2018-10-04,0.0042546691582423584,0.0042546691582423584,4.79736121715868
2018-10-05,0.00038646872362829173,0.00038646872362829173,4.79736121715868
2018-10-08,0.00012139638648729688,0.00012139638648729688,4.79736121715868
2018-10-09,-0.009572250571827189,-0.009572250571827189,4.79736121715868
2018-10-10,-0.012273618478123308,-0.012273618478123308,4.79736121715868
2018-10-11,-0.0313219794381019,-0.0313219794381019,4.79736121715868
2018-10-12,0.005884327693692815,0.005884327693692815,4.79736121715868
2018-10-15,-0.008818197178216601,-0.008818197178216601,4.79736121715868
2018-10-16,0.00978729576209629,0.00978729576209629,4.79736121715868
2018-10-17,0.009423052192593817,0.009423052192593817,4.79736121715868
2018-10-18,-0.0010794496004354415,-0.0010794496004354415,4.79736121715868
2018-10-19,-0.0013884984980336813,-0.0013884984980336813,4.79736121715868
2018-10-22,0.002411349458432682,0.002411349458432682,4.79736121715868
2018-10-23,-0.015103858997986603,-0.015103858997986603,4.79736121715868
2018-10-24,-0.02006950754278152,-0.02006950754278152,4.79736121715868
2018-10-25,0.019314483463161405,0.019314483463161405,4.79736121715868
2018-10-26,-0.021252718577479797,-0.021252718577479797,4.79736121715868
2018-10-29,0.009130445128565761,0.009130445128565761,4.79736121715868
2018-10-30,0.017478368332032063,0.017478368332032063,4.79736121715868
2018-10-31,0.012479574143127349,0.012479574143127349,4.79736121715868
2018-11-01,-0.03574163493324107,-0.03648843882030374,4.44239118514399
2018-11-02,0.005214915439985066,0.005214915439985066,4.44239118514399
2018-11-05,0.0033798768201627432,0.0033798768201627432,4.44239118514399
2018-11-06,0.00037357986818646973,0.00037357986818646973,4.44239118514399
2018-11-07,-0.011300810330819285,-0.011300810330819285,4.44239118514399
2018-11-08,0.01849877677681567,0.01849877677681567,4.44239118514399
2018-11-09,0.01205963376648078,0.01205963376648078,4.44239118514399
2018-11-12,0.016489912906737538,0.016489912906737538,4.44239118514399
2018-11-13,-0.00856999143961324,-0.00856999143961324,4.44239118514399
2018-11-14,0.0030464184473950142,0.0030464184473950142,4.44239118514399
2018-11-15,-0.014129586553217534,-0.014129586553217534,4.44239118514399
2018-11-16,-0.011359239140879197,-0.011359239140879197,4.44239118514399
2018-11-19,0.006718587026408482,0.006718587026408482,4.44239118514399
2018-11-20,0.016116225644620206,0.016116225644620206,4.44239118514399
2018-11-21,-0.01397917979946854,-0.01397917979946854,4.44239118514399
2018-11-23,0.004822362659188284,0.004822362659188284,4.44239118514399
2018-11-26,-0.004444370728590455,-0.004444370728590455,4.44239118514399
2018-11-27,0.010923911082168322,0.010923911082168322,4.44239118514399
2018-11-28,-0.014750488330223641,-0.014750488330223641,4.44239118514399
2018-11-29,-0.0015115760379893024,-0.0015115760379893024,4.44239118514399
2018-11-30,0.0034552779436658075,0.0034552779436658075,4.44239118514399
2018-12-03,-0.022444741929555985,-0.022637325224668686,4.361202942269973
2018-12-04,0.004255596533225005,0.004255596533225005,4.361202942269973
2018-12-06,0.005731077406219833,0.005731077406219833,4.361202942269973
2018-12-07,-0.00263939648492834,-0.00263939648492834,4.361202942269973
2018-12-10,0.016990505082162176,0.016990505082162176,4.361202942269973
2018-12-11,0.0010778348298478495,0.0010778348298478495,4.361202942269973
2018-12-12,-0.013768048805352246,-0.013768048805352246,4.361202942269973
2018-12-13,-0.0002849686403641916,-0.0002849686403641916,4.361202942269973
2018-12-14,0.01087342238123722,0.01087342238123722,4.361202942269973
2018-12-17,-0.004213141569583645,-0.004213141569583645,4.361202942269973
2018-12-18,-0.0007082464481548687,-0.0007082464481548687,4.361202942269973
2018-12-19,0.002273560725120834,0.002273560725120834,4.361202942269973
2018-12-20,-0.007449424972959826,-0.007449424972959826,4.361202942269973
2018-12-21,0.02012161985069473,0.02012161985069473,4.361202942269973
2018-12-24,-0.00721552519079218,-0.00721552519079218,4.361202942269973
2018-12-26,-0.004107159073056305,-0.004107159073056305,4.361202942269973
2018-12-27,-0.0017841451563772879,-0.0017841451563772879,4.361202942269973
2018-12-28,-0.01585860109828168,-0.01585860109828168,4.361202942269973
2018-12-31,-0.010709596227491819,-0.010709596227491819,4.361202942269973
2019-01-02,0.0021779109922312515,0.0016906628073441227,4.201366143698463
2019-01-03,-0.0039769449899572295,-0.0039769449899572295,4.201366143698463
2019-01-04,-0.025565293017032458,-0.025565293017032458,4.201366143698463
2019-01-07,-0.011171827711882387,-0.011171827711882387,4.201366143698463
2019-01-08,-0.00422458021705426,-0.00422458021705426,4.201366143698463
2019-01-09,-0.020376286778332267,-0.020376286778332267,4.201366143698463
2019-01-10,0.006030799187471921,0.006030799187471921,4.201366143698463
2019-01-11,-8.769724759685044e-06,-8.769724759685044e-06,4.201366143698463
2019-01-14,0.012944156009023804,0.012944156009023804,4.201366143698463
2019-01-15,-0.005791783178798219,-0.005791783178798219,4.201366143698463
2019-01-16,-0.005505666371416217,-0.005505666371416217,4.201366143698463
2019-01-17,-0.0061738693129457884,-0.0061738693129457884,4.201366143698463
2019-01-18,-0.0027870820214746217,-0.0027870820214746217,4.201366143698463
2019-01-22,0.011068686924805018,0.011068686924805018,4.201366143698463
2019-01-23,-0.008897285819878026,-0.008897285819878026,4.201366143698463
2019-01-24,-0.0028549910067222936,-0.0028549910067222936,4.201366143698463
2019-01-25,-0.023184488609647315,-0.023184488609647315,4.201366143698463
2019-01-28,0.00844123338870756,0.00844123338870756,4.201366143698463
2019-01-29,-0.00625640087175945,-0.00625640087175945,4.201366143698463
2019-01-30,-0.02694337087957155,-0.02694337087957155,4.201366143698463
2019-01-31,-0.013468407213841526,-0.013468407213841526,4.201366143698463
2019-02-01,0.0034211024876402156,0.0025234037898535146,4.102117114010002
2019-02-04,-0.000579900768033854,-0.000579900768033854,4.102117114010002
2019-02-05,-0.0034734717796378336,-0.0034734717796378336,4.102117114010002
2019-02-06,0.014599565948610725,0.014599565948610725,4.102117114010002
2019-02-07,0.014901054925388782,0.014901054925388782,4.102117114010002
2019-02-08,0.002999025398335355,0.002999025398335355,4.102117114010002
2019-02-11,0.00969918843456836,0.00969918843456836,4.102117114010002
2019-02-12,-0.015163222221651756,-0.015163222221651756,4.102117114010002
2019-02-13,0.0049135557081972335,0.0049135557081972335,4.102117114010002
2019-02-14,0.00101857832500881,0.00101857832500881,4.102117114010002
2019-02-15,-0.01874117599240012,-0.01874117599240012,4.102117114010002
2019-02-19,-0.013462271895882708,-0.013462271895882708,4.102117114010002
2019-02-20,-0.0034355968015085322,-0.0034355968015085322,4.102117114010002
2019-02-21,0.007238042954577806,0.007238042954577806,4.102117114010002
2019-02-22,-0.011682809999659599,-0.011682809999659599,4.102117114010002
2019-02-25,-0.0017278812541391777,-0.0017278812541391777,4.102117114010002
2019-02-26,-0.006657844833410547,-0.006657844833410547,4.102117114010002
2019-02-27,0.004233799295278366,0.004233799295278366,4.102117114010002
2019-02-28,0.011099136810351958,0.011099136810351958,4.102117114010002
2019-03-01,0.009191910992017608,0.00844772725505777,4.283412407581111
2019-03-04,0.006796733796351438,0.006796733796351438,4.283412407581111
2019-03-05,-0.0023078365525792937,-0.0023078365525792937,4.283412407581111
2019-03-06,0.0046084278937301,0.0046084278937301,4.283412407581111
2019-03-07,0.017118078342255826,0.017118078342255826,4.283412407581111
2019-03-08,-0.005918704897212525,-0.005918704897212525,4.283412407581111
2019-03-11,-0.005913892535244648,-0.005913892535244648,4.283412407581111
2019-03-12,-0.004459546096968012,-0.004459546096968012,4.283412407581111
2019-03-13,-0.012607702819386685,-0.012607702819386685,4.283412407581111
2019-03-14,0.006567880410624872,0.006567880410624872,4.283412407581111
2019-03-15,-0.009364141333610552,-0.009364141333610552,4.283412407581111
2019-03-18,-0.005329085699311326,-0.005329085699311326,4.283412407581111
2019-03-19,-0.004032989854267891,-0.004032989854267891,4.283412407581111
2019-03-20,-0.005764465112443797,-0.005764465112443797,4.283412407581111
2019-03-21,0.011542655736256902,0.011542655736256902,4.283412407581111
2019-03-22,0.012710777720670334,0.012710777720670334,4.283412407581111
2019-03-25,-0.002725714655734293,-0.002725714655734293,4.283412407581111
2019-03-26,0.0017606838801575643,0.0017606838801575643,4.283412407581111
2019-03-27,0.007795053278018491,0.007795053278018491,4.283412407581111
2019-03-28,0.011826176800634969,0.011826176800634969,4.283412407581111
2019-03-29,-0.0055894736400766264,-0.0055894736400766264,4.283412407581111
2019-04-01,-0.01455853224249087,-0.015117972692853948,4.375103823980345
2019-04-02,0.0023497300915902046,0.0023497300915902046,4.375103823980345
2019-04-03,-0.013731177047460314,-0.013731177047460314,4.375103823980345
2019-04-04,0.0011320136036551676,0.0011320136036551676,4.375103823980345
2019-04-05,0.00501314737447524,0.00501314737447524,4.375103823980345
2019-04-08,-0.008224025475383454,-0.008224025475383454,4.375103823980345
2019-04-09,0.003448417009441581,0.003448417009441581,4.375103823980345
2019-04-10,0.0002743853163623824,0.0002743853163623824,4.375103823980345
2019-04-11,0.01026265204089776,0.01026265204089776,4.375103823980345
2019-04-12,-0.01213345962538536,-0.01213345962538536,4.375103823980345
2019-04-15,0.0017858738202875626,0.0017858738202875626,4.375103823980345
2019-04-16,-0.0015506123501927787,-0.0015506123501927787,4.375103823980345
2019-04-17,-0.0015012424593991193,-0.0015012424593991193,4.375103823980345
2019-04-18,0.006159137883886553,0.006159137883886553,4.375103823980345
2019-04-22,-0.0009014017323199844,-0.0009014017323199844,4.375103823980345
2019-04-23,0.012059603881293153,0.012059603881293153,4.375103823980345
2019-04-24,0.019251957607879226,0.019251957607879226,4.375103823980345
2019-04-25,0.0029743095558211518,0.0029743095558211518,4.375103823980345
2019-04-26,-0.0006299612538286064,-0.0006299612538286064,4.375103823980345
2019-04-29,-0.006511731201141628,-0.006511731201141628,4.375103823980345
2019-04-30,-0.0032849632798017444,-0.0032849632798017444,4.375103823980345
2019-05-01,0.01028064639134705,0.010111040495528916,4.623291649592331
2019-05-02,4.090902123877213e-05,4.090902123877213e-05,4.623291649592331
2019-05-03,-0.009042834022077952,-0.009042834022077952,4.623291649592331
2019-05-06,0.012363935108885999,0.012363935108885999,4.623291649592331
2019-05-07,0.01298892115040599,0.01298892115040599,4.623291649592331
2019-05-08,-0.0018653099200766016,-0.0018653099200766016,4.623291649592331
2019-05-09,0.005837401868999954,0.005837401868999954,4.623291649592331
2019-05-10,-0.0043883210295388945,-0.0043883210295388945,4.623291649592331
2019-05-13,0.01615995693594717,0.01615995693594717,4.623291649592331
2019-05-14,-0.007687261652413997,-0.007687261652413997,4.623291649592331
2019-05-15,0.004017912009773646,0.004017912009773646,4.623291649592331
2019-05-16,-0.00044059855117291167,-0.00044059855117291167,4.623291649592331
2019-05-17,0.012508034239488203,0.012508034239488203,4.623291649592331
2019-05-20,-0.004572945206142146,-0.004572945206142146,4.623291649592331
2019-05-21,0.0009104441097989093,0.0009104441097989093,4.623291649592331
2019-05-22,0.01021960695987677,0.01021960695987677,4.623291649592331
2019-05-23,0.005986567024183324,0.005986567024183324,4.623291649592331
2019-05-24,-0.012342621217666161,-0.012342621217666161,4.623291649592331
2019-05-28,0.009227300325413468,0.009227300325413468,4.623291649592331
2019-05-29,0.0044328013580589255,0.0044328013580589255,4.623291649592331
2019-05-30,0.003234306656268956,0.003234306656268956,4.623291649592331
2019-05-31,0.0069217346426916505,0.0069217346426916505,4.623291649592331
2019-06-03,-0.010974155755857624,-0.011184901501106183,4.652068853904951
2019-06-04,-0.01365687059394841,-0.01365687059394841,4.652068853904951
2019-06-05,0.010114658665008967,0.010114658665008967,4.652068853904951
2019-06-06,-0.007615318621857093,-0.007615318621857093,4.652068853904951
2019-06-07,-0.006151312755201045,-0.006151312755201045,4.652068853904951
2019-06-10,-0.0034352569301367396,-0.0034352569301367396,4.652068853904951
2019-06-11,-0.006971887642372433,-0.006971887642372433,4.652068853904951
2019-06-12,0.01310239759986766,0.01310239759986766,4.652068853904951
2019-06-13,4.572174030525485e-05,4.572174030525485e-05,4.652068853904951
2019-06-14,0.01355160392852326,0.01355160392852326,4.652068853904951
2019-06-17,0.0005242762565605315,0.0005242762565605315,4.652068853904951
2019-06-18,-0.010964613851780207,-0.010964613851780207,4.652068853904951
2019-06-19,-0.003950658830479216,-0.003950658830479216,4.652068853904951
2019-06-20,-0.018398151414051725,-0.018398151414051725,4.652068853904951
2019-06-21,-0.004688625172609597,-0.004688625172609597,4.652068853904951
2019-06-24,-0.007454336189833271,-0.007454336189833271,4.652068853904951
2019-06-25,0.0016689394665519318,0.0016689394665519318,4.652068853904951
2019-06-26,-0.0037365285219889853,-0.0037365285219889853,4.652068853904951
2019-06-27,0.0018484120625031973,0.0018484120625031973,4.652068853904951
2019-06-28,-0.0028103182044891045,-0.0028103182044891045,4.652068853904951
2019-07-01,0.0035777409748916304,0.0024928487219894263,4.5714730198586055
2019-07-02,0.009333199080243841,0.009333199080243841,4.5714730198586055
2019-07-03,-0.00044629862691935045,-0.00044629862691935045,4.5714730198586055
2019-07-05,-0.005335913225265196,-0.005335913225265196,4.5714730198586055
2019-07-08,0.0012965620828786538,0.0012965620828786538,4.5714730198586055
2019-07-09,0.001355711446069813,0.001355711446069813,4.5714730198586055
2019-07-10,-0.003426816403563321,-0.003426816403563321,4.5714730198586055
2019-07-11,-0.009896513531102238,-0.009896513531102238,4.5714730198586055
2019-07-12,-0.0026136855910748446,-0.0026136855910748446,4.5714730198586055
2019-07-15,0.006221105717860033,0.006221105717860033,4.5714730198586055
2019-07-16,0.0037278638641447762,0.0037278638641447762,4.5714730198586055
2019-07-17,0.006837252048609321,0.006837252048609321,4.5714730198586055
2019-07-18,0.0009111048834999659,0.0009111048834999659,4.5714730198586055
2019-07-19,-0.002234386833607205,-0.002234386833607205,4.5714730198586055
2019-07-22,0.0011214385719895226,0.0011214385719895226,4.5714730198586055
2019-07-23,-0.002837423997635931,-0.002837423997635931,4.5714730198586055
2019-07-24,0.004276754568763195,0.004276754568763195,4.5714730198586055
2019-07-25,0.003603515316957432,0.003603515316957432,4.5714730198586055
2019-07-26,0.003991087591910514,0.003991087591910514,4.5714730198586055
2019-07-29,0.0005746445125358569,0.0005746445125358569,4.5714730198586055
2019-07-30,0.006863568543592517,0.006863568543592517,4.5714730198586055
2019-07-31,0.004882660199579278,0.004882660199579278,4.5714730198586055
2019-08-01,0.028446075532139705,0.02773336157456058,4.6333383503128065
2019-08-02,0.008570658743784638,0.008570658743784638,4.6333383503128065
2019-08-05,0.028250071029173263,0.028250071029173263,4.6333383503128065
2019-08-06,0.008495964830675792,0.008495964830675792,4.6333383503128065
2019-08-07,0.006867356794025633,0.006867356794025633,4.6333383503128065
2019-08-08,-0.008477614364828003,-0.008477614364828003,4.6333383503128065
2019-08-09,0.002576075839076602,0.002576075839076602,4.6333383503128065
2019-08-12,0.02304501165124425,0.02304501165124425,4.6333383503128065
2019-08-13,-0.010864319894556098,-0.010864319894556098,4.6333383503128065
2019-08-14,0.032967499254952216,0.032967499254952216,4.6333383503128065
2019-08-15,0.00669847770185596,0.00669847770185596,4.6333383503128065
2019-08-16,-0.013336382306627597,-0.013336382306627597,4.6333383503128065
2019-08-19,-0.011181846549677814,-0.011181846549677814,4.6333383503128065
2019-08-20,0.008652421884959181,0.008652421884959181,4.6333383503128065
2019-08-21,-0.007170691366858177,-0.007170691366858177,4.6333383503128065
2019-08-22,-0.0030436051248453532,-0.0030436051248453532,4.6333383503128065
2019-08-23,0.02085681071740321,0.02085681071740321,4.6333383503128065
2019-08-26,-0.004626699434740247,-0.004626699434740247,4.6333383503128065
2019-08-27,0.012813278366185375,0.012813278366185375,4.6333383503128065
2019-08-28,0.0034997197362951443,0.0034997197362951443,4.6333383503128065
2019-08-29,-0.00752871167056911,-0.00752871167056911,4.6333383503128065
2019-08-30,-0.002738838010531057,-0.002738838010531057,4.6333383503128065
2019-09-03,0.01287587322929483,0.012225124611168215,4.257304534063006
2019-09-04,-0.022510190667723542,-0.022510190667723542,4.257304534063006
2019-09-05,-0.03248940618375484,-0.03248940618375484,4.257304534063006
2019-09-06,-0.0033250463807169336,-0.0033250463807169336,4.257304534063006
2019-09-09,-0.019196795013694316,-0.019196795013694316,4.257304534063006
2019-09-10,-0.017991426273435446,-0.017991426273435446,4.257304534063006
2019-09-11,-0.005492434433521197,-0.005492434433521197,4.257304534063006
2019-09-12,-0.00942468741680045,-0.00942468741680045,4.257304534063006
2019-09-13,-0.02774332426470167,-0.02774332426470167,4.257304534063006
2019-09-16,0.013592406659984667,0.013592406659984667,4.257304534063006
2019-09-17,0.003083529210112277,0.003083529210112277,4.257304534063006
2019-09-18,0.005225569013629511,0.005225569013629511,4.257304534063006
2019-09-19,0.0038896022206816256,0.0038896022206816256,4.257304534063006
2019-09-20,0.020068026290156204,0.020068026290156204,4.257304534063006
2019-09-23,0.005080642802110544,0.005080642802110544,4.257304534063006
2019-09-24,0.015051059180221421,0.015051059180221421,4.257304534063006
2019-09-25,-0.013093551209437653,-0.013093551209437653,4.257304534063006
2019-09-26,0.005178302492818076,0.005178302492818076,4.257304534063006
2019-09-27,0.0030759481488057175,0.0030759481488057175,4.257304534063006
2019-09-30,-0.0042851706477672275,-0.0042851706477672275,4.257304534063006
2019-10-01,0.011074618769174264,0.010723918945803618,4.142365340885468
2019-10-02,0.018329436923312348,0.018329436923312348,4.142365340885468
2019-10-03,0.0006628938874654228,0.0006628938874654228,4.142365340885468
2019-10-04,-0.0013449631133577006,-0.0013449631133577006,4.142365340885468
2019-10-07,-0.0012090381514030751,-0.0012090381514030751,4.142365340885468
2019-10-08,0.009140652783443164,0.009140652783443164,4.142365340885468
2019-10-09,-0.007254429450982945,-0.007254429450982945,4.142365340885468
2019-10-10,-0.02206263638562259,-0.02206263638562259,4.142365340885468
2019-10-11,-0.031082554800013644,-0.031082554800013644,4.142365340885468
2019-10-14,0.009774230256877556,0.009774230256877556,4.142365340885468
2019-10-15,-0.020291317905099707,-0.020291317905099707,4.142365340885468
2019-10-16,0.0011495529709444066,0.0011495529709444066,4.142365340885468
2019-10-17,-0.008041989104528136,-0.008041989104528136,4.142365340885468
2019-10-18,-0.0022953222897729307,-0.0022953222897729307,4.142365340885468
2019-10-21,-0.009516586103510517,-0.009516586103510517,4.142365340885468
2019-10-22,0.006466634767028695,0.006466634767028695,4.142365340885468
2019-10-23,-0.004756565655058641,-0.004756565655058641,4.142365340885468
2019-10-24,0.004660812689380439,0.004660812689380439,4.142365340885468
2019-10-25,-0.0026009838811545893,-0.0026009838811545893,4.142365340885468
2019-10-28,-0.014779727513045172,-0.014779727513045172,4.142365340885468
2019-10-29,-0.0013622497837224676,-0.0013622497837224676,4.142365340885468
2019-10-30,0.003974684311650568,0.003974684311650568,4.142365340885468
2019-10-31,0.01611469213682527,0.01611469213682527,4.142365340885468
2019-11-01,0.003678095637739905,0.002791861749130008,4.292853123448634
2019-11-04,-0.0008840093970270478,-0.0008840093970270478,4.292853123448634
2019-11-05,-0.012683071899873881,-0.012683071899873881,4.292853123448634
2019-11-06,0.009062762860153799,0.009062762860153799,4.292853123448634
2019-11-07,-0.011114757626664208,-0.011114757626664208,4.292853123448634
2019-11-08,-0.003275714112219167,-0.003275714112219167,4.292853123448634
2019-11-11,0.0013550074369229953,0.0013550074369229953,4.292853123448634
2019-11-12,0.0006715842198815797,0.0006715842198815797,4.292853123448634
2019-11-13,0.0022016280652313695,0.0022016280652313695,4.292853123448634
2019-11-14,0.009361565647256442,0.009361565647256442,4.292853123448634
2019-11-15,0.0005134308943295436,0.0005134308943295436,4.292853123448634
2019-11-18,0.00696150838114317,0.00696150838114317,4.292853123448634
2019-11-19,0.008706593528770443,0.008706593528770443,4.292853123448634
2019-11-20,-0.0008256905746562703,-0.0008256905746562703,4.292853123448634
2019-11-21,-0.007218194464141333,-0.007218194464141333,4.292853123448634
2019-11-22,0.002963282881649226,0.002963282881649226,4.292853123448634
2019-11-25,0.011359316853678181,0.011359316853678181,4.292853123448634
2019-11-26,0.003099724009363698,0.003099724009363698,4.292853123448634
2019-11-27,0.0011766593085494467,0.0011766593085494467,4.292853123448634
2019-11-29,-0.004872909419961875,-0.004872909419961875,4.292853123448634
2019-12-02,-0.013813792278588656,-0.01410457233330355,4.581612225902423
2019-12-03,0.009052426804210364,0.009052426804210364,4.581612225902423
2019-12-04,-0.0005522349541724481,-0.0005522349541724481,4.581612225902423
2019-12-05,-0.0030969844373919023,-0.0030969844373919023,4.581612225902423
2019-12-06,0.005572492848743835,0.005572492848743835,4.581612225902423
2019-12-09,-0.001821266909133784,-0.001821266909133784,4.581612225902423
2019-12-10,-0.0016711408842300815,-0.0016711408842300815,4.581612225902423
2019-12-11,0.006330198233704435,0.006330198233704435,4.581612225902423
2019-12-12,-0.009824920723452953,-0.009824920723452953,4.581612225902423
2019-12-13,0.015454866297412882,0.015454866297412882,4.581612225902423
2019-12-16,-0.001540617855231395,-0.001540617855231395,4.581612225902423
2019-12-17,0.0031437097682658244,0.0031437097682658244,4.581612225902423
2019-12-18,-0.004336627604030308,-0.004336627604030308,4.581612225902423
2019-12-19,0.0032689680117465505,0.0032689680117465505,4.581612225902423
2019-12-20,0.0007918344883450413,0.0007918344883450413,4.581612225902423
2019-12-23,0.00589689841878083,0.00589689841878083,4.581612225902423
2019-12-24,0.003714860654971421,0.003714860654971421,4.581612225902423
2019-12-26,0.0026725487690989007,0.0026725487690989007,4.581612225902423
2019-12-27,-0.004772682174785114,-0.004772682174785114,4.581612225902423
2019-12-30,-0.006005287443524882,-0.006005287443524882,4.581612225902423
2019-12-31,-0.0025988484393674734,-0.0025988484393674734,4.581612225902423
2020-01-02,0.022222685231713786,0.021187184441476575,4.706593425709662
2020-01-03,-0.0031560477096756355,-0.0031560477096756355,4.706593425709662
2020-01-06,0.005178676749046076,0.005178676749046076,4.706593425709662
2020-01-07,-0.003769178405410346,-0.003769178405410346,4.706593425709662
2020-01-08,-0.0009516004713044113,-0.0009516004713044113,4.706593425709662
2020-01-09,0.005499552027320607,0.005499552027320607,4.706593425709662
2020-01-10,-0.0018708258255268168,-0.0018708258255268168,4.706593425709662
2020-01-13,0.0054633532325856675,0.0054633532325856675,4.706593425709662
2020-01-14,-0.0007358871972477369,-0.0007358871972477369,4.706593425709662
2020-01-15,0.0038765494863534844,0.0038765494863534844,4.706593425709662
2020-01-16,0.009467800155783815,0.009467800155783815,4.706593425709662
2020-01-17,0.0020086680945265623,0.0020086680945265623,4.706593425709662
2020-01-21,-0.00590991468878831,-0.00590991468878831,4.706593425709662
2020-01-22,0.005311009712014083,0.005311009712014083,4.706593425709662
2020-01-23,0.00033995126852800713,0.00033995126852800713,4.706593425709662
2020-01-24,0.0016271967973764151,0.0016271967973764151,4.706593425709662
2020-01-27,-0.014191804410496268,-0.014191804410496268,4.706593425709662
2020-01-28,0.004046090854611598,0.004046090854611598,4.706593425709662
2020-01-29,0.009473022294078065,0.009473022294078065,4.706593425709662
2020-01-30,0.0029580131766332868,0.0029580131766332868,4.706593425709662
2020-01-31,-0.015096738570641626,-0.015096738570641626,4.706593425709662
2020-02-03,0.009466808632717021,0.008574571658644621,4.732990123425097
2020-02-04,-0.0010598545395024757,-0.0010598545395024757,4.732990123425097
2020-02-05,0.002137368126878393,0.002137368126878393,4.732990123425097
2020-02-06,0.006343177226411688,0.006343177226411688,4.732990123425097
2020-02-07,0.005183460707111915,0.005183460707111915,4.732990123425097
2020-02-10,0.011252267902034416,0.011252267902034416,4.732990123425097
2020-02-11,-0.008015305468021056,-0.008015305468021056,4.732990123425097
2020-02-12,-0.0037473397215135366,-0.0037473397215135366,4.732990123425097
2020-02-13,-0.0007676399509346303,-0.0007676399509346303,4.732990123425097
2020-02-14,0.0015322238765993193,0.0015322238765993193,4.732990123425097
2020-02-18,0.0025841615922284926,0.0025841615922284926,4.732990123425097
2020-02-19,0.00554363067494,0.00554363067494,4.732990123425097
2020-02-20,0.010485394897190062,0.010485394897190062,4.732990123425097
2020-02-21,-0.00384260741445096,-0.00384260741445096,4.732990123425097
2020-02-24,-0.008717842795850821,-0.008717842795850821,4.732990123425097
2020-02-25,-0.023871472504687175,-0.023871472504687175,4.732990123425097
2020-02-26,0.0013397509819435389,0.0013397509819435389,4.732990123425097
2020-02-27,-0.02551659754832579,-0.02551659754832579,4.732990123425097
2020-02-28,-0.001028583365962753,-0.001028583365962753,4.732990123425097
2020-03-02,-0.014405172296770848,-0.015402090643013575,4.215560505790683
2020-03-03,0.020937664979078566,0.020937664979078566,4.215560505790683
2020-03-04,-0.011950006533898832,-0.011950006533898832,4.215560505790683
2020-03-05,0.028442725441628555,0.028442725441628555,4.215560505790683
2020-03-06,0.02921920864488106,0.02921920864488106,4.215560505790683
2020-03-09,0.051380160717044154,0.051380160717044154,4.215560505790683
2020-03-10,-0.05872761619664664,-0.05872761619664664,4.215560505790683
2020-03-11,0.00908441635992109,0.00908441635992109,4.215560505790683
2020-03-12,0.04384906785489903,0.04384906785489903,4.215560505790683
2020-03-13,-0.032443618795122905,-0.032443618795122905,4.215560505790683
2020-03-16,0.08760663832248503,0.08760663832248503,4.215560505790683
2020-03-17,-0.04866131314943378,-0.04866131314943378,4.215560505790683
2020-03-18,0.01665213666378541,0.01665213666378541,4.215560505790683
2020-03-19,-0.010062831370829481,-0.010062831370829481,4.215560505790683
2020-03-20,0.04306210711994296,0.04306210711994296,4.215560505790683
2020-03-23,0.05637131509789163,0.05637131509789163,4.215560505790683
2020-03-24,-0.05488718980755889,-0.05488718980755889,4.215560505790683
2020-03-25,-0.009946652351072775,-0.009946652351072775,4.215560505790683
2020-03-26,-0.014240631787122244,-0.014240631787122244,4.215560505790683
2020-03-27,0.02426676720197599,0.02426676720197599,4.215560505790683
2020-03-30,-0.0019797294947257243,-0.0019797294947257243,4.215560505790683
2020-03-31,-0.005063861993467703,-0.005063861993467703,4.215560505790683
2020-04-01,0.0248603796330217,0.02347965227128998,1.7666760485046464
2020-04-02,-0.006571242619737375,-0.006571242619737375,1.7666760485046464
2020-04-03,0.006432632047071834,0.006432632047071834,1.7666760485046464
2020-04-06,-0.018491556078483604,-0.018491556078483604,1.7666760485046464
2020-04-07,-0.013222204633176466,-0.013222204633176466,1.7666760485046464
2020-04-08,-0.001774326640788794,-0.001774326640788794,1.7666760485046464
2020-04-09,-0.002973478273331708,-0.002973478273331708,1.7666760485046464
2020-04-13,0.000213564628210606,0.000213564628210606,1.7666760485046464
2020-04-14,-0.0026770341312479665,-0.0026770341312479665,1.7666760485046464
2020-04-15,0.020202378776374562,0.020202378776374562,1.7666760485046464
2020-04-16,0.00010968020236620189,0.00010968020236620189,1.7666760485046464
2020-04-17,-0.013964096082216581,-0.013964096082216581,1.7666760485046464
2020-04-20,0.007570676960398163,0.007570676960398163,1.7666760485046464
2020-04-21,0.017255940089134336,0.017255940089134336,1.7666760485046464
2020-04-22,-0.003251836514928379,-0.003251836514928379,1.7666760485046464
2020-04-23,-0.0014303578921065377,-0.0014303578921065377,1.7666760485046464
2020-04-24,0.0008212150782054184,0.0008212150782054184,1.7666760485046464
2020-04-27,-0.007790873792674256,-0.007790873792674256,1.7666760485046464
2020-04-28,-0.002924210128120548,-0.002924210128120548,1.7666760485046464
2020-04-29,-0.011027229796275724,-0.011027229796275724,1.7666760485046464
2020-04-30,-0.002234648905885011,-0.002234648905885011,1.7666760485046464
2020-05-01,0.014371572680937935,0.014219671274183453,1.844168548519946
2020-05-04,0.00033075205061654814,0.00033075205061654814,1.844168548519946
2020-05-05,-0.005104525828847131,-0.005104525828847131,1.844168548519946
2020-05-06,0.003258785503468987,0.003258785503468987,1.844168548519946
2020-05-07,-0.005063413606867148,-0.005063413606867148,1.844168548519946
2020-05-08,-0.01198820308924987,-0.01198820308924987,1.844168548519946
2020-05-11,0.0006910490737209037,0.0006910490737209037,1.844168548519946
2020-05-12,0.011454287506560887,0.011454287506560887,1.844168548519946
2020-05-13,0.008033468557398126,0.008033468557398126,1.844168548519946
2020-05-14,0.000700459589365447,0.000700459589365447,1.844168548519946
2020-05-15,0.001669276079281193,0.001669276079281193,1.844168548519946
2020-05-18,-0.026509417469768332,-0.026509417469768332,1.844168548519946
2020-05-19,0.0026141110799471497,0.0026141110799471497,1.844168548519946
2020-05-20,-0.006649834968034925,-0.006649834968034925,1.844168548519946
2020-05-21,0.006332407807066432,0.006332407807066432,1.844168548519946
2020-05-22,0.005235690251685735,0.005235690251685735,1.844168548519946
2020-05-26,-0.018281212279286703,-0.018281212279286703,1.844168548519946
2020-05-27,-0.00048510715180916217,-0.00048510715180916217,1.844168548519946
2020-05-28,-0.0011622450117828023,-0.0011622450117828023,1.844168548519946
2020-05-29,-0.003384493887517224,-0.003384493887517224,1.844168548519946
2020-06-01,-0.00907980454926988,-0.009417865435479027,2.001080679410113
2020-06-02,-0.00582898851535455,-0.00582898851535455,2.001080679410113
2020-06-03,-0.013205464428517185,-0.013205464428517185,2.001080679410113
2020-06-04,-0.003084415335059902,-0.003084415335059902,2.001080679410113
2020-06-05,-0.008577113597542417,-0.008577113597542417,2.001080679410113
2020-06-08,-0.0027674966677916244,-0.0027674966677916244,2.001080679410113
2020-06-09,0.006265679061008283,0.006265679061008283,2.001080679410113
2020-06-10,0.0023475662598526456,0.0023475662598526456,2.001080679410113
2020-06-11,0.019554168384428222,0.019554168384428222,2.001080679410113
2020-06-12,-0.00288419406871415,-0.00288419406871415,2.001080679410113
2020-06-15,-0.001207255399981399,-0.001207255399981399,2.001080679410113
2020-06-16,0.000122939320367134,0.000122939320367134,2.001080679410113
2020-06-17,0.0003235434046363852,0.0003235434046363852,2.001080679410113
2020-06-18,0.004175361120547039,0.004175361120547039,2.001080679410113
2020-06-19,0.002344219090852826,0.002344219090852826,2.001080679410113
2020-06-22,-0.005241924696054058,-0.005241924696054058,2.001080679410113
2020-06-23,-5.059126793299562e-05,-5.059126793299562e-05,2.001080679410113
2020-06-24,0.007694174971002495,0.007694174971002495,2.001080679410113
2020-06-25,0.0013782093325775337,0.0013782093325775337,2.001080679410113
2020-06-26,0.006866084631924077,0.006866084631924077,2.001080679410113
2020-06-29,-0.004874445198188284,-0.004874445198188284,2.001080679410113
2020-06-30,-0.0030128217891981866,-0.0030128217891981866,2.001080679410113
2020-07-01,-0.004679708120855373,-0.0048187972844624,2.176890577040969
2020-07-02,-0.003119914842346809,-0.003119914842346809,2.176890577040969
2020-07-06,-0.010579520987892397,-0.010579520987892397,2.176890577040969
2020-07-07,0.007526141235758092,0.007526141235758092,2.176890577040969
2020-07-08,-0.007962542654631293,-0.007962542654631293,2.176890577040969
2020-07-09,0.008099671693467656,0.008099671693467656,2.176890577040969
2020-07-10,-0.004432778097005982,-0.004432778097005982,2.176890577040969
2020-07-13,0.005563059996998096,0.005563059996998096,2.176890577040969
2020-07-14,-0.0011048610081787929,-0.0011048610081787929,2.176890577040969
2020-07-15,-0.007525349945013419,-0.007525349945013419,2.176890577040969
2020-07-16,0.004353965537759854,0.004353965537759854,2.176890577040969
2020-07-17,-0.0002764207757745384,-0.0002764207757745384,2.176890577040969
2020-07-20,0.002608224266693907,0.002608224266693907,2.176890577040969
2020-07-21,-0.0036049471182530886,-0.0036049471182530886,2.176890577040969
2020-07-22,0.004832623318946037,0.004832623318946037,2.176890577040969
2020-07-23,-0.00038283749512859965,-0.00038283749512859965,2.176890577040969
2020-07-24,8.218480505153348e-07,8.218480505153348e-07,2.176890577040969
2020-07-27,-0.0025290814342019178,-0.0025290814342019178,2.176890577040969
2020-07-28,0.0013485275886440224,0.0013485275886440224,2.176890577040969
2020-07-29,-0.005441172687815805,-0.005441172687815805,2.176890577040969
2020-07-30,0.003367745643755916,0.003367745643755916,2.176890577040969
2020-07-31,0.010291236666606179,0.010291236666606179,2.176890577040969
2020-08-03,-0.00532311863686059,-0.006077842167579893,2.4114675676779984
2020-08-04,0.008391604871395026,0.008391604871395026,2.4114675676779984
2020-08-05,-9.490422548746088e-05,-9.490422548746088e-05,2.4114675676779984
2020-08-06,0.009458697482006242,0.009458697482006242,2.4114675676779984
2020-08-07,-0.008145563274724214,-0.008145563274724214,2.4114675676779984
2020-08-10,-0.0015647998368564175,-0.0015647998368564175,2.4114675676779984
2020-08-11,-0.014294503354471568,-0.014294503354471568,2.4114675676779984
2020-08-12,4.2248232022424324e-05,4.2248232022424324e-05,2.4114675676779984
2020-08-13,0.002443403619663761,0.002443403619663761,2.4114675676779984
2020-08-14,-0.002007171675426934,-0.002007171675426934,2.4114675676779984
2020-08-17,0.004063433095458086,0.004063433095458086,2.4114675676779984
2020-08-18,0.0060492500412482105,0.0060492500412482105,2.4114675676779984
2020-08-19,-0.012870020454353362,-0.012870020454353362,2.4114675676779984
2020-08-20,0.007483780715096121,0.007483780715096121,2.4114675676779984
2020-08-21,-0.00147939886683908,-0.00147939886683908,2.4114675676779984
2020-08-24,0.0002968964201086286,0.0002968964201086286,2.4114675676779984
2020-08-25,-0.0005757867344375562,-0.0005757867344375562,2.4114675676779984
2020-08-26,0.005543313811756775,0.005543313811756775,2.4114675676779984
2020-08-27,-0.009307942776442953,-0.009307942776442953,2.4114675676779984
2020-08-28,0.007613116393885025,0.007613116393885025,2.4114675676779984
2020-08-31,0.002720401424777889,0.002720401424777889,2.4114675676779984
2020-09-01,0.007294526730986643,0.00679399842671753,2.6106519210960033
2020-09-02,0.0011735530787646132,0.0011735530787646132,2.6106519210960033
2020-09-03,-0.015545600577954248,-0.015545600577954248,2.6106519210960033
2020-09-04,-0.003368677437637124,-0.003368677437637124,2.6106519210960033
2020-09-08,-0.014212210864680035,-0.014212210864680035,2.6106519210960033
2020-09-09,0.01115641382035677,0.01115641382035677,2.6106519210960033
2020-09-10,-0.00984649923542826,-0.00984649923542826,2.6106519210960033
2020-09-11,0.005811813670137316,0.005811813670137316,2.6106519210960033
2020-09-14,0.008014203544739864,0.008014203544739864,2.6106519210960033
2020-09-15,0.0004484624476853573,0.0004484624476853573,2.6106519210960033
2020-09-16,-0.0015152251876483442,-0.0015152251876483442,2.6106519210960033
2020-09-17,0.00017628983517228587,0.00017628983517228587,2.6106519210960033
2020-09-18,-0.006005868099691294,-0.006005868099691294,2.6106519210960033
2020-09-21,-0.015877991319184066,-0.015877991319184066,2.6106519210960033
2020-09-22,-0.0008577540286701564,-0.0008577540286701564,2.6106519210960033
2020-09-23,-0.01956928011249156,-0.01956928011249156,2.6106519210960033
2020-09-24,0.0002340141699603205,0.0002340141699603205,2.6106519210960033
2020-09-25,0.0011915697640380114,0.0011915697640380114,2.6106519210960033
2020-09-28,0.014494348500038657,0.014494348500038657,2.6106519210960033
2020-09-29,0.007465431639952534,0.007465431639952534,2.6106519210960033
2020-09-30,-0.003840966599581686,-0.003840966599581686,2.6106519210960033
2020-10-01,0.00594436137865404,0.005430345619813216,2.8152470784033903
2020-10-02,-0.002054057495547038,-0.002054057495547038,2.8152470784033903
2020-10-05,0.0001751364750215064,0.0001751364750215064,2.8152470784033903
2020-10-06,-0.0047494199245183616,-0.0047494199245183616,2.8152470784033903
2020-10-07,0.0015518697567531543,0.0015518697567531543,2.8152470784033903
2020-10-08,0.005464162840940618,0.005464162840940618,2.8152470784033903
2020-10-09,0.01122862347218664,0.01122862347218664,2.8152470784033903
2020-10-12,0.00802864099994361,0.00802864099994361,2.8152470784033903
2020-10-13,-0.00794149605108253,-0.00794149605108253,2.8152470784033903
2020-10-14,0.0020698401235708505,0.0020698401235708505,2.8152470784033903
2020-10-15,-0.007245344194888401,-0.007245344194888401,2.8152470784033903
2020-10-16,0.0006722664107575865,0.0006722664107575865,2.8152470784033903
2020-10-19,-0.0034871127203084384,-0.0034871127203084384,2.8152470784033903
2020-10-20,0.0015851820242606134,0.0015851820242606134,2.8152470784033903
2020-10-21,0.008641983024741699,0.008641983024741699,2.8152470784033903
2020-10-22,-0.006546442908446117,-0.006546442908446117,2.8152470784033903
2020-10-23,0.005899567972773292,0.005899567972773292,2.8152470784033903
2020-10-26,-0.007692286501036701,-0.007692286501036701,2.8152470784033903
2020-10-27,0.003627166296177745,0.003627166296177745,2.8152470784033903
2020-10-28,-0.01445779855495575,-0.01445779855495575,2.8152470784033903
2020-10-29,-0.002265209148991123,-0.002265209148991123,2.8152470784033903
2020-10-30,-0.008064255170620593,-0.008064255170620593,2.8152470784033903
2020-11-02,0.004569171420591532,0.004130011260369532,3.0610674369762467
2020-11-03,-0.0010513494428755065,-0.0010513494428755065,3.0610674369762467
2020-11-04,0.016038533634337954,0.016038533634337954,3.0610674369762467
2020-11-05,0.012016253385331037,0.012016253385331037,3.0610674369762467
2020-11-06,-0.00048477364849974704,-0.00048477364849974704,3.0610674369762467
2020-11-09,-0.027856976444667638,-0.027856976444667638,3.0610674369762467
2020-11-10,-0.012489773756046882,-0.012489773756046882,3.0610674369762467
2020-11-11,0.0018416647935234677,0.0018416647935234677,3.0610674369762467
2020-11-12,0.010677366901632143,0.010677366901632143,3.0610674369762467
2020-11-13,0.004142567226920881,0.004142567226920881,3.0610674369762467
2020-11-16,0.002945900723739085,0.002945900723739085,3.0610674369762467
2020-11-17,0.0006620623010272006,0.0006620623010272006,3.0610674369762467
2020-11-18,-0.0014110198035221378,-0.0014110198035221378,3.0610674369762467
2020-11-19,0.0036738431304500032,0.0036738431304500032,3.0610674369762467
2020-11-20,0.004141527282888286,0.004141527282888286,3.0610674369762467
2020-11-23,-0.011269895713344157,-0.011269895713344157,3.0610674369762467
2020-11-24,-0.0029590722553785092,-0.0029590722553785092,3.0610674369762467
2020-11-25,0.0003733345769734904,0.0003733345769734904,3.0610674369762467
2020-11-27,0.009393835046469814,0.009393835046469814,3.0610674369762467
2020-11-30,-0.00553486203470927,-0.00553486203470927,3.0610674369762467
2020-12-01,0.016045935399919723,0.015402510649078684,3.1595552010803725
2020-12-02,-0.0006529454356221794,-0.0006529454356221794,3.1595552010803725
2020-12-03,0.013175712371961842,0.013175712371961842,3.1595552010803725
2020-12-04,9.19686615125084e-05,9.19686615125084e-05,3.1595552010803725
2020-12-07,0.003296940571230887,0.003296940571230887,3.1595552010803725
2020-12-08,0.001878411832319172,0.001878411832319172,3.1595552010803725
2020-12-09,-0.0059470282960464955,-0.0059470282960464955,3.1595552010803725
2020-12-10,0.008646172210565276,0.008646172210565276,3.1595552010803725
2020-12-11,-0.005213840064413157,-0.005213840064413157,3.1595552010803725
2020-12-14,0.001007201511823924,0.001007201511823924,3.1595552010803725
2020-12-15,0.01157999005864132,0.01157999005864132,3.1595552010803725
2020-12-16,0.0023062563391261373,0.0023062563391261373,3.1595552010803725
2020-12-17,0.012029068755395979,0.012029068755395979,3.1595552010803725
2020-12-18,-0.0059095762218501205,-0.0059095762218501205,3.1595552010803725
2020-12-21,-0.007083929339111139,-0.007083929339111139,3.1595552010803725
2020-12-22,-0.008919999028293362,-0.008919999028293362,3.1595552010803725
2020-12-23,0.008187006167042698,0.008187006167042698,3.1595552010803725
2020-12-24,0.0029173204613711745,0.0029173204613711745,3.1595552010803725
2020-12-28,0.005135416201405959,0.005135416201405959,3.1595552010803725
2020-12-29,0.0018528217713235469,0.0018528217713235469,3.1595552010803725
2020-12-30,0.01021164819070715,0.01021164819070715,3.1595552010803725
2020-12-31,-0.0016030228153364847,-0.0016030228153364847,3.1595552010803725
2021-01-04,-6.81745823884845e-06,-0.00015636597125429246,3.449888707977225
2021-01-05,0.010141951709842794,0.010141951709842794,3.449888707977225
2021-01-06,-0.006715159938923293,-0.006715159938923293,3.449888707977225
2021-01-07,-0.003220103364107152,-0.003220103364107152,3.449888707977225
2021-01-08,-0.007033238596255634,-0.007033238596255634,3.449888707977225
2021-01-11,-0.016536690612906753,-0.016536690612906753,3.449888707977225
2021-01-12,0.011993447260796656,0.011993447260796656,3.449888707977225
2021-01-13,0.0013915101180840804,0.0013915101180840804,3.449888707977225
2021-01-14,0.003266658750385505,0.003266658750385505,3.449888707977225
2021-01-15,-0.016648673736674863,-0.016648673736674863,3.449888707977225
2021-01-19,0.014244482036040533,0.014244482036040533,3.449888707977225
2021-01-20,0.01715757953497043,0.01715757953497043,3.449888707977225
2021-01-21,0.0020165480532370697,0.0020165480532370697,3.449888707977225
2021-01-22,-0.004245540599264337,-0.004245540599264337,3.449888707977225
2021-01-25,0.0035860497754176624,0.0035860497754176624,3.449888707977225
2021-01-26,-0.00022990614110972145,-0.00022990614110972145,3.449888707977225
2021-01-27,-0.02568874271402031,-0.02568874271402031,3.449888707977225
2021-01-28,0.0076816891355505484,0.0076816891355505484,3.449888707977225
2021-01-29,-0.014877658920056658,-0.014877658920056658,3.449888707977225
2021-02-01,0.00464620534923892,0.004424362105759801,3.5214593478491203
2021-02-02,0.000394251283942787,0.000394251283942787,3.5214593478491203
2021-02-03,0.0007533387527764078,0.0007533387527764078,3.5214593478491203
2021-02-04,-0.005654934083485225,-0.005654934083485225,3.5214593478491203
2021-02-05,0.011861589691882422,0.011861589691882422,3.5214593478491203
2021-02-08,0.010569206727649398,0.010569206727649398,3.5214593478491203
2021-02-09,0.010534889195733565,0.010534889195733565,3.5214593478491203
2021-02-10,-7.559843481524605e-05,-7.559843481524605e-05,3.5214593478491203
2021-02-11,0.005437300894942739,0.005437300894942739,3.5214593478491203
2021-02-12,-0.005053971391124586,-0.005053971391124586,3.5214593478491203
2021-02-16,-0.012653719805365603,-0.012653719805365603,3.5214593478491203
2021-02-17,-0.004383563301964347,-0.004383563301964347,3.5214593478491203
2021-02-18,-0.00038163640995908467,-0.00038163640995908467,3.5214593478491203
2021-02-19,0.0035889630661049745,0.0035889630661049745,3.5214593478491203
2021-02-22,-0.0024141090204222357,-0.0024141090204222357,3.5214593478491203
2021-02-23,-0.00035544226392987056,-0.00035544226392987056,3.5214593478491203
2021-02-24,0.004506714650243758,0.004506714650243758,3.5214593478491203
2021-02-25,-0.039348832312520995,-0.039348832312520995,3.5214593478491203
2021-02-26,-0.005713961354603409,-0.005713961354603409,3.5214593478491203
2021-03-01,0.017784696938428882,0.017478221945275367,3.3698972796171347
2021-03-02,0.004227782860960934,0.004227782860960934,3.3698972796171347
2021-03-03,-0.016975938047522045,-0.016975938047522045,3.3698972796171347
2021-03-04,-0.02915273573283817,-0.02915273573283817,3.3698972796171347
2021-03-05,0.004697444005228046,0.004697444005228046,3.3698972796171347
2021-03-08,-0.017579124165454228,-0.017579124165454228,3.3698972796171347
2021-03-09,0.02593045309912959,0.02593045309912959,3.3698972796171347
2021-03-10,0.007447106724405661,0.007447106724405661,3.3698972796171347
2021-03-11,0.018230641987784808,0.018230641987784808,3.3698972796171347
2021-03-12,-0.009544538275399802,-0.009544538275399802,3.3698972796171347
2021-03-15,0.003742332133542767,0.003742332133542767,3.3698972796171347
2021-03-16,0.00018784749513328593,0.00018784749513328593,3.3698972796171347
2021-03-17,0.01205356422092492,0.01205356422092492,3.3698972796171347
2021-03-18,-0.021751724293514012,-0.021751724293514012,3.3698972796171347
2021-03-19,0.0016714209706668744,0.0016714209706668744,3.3698972796171347
2021-03-22,0.0045386321489361905,0.0045386321489361905,3.3698972796171347
2021-03-23,-0.017250321670279296,-0.017250321670279296,3.3698972796171347
2021-03-24,-0.014065351836158493,-0.014065351836158493,3.3698972796171347
2021-03-25,0.002859226706724477,0.002859226706724477,3.3698972796171347
2021-03-26,0.01363589794908568,0.01363589794908568,3.3698972796171347
2021-03-29,-0.011676926714230054,-0.011676926714230054,3.3698972796171347
2021-03-30,-0.010498617972930602,-0.010498617972930602,3.3698972796171347
2021-03-31,0.008262223221130849,0.008262223221130849,3.3698972796171347
2021-04-01,0.014499324320681916,0.013803614671925457,3.4153122676120025
2021-04-05,0.011358708303445588,0.011358708303445588,3.4153122676120025
2021-04-06,0.0004572963402302907,0.0004572963402302907,3.4153122676120025
2021-04-07,-0.006202993643810051,-0.006202993643810051,3.4153122676120025
2021-04-08,0.010036917831512933,0.010036917831512933,3.4153122676120025
2021-04-09,-0.001342903434253168,-0.001342903434253168,3.4153122676120025
2021-04-12,-0.006586031420911887,-0.006586031420911887,3.4153122676120025
2021-04-13,0.008116135959512797,0.008116135959512797,3.4153122676120025
2021-04-14,0.007248555976281153,0.007248555976281153,3.4153122676120025
2021-04-15,0.008740435343018133,0.008740435343018133,3.4153122676120025
2021-04-16,0.003886284647403141,0.003886284647403141,3.4153122676120025
2021-04-19,-0.0004765678234444925,-0.0004765678234444925,3.4153122676120025
2021-04-20,-0.013150793860230993,-0.013150793860230993,3.4153122676120025
2021-04-21,0.013405540960865664,0.013405540960865664,3.4153122676120025
2021-04-22,-0.007543037070950205,-0.007543037070950205,3.4153122676120025
2021-04-23,0.015873056890382837,0.015873056890382837,3.4153122676120025
2021-04-26,0.008145444119143887,0.008145444119143887,3.4153122676120025
2021-04-27,-0.0005156503715636888,-0.0005156503715636888,3.4153122676120025
2021-04-28,0.005792356980693098,0.005792356980693098,3.4153122676120025
2021-04-29,0.0006317591204834072,0.0006317591204834072,3.4153122676120025
2021-04-30,-0.01645440610671805,-0.01645440610671805,3.4153122676120025
2021-05-03,0.013931952846330236,0.01383464077283766,3.605944327254395
2021-05-04,-0.013757490044167545,-0.013757490044167545,3.605944327254395
2021-05-05,0.011201757698221659,0.011201757698221659,3.605944327254395
2021-05-06,0.016497953673982747,0.016497953673982747,3.605944327254395
2021-05-07,0.018109111253542694,0.018109111253542694,3.605944327254395
2021-05-10,-0.008718095508134478,-0.008718095508134478,3.605944327254395
2021-05-11,-0.004197150450399106,-0.004197150450399106,3.605944327254395
2021-05-12,-0.025268165932365846,-0.025268165932365846,3.605944327254395
2021-05-13,-0.0015574342764278228,-0.0015574342764278228,3.605944327254395
2021-05-14,0.02012834019047681,0.02012834019047681,3.605944327254395
2021-05-17,0.0052585305999304065,0.0052585305999304065,3.605944327254395
2021-05-18,0.004675582711427579,0.004675582711427579,3.605944327254395
2021-05-19,-0.01529509359452769,-0.01529509359452769,3.605944327254395
2021-05-20,0.012079944768406806,0.012079944768406806,3.605944327254395
2021-05-21,-0.002232897036629608,-0.002232897036629608,3.605944327254395
2021-05-24,0.009236667000985892,0.009236667000985892,3.605944327254395
2021-05-25,0.0010077735803035196,0.0010077735803035196,3.605944327254395
2021-05-26,0.00010220737717367857,0.00010220737717367857,3.605944327254395
2021-05-27,0.011944238335633706,0.011944238335633706,3.605944327254395
2021-05-28,0.0003601626598186501,0.0003601626598186501,3.605944327254395
2021-06-01,0.007938828983703912,0.00785218294443978,3.716336853940576
2021-06-02,0.004118811410441066,0.004118811410441066,3.716336853940576
2021-06-03,-0.019166319754152908,-0.019166319754152908,3.716336853940576
2021-06-04,0.015063418992172417,0.015063418992172417,3.716336853940576
2021-06-07,0.0015918007234852912,0.0015918007234852912,3.716336853940576
2021-06-08,-0.002612284901647349,-0.002612284901647349,3.716336853940576
2021-06-09,-0.005373612156195722,-0.005373612156195722,3.716336853940576
2021-06-10,0.006617958122570388,0.006617958122570388,3.716336853940576
2021-06-11,-0.005137049121248578,-0.005137049121248578,3.716336853940576
2021-06-14,0.0003984748884306121,0.0003984748884306121,3.716336853940576
2021-06-15,-0.004236704914949522,-0.004236704914949522,3.716336853940576
2021-06-16,-0.01878170663125469,-0.01878170663125469,3.716336853940576
2021-06-17,-0.024716269218278814,-0.024716269218278814,3.716336853940576
2021-06-18,-0.019972563383932402,-0.019972563383932402,3.716336853940576
2021-06-21,0.021156041546599388,0.021156041546599388,3.716336853940576
2021-06-22,0.002704008953955588,0.002704008953955588,3.716336853940576
2021-06-23,0.0016756045401142932,0.0016756045401142932,3.716336853940576
2021-06-24,0.005007149472435267,0.005007149472435267,3.716336853940576
2021-06-25,0.005098337952116985,0.005098337952116985,3.716336853940576
2021-06-28,-0.003799326929989721,-0.003799326929989721,3.716336853940576
2021-06-29,-0.006963865077629146,-0.006963865077629146,3.716336853940576
2021-06-30,-0.0014812374988510018,-0.0014812374988510018,3.716336853940576
2021-07-01,-0.002591411089669967,-0.0028268130558577777,3.8035184947603407
2021-07-02,0.008359351197057786,0.008359351197057786,3.8035184947603407
2021-07-06,-0.02144785781833425,-0.02144785781833425,3.8035184947603407
2021-07-07,-0.00322931907205537,-0.00322931907205537,3.8035184947603407
2021-07-08,-0.016206118709959912,-0.016206118709959912,3.8035184947603407
2021-07-09,0.027606579725592505,0.027606579725592505,3.8035184947603407
2021-07-12,0.004461460137153394,0.004461460137153394,3.8035184947603407
2021-07-13,-0.007915045385628193,-0.007915045385628193,3.8035184947603407
2021-07-14,0.0007998469658471374,0.0007998469658471374,3.8035184947603407
2021-07-15,-0.01236031799113057,-0.01236031799113057,3.8035184947603407
2021-07-16,-0.007643211233322889,-0.007643211233322889,3.8035184947603407
2021-07-19,-0.03191220735608099,-0.03191220735608099,3.8035184947603407
2021-07-20,0.015278546087126938,0.015278546087126938,3.8035184947603407
2021-07-21,0.021712774239130084,0.021712774239130084,3.8035184947603407
2021-07-22,0.004022561724536376,0.004022561724536376,3.8035184947603407
2021-07-23,0.006886541216118442,0.006886541216118442,3.8035184947603407
2021-07-26,0.0030573441278045565,0.0030573441278045565,3.8035184947603407
2021-07-27,-0.014970110783600487,-0.014970110783600487,3.8035184947603407
2021-07-28,0.015232044298092523,0.015232044298092523,3.8035184947603407
2021-07-29,0.01140086149734813,0.01140086149734813,3.8035184947603407
2021-07-30,-0.013882653094144227,-0.013882653094144227,3.8035184947603407
2021-08-02,-0.002686448260872293,-0.0033818555837993943,3.8285063091634597
2021-08-03,0.00638422745685349,0.00638422745685349,3.8285063091634597
2021-08-04,-0.005491141923792912,-0.005491141923792912,3.8285063091634597
2021-08-05,0.009833298297782338,0.009833298297782338,3.8285063091634597
2021-08-06,0.002244633423439993,0.002244633423439993,3.8285063091634597
2021-08-09,-0.0061753395842375,-0.0061753395842375,3.8285063091634597
2021-08-10,0.008572684673331726,0.008572684673331726,3.8285063091634597
2021-08-11,0.0037601150478598607,0.0037601150478598607,3.8285063091634597
2021-08-12,-0.003619921871942453,-0.003619921871942453,3.8285063091634597
2021-08-13,-0.002586521242991205,-0.002586521242991205,3.8285063091634597
2021-08-16,-0.004707139670310962,-0.004707139670310962,3.8285063091634597
2021-08-17,-0.012713093275145889,-0.012713093275145889,3.8285063091634597
2021-08-18,-0.0081906260525382,-0.0081906260525382,3.8285063091634597
2021-08-19,-0.01413688356731584,-0.01413688356731584,3.8285063091634597
2021-08-20,0.0008194190811488488,0.0008194190811488488,3.8285063091634597
2021-08-23,0.01815805100166201,0.01815805100166201,3.8285063091634597
2021-08-24,0.01005498123965151,0.01005498123965151,3.8285063091634597
2021-08-25,0.0066666939314900964,0.0066666939314900964,3.8285063091634597
2021-08-26,-0.00633854831748198,-0.00633854831748198,3.8285063091634597
2021-08-27,0.015776558482298458,0.015776558482298458,3.8285063091634597
2021-08-30,0.0023104104885449768,0.0023104104885449768,3.8285063091634597
2021-08-31,-0.0013069065892510165,-0.0013069065892510165,3.8285063091634597
2021-09-01,0.001868945013485037,0.0015296107073524243,4.001043329253327
2021-09-02,0.005655404097724251,0.005655404097724251,4.001043329253327
2021-09-03,0.0006240900526702641,0.0006240900526702641,4.001043329253327
2021-09-07,0.002498750847981345,0.002498750847981345,4.001043329253327
2021-09-08,0.00010781022671531738,0.00010781022671531738,4.001043329253327
2021-09-09,-0.0014997622416780792,-0.0014997622416780792,4.001043329253327
2021-09-10,0.002499174224659141,0.002499174224659141,4.001043329253327
2021-09-13,0.005853539341560526,0.005853539341560526,4.001043329253327
2021-09-14,-0.007570623148974638,-0.007570623148974638,4.001043329253327
2021-09-15,0.012464392952166729,0.012464392952166729,4.001043329253327
2021-09-16,0.004759614176563105,0.004759614176563105,4.001043329253327
2021-09-17,-0.009544649542804198,-0.009544649542804198,4.001043329253327
2021-09-20,-0.025754568475654313,-0.025754568475654313,4.001043329253327
2021-09-21,0.0022380324414630736,0.0022380324414630736,4.001043329253327
2021-09-22,0.010695137409155132,0.010695137409155132,4.001043329253327
2021-09-23,0.022263813674835972,0.022263813674835972,4.001043329253327
2021-09-24,0.0034959898676352255,0.0034959898676352255,4.001043329253327
2021-09-27,0.009573148320190737,0.009573148320190737,4.001043329253327
2021-09-28,-0.017220490024840072,-0.017220490024840072,4.001043329253327
2021-09-29,0.001455622681381903,0.001455622681381903,4.001043329253327
2021-09-30,-0.009320779496917888,-0.009320779496917888,4.001043329253327
2021-10-01,0.007026240490916602,0.006776185065304453,3.95413497873642
2021-10-04,-0.0043874235756617905,-0.0043874235756617905,3.95413497873642
2021-10-05,0.013222923149686799,0.013222923149686799,3.95413497873642
2021-10-06,-0.009730640373185918,-0.009730640373185918,3.95413497873642
2021-10-07,0.01464708835743729,0.01464708835743729,3.95413497873642
2021-10-08,0.0029898302636244952,0.0029898302636244952,3.95413497873642
2021-10-11,0.004006220279332333,0.004006220279332333,3.95413497873642
2021-10-12,-0.0009124631723115783,-0.0009124631723115783,3.95413497873642
2021-10-13,0.0027080190698053185,0.0027080190698053185,3.95413497873642
2021-10-14,0.014594208561061247,0.014594208561061247,3.95413497873642
2021-10-15,0.015062514566853901,0.015062514566853901,3.95413497873642
2021-10-18,-0.0057638905793575175,-0.0057638905793575175,3.95413497873642
2021-10-19,0.003634045417629465,0.003634045417629465,3.95413497873642
2021-10-20,0.0036186683420494545,0.0036186683420494545,3.95413497873642
2021-10-21,-0.008292729833058517,-0.008292729833058517,3.95413497873642
2021-10-22,-0.004331240093450422,-0.004331240093450422,3.95413497873642
2021-10-25,0.010156554879894369,0.010156554879894369,3.95413497873642
2021-10-26,0.0062627298648387075,0.0062627298648387075,3.95413497873642
2021-10-27,-0.010676186430648044,-0.010676186430648044,3.95413497873642
2021-10-28,0.003983862827656719,0.003983862827656719,3.95413497873642
2021-10-29,-0.0010042503903790717,-0.0010042503903790717,3.95413497873642
2021-11-01,0.005325456877906891,0.005158266366605988,4.006763432508893
2021-11-02,-0.0017998047450993307,-0.0017998047450993307,4.006763432508893
2021-11-03,0.009757667024351845,0.009757667024351845,4.006763432508893
2021-11-04,-0.00822481197916788,-0.00822481197916788,4.006763432508893
2021-11-05,0.0007786329527489571,0.0007786329527489571,4.006763432508893
2021-11-08,0.00439272240038808,0.00439272240038808,4.006763432508893
2021-11-09,-0.008288021672932442,-0.008288021672932442,4.006763432508893
2021-11-10,-0.006511773896204893,-0.006511773896204893,4.006763432508893
2021-11-11,0.004867045674801139,0.004867045674801139,4.006763432508893
2021-11-12,0.005618853887094015,0.005618853887094015,4.006763432508893
2021-11-15,0.005860423880972768,0.005860423880972768,4.006763432508893
2021-11-16,0.0019830748562749976,0.0019830748562749976,4.006763432508893
2021-11-17,-0.007909696157012569,-0.007909696157012569,4.006763432508893
2021-11-18,0.0017551584946203709,0.0017551584946203709,4.006763432508893
2021-11-19,-0.007018292406717421,-0.007018292406717421,4.006763432508893
2021-11-22,0.0010896399248731276,0.0010896399248731276,4.006763432508893
2021-11-23,0.004626803697765059,0.004626803697765059,4.006763432508893
2021-11-24,-0.003053616869927619,-0.003053616869927619,4.006763432508893
2021-11-26,-0.05305804204436607,-0.05305804204436607,4.006763432508893
2021-11-29,0.00803619257366522,0.00803619257366522,4.006763432508893
2021-11-30,-0.024309417511211916,-0.024309417511211916,4.006763432508893
2021-12-01,-0.011231864852804583,-0.012125946434149788,3.6959447770061686
2021-12-02,0.016770931420749993,0.016770931420749993,3.6959447770061686
2021-12-03,-0.009014421386336065,-0.009014421386336065,3.6959447770061686
2021-12-06,0.013365037125199899,0.013365037125199899,3.6959447770061686
2021-12-07,0.021487410665765767,0.021487410665765767,3.6959447770061686
2021-12-08,0.004458584794608805,0.004458584794608805,3.6959447770061686
2021-12-09,-0.010867775620920703,-0.010867775620920703,3.6959447770061686
2021-12-10,0.0009714174629116126,0.0009714174629116126,3.6959447770061686
2021-12-13,-0.010037339795219823,-0.010037339795219823,3.6959447770061686
2021-12-14,-0.0018389246222500807,-0.0018389246222500807,3.6959447770061686
2021-12-15,0.010028903271226429,0.010028903271226429,3.6959447770061686
2021-12-16,-0.008706028036800938,-0.008706028036800938,3.6959447770061686
2021-12-17,-0.006842653266941806,-0.006842653266941806,3.6959447770061686
2021-12-20,-0.0048067043403361865,-0.0048067043403361865,3.6959447770061686
2021-12-21,0.017208741282352655,0.017208741282352655,3.6959447770061686
2021-12-22,0.005947481335725683,0.005947481335725683,3.6959447770061686
2021-12-23,0.0052697339714812596,0.0052697339714812596,3.6959447770061686
2021-12-27,0.012167575198638684,0.012167575198638684,3.6959447770061686
2021-12-28,4.437629975364405e-05,4.437629975364405e-05,3.6959447770061686
2021-12-29,0.003767001133087356,0.003767001133087356,3.6959447770061686
2021-12-30,-0.006394846777217246,-0.006394846777217246,3.6959447770061686
2021-12-31,-0.002710969710725796,-0.002710969710725796,3.6959447770061686
2022-01-03,0.021044168080370552,0.020840464341621456,3.8018723423639713
2022-01-04,0.002866805062533604,0.002866805062533604,3.8018723423639713
2022-01-05,-0.00574579693107179,-0.00574579693107179,3.8018723423639713
2022-01-06,0.004038411918652263,0.004038411918652263,3.8018723423639713
2022-01-07,-0.0038944838450153804,-0.0038944838450153804,3.8018723423639713
2022-01-10,-0.004688333378121933,-0.004688333378121933,3.8018723423639713
2022-01-11,0.004377773883841828,0.004377773883841828,3.8018723423639713
2022-01-12,-0.0051608715219314295,-0.0051608715219314295,3.8018723423639713
2022-01-13,-0.01162112054515922,-0.01162112054515922,3.8018723423639713
2022-01-14,0.011629332321173656,0.011629332321173656,3.8018723423639713
2022-01-18,0.0029471767532697523,0.0029471767532697523,3.8018723423639713
2022-01-19,-0.013719670706201085,-0.013719670706201085,3.8018723423639713
2022-01-20,-0.009417863364827311,-0.009417863364827311,3.8018723423639713
2022-01-21,-0.014356257613189583,-0.014356257613189583,3.8018723423639713
2022-01-24,0.006333040939816156,0.006333040939816156,3.8018723423639713
2022-01-25,-0.0028384899877891903,-0.0028384899877891903,3.8018723423639713
2022-01-26,0.013747991046176,0.013747991046176,3.8018723423639713
2022-01-27,0.005982940793849572,0.005982940793849572,3.8018723423639713
2022-01-28,0.012889951377971156,0.012889951377971156,3.8018723423639713
2022-01-31,0.004085305288446433,0.004085305288446433,3.8018723423639713
2022-02-01,-0.0013977252051454118,-0.0017012428988455591,3.6203772662337874
2022-02-02,0.0013923816616074275,0.0013923816616074275,3.6203772662337874
2022-02-03,-0.004278327947486944,-0.004278327947486944,3.6203772662337874
2022-02-04,0.005935446559879278,0.005935446559879278,3.6203772662337874
2022-02-07,-0.0023087914830554517,-0.0023087914830554517,3.6203772662337874
2022-02-08,0.0018026648170175019,0.0018026648170175019,3.6203772662337874
2022-02-09,0.003300953196337157,0.003300953196337157,3.6203772662337874
2022-02-10,0.003768301685246807,0.003768301685246807,3.6203772662337874
2022-02-11,-0.01157132032165896,-0.01157132032165896,3.6203772662337874
2022-02-14,0.005798355765158973,0.005798355765158973,3.6203772662337874
2022-02-15,0.005014594914882666,0.005014594914882666,3.6203772662337874
2022-02-16,-0.004540889571225873,-0.004540889571225873,3.6203772662337874
2022-02-17,-0.010062621263800614,-0.010062621263800614,3.6203772662337874
2022-02-18,-0.0009355857648385296,-0.0009355857648385296,3.6203772662337874
2022-02-22,0.0010571613660422805,0.0010571613660422805,3.6203772662337874
2022-02-23,0.0038536102403393642,0.0038536102403393642,3.6203772662337874
2022-02-24,0.007752794464381784,0.007752794464381784,3.6203772662337874
2022-02-25,-0.00023361417053793148,-0.00023361417053793148,3.6203772662337874
2022-02-28,-0.008779231447985423,-0.008779231447985423,3.6203772662337874
2022-03-01,0.013261983262943755,0.012570620488355519,3.413911684486334
2022-03-02,0.010142192162607632,0.010142192162607632,3.413911684486334
2022-03-03,0.007664683894158009,0.007664683894158009,3.413911684486334
2022-03-04,0.01218152335136579,0.01218152335136579,3.413911684486334
2022-03-07,0.022053722057786124,0.022053722057786124,3.413911684486334
2022-03-08,0.009123720076044594,0.009123720076044594,3.413911684486334
2022-03-09,-0.030617905846115845,-0.030617905846115845,3.413911684486334
2022-03-10,0.010916702654949697,0.010916702654949697,3.413911684486334
2022-03-11,0.015340734436853567,0.015340734436853567,3.413911684486334
2022-03-14,0.00782386090015046,0.00782386090015046,3.413911684486334
2022-03-15,-0.009145154501272653,-0.009145154501272653,3.413911684486334
2022-03-16,-0.029074925781984576,-0.029074925781984576,3.413911684486334
2022-03-17,0.008461124996886702,0.008461124996886702,3.413911684486334
2022-03-18,-0.0020951152678847173,-0.0020951152678847173,3.413911684486334
2022-03-21,0.019994785967964404,0.019994785967964404,3.413911684486334
2022-03-22,-0.003538281959533755,-0.003538281959533755,3.413911684486334
2022-03-23,0.011524307793321057,0.011524307793321057,3.413911684486334
2022-03-24,0.000980816169336877,0.000980816169336877,3.413911684486334
2022-03-25,0.005722778133290124,0.005722778133290124,3.413911684486334
2022-03-28,5.2832745871948025e-05,5.2832745871948025e-05,3.413911684486334
2022-03-29,-0.014602359943598691,-0.014602359943598691,3.413911684486334
2022-03-30,0.0032386131869447804,0.0032386131869447804,3.413911684486334
2022-03-31,0.0018439821621519495,0.0018439821621519495,3.413911684486334
2022-04-01,-0.0017986342944478245,-0.002226912432596583,2.8964858414798655
2022-04-04,0.0010483010040237277,0.0010483010040237277,2.8964858414798655
2022-04-05,0.017698767188376815,0.017698767188376815,2.8964858414798655
2022-04-06,0.007660472181100235,0.007660472181100235,2.8964858414798655
2022-04-07,0.00807006281160001,0.00807006281160001,2.8964858414798655
2022-04-08,0.008031640127983668,0.008031640127983668,2.8964858414798655
2022-04-11,0.01166991859499533,0.01166991859499533,2.8964858414798655
2022-04-12,0.0026113144424916765,0.0026113144424916765,2.8964858414798655
2022-04-13,-0.005971814516293544,-0.005971814516293544,2.8964858414798655
2022-04-14,0.011410647746398292,0.011410647746398292,2.8964858414798655
2022-04-18,0.014555364152775106,0.014555364152775106,2.8964858414798655
2022-04-19,0.00272870839921878,0.00272870839921878,2.8964858414798655
2022-04-20,-0.015526913470925588,-0.015526913470925588,2.8964858414798655
2022-04-21,0.01488819949710991,0.01488819949710991,2.8964858414798655
2022-04-22,0.007962176845839808,0.007962176845839808,2.8964858414798655
2022-04-25,-0.0022577654267284864,-0.0022577654267284864,2.8964858414798655
2022-04-26,0.008293172850089767,0.008293172850089767,2.8964858414798655
2022-04-27,0.010539918811415422,0.010539918811415422,2.8964858414798655
2022-04-28,0.009491661017268596,0.009491661017268596,2.8964858414798655
2022-04-29,-0.004880096600547281,-0.004880096600547281,2.8964858414798655
2022-05-02,0.0027441513347460397,0.0025177571808526066,2.808765809495553
2022-05-03,-0.007093071291313889,-0.007093071291313889,2.808765809495553
2022-05-04,-0.01871766528896575,-0.01871766528896575,2.808765809495553
2022-05-05,0.03660329241367105,0.03660329241367105,2.808765809495553
2022-05-06,0.007404700320467451,0.007404700320467451,2.808765809495553
2022-05-09,0.006968435184484147,0.006968435184484147,2.808765809495553
2022-05-10,-0.003170322664498967,-0.003170322664498967,2.808765809495553
2022-05-11,0.011155087809034831,0.011155087809034831,2.808765809495553
2022-05-12,0.0015173463165550727,0.0015173463165550727,2.808765809495553
2022-05-13,-0.010063749074792927,-0.010063749074792927,2.808765809495553
2022-05-16,0.0016581937383003196,0.0016581937383003196,2.808765809495553
2022-05-17,-0.012477331985057348,-0.012477331985057348,2.808765809495553
2022-05-18,0.010498967251675605,0.010498967251675605,2.808765809495553
2022-05-19,-0.014647391219763687,-0.014647391219763687,2.808765809495553
2022-05-20,-0.001251361861176857,-0.001251361861176857,2.808765809495553
2022-05-23,-0.006116364813553376,-0.006116364813553376,2.808765809495553
2022-05-24,-0.0026507954265820527,-0.0026507954265820527,2.808765809495553
2022-05-25,-0.004116643791282495,-0.004116643791282495,2.808765809495553
2022-05-26,-0.008405529688748761,-0.008405529688748761,2.808765809495553
2022-05-27,-0.011002555119194271,-0.011002555119194271,2.808765809495553
2022-05-31,0.003649423335784453,0.003649423335784453,2.808765809495553
2022-06-01,0.011162709702108852,0.010763646897488623,2.615580154527691
2022-06-02,-0.01779006515598027,-0.01779006515598027,2.615580154527691
2022-06-03,0.014152806618571963,0.014152806618571963,2.615580154527691
2022-06-06,0.007312461872643893,0.007312461872643893,2.615580154527691
2022-06-07,-0.008192518253778713,-0.008192518253778713,2.615580154527691
2022-06-08,0.011081196898753915,0.011081196898753915,2.615580154527691
2022-06-09,0.01990397241789793,0.01990397241789793,2.615580154527691
2022-06-10,0.016550324532955657,0.016550324532955657,2.615580154527691
2022-06-13,0.044258050460286136,0.044258050460286136,2.615580154527691
2022-06-14,0.006375281376746598,0.006375281376746598,2.615580154527691
2022-06-15,-0.029106295170132922,-0.029106295170132922,2.615580154527691
2022-06-16,0.0010734238182852135,0.0010734238182852135,2.615580154527691
2022-06-17,0.006614103722031441,0.006614103722031441,2.615580154527691
2022-06-21,-0.0025306975752060652,-0.0025306975752060652,2.615580154527691
2022-06-22,-0.009575416575053695,-0.009575416575053695,2.615580154527691
2022-06-23,-0.012556960076182237,-0.012556960076182237,2.615580154527691
2022-06-24,-0.011639920222539245,-0.011639920222539245,2.615580154527691
2022-06-27,0.00725620964027915,0.00725620964027915,2.615580154527691
2022-06-28,0.012799337366695133,0.012799337366695133,2.615580154527691
2022-06-29,0.0016166400010240234,0.0016166400010240234,2.615580154527691
2022-06-30,-0.009933186240129012,-0.009933186240129012,2.615580154527691
2022-07-01,-0.0059143348753840684,-0.006241063228461649,2.448763089935227
2022-07-05,0.009957663122462875,0.009957663122462875,2.448763089935227
2022-07-06,0.007122590380566338,0.007122590380566338,2.448763089935227
2022-07-07,-0.006556722923198599,-0.006556722923198599,2.448763089935227
2022-07-08,0.003945281775219669,0.003945281775219669,2.448763089935227
2022-07-11,0.01986831874233507,0.01986831874233507,2.448763089935227
2022-07-12,-0.005450821775221898,-0.005450821775221898,2.448763089935227
2022-07-13,-0.0012460639822264624,-0.0012460639822264624,2.448763089935227
2022-07-14,0.016174090212082808,0.016174090212082808,2.448763089935227
2022-07-15,-0.014371918435678657,-0.014371918435678657,2.448763089935227
2022-07-18,-0.000275123637454054,-0.000275123637454054,2.448763089935227
2022-07-19,-0.01786042920253472,-0.01786042920253472,2.448763089935227
2022-07-20,0.0021922712050740432,0.0021922712050740432,2.448763089935227
2022-07-21,-0.01583123201070158,-0.01583123201070158,2.448763089935227
2022-07-22,-0.004746117813911545,-0.004746117813911545,2.448763089935227
2022-07-25,0.002379798406010215,0.002379798406010215,2.448763089935227
2022-07-26,0.009612372714338834,0.009612372714338834,2.448763089935227
2022-07-27,-0.0216946611406157,-0.0216946611406157,2.448763089935227
2022-07-28,-0.013887897636468211,-0.013887897636468211,2.448763089935227
2022-07-29,-0.009954250734788752,-0.009954250734788752,2.448763089935227
2022-08-01,-0.010731994140355066,-0.010882529136395817,2.4619920204420436
2022-08-02,0.021783691467489194,0.021783691467489194,2.4619920204420436
2022-08-03,-0.00947513893672139,-0.00947513893672139,2.4619920204420436
2022-08-04,-0.010844481173587012,-0.010844481173587012,2.4619920204420436
2022-08-05,0.020598599718467007,0.020598599718467007,2.4619920204420436
2022-08-08,-0.01028502691173347,-0.01028502691173347,2.4619920204420436
2022-08-09,0.005669406200362105,0.005669406200362105,2.4619920204420436
2022-08-10,-0.021880133606669513,-0.021880133606669513,2.4619920204420436
2022-08-11,0.009255200357908265,0.009255200357908265,2.4619920204420436
2022-08-12,-0.011535342415584819,-0.011535342415584819,2.4619920204420436
2022-08-15,0.010670819042807981,0.010670819042807981,2.4619920204420436
2022-08-16,-0.0004139790991603586,-0.0004139790991603586,2.4619920204420436
2022-08-17,0.0158233642277753,0.0158233642277753,2.4619920204420436
2022-08-18,0.006457344871019518,0.006457344871019518,2.4619920204420436
2022-08-19,0.02327303662674449,0.02327303662674449,2.4619920204420436
2022-08-22,0.019038334198729162,0.019038334198729162,2.4619920204420436
2022-08-23,-0.0043815574683533694,-0.0043815574683533694,2.4619920204420436
2022-08-24,0.002689417821844033,0.002689417821844033,2.4619920204420436
2022-08-25,-0.02006380570241966,-0.02006380570241966,2.4619920204420436
2022-08-26,0.026024437563266948,0.026024437563266948,2.4619920204420436
2022-08-29,0.010161128270066199,0.010161128270066199,2.4619920204420436
2022-08-30,0.009028477631483834,0.009028477631483834,2.4619920204420436
2022-08-31,0.00960459236700504,0.00960459236700504,2.4619920204420436
2022-09-01,0.018650650675284177,0.0185961129726012,2.5380738221066625
2022-09-02,0.0023604670837236823,0.0023604670837236823,2.5380738221066625
2022-09-06,0.01620539350612878,0.01620539350612878,2.5380738221066625
2022-09-07,-0.02144149141272976,-0.02144149141272976,2.5380738221066625
2022-09-08,0.0041827902582432215,0.0041827902582432215,2.5380738221066625
2022-09-09,-0.019231147082489772,-0.019231147082489772,2.5380738221066625
2022-09-12,-0.012273785682595585,-0.012273785682595585,2.5380738221066625
2022-09-13,0.04183487664448778,0.04183487664448778,2.5380738221066625
2022-09-14,-0.005805000397191713,-0.005805000397191713,2.5380738221066625
2022-09-15,0.012180607426879379,0.012180607426879379,2.5380738221066625
2022-09-16,0.0030604754467043085,0.0030604754467043085,2.5380738221066625
2022-09-19,-0.0020451066631150057,-0.0020451066631150057,2.5380738221066625
2022-09-20,0.018783146076484528,0.018783146076484528,2.5380738221066625
2022-09-21,0.01153167468664653,0.01153167468664653,2.5380738221066625
2022-09-22,0.009982750326663398,0.009982750326663398,2.5380738221066625
2022-09-23,0.03436962998179676,0.03436962998179676,2.5380738221066625
2022-09-26,0.0312745590348274,0.0312745590348274,2.5380738221066625
2022-09-27,0.011094581046749543,0.011094581046749543,2.5380738221066625
2022-09-28,-0.04071905440182217,-0.04071905440182217,2.5380738221066625
2022-09-29,0.011870389111678795,0.011870389111678795,2.5380738221066625
2022-09-30,0.009404453419540052,0.009404453419540052,2.5380738221066625
2022-10-03,-0.036064524287491115,-0.036164619329774404,2.3584057378545946
2022-10-04,-0.033900504274306326,-0.033900504274306326,2.3584057378545946
2022-10-05,0.01813566374622498,0.01813566374622498,2.3584057378545946
2022-10-06,0.01866392532521477,0.01866392532521477,2.3584057378545946
2022-10-07,0.02356309106702352,0.02356309106702352,2.3584057378545946
2022-10-10,0.015693928891243988,0.015693928891243988,2.3584057378545946
2022-10-11,0.00982598897060761,0.00982598897060761,2.3584057378545946
2022-10-12,-0.0022465988782579514,-0.0022465988782579514,2.3584057378545946
2022-10-13,-0.011748871585832028,-0.011748871585832028,2.3584057378545946
2022-10-14,0.023625543576894167,0.023625543576894167,2.3584057378545946
2022-10-17,-0.02612014815095135,-0.02612014815095135,2.3584057378545946
2022-10-18,-0.00629145722433088,-0.00629145722433088,2.3584057378545946
2022-10-19,0.02007643941506547,0.02007643941506547,2.3584057378545946
2022-10-20,0.0042729744825581875,0.0042729744825581875,2.3584057378545946
2022-10-21,-0.025799433189379828,-0.025799433189379828,2.3584057378545946
2022-10-24,0.01237184946002473,0.01237184946002473,2.3584057378545946
2022-10-25,-0.026653842564148458,-0.026653842564148458,2.3584057378545946
2022-10-26,-0.018348286329871594,-0.018348286329871594,2.3584057378545946
2022-10-27,0.0038676936737152864,0.0038676936737152864,2.3584057378545946
2022-10-28,0.0008248928870312203,0.0008248928870312203,2.3584057378545946
2022-10-31,0.018687455718044796,0.018687455718044796,2.3584057378545946
2022-11-01,-0.011057801078595582,-0.011122114671666815,2.293634443172637
2022-11-02,0.01796697221362785,0.01796697221362785,2.293634443172637
2022-11-03,0.011364630242425598,0.011364630242425598,2.293634443172637
2022-11-04,-0.03903845675932986,-0.03903845675932986,2.293634443172637
2022-11-07,-0.0001488119563669697,-0.0001488119563669697,2.293634443172637
2022-11-08,-0.02002820617242324,-0.02002820617242324,2.293634443172637
2022-11-09,0.017338681335588704,0.017338681335588704,2.293634443172637
2022-11-10,-0.07174205595213821,-0.07174205595213821,2.293634443172637
2022-11-11,-0.02273724760901612,-0.02273724760901612,2.293634443172637
2022-11-14,0.007796342398228406,0.007796342398228406,2.293634443172637
2022-11-15,-0.015036243438782178,-0.015036243438782178,2.293634443172637
2022-11-16,0.00042022984503390927,0.00042022984503390927,2.293634443172637
2022-11-17,0.008616888506534122,0.008616888506534122,2.293634443172637
2022-11-18,0.004188520457082721,0.004188520457082721,2.293634443172637
2022-11-21,0.013330638549133545,0.013330638549133545,2.293634443172637
2022-11-22,-0.014633620969446275,-0.014633620969446275,2.293634443172637
2022-11-23,-0.020615096797672244,-0.020615096797672244,2.293634443172637
2022-11-25,-0.0014899735642588967,-0.0014899735642588967,2.293634443172637
2022-11-28,0.014910571556087647,0.014910571556087647,2.293634443172637
2022-11-29,-0.0013989652303301521,-0.0013989652303301521,2.293634443172637
2022-11-30,-0.03280623319884367,-0.03280623319884367,2.293634443172637
2022-12-01,-0.019810571735652,-0.01995966651582127,2.146377969102701
2022-12-02,-0.0090310969334721,-0.0090310969334721,2.146377969102701
2022-12-05,0.02066824413055308,0.02066824413055308,2.146377969102701
2022-12-06,-0.0014648509122889828,-0.0014648509122889828,2.146377969102701
2022-12-07,-0.009036946914279623,-0.009036946914279623,2.146377969102701
2022-12-08,-0.005221341936577431,-0.005221341936577431,2.146377969102701
2022-12-09,0.008421480991916377,0.008421480991916377,2.146377969102701
2022-12-12,0.003672189337557433,0.003672189337557433,2.146377969102701
2022-12-13,-0.015281311771495432,-0.015281311771495432,2.146377969102701
2022-12-14,-0.0020217105694644378,-0.0020217105694644378,2.146377969102701
2022-12-15,0.025461435726141863,0.025461435726141863,2.146377969102701
2022-12-16,0.0021134548977577434,0.0021134548977577434,2.146377969102701
2022-12-19,0.006540600818944898,0.006540600818944898,2.146377969102701
2022-12-20,-0.008432357645249902,-0.008432357645249902,2.146377969102701
2022-12-21,-0.002549968294888297,-0.002549968294888297,2.146377969102701
2022-12-22,0.00853748245315762,0.00853748245315762,2.146377969102701
2022-12-23,0.0016214092282401183,0.0016214092282401183,2.146377969102701
2022-12-27,0.0013553641256911155,0.0013553641256911155,2.146377969102701
2022-12-28,0.010996173731879885,0.010996173731879885,2.146377969102701
2022-12-29,-0.020447930786074084,-0.020447930786074084,2.146377969102701
2022-12-30,0.004672706358167016,0.004672706358167016,2.146377969102701
2023-01-03,-0.0037073859875415287,-0.004018291381090372,2.2577324989850363
2023-01-04,-0.017903464950353252,-0.017903464950353252,2.2577324989850363
2023-01-05,0.010072875586435714,0.010072875586435714,2.2577324989850363
2023-01-06,-0.0318577757436138,-0.0318577757436138,2.2577324989850363
2023-01-09,-0.009846354348054805,-0.009846354348054805,2.2577324989850363
2023-01-10,0.00037163999785219985,0.00037163999785219985,2.2577324989850363
2023-01-11,-0.009537914126100635,-0.009537914126100635,2.2577324989850363
2023-01-12,-0.021112804034828365,-0.021112804034828365,2.2577324989850363
2023-01-13,-0.002748245437838566,-0.002748245437838566,2.2577324989850363
2023-01-17,0.0028652303227174893,0.0028652303227174893,2.2577324989850363
2023-01-18,-0.003131000367757324,-0.003131000367757324,2.2577324989850363
2023-01-19,-0.0010910581262272006,-0.0010910581262272006,2.2577324989850363
2023-01-20,-0.005484284723119108,-0.005484284723119108,2.2577324989850363
2023-01-23,-0.0013303324820936326,-0.0013303324820936326,2.2577324989850363
2023-01-24,-0.007070771879156765,-0.007070771879156765,2.2577324989850363
2023-01-25,-0.007676474021472216,-0.007676474021472216,2.2577324989850363
2023-01-26,-0.0034665127256219425,-0.0034665127256219425,2.2577324989850363
2023-01-27,0.001123082350557886,0.001123082350557886,2.2577324989850363
2023-01-30,0.010723224106836342,0.010723224106836342,2.2577324989850363
2023-01-31,-0.009456032882965386,-0.009456032882965386,2.2577324989850363
2023-02-01,-0.013939754950586851,-0.014122831669257414,2.374681729727202
2023-02-02,-0.0033147151159963403,-0.0033147151159963403,2.374681729727202
2023-02-03,0.021447973052668563,0.021447973052668563,2.374681729727202
2023-02-06,0.016388987172435233,0.016388987172435233,2.374681729727202
2023-02-07,-0.009351939157637656,-0.009351939157637656,2.374681729727202
2023-02-08,0.007249843209902668,0.007249843209902668,2.374681729727202
2023-02-09,0.0015118576436279518,0.0015118576436279518,2.374681729727202
2023-02-10,0.007012545990980162,0.007012545990980162,2.374681729727202
2023-02-13,-0.010928444619701749,-0.010928444619701749,2.374681729727202
2023-02-14,-0.0016861450984994083,-0.0016861450984994083,2.374681729727202
2023-02-15,0.011057949069095095,0.011057949069095095,2.374681729727202
2023-02-16,0.007251065734424083,0.007251065734424083,2.374681729727202
2023-02-17,-0.0014542992687508237,-0.0014542992687508237,2.374681729727202
2023-02-21,0.016474162162825184,0.016474162162825184,2.374681729727202
2023-02-22,0.0022281540443554967,0.0022281540443554967,2.374681729727202
2023-02-23,-0.006891371875621129,-0.006891371875621129,2.374681729727202
2023-02-24,0.021567800300884937,0.021567800300884937,2.374681729727202
2023-02-27,-0.011992452225655412,-0.011992452225655412,2.374681729727202
2023-02-28,0.0049839136894365066,0.0049839136894365066,2.374681729727202
2023-03-01,-0.007451453538750595,-0.007717168599582992,2.4977447671205186
2023-03-02,0.004445402457813522,0.004445402457813522,2.4977447671205186
2023-03-03,-0.025401399525180227,-0.025401399525180227,2.4977447671205186
2023-03-06,0.0088721867167367,0.0088721867167367,2.4977447671205186
2023-03-07,0.02901829838538804,0.02901829838538804,2.4977447671205186
2023-03-08,1.3655630937254378e-05,1.3655630937254378e-05,2.4977447671205186
2023-03-09,0.007833292860615062,0.007833292860615062,2.4977447671205186
2023-03-10,-0.011557996944506009,-0.011557996944506009,2.4977447671205186
2023-03-13,-0.01623526591832027,-0.01623526591832027,2.4977447671205186
2023-03-14,-0.0003259278565655898,-0.0003259278565655898,2.4977447671205186
2023-03-15,0.016600360517212497,0.016600360517212497,2.4977447671205186
2023-03-16,-0.009607709843006898,-0.009607709843006898,2.4977447671205186
2023-03-17,-0.004501313298971827,-0.004501313298971827,2.4977447671205186
2023-03-20,-0.010754555066703878,-0.010754555066703878,2.4977447671205186
2023-03-21,-0.00394145041054243,-0.00394145041054243,2.4977447671205186
2023-03-22,-0.009687489189265402,-0.009687489189265402,2.4977447671205186
2023-03-23,-0.006001489139970532,-0.006001489139970532,2.4977447671205186
2023-03-24,0.002435771807583555,0.002435771807583555,2.4977447671205186
2023-03-27,0.0007825046511133343,0.0007825046511133343,2.4977447671205186
2023-03-28,-0.009608815640690582,-0.009608815640690582,2.4977447671205186
2023-03-29,-0.003375679744956891,-0.003375679744956891,2.4977447671205186
2023-03-30,-0.014331429679293855,-0.014331429679293855,2.4977447671205186
2023-03-31,-0.00923637952447356,-0.00923637952447356,2.4977447671205186
2023-04-03,-0.01315893939718287,-0.013227358680176654,2.5079374360019515
2023-04-04,-0.003693261456792017,-0.003693261456792017,2.5079374360019515
2023-04-05,0.004601597695238276,0.004601597695238276,2.5079374360019515
2023-04-06,-0.0018081856141567742,-0.0018081856141567742,2.5079374360019515
2023-04-10,0.00892718534809614,0.00892718534809614,2.5079374360019515
2023-04-11,-0.0070374623915069115,-0.0070374623915069115,2.5079374360019515
2023-04-12,-0.0038981921992904244,-0.0038981921992904244,2.5079374360019515
2023-04-13,-0.017321679344217057,-0.017321679344217057,2.5079374360019515
2023-04-14,0.013706039347669098,0.013706039347669098,2.5079374360019515
2023-04-17,0.002995343631379761,0.002995343631379761,2.5079374360019515
2023-04-18,-0.007690472473388232,-0.007690472473388232,2.5079374360019515
2023-04-19,0.010112971578829686,0.010112971578829686,2.5079374360019515
2023-04-20,-0.00021939741386207682,-0.00021939741386207682,2.5079374360019515
2023-04-21,0.00446210846287383,0.00446210846287383,2.5079374360019515
2023-04-24,-0.0064381043833920655,-0.0064381043833920655,2.5079374360019515
2023-04-25,0.013611346219418253,0.013611346219418253,2.5079374360019515
2023-04-26,0.0038286443265700652,0.0038286443265700652,2.5079374360019515
2023-04-27,-0.009037535769786614,-0.009037535769786614,2.5079374360019515
2023-04-28,-0.007450237432532463,-0.007450237432532463,2.5079374360019515
2023-05-01,0.012565341970309727,0.011820798426801673,2.7029625281682246
2023-05-02,0.0015458848118180366,0.0015458848118180366,2.7029625281682246
2023-05-03,0.0011070842944059908,0.0011070842944059908,2.7029625281682246
2023-05-04,-0.001898807383408824,-0.001898807383408824,2.7029625281682246
2023-05-05,-0.010574676986828749,-0.010574676986828749,2.7029625281682246
2023-05-08,0.0014749786710850001,0.0014749786710850001,2.7029625281682246
2023-05-09,0.0029593022321551935,0.0029593022321551935,2.7029625281682246
2023-05-10,-0.006389454460028765,-0.006389454460028765,2.7029625281682246
2023-05-11,0.0012296103803421353,0.0012296103803421353,2.7029625281682246
2023-05-12,0.008830140802334461,0.008830140802334461,2.7029625281682246
2023-05-15,-0.007275763277823058,-0.007275763277823058,2.7029625281682246
2023-05-16,0.005021410023044928,0.005021410023044928,2.7029625281682246
2023-05-17,-0.002369825110124125,-0.002369825110124125,2.7029625281682246
2023-05-18,0.00319589273862676,0.00319589273862676,2.7029625281682246
2023-05-19,0.004070519637604133,0.004070519637604133,2.7029625281682246
2023-05-22,0.0011958112107723954,0.0011958112107723954,2.7029625281682246
2023-05-23,0.0009953952341049135,0.0009953952341049135,2.7029625281682246
2023-05-24,0.003346448354147281,0.003346448354147281,2.7029625281682246
2023-05-25,0.006569570407340845,0.006569570407340845,2.7029625281682246
2023-05-26,-0.007391883623611528,-0.007391883623611528,2.7029625281682246
2023-05-30,-0.0024561936770497485,-0.0024561936770497485,2.7029625281682246
2023-05-31,-0.0015096934836210086,-0.0015096934836210086,2.7029625281682246
2023-06-01,-0.019167625759033663,-0.0197871023946935,2.856599892382239
2023-06-02,-0.009254915005706596,-0.009254915005706596,2.856599892382239
2023-06-05,0.00274858803606027,0.00274858803606027,2.856599892382239
2023-06-06,-0.011005243468961094,-0.011005243468961094,2.856599892382239
2023-06-07,0.0051324386941241674,0.0051324386941241674,2.856599892382239
2023-06-08,-0.01270141750186973,-0.01270141750186973,2.856599892382239
2023-06-09,0.0020326769398653355,0.0020326769398653355,2.856599892382239
2023-06-12,0.0014741255146748264,0.0014741255146748264,2.856599892382239
2023-06-13,-0.008683307935957112,-0.008683307935957112,2.856599892382239
2023-06-14,-0.005777004210657259,-0.005777004210657259,2.856599892382239
2023-06-15,-0.022903148535606644,-0.022903148535606644,2.856599892382239
2023-06-16,0.0031712432319197523,0.0031712432319197523,2.856599892382239
2023-06-20,0.007992010931609901,0.007992010931609901,2.856599892382239
2023-06-21,-0.009385757328745241,-0.009385757328745241,2.856599892382239
2023-06-22,0.012013572827636161,0.012013572827636161,2.856599892382239
2023-06-23,0.012912391259163575,0.012912391259163575,2.856599892382239
2023-06-26,-0.002596182980426719,-0.002596182980426719,2.856599892382239
2023-06-27,-0.0017606009619971696,-0.0017606009619971696,2.856599892382239
2023-06-28,0.006536654009338048,0.006536654009338048,2.856599892382239
2023-06-29,0.008563445887531978,0.008563445887531978,2.856599892382239
2023-06-30,-0.013065495637023486,-0.013065495637023486,2.856599892382239
2023-07-03,6.177496803569211e-05,-0.0008542098059635803,2.966221720349008
2023-07-05,0.0008346591055049386,0.0008346591055049386,2.966221720349008
2023-07-06,0.0027007871285123506,0.0027007871285123506,2.966221720349008
2023-07-07,0.0007065630150005118,0.0007065630150005118,2.966221720349008
2023-07-10,-0.0009474283781054347,-0.0009474283781054347,2.966221720349008
2023-07-11,-0.0014982201990616484,-0.0014982201990616484,2.966221720349008
2023-07-12,-0.0013898745194018836,-0.0013898745194018836,2.966221720349008
2023-07-13,-0.0008306128538563941,-0.0008306128538563941,2.966221720349008
2023-07-14,0.0058762948138890376,0.0058762948138890376,2.966221720349008
2023-07-17,0.002457079259185046,0.002457079259185046,2.966221720349008
2023-07-18,0.004001516263043562,0.004001516263043562,2.966221720349008
2023-07-19,-0.002799271616870451,-0.002799271616870451,2.966221720349008
2023-07-20,-0.0044803332984006666,-0.0044803332984006666,2.966221720349008
2023-07-21,0.0024489578855573443,0.0024489578855573443,2.966221720349008
2023-07-24,-0.009441631099606466,-0.009441631099606466,2.966221720349008
2023-07-25,-0.00022828437498955155,-0.00022828437498955155,2.966221720349008
2023-07-26,0.0023235645565184643,0.0023235645565184643,2.966221720349008
2023-07-27,0.003058199820265779,0.003058199820265779,2.966221720349008
2023-07-28,0.003141430135471611,0.003141430135471611,2.966221720349008
2023-07-31,-0.0036182764078221737,-0.0036182764078221737,2.966221720349008
2023-08-01,0.0052287349342452286,0.004952978511931654,3.0342156547618044
2023-08-02,-0.007609850347121226,-0.007609850347121226,3.0342156547618044
2023-08-03,-0.0012607410559593902,-0.0012607410559593902,3.0342156547618044
2023-08-04,-0.006637111423174289,-0.006637111423174289,3.0342156547618044
2023-08-07,0.005143122125718971,0.005143122125718971,3.0342156547618044
2023-08-08,-0.009061545373740413,-0.009061545373740413,3.0342156547618044
2023-08-09,-0.0059252727333161965,-0.0059252727333161965,3.0342156547618044
2023-08-10,0.011256608359493903,0.011256608359493903,3.0342156547618044
2023-08-11,0.001439844406017941,0.001439844406017941,3.0342156547618044
2023-08-14,0.0008246427054649007,0.0008246427054649007,3.0342156547618044
2023-08-15,-0.0029465716094210182,-0.0029465716094210182,3.0342156547618044
2023-08-16,0.0017892259638948292,0.0017892259638948292,3.0342156547618044
2023-08-17,-0.004786075012035142,-0.004786075012035142,3.0342156547618044
2023-08-18,-0.001256623053557887,-0.001256623053557887,3.0342156547618044
2023-08-21,0.010802661156658592,0.010802661156658592,3.0342156547618044
2023-08-22,-0.004629893543906023,-0.004629893543906023,3.0342156547618044
2023-08-23,-0.00023870604346961044,-0.00023870604346961044,3.0342156547618044
2023-08-24,-0.005763259892321517,-0.005763259892321517,3.0342156547618044
2023-08-25,0.004311970115622427,0.004311970115622427,3.0342156547618044
2023-08-28,0.007368252610968918,0.007368252610968918,3.0342156547618044
2023-08-29,0.0032226288499915276,0.0032226288499915276,3.0342156547618044
2023-08-30,0.0020436947519365868,0.0020436947519365868,3.0342156547618044
2023-08-31,-0.0080114092894821,-0.0080114092894821,3.0342156547618044
2023-09-01,0.0006058138765723962,0.000331954464321374,3.222824996179709
2023-09-05,0.008381280365114771,0.008381280365114771,3.222824996179709
2023-09-06,-0.0018675279979414976,-0.0018675279979414976,3.222824996179709
2023-09-07,-0.0030650215230667013,-0.0030650215230667013,3.222824996179709
2023-09-08,-0.0013892215489880709,-0.0013892215489880709,3.222824996179709
2023-09-11,0.0033806641838901737,0.0033806641838901737,3.222824996179709
2023-09-12,-0.006305047100058407,-0.006305047100058407,3.222824996179709
2023-09-13,-0.00012236749279663647,-0.00012236749279663647,3.222824996179709
2023-09-14,0.001153029261768159,0.001153029261768159,3.222824996179709
2023-09-15,0.005095253535956276,0.005095253535956276,3.222824996179709
2023-09-18,-0.0026574899401221167,-0.0026574899401221167,3.222824996179709
2023-09-19,0.003174261043032812,0.003174261043032812,3.222824996179709
2023-09-20,-0.00041082455572864557,-0.00041082455572864557,3.222824996179709
2023-09-21,1.6627231860510678e-06,1.6627231860510678e-06,3.222824996179709
2023-09-22,-0.007875246715540943,-0.007875246715540943,3.222824996179709
2023-09-25,0.004549255812054287,0.004549255812054287,3.222824996179709
2023-09-26,-0.004089347429021222,-0.004089347429021222,3.222824996179709
2023-09-27,-0.002690856133247844,-0.002690856133247844,3.222824996179709
2023-09-28,-0.0009131190200659176,-0.0009131190200659176,3.222824996179709
2023-09-29,-0.005583930776836821,-0.005583930776836821,3.222824996179709
2023-10-02,-0.0038660877994759818,-0.00429632633079644,3.418862067833295
2023-10-03,-0.004527293060395852,-0.004527293060395852,3.418862067833295
2023-10-04,-0.007447244342438962,-0.007447244342438962,3.418862067833295
2023-10-05,-0.0009566145996838529,-0.0009566145996838529,3.418862067833295
2023-10-06,0.0186048618595013,0.0186048618595013,3.418862067833295
2023-10-09,-0.008132225602773602,-0.008132225602773602,3.418862067833295
2023-10-10,0.007281175960336715,0.007281175960336715,3.418862067833295
2023-10-11,-0.0017284043309195103,-0.0017284043309195103,3.418862067833295
2023-10-12,0.004604821520791371,0.004604821520791371,3.418862067833295
2023-10-13,-0.002709294500720521,-0.002709294500720521,3.418862067833295
2023-10-16,0.01198893161731133,0.01198893161731133,3.418862067833295
2023-10-17,0.01105669975975338,0.01105669975975338,3.418862067833295
2023-10-18,-0.004675876500051347,-0.004675876500051347,3.418862067833295
2023-10-19,0.0054426782177402315,0.0054426782177402315,3.418862067833295
2023-10-20,-0.010720464773840909,-0.010720464773840909,3.418862067833295
2023-10-23,-0.006950049617263492,-0.006950049617263492,3.418862067833295
2023-10-24,-0.002798150909972823,-0.002798150909972823,3.418862067833295
2023-10-25,0.0013920971192117005,0.0013920971192117005,3.418862067833295
2023-10-26,-0.016376316792472277,-0.016376316792472277,3.418862067833295
2023-10-27,0.0037366542378956037,0.0037366542378956037,3.418862067833295
2023-10-30,0.008315660650682908,0.008315660650682908,3.418862067833295
2023-10-31,0.005406402166495827,0.005406402166495827,3.418862067833295
2023-11-01,-0.004904302487251004,-0.0052661927832745505,3.3561651654540454
2023-11-02,0.003152230631475683,0.003152230631475683,3.3561651654540454
2023-11-03,0.005328819009327639,0.005328819009327639,3.3561651654540454
2023-11-06,0.0054373270400609585,0.0054373270400609585,3.3561651654540454
2023-11-07,-0.004510171826055638,-0.004510171826055638,3.3561651654540454
2023-11-08,-0.0023748585217654725,-0.0023748585217654725,3.3561651654540454
2023-11-09,0.008402999460367934,0.008402999460367934,3.3561651654540454
2023-11-10,0.00045503136953851497,0.00045503136953851497,3.3561651654540454
2023-11-13,0.0023417219233247437,0.0023417219233247437,3.3561651654540454
2023-11-14,0.0052868910618042554,0.0052868910618042554,3.3561651654540454
2023-11-15,0.007358723561708825,0.007358723561708825,3.3561651654540454
2023-11-16,0.0002073773123890453,0.0002073773123890453,3.3561651654540454
2023-11-17,0.000426057054291208,0.000426057054291208,3.3561651654540454
2023-11-20,-0.001338385493133025,-0.001338385493133025,3.3561651654540454
2023-11-21,0.0001271031186039081,0.0001271031186039081,3.3561651654540454
2023-11-22,0.0010799292745768952,0.0010799292745768952,3.3561651654540454
2023-11-24,0.006868719157668955,0.006868719157668955,3.3561651654540454
2023-11-27,-0.006276740747101455,-0.006276740747101455,3.3561651654540454
2023-11-28,0.0016013498506544789,0.0016013498506544789,3.3561651654540454
2023-11-29,-0.005221922808635602,-0.005221922808635602,3.3561651654540454
2023-11-30,0.006141435636129801,0.006141435636129801,3.3561651654540454
2023-12-01,-0.0055918640940348105,-0.0057301831108169205,3.2488608473807883
2023-12-04,-0.003707307706780168,-0.003707307706780168,3.2488608473807883
2023-12-05,-0.004479280001609263,-0.004479280001609263,3.2488608473807883
2023-12-06,-0.002068988586342203,-0.002068988586342203,3.2488608473807883
2023-12-07,-9.466884404746425e-05,-9.466884404746425e-05,3.2488608473807883
2023-12-08,0.0023049999182590424,0.0023049999182590424,3.2488608473807883
2023-12-11,0.00408564270088205,0.00408564270088205,3.2488608473807883
2023-12-12,0.00423873715995802,0.00423873715995802,3.2488608473807883
2023-12-13,-0.008545447617304632,-0.008545447617304632,3.2488608473807883
2023-12-14,-0.008048591335050459,-0.008048591335050459,3.2488608473807883
2023-12-15,-0.011283600164906852,-0.011283600164906852,3.2488608473807883
2023-12-18,0.00634809851755839,0.00634809851755839,3.2488608473807883
2023-12-19,0.0019235787012146942,0.0019235787012146942,3.2488608473807883
2023-12-20,-0.00874635789197701,-0.00874635789197701,3.2488608473807883
2023-12-21,0.0025504430948401465,0.0025504430948401465,3.2488608473807883
2023-12-22,0.0024316826856853133,0.0024316826856853133,3.2488608473807883
2023-12-26,0.001525955163826738,0.001525955163826738,3.2488608473807883
2023-12-27,-0.0030803666696730455,-0.0030803666696730455,3.2488608473807883
2023-12-28,0.00022109139343203866,0.00022109139343203866,3.2488608473807883
2023-12-29,0.00022306190428834964,0.00022306190428834964,3.2488608473807883
2024-01-02,-0.005932086600609851,-0.006435545660071739,3.235268470774624
2024-01-03,-0.010994114445840874,-0.010994114445840874,3.235268470774624
2024-01-04,0.0050119360122145365,0.0050119360122145365,3.235268470774624
2024-01-05,0.0011760847639763648,0.0011760847639763648,3.235268470774624
2024-01-08,0.011769017173932528,0.011769017173932528,3.235268470774624
2024-01-09,-0.005326451469464137,-0.005326451469464137,3.235268470774624
2024-01-10,0.008900317341451133,0.008900317341451133,3.235268470774624
2024-01-11,-0.0016827236255109478,-0.0016827236255109478,3.235268470774624
2024-01-12,-0.0018579760544483676,-0.0018579760544483676,3.235268470774624
2024-01-16,-0.0005956205221678205,-0.0005956205221678205,3.235268470774624
2024-01-17,-0.0030612598423948416,-0.0030612598423948416,3.235268470774624
2024-01-18,0.010256744068785918,0.010256744068785918,3.235268470774624
2024-01-19,0.008305014909722339,0.008305014909722339,3.235268470774624
2024-01-22,0.0090421133403732,0.0090421133403732,3.235268470774624
2024-01-23,-0.005818780273714707,-0.005818780273714707,3.235268470774624
2024-01-24,0.0018900695379815283,0.0018900695379815283,3.235268470774624
2024-01-25,-0.0015655222160751493,-0.0015655222160751493,3.235268470774624
2024-01-26,0.0005311521597071693,0.0005311521597071693,3.235268470774624
2024-01-29,0.004341199557130517,0.004341199557130517,3.235268470774624
2024-01-30,-0.0011300987226471751,-0.0011300987226471751,3.235268470774624
2024-01-31,-0.009821160505776496,-0.009821160505776496,3.235268470774624
2024-02-01,-0.0004970709314094878,-0.0014024778590147147,3.3841275757495652
2024-02-02,0.020184132610062248,0.020184132610062248,3.3841275757495652
2024-02-05,0.010136574088694235,0.010136574088694235,3.3841275757495652
2024-02-06,-0.012976951141894205,-0.012976951141894205,3.3841275757495652
2024-02-07,0.008297658317521843,0.008297658317521843,3.3841275757495652
2024-02-08,0.007059889547197651,0.007059889547197651,3.3841275757495652
2024-02-09,0.0011154266943772396,0.0011154266943772396,3.3841275757495652
2024-02-12,-0.003908694241358334,-0.003908694241358334,3.3841275757495652
2024-02-13,0.01743072150699142,0.01743072150699142,3.3841275757495652
2024-02-14,-0.006443368569729981,-0.006443368569729981,3.3841275757495652
2024-02-15,-0.008623113122585586,-0.008623113122585586,3.3841275757495652
2024-02-16,-0.002847293305906847,-0.002847293305906847,3.3841275757495652
2024-02-20,0.0026175258169098183,0.0026175258169098183,3.3841275757495652
2024-02-21,-0.0014964189058427934,-0.0014964189058427934,3.3841275757495652
2024-02-22,0.007459119021529323,0.007459119021529323,3.3841275757495652
2024-02-23,-0.0002141850340121918,-0.0002141850340121918,3.3841275757495652
2024-02-26,0.0035554364228373714,0.0035554364228373714,3.3841275757495652
2024-02-27,-0.00042502673137566316,-0.00042502673137566316,3.3841275757495652
2024-02-28,0.0009448808169031141,0.0009448808169031141,3.3841275757495652
2024-02-29,-0.0010058019685961063,-0.0010058019685961063,3.3841275757495652
2024-03-01,0.010985325159328672,0.010321532387600977,3.5073336314923624
2024-03-04,0.00499378025008228,0.00499378025008228,3.5073336314923624
2024-03-05,-0.009628865794514151,-0.009628865794514151,3.5073336314923624
2024-03-06,0.005754935237728934,0.005754935237728934,3.5073336314923624
2024-03-07,0.0062212799042233626,0.0062212799042233626,3.5073336314923624
2024-03-08,-0.003823451632297274,-0.003823451632297274,3.5073336314923624
2024-03-11,-0.002380398603104825,-0.002380398603104825,3.5073336314923624
2024-03-12,0.00913159998729626,0.00913159998729626,3.5073336314923624
2024-03-13,0.001699053048433105,0.001699053048433105,3.5073336314923624
2024-03-14,0.003043544949975401,0.003043544949975401,3.5073336314923624
2024-03-15,0.003807689387659497,0.003807689387659497,3.5073336314923624
2024-03-18,0.005580202555806502,0.005580202555806502,3.5073336314923624
2024-03-19,0.004604028552667555,0.004604028552667555,3.5073336314923624
2024-03-20,0.007551565656506719,0.007551565656506719,3.5073336314923624
2024-03-21,0.0023933297853917165,0.0023933297853917165,3.5073336314923624
2024-03-22,0.0007379141840090863,0.0007379141840090863,3.5073336314923624
2024-03-25,0.0022955785094185823,0.0022955785094185823,3.5073336314923624
2024-03-26,-7.48905993898123e-06,-7.48905993898123e-06,3.5073336314923624
2024-03-27,0.007798041024551896,0.007798041024551896,3.5073336314923624
2024-03-28,0.0026662789443140014,0.0026662789443140014,3.5073336314923624
2024-04-01,0.01142245794678011,0.010893646972735366,3.698410449695572
2024-04-02,-0.005312234483057415,-0.005312234483057415,3.698410449695572
2024-04-03,-0.0009213432925397032,-0.0009213432925397032,3.698410449695572
2024-04-04,-0.011701593855248625,-0.011701593855248625,3.698410449695572
2024-04-05,0.016008713522484196,0.016008713522484196,3.698410449695572
2024-04-08,0.0009463962585364742,0.0009463962585364742,3.698410449695572
2024-04-09,-0.00472980013558306,-0.00472980013558306,3.698410449695572
2024-04-10,0.01383712916157377,0.01383712916157377,3.698410449695572
2024-04-11,0.01010034239280251,0.01010034239280251,3.698410449695572
2024-04-12,-0.008989939032560587,-0.008989939032560587,3.698410449695572
2024-04-15,0.00790822501246662,0.00790822501246662,3.698410449695572
2024-04-16,-0.004522453199856498,-0.004522453199856498,3.698410449695572
2024-04-17,-0.01444203048836155,-0.01444203048836155,3.698410449695572
2024-04-18,0.0024164240578096103,0.0024164240578096103,3.698410449695572
2024-04-19,-0.0021735213212414834,-0.0021735213212414834,3.698410449695572
2024-04-22,-0.001045614521638936,-0.001045614521638936,3.698410449695572
2024-04-23,0.004817264807363072,0.004817264807363072,3.698410449695572
2024-04-24,0.006176547358145415,0.006176547358145415,3.698410449695572
2024-04-25,-0.004330837239146502,-0.004330837239146502,3.698410449695572
2024-04-26,0.009331417140032517,0.009331417140032517,3.698410449695572
2024-04-29,-0.014926803842653035,-0.014926803842653035,3.698410449695572
2024-04-30,-0.001774787795619616,-0.001774787795619616,3.698410449695572
2024-05-01,-0.01170763701702505,-0.011949751688846082,3.577399670380945
2024-05-02,-0.009737042970987436,-0.009737042970987436,3.577399670380945
2024-05-03,0.0013220394200975673,0.0013220394200975673,3.577399670380945
2024-05-06,0.005427506052987565,0.005427506052987565,3.577399670380945
2024-05-07,0.00623764823906411,0.00623764823906411,3.577399670380945
2024-05-08,0.0028822078528782775,0.0028822078528782775,3.577399670380945
2024-05-09,-0.0033330047504664595,-0.0033330047504664595,3.577399670380945
2024-05-10,0.0053534337763309365,0.0053534337763309365,3.577399670380945
2024-05-13,-0.006527385201722684,-0.006527385201722684,3.577399670380945
2024-05-14,0.0026770660219490477,0.0026770660219490477,3.577399670380945
2024-05-15,-0.006166507352906071,-0.006166507352906071,3.577399670380945
2024-05-16,-0.0046353163610230565,-0.0046353163610230565,3.577399670380945
2024-05-17,0.003336751482386782,0.003336751482386782,3.577399670380945
2024-05-20,0.00558610183863903,0.00558610183863903,3.577399670380945
2024-05-21,-0.0012659290334734229,-0.0012659290334734229,3.577399670380945
2024-05-22,-0.00492278275173023,-0.00492278275173023,3.577399670380945
2024-05-23,0.0013423045138450103,0.0013423045138450103,3.577399670380945
2024-05-24,0.00479063798847914,0.00479063798847914,3.577399670380945
2024-05-28,0.007146325904937679,0.007146325904937679,3.577399670380945
2024-05-29,0.00010618861201414651,0.00010618861201414651,3.577399670380945
2024-05-30,-0.007834959171238904,-0.007834959171238904,3.577399670380945
2024-05-31,-0.0008140029758019838,-0.0008140029758019838,3.577399670380945
2024-06-03,-0.009691804884731803,-0.010143149028344952,3.6718840623387043
2024-06-04,-0.01035164289862932,-0.01035164289862932,3.6718840623387043
2024-06-05,0.00952839130869381,0.00952839130869381,3.6718840623387043
2024-06-06,0.005145158962777054,0.005145158962777054,3.6718840623387043
2024-06-07,-0.005086834194719154,-0.005086834194719154,3.6718840623387043
2024-06-10,0.011019820003141499,0.011019820003141499,3.6718840623387043
2024-06-11,-0.011270167266817862,-0.011270167266817862,3.6718840623387043
2024-06-12,0.008158254298462975,0.008158254298462975,3.6718840623387043
2024-06-13,-0.012522201396725942,-0.012522201396725942,3.6718840623387043
2024-06-14,-0.005995156508276249,-0.005995156508276249,3.6718840623387043
2024-06-17,0.00995760717882574,0.00995760717882574,3.6718840623387043
2024-06-18,-0.002883890549057876,-0.002883890549057876,3.6718840623387043
2024-06-20,0.007810287988905343,0.007810287988905343,3.6718840623387043
2024-06-21,-0.008438097027849279,-0.008438097027849279,3.6718840623387043
2024-06-24,-0.0001761158541431038,-0.0001761158541431038,3.6718840623387043
2024-06-25,-9.671509244081885e-05,-9.671509244081885e-05,3.6718840623387043
2024-06-26,0.005865277650238156,0.005865277650238156,3.6718840623387043
2024-06-27,-7.002061412346948e-05,-7.002061412346948e-05,3.6718840623387043
2024-06-28,0.007656994142058556,0.007656994142058556,3.6718840623387043
2024-07-01,0.010833590550640829,0.010429444331840362,3.7816101087248386
2024-07-02,-0.0019634914663190376,-0.0019634914663190376,3.7816101087248386
2024-07-03,-0.0001501503116445146,-0.0001501503116445146,3.7816101087248386
2024-07-05,0.0021950542534157867,0.0021950542534157867,3.7816101087248386
2024-07-08,-0.0040343430147467075,-0.0040343430147467075,3.7816101087248386
2024-07-09,0.0008236959278480394,0.0008236959278480394,3.7816101087248386
2024-07-10,0.008638353422702081,0.008638353422702081,3.7816101087248386
2024-07-11,-0.006419596133532686,-0.006419596133532686,3.7816101087248386
2024-07-12,-0.0031399351551401225,-0.0031399351551401225,3.7816101087248386
2024-07-15,0.005274273357062549,0.005274273357062549,3.7816101087248386
2024-07-16,0.0022743662632119066,0.0022743662632119066,3.7816101087248386
2024-07-17,-0.0136759341369401,-0.0136759341369401,3.7816101087248386
2024-07-18,-0.0045137765473578,-0.0045137765473578,3.7816101087248386
2024-07-19,-0.006810085898023826,-0.006810085898023826,3.7816101087248386
2024-07-22,0.009979390351405696,0.009979390351405696,3.7816101087248386
2024-07-23,-0.0020597677644781103,-0.0020597677644781103,3.7816101087248386
2024-07-24,-0.013416298852330264,-0.013416298852330264,3.7816101087248386
2024-07-25,-0.005947806124263913,-0.005947806124263913,3.7816101087248386
2024-07-26,0.006263276318608365,0.006263276318608365,3.7816101087248386
2024-07-29,-0.005796192288207694,-0.005796192288207694,3.7816101087248386
2024-07-30,-0.0012594102348686823,-0.0012594102348686823,3.7816101087248386
2024-07-31,0.009533892848166498,0.009533892848166498,3.7816101087248386
2024-08-01,-0.014184876289556085,-0.014735552614269466,3.82812891628687
2024-08-02,-0.03574381104732011,-0.03574381104732011,3.82812891628687
2024-08-05,-0.02496225086106366,-0.02496225086106366,3.82812891628687
2024-08-06,0.008250569508842414,0.008250569508842414,3.82812891628687
2024-08-07,0.006634435425490062,0.006634435425490062,3.82812891628687
2024-08-08,0.010582219451147765,0.010582219451147765,3.82812891628687
2024-08-09,-0.0010737979162571936,-0.0010737979162571936,3.82812891628687
2024-08-12,0.0004953321537743589,0.0004953321537743589,3.82812891628687
2024-08-13,0.0023052936573359686,0.0023052936573359686,3.82812891628687
2024-08-14,0.002505941775046733,0.002505941775046733,3.82812891628687
2024-08-15,0.017649121131478207,0.017649121131478207,3.82812891628687
2024-08-16,-0.0057658330010634876,-0.0057658330010634876,3.82812891628687
2024-08-19,-0.0038149171507573082,-0.0038149171507573082,3.82812891628687
2024-08-20,-0.009056075566897921,-0.009056075566897921,3.82812891628687
2024-08-21,-0.0004222031145089567,-0.0004222031145089567,3.82812891628687
2024-08-22,0.005410816826932724,0.005410816826932724,3.82812891628687
2024-08-23,-0.00395788926185445,-0.00395788926185445,3.82812891628687
2024-08-26,0.004862807404764469,0.004862807404764469,3.82812891628687
2024-08-27,-0.002936738346058904,-0.002936738346058904,3.82812891628687
2024-08-28,0.001997388320085027,0.001997388320085027,3.82812891628687
2024-08-29,0.005570292847333089,0.005570292847333089,3.82812891628687
2024-08-30,0.005906650504548996,0.005906650504548996,3.82812891628687
2024-09-03,-0.017401988032975883,-0.018813740528887558,3.615893799933645
2024-09-04,-0.0033202749865601294,-0.0033202749865601294,3.615893799933645
2024-09-05,0.0015512266735188452,0.0015512266735188452,3.615893799933645
2024-09-06,-0.019346582637700623,-0.019346582637700623,3.615893799933645
2024-09-09,0.014523523707150248,0.014523523707150248,3.615893799933645
2024-09-10,0.00038526419139457897,0.00038526419139457897,3.615893799933645
2024-09-11,0.007373131082039794,0.007373131082039794,3.615893799933645
2024-09-12,0.010032349119345118,0.010032349119345118,3.615893799933645
2024-09-13,0.008913295439773272,0.008913295439773272,3.615893799933645
2024-09-16,0.005974572688118151,0.005974572688118151,3.615893799933645
2024-09-17,-0.0013346934169140802,-0.0013346934169140802,3.615893799933645
2024-09-18,-0.004156838781915563,-0.004156838781915563,3.615893799933645
2024-09-19,0.018998464100056546,0.018998464100056546,3.615893799933645
2024-09-20,-0.0044393322922054446,-0.0044393322922054446,3.615893799933645
2024-09-23,0.0032501444279722626,0.0032501444279722626,3.615893799933645
2024-09-24,0.0062408941280406105,0.0062408941280406105,3.615893799933645
2024-09-25,-0.0032536676729274737,-0.0032536676729274737,3.615893799933645
2024-09-26,0.015158647156024142,0.015158647156024142,3.615893799933645
2024-09-27,-0.007288186895100442,-0.007288186895100442,3.615893799933645
2024-09-30,-0.0018226099546360692,-0.0018226099546360692,3.615893799933645
2024-10-01,-0.005308582575033622,-0.006017007530748176,3.627599087192637
2024-10-02,0.0034917126781512722,0.0034917126781512722,3.627599087192637
2024-10-03,-0.020684119363810052,-0.020684119363810052,3.627599087192637
2024-10-04,1.4268962429517707e-06,1.4268962429517707e-06,3.627599087192637
2024-10-07,-0.011676588970411437,-0.011676588970411437,3.627599087192637
2024-10-08,-0.002948931566386254,-0.002948931566386254,3.627599087192637
2024-10-09,-0.0027206065355442318,-0.0027206065355442318,3.627599087192637
2024-10-10,0.0015486458974543543,0.0015486458974543543,3.627599087192637
2024-10-11,0.01021384620151257,0.01021384620151257,3.627599087192637
2024-10-14,0.0019435553969654729,0.0019435553969654729,3.627599087192637
2024-10-15,-0.005602456621084746,-0.005602456621084746,3.627599087192637
2024-10-16,0.004109119524857909,0.004109119524857909,3.627599087192637
2024-10-17,-0.005748352671504271,-0.005748352671504271,3.627599087192637
2024-10-18,0.014950611420671056,0.014950611420671056,3.627599087192637
2024-10-21,-0.02215626159181991,-0.02215626159181991,3.627599087192637
2024-10-22,-0.0009344370954804102,-0.0009344370954804102,3.627599087192637
2024-10-23,-0.016469717207973845,-0.016469717207973845,3.627599087192637
2024-10-24,0.008030630942384053,0.008030630942384053,3.627599087192637
2024-10-25,-0.007252536215477791,-0.007252536215477791,3.627599087192637
2024-10-28,0.011540620197884967,0.011540620197884967,3.627599087192637
2024-10-29,0.004431248075722945,0.004431248075722945,3.627599087192637
2024-10-30,-0.005680174135856964,-0.005680174135856964,3.627599087192637
2024-10-31,-0.014994824063033763,-0.014994824063033763,3.627599087192637
2024-11-01,-0.00036377844782018657,-0.0009114139603176065,3.7449807762007934
2024-11-04,0.0022516680280162222,0.0022516680280162222,3.7449807762007934
2024-11-05,0.012700338413208974,0.012700338413208974,3.7449807762007934
2024-11-06,-0.010547496871601085,-0.010547496871601085,3.7449807762007934
2024-11-07,0.024072897102433616,0.024072897102433616,3.7449807762007934
2024-11-08,-0.004463854132460467,-0.004463854132460467,3.7449807762007934
2024-11-11,-0.007389391527431224,-0.007389391527431224,3.7449807762007934
2024-11-12,-0.021581855565044487,-0.021581855565044487,3.7449807762007934
2024-11-13,-0.0068318203738241216,-0.0068318203738241216,3.7449807762007934
2024-11-14,0.0035596038512970742,0.0035596038512970742,3.7449807762007934
2024-11-15,-0.005417433648608286,-0.005417433648608286,3.7449807762007934
2024-11-18,0.005763765272498384,0.005763765272498384,3.7449807762007934
2024-11-19,0.003137005888471634,0.003137005888471634,3.7449807762007934
2024-11-20,-0.0027036900590934427,-0.0027036900590934427,3.7449807762007934
2024-11-21,-0.00014286130471078166,-0.00014286130471078166,3.7449807762007934
2024-11-22,0.008919270190399096,0.008919270190399096,3.7449807762007934
2024-11-25,0.011208472513369839,0.011208472513369839,3.7449807762007934
2024-11-26,-0.0006508960190242273,-0.0006508960190242273,3.7449807762007934
2024-11-27,0.00702689373710335,0.00702689373710335,3.7449807762007934
2024-11-29,0.01301562536175699,0.01301562536175699,3.7449807762007934
2024-12-02,0.00857255044638951,0.007765246352988693,3.4881986800430935
2024-12-03,0.0030224339946094045,0.0030224339946094045,3.4881986800430935
2024-12-04,0.008897069753288137,0.008897069753288137,3.4881986800430935
2024-12-05,-0.0015762050203457396,-0.0015762050203457396,3.4881986800430935
2024-12-06,0.006457845674921388,0.006457845674921388,3.4881986800430935
2024-12-09,0.0039969311756647375,0.0039969311756647375,3.4881986800430935
2024-12-10,-0.0027410225580056483,-0.0027410225580056483,3.4881986800430935
2024-12-11,0.004261953388926859,0.004261953388926859,3.4881986800430935
2024-12-12,-0.008836485848345147,-0.008836485848345147,3.4881986800430935
2024-12-13,-0.0027538884207676533,-0.0027538884207676533,3.4881986800430935
2024-12-16,-0.0006876186524740021,-0.0006876186524740021,3.4881986800430935
2024-12-17,-0.0024318586869200975,-0.0024318586869200975,3.4881986800430935
2024-12-18,-0.01737029433713262,-0.01737029433713262,3.4881986800430935
2024-12-19,-0.005753333559021503,-0.005753333559021503,3.4881986800430935
2024-12-20,0.0008313519740731058,0.0008313519740731058,3.4881986800430935
2024-12-23,0.006083052036505506,0.006083052036505506,3.4881986800430935
2024-12-24,0.009536832410997426,0.009536832410997426,3.4881986800430935
2024-12-26,0.0045875946570625705,0.0045875946570625705,3.4881986800430935
2024-12-27,-0.012022574111117582,-0.012022574111117582,3.4881986800430935
2024-12-30,-0.011693975226403381,-0.011693975226403381,3.4881986800430935
2024-12-31,0.003858543691445804,0.003858543691445804,3.4881986800430935
2025-01-02,0.005311949845708203,0.004382938766399751,3.587405526565069
2025-01-03,0.007811203382326915,0.007811203382326915,3.587405526565069
2025-01-06,-0.0052329339829259615,-0.0052329339829259615,3.587405526565069
2025-01-07,0.00683767339295919,0.00683767339295919,3.587405526565069
2025-01-08,-0.0006318092201005965,-0.0006318092201005965,3.587405526565069
2025-01-10,0.005710116368385221,0.005710116368385221,3.587405526565069
2025-01-13,0.0006917096136801215,0.0006917096136801215,3.587405526565069
2025-01-14,-0.0009816266030858573,-0.0009816266030858573,3.587405526565069
2025-01-15,0.0003830899916154618,0.0003830899916154618,3.587405526565069
2025-01-16,-0.0038426071195710705,-0.0038426071195710705,3.587405526565069
2025-01-17,0.012097985757075286,0.012097985757075286,3.587405526565069
2025-01-21,-0.005582419155171675,-0.005582419155171675,3.587405526565069
2025-01-22,0.005184910674585574,0.005184910674585574,3.587405526565069
2025-01-23,0.0019088120441616114,0.0019088120441616114,3.587405526565069
2025-01-24,-0.006053512836781636,-0.006053512836781636,3.587405526565069
2025-01-27,-0.015951576271306306,-0.015951576271306306,3.587405526565069
2025-01-28,0.012416578016381961,0.012416578016381961,3.587405526565069
2025-01-29,0.003769849953359999,0.003769849953359999,3.587405526565069
2025-01-30,0.00829862765003051,0.00829862765003051,3.587405526565069
2025-01-31,-0.0003840321433450796,-0.0003840321433450796,3.587405526565069
2025-02-03,-0.008914144492653275,-0.009126928237018281,3.587013304622239
2025-02-04,-0.0011129074375818074,-0.0011129074375818074,3.587013304622239
2025-02-05,-0.005839243425451292,-0.005839243425451292,3.587013304622239
2025-02-06,0.004207441681519465,0.004207441681519465,3.587013304622239
2025-02-07,-0.00041149152192145787,-0.00041149152192145787,3.587013304622239
2025-02-10,0.014425679451755276,0.014425679451755276,3.587013304622239
2025-02-11,-0.0007124760780909978,-0.0007124760780909978,3.587013304622239
2025-02-12,0.011342007480438685,0.011342007480438685,3.587013304622239
2025-02-13,-0.0078073153907540875,-0.0078073153907540875,3.587013304622239
2025-02-14,-0.007211140575384593,-0.007211140575384593,3.587013304622239
2025-02-18,0.017012393448695207,0.017012393448695207,3.587013304622239
2025-02-19,-0.007630727471556716,-0.007630727471556716,3.587013304622239
2025-02-20,-0.008900409357444614,-0.008900409357444614,3.587013304622239
2025-02-21,-0.01540508316400124,-0.01540508316400124,3.587013304622239
2025-02-24,-0.007388570488657013,-0.007388570488657013,3.587013304622239
2025-02-25,-0.011465953070101082,-0.011465953070101082,3.587013304622239
2025-02-26,0.0045248389634822365,0.0045248389634822365,3.587013304622239
2025-02-27,-0.0034743975199915487,-0.0034743975199915487,3.587013304622239
2025-02-28,-0.00255325711005748,-0.00255325711005748,3.587013304622239
2025-03-03,-0.003189844878390599,-0.004276284893728621,3.5439883946046584
2025-03-04,-0.004901961808503977,-0.004901961808503977,3.5439883946046584
2025-03-05,0.007332179443115145,0.007332179443115145,3.5439883946046584
2025-03-06,-0.011345390227120963,-0.011345390227120963,3.5439883946046584
2025-03-07,0.0036409721168357157,0.0036409721168357157,3.5439883946046584
2025-03-10,-0.013355852301764386,-0.013355852301764386,3.5439883946046584
2025-03-11,-0.002973551621764877,-0.002973551621764877,3.5439883946046584
2025-03-12,-0.0002688249827852506,-0.0002688249827852506,3.5439883946046584
2025-03-13,0.0024297729170593496,0.0024297729170593496,3.5439883946046584
2025-03-14,0.010845895141168838,0.010845895141168838,3.5439883946046584
2025-03-17,0.0042306814223307355,0.0042306814223307355,3.5439883946046584
2025-03-18,8.53244928879709e-05,8.53244928879709e-05,3.5439883946046584
2025-03-19,0.008488202794641617,0.008488202794641617,3.5439883946046584
2025-03-20,-0.006111661152707701,-0.006111661152707701,3.5439883946046584
2025-03-21,-0.004091845173765434,-0.004091845173765434,3.5439883946046584
2025-03-24,0.004377386285461442,0.004377386285461442,3.5439883946046584
2025-03-25,0.002789713888447263,0.002789713888447263,3.5439883946046584
2025-03-26,-0.008077651377515515,-0.008077651377515515,3.5439883946046584
2025-03-27,0.0018020644804675066,0.0018020644804675066,3.5439883946046584
2025-03-28,-0.007132031374724677,-0.007132031374724677,3.5439883946046584
2025-03-31,0.0020456820917124194,0.0020456820917124194,3.5439883946046584
2025-04-01,-0.0030504831752350813,-0.003916351614435456,3.5544127088883046
2025-04-02,0.0005446069538775653,0.0005446069538775653,3.5544127088883046
2025-04-03,-0.02751874224504162,-0.02751874224504162,3.5544127088883046
2025-04-04,-0.03791260480004061,-0.03791260480004061,3.5544127088883046
2025-04-07,-0.010101291229171614,-0.010101291229171614,3.5544127088883046
2025-04-08,-0.00286818600738151,-0.00286818600738151,3.5544127088883046
2025-04-09,0.04430976343166796,0.04430976343166796,3.5544127088883046
2025-04-10,-0.01689554341830768,-0.01689554341830768,3.5544127088883046
2025-04-11,0.012648295608552417,0.012648295608552417,3.5544127088883046
2025-04-14,-0.0017562357338215548,-0.0017562357338215548,3.5544127088883046
2025-04-15,0.003750434774341508,0.003750434774341508,3.5544127088883046
2025-04-16,-0.011853995598495676,-0.011853995598495676,3.5544127088883046
2025-04-17,0.0033159527667923146,0.0033159527667923146,3.5544127088883046
2025-04-21,-0.0035920236664274464,-0.0035920236664274464,3.5544127088883046
2025-04-22,0.015036738730054209,0.015036738730054209,3.5544127088883046
2025-04-23,0.012010493965989105,0.012010493965989105,3.5544127088883046
2025-04-24,0.0025956716086244897,0.0025956716086244897,3.5544127088883046
2025-04-25,-0.0014085341394026601,-0.0014085341394026601,3.5544127088883046
2025-04-28,-0.0010915521104209254,-0.0010915521104209254,3.5544127088883046
2025-04-29,0.0015238219478291026,0.0015238219478291026,3.5544127088883046
2025-04-30,-0.0027473922877164344,-0.0027473922877164344,3.5544127088883046
2025-05-01,-0.010966780983033686,-0.01250379279628826,2.6971397820475835
2025-05-02,0.004382633120213924,0.004382633120213924,2.6971397820475835
2025-05-05,0.00489567925826883,0.00489567925826883,2.6971397820475835
2025-05-06,0.006369898630586246,0.006369898630586246,2.6971397820475835
2025-05-07,-0.002516055166883879,-0.002516055166883879,2.6971397820475835
2025-05-08,-0.013563442864932928,-0.013563442864932928,2.6971397820475835
2025-05-09,0.00641499829097448,0.00641499829097448,2.6971397820475835
2025-05-12,-0.013413480568596994,-0.013413480568596994,2.6971397820475835
2025-05-13,0.0032564729065705468,0.0032564729065705468,2.6971397820475835
2025-05-14,-0.006196730511567045,-0.006196730511567045,2.6971397820475835
2025-05-15,0.013185618114424721,0.013185618114424721,2.6971397820475835
2025-05-16,-0.00047551042846746047,-0.00047551042846746047,2.6971397820475835
2025-05-19,0.006447409520662086,0.006447409520662086,2.6971397820475835
2025-05-20,0.004590260183967789,0.004590260183967789,2.6971397820475835
2025-05-21,-0.0053314151593133905,-0.0053314151593133905,2.6971397820475835
2025-05-22,-9.949112134873599e-05,-9.949112134873599e-05,2.6971397820475835
2025-05-23,0.004881898937598297,0.004881898937598297,2.6971397820475835
2025-05-27,0.007650289776648939,0.007650289776648939,2.6971397820475835
2025-05-28,-0.010778138551142208,-0.010778138551142208,2.6971397820475835
2025-05-29,0.008726259432194237,0.008726259432194237,2.6971397820475835
2025-05-30,-0.0007891190953385719,-0.0007891190953385719,2.6971397820475835
2025-06-02,-0.0005061631856752105,-0.0007649461238230255,2.7985564532815577
2025-06-03,-0.004850988870483112,-0.004850988870483112,2.7985564532815577
2025-06-04,0.009012189834911285,0.009012189834911285,2.7985564532815577
2025-06-05,-0.00419183455917176,-0.00419183455917176,2.7985564532815577
2025-06-06,-0.005863748483865952,-0.005863748483865952,2.7985564532815577
2025-06-09,0.0015091020530757146,0.0015091020530757146,2.7985564532815577
2025-06-10,-0.0002135030754766064,-0.0002135030754766064,2.7985564532815577
2025-06-11,0.003029327961396168,0.003029327961396168,2.7985564532815577
2025-06-12,0.007649857047870798,0.007649857047870798,2.7985564532815577
2025-06-13,-0.01084440699564075,-0.01084440699564075,2.7985564532815577
2025-06-16,0.0003429426292078156,0.0003429426292078156,2.7985564532815577
2025-06-17,-0.01147583879156827,-0.01147583879156827,2.7985564532815577
2025-06-18,-0.0008311797057014563,-0.0008311797057014563,2.7985564532815577
2025-06-20,-0.0013475254290853571,-0.0013475254290853571,2.7985564532815577
2025-06-23,0.01179734688182196,0.01179734688182196,2.7985564532815577
2025-06-24,0.014004282594169849,0.014004282594169849,2.7985564532815577
2025-06-25,-0.0015209297299571016,-0.0015209297299571016,2.7985564532815577
2025-06-26,0.005819928531293532,0.005819928531293532,2.7985564532815577
2025-06-27,0.0016988427033508924,0.0016988427033508924,2.7985564532815577
2025-06-30,0.004654599886375465,0.004654599886375465,2.7985564532815577
2025-07-01,-0.001370430782658302,-0.0015949414883671968,2.9980248192592756
2025-07-02,-0.000878511671115824,-0.000878511671115824,2.9980248192592756
2025-07-03,-0.00024200297257845295,-0.00024200297257845295,2.9980248192592756
2025-07-07,-0.00732225365183183,-0.00732225365183183,2.9980248192592756
2025-07-08,0.0009421246066184613,0.0009421246066184613,2.9980248192592756
2025-07-09,0.006453301561430374,0.006453301561430374,2.9980248192592756
2025-07-10,-0.0018640026365096985,-0.0018640026365096985,2.9980248192592756
2025-07-11,-0.005730063378233174,-0.005730063378233174,2.9980248192592756
2025-07-14,0.0004115265765369778,0.0004115265765369778,2.9980248192592756
2025-07-15,-0.009098293035234729,-0.009098293035234729,2.9980248192592756
2025-07-16,0.00794028411966807,0.00794028411966807,2.9980248192592756
2025-07-17,0.0025761565868656043,0.0025761565868656043,2.9980248192592756
2025-07-18,-0.001623371646406427,-0.001623371646406427,2.9980248192592756
2025-07-21,0.01190996044282226,0.01190996044282226,2.9980248192592756
2025-07-22,0.006427987192129565,0.006427987192129565,2.9980248192592756
2025-07-23,0.010449750655709493,0.010449750655709493,2.9980248192592756
2025-07-24,-0.00566948275629959,-0.00566948275629959,2.9980248192592756
2025-07-25,-0.0019909033907548257,-0.0019909033907548257,2.9980248192592756
2025-07-28,-0.0118702089970482,-0.0118702089970482,2.9980248192592756
2025-07-29,-0.00014522882299846111,-0.00014522882299846111,2.9980248192592756
2025-07-30,-0.011098579083111354,-0.011098579083111354,2.9980248192592756
2025-07-31,-0.0062093456984331375,-0.0062093456984331375,2.9980248192592756
2025-08-01,-0.007415302433473954,-0.008426448315124275,3.2193033682460346
2025-08-04,0.007766481305831838,0.007766481305831838,3.2193033682460346
2025-08-05,0.0005381734151562489,0.0005381734151562489,3.2193033682460346
2025-08-06,0.007269858158731155,0.007269858158731155,3.2193033682460346
2025-08-07,0.0073671956402671665,0.0073671956402671665,3.2193033682460346
2025-08-08,0.004755413799768512,0.004755413799768512,3.2193033682460346
2025-08-11,-0.0025252123399074912,-0.0025252123399074912,3.2193033682460346
2025-08-12,0.01209872231512497,0.01209872231512497,3.2193033682460346
2025-08-13,0.0032983233278881196,0.0032983233278881196,3.2193033682460346
2025-08-14,-0.0006336506097404823,-0.0006336506097404823,3.2193033682460346
2025-08-15,0.0029610371674757335,0.0029610371674757335,3.2193033682460346
2025-08-18,7.576114348490389e-05,7.576114348490389e-05,3.2193033682460346
2025-08-19,-0.003830148918626351,-0.003830148918626351,3.2193033682460346
2025-08-20,0.0037543261782363377,0.0037543261782363377,3.2193033682460346
2025-08-21,-0.0028211441172533726,-0.0028211441172533726,3.2193033682460346
2025-08-22,0.011067199702922194,0.011067199702922194,3.2193033682460346
2025-08-25,-0.00590978382748246,-0.00590978382748246,3.2193033682460346
2025-08-26,-0.001681274320007042,-0.001681274320007042,3.2193033682460346
2025-08-27,-0.005700495430010233,-0.005700495430010233,3.2193033682460346
2025-08-28,0.0018132521769191217,0.0018132521769191217,3.2193033682460346
2025-08-29,0.00028456816635017833,0.00028456816635017833,3.2193033682460346
2025-09-02,-0.0001292457211309636,-0.0008484700950309555,3.433658401555142
2025-09-03,-0.0019909577258196186,-0.0019909577258196186,3.433658401555142
2025-09-04,-0.00011138951695201639,-0.00011138951695201639,3.433658401555142
2025-09-05,-0.000655344829824831,-0.000655344829824831,3.433658401555142
2025-09-08,0.002046831504197385,0.002046831504197385,3.433658401555142
2025-09-09,0.0005707971183198488,0.0005707971183198488,3.433658401555142
2025-09-10,-0.0021856736161031502,-0.0021856736161031502,3.433658401555142
2025-09-11,0.006879079101238915,0.006879079101238915,3.433658401555142
2025-09-12,0.0013509812070930378,0.0013509812070930378,3.433658401555142
2025-09-15,0.0017873680857207563,0.0017873680857207563,3.433658401555142
2025-09-16,-0.003501002974253774,-0.003501002974253774,3.433658401555142
2025-09-17,0.0003218606391995492,0.0003218606391995492,3.433658401555142
2025-09-18,0.009279838111914834,0.009279838111914834,3.433658401555142
2025-09-19,0.0005337661612940022,0.0005337661612940022,3.433658401555142
2025-09-22,0.01092568382492512,0.01092568382492512,3.433658401555142
2025-09-23,-0.006468995164412803,-0.006468995164412803,3.433658401555142
2025-09-24,-0.0005467447183717259,-0.0005467447183717259,3.433658401555142
2025-09-25,-0.0014250458243862346,-0.0014250458243862346,3.433658401555142
2025-09-26,0.008097504601689669,0.008097504601689669,3.433658401555142
2025-09-29,-0.0003186056288624012,-0.0003186056288624012,3.433658401555142
2025-09-30,0.0021776317746431467,0.0021776317746431467,3.433658401555142
2025-10-01,0.0004037005543486362,-3.0042776635581347e-06,3.694846208047912
2025-10-02,-0.0004490786144027744,-0.0004490786144027744,3.694846208047912
2025-10-03,0.007670885219887137,0.007670885219887137,3.694846208047912
2025-10-06,0.013393299230207273,0.013393299230207273,3.694846208047912
2025-10-07,-0.00907139009006802,-0.00907139009006802,3.694846208047912
2025-10-08,0.011629774115514396,0.011629774115514396,3.694846208047912
2025-10-09,-0.004303043018318431,-0.004303043018318431,3.694846208047912
2025-10-10,-0.028565572940456765,-0.028565572940456765,3.694846208047912
2025-10-13,0.017387115212481777,0.017387115212481777,3.694846208047912
2025-10-14,0.0014043250681834896,0.0014043250681834896,3.694846208047912
2025-10-15,0.008569489255993367,0.008569489255993367,3.694846208047912
2025-10-16,-0.0035401781134629896,-0.0035401781134629896,3.694846208047912
2025-10-17,-0.004005121607066961,-0.004005121607066961,3.694846208047912
2025-10-20,0.01016278007651595,0.01016278007651595,3.694846208047912
2025-10-21,-0.016441781752446538,-0.016441781752446538,3.694846208047912
2025-10-22,-0.003186009109694765,-0.003186009109694765,3.694846208047912
2025-10-23,0.012031375817347588,0.012031375817347588,3.694846208047912
2025-10-24,0.002479819487306012,0.002479819487306012,3.694846208047912
2025-10-27,-0.002227634915503577,-0.002227634915503577,3.694846208047912
2025-10-28,-0.003454692796117752,-0.003454692796117752,3.694846208047912
2025-10-29,0.01030856316509621,0.01030856316509621,3.694846208047912
2025-10-30,0.0013362048924321788,0.0013362048924321788,3.694846208047912
2025-10-31,-0.001808455794274827,-0.001808455794274827,3.694846208047912
2025-11-03,0.0013439056563695545,-9.256780379155003e-05,3.859555692544123
2025-11-04,-0.012616583648109816,-0.012616583648109816,3.859555692544123
2025-11-05,0.006391936152244735,0.006391936152244735,3.859555692544123
2025-11-06,-0.006081714116538847,-0.006081714116538847,3.859555692544123
2025-11-07,0.0011298790688950137,0.0011298790688950137,3.859555692544123
2025-11-10,0.01706118936532299,0.01706118936532299,3.859555692544123
2025-11-11,0.005546391833853605,0.005546391833853605,3.859555692544123
2025-11-12,0.006016064890881319,0.006016064890881319,3.859555692544123
2025-11-13,-0.01667702704286861,-0.01667702704286861,3.859555692544123
2025-11-14,-0.008609347516082916,-0.008609347516082916,3.859555692544123
2025-11-17,-0.008962371449560719,-0.008962371449560719,3.859555692544123
2025-11-18,-0.010257266816597178,-0.010257266816597178,3.859555692544123
2025-11-19,0.002017870434337349,0.002017870434337349,3.859555692544123
2025-11-20,-0.012476757747818874,-0.012476757747818874,3.859555692544123
2025-11-21,0.011592031101735411,0.011592031101735411,3.859555692544123
2025-11-24,0.01104186510938024,0.01104186510938024,3.859555692544123
2025-11-25,0.014813769448573611,0.014813769448573611,3.859555692544123
2025-11-26,0.009700135988019701,0.009700135988019701,3.859555692544123
2025-11-28,0.00448583850641815,0.00448583850641815,3.859555692544123
2025-12-01,-0.00555674084432754,-0.006104192745492383,3.987738916857241
2025-12-02,0.0026976671589297022,0.0026976671589297022,3.987738916857241
2025-12-03,0.005108611546728868,0.005108611546728868,3.987738916857241
2025-12-04,-0.004506090599603415,-0.004506090599603415,3.987738916857241
2025-12-05,-0.0017189500620477202,-0.0017189500620477202,3.987738916857241
2025-12-08,0.00044465313455801115,0.00044465313455801115,3.987738916857241
2025-12-09,-0.000605561839440428,-0.000605561839440428,3.987738916857241
2025-12-10,0.010386229645211664,0.010386229645211664,3.987738916857241
2025-12-11,0.008774853355510887,0.008774853355510887,3.987738916857241
2025-12-12,-0.007790416460957302,-0.007790416460957302,3.987738916857241
2025-12-15,0.007079124893334457,0.007079124893334457,3.987738916857241
2025-12-16,9.75248734535618e-06,9.75248734535618e-06,3.987738916857241
2025-12-17,-0.003649389275263166,-0.003649389275263166,3.987738916857241
2025-12-18,0.009323443993865968,0.009323443993865968,3.987738916857241
2025-12-19,0.007086537925947334,0.007086537925947334,3.987738916857241
2025-12-22,0.00356536541804181,0.00356536541804181,3.987738916857241
2025-12-23,0.0032583075108444347,0.0032583075108444347,3.987738916857241
2025-12-24,0.003352250301808576,0.003352250301808576,3.987738916857241
2025-12-26,0.011526842326324973,0.011526842326324973,3.987738916857241
2025-12-29,-0.010003230262752513,-0.010003230262752513,3.987738916857241
2025-12-30,0.004725093364409667,0.004725093364409667,3.987738916857241
2025-12-31,-0.005312554263849415,-0.005312554263849415,3.987738916857241
2026-01-02,0.01107875505982461,0.010133202212104748,4.266250228818918
2026-01-05,0.0226475611711763,0.0226475611711763,4.266250228818918
2026-01-06,0.00910855637302773,0.00910855637302773,4.266250228818918
2026-01-07,-0.0109817999385119,-0.0109817999385119,4.266250228818918
2026-01-08,-0.007537176064500725,-0.007537176064500725,4.266250228818918
2026-01-09,0.014809956348630722,0.014809956348630722,4.266250228818918
2026-01-12,0.01475504757911444,0.01475504757911444,4.266250228818918
2026-01-13,-0.006479485489426069,-0.006479485489426069,4.266250228818918
2026-01-14,0.013247305565601105,0.013247305565601105,4.266250228818918
2026-01-15,-0.005389414213048352,-0.005389414213048352,4.266250228818918
2026-01-16,-0.010301168328816578,-0.010301168328816578,4.266250228818918
2026-01-20,-0.014119259214935755,-0.014119259214935755,4.266250228818918
2026-01-21,0.013847751939799943,0.013847751939799943,4.266250228818918
2026-01-22,0.017824523257727307,0.017824523257727307,4.266250228818918
2026-01-23,0.013550157905992077,0.013550157905992077,4.266250228818918
2026-01-26,0.009986601530436026,0.009986601530436026,4.266250228818918
2026-01-27,0.023819636957165106,0.023819636957165106,4.266250228818918
2026-01-28,0.0014208141514945286,0.0014208141514945286,4.266250228818918
2026-01-29,0.0035740331348196367,0.0035740331348196367,4.266250228818918
2026-01-30,-0.048336376670762314,-0.048336376670762314,4.266250228818918
2026-02-02,0.0032919109554432283,0.0029398575614392798,4.126661468842483
2026-02-03,0.007253915876835535,0.007253915876835535,4.126661468842483
2026-02-04,-0.007078766371536561,-0.007078766371536561,4.126661468842483
2026-02-05,-0.019341401491043155,-0.019341401491043155,4.126661468842483
2026-02-06,0.03467527736523466,0.03467527736523466,4.126661468842483
2026-02-09,0.022803329589663197,0.022803329589663197,4.126661468842483
2026-02-10,-0.002414651235587957,-0.002414651235587957,4.126661468842483
2026-02-11,0.0037278311938625367,0.0037278311938625367,4.126661468842483
2026-02-12,-0.014658561588362566,-0.014658561588362566,4.126661468842483
2026-02-13,0.008172552372568358,0.008172552372568358,4.126661468842483
2026-02-17,-0.005924287376125763,-0.005924287376125763,4.126661468842483
2026-02-18,-0.0011494156068417736,-0.0011494156068417736,4.126661468842483
2026-02-19,-0.003358293957904698,-0.003358293957904698,4.126661468842483
2026-02-20,0.012086217435295284,0.012086217435295284,4.126661468842483
2026-02-23,-0.0028265067969583586,-0.0028265067969583586,4.126661468842483
2026-02-24,0.004825896974674895,0.004825896974674895,4.126661468842483
2026-02-25,0.014768640805382356,0.014768640805382356,4.126661468842483
2026-02-26,-0.0025405374756871236,-0.0025405374756871236,4.126661468842483
2026-02-27,-0.0008441610829007098,-0.0008441610829007098,4.126661468842483
2026-03-02,-0.019811173802291065,-0.01996746440276992,4.215674516906772
2026-03-03,-0.03442077522923438,-0.03442077522923438,4.215674516906772
2026-03-04,0.015268844932125943,0.015268844932125943,4.215674516906772
2026-03-05,-0.02552530408642872,-0.02552530408642872,4.215674516906772
2026-03-06,0.00013770800275305652,0.00013770800275305652,4.215674516906772
2026-03-09,0.01560316694973854,0.01560316694973854,4.215674516906772
2026-03-10,0.0012679307644852757,0.0012679307644852757,4.215674516906772
2026-03-11,-0.006736329282466518,-0.006736329282466518,4.215674516906772
2026-03-12,-0.023114997744951814,-0.023114997744951814,4.215674516906772
2026-03-13,-0.02198800240308548,-0.02198800240308548,4.215674516906772
2026-03-16,0.029924189465677424,0.029924189465677424,4.215674516906772
2026-03-17,0.009226183822444846,0.009226183822444846,4.215674516906772
2026-03-18,-0.03235112541413781,-0.03235112541413781,4.215674516906772
2026-03-19,-0.0005172634233838636,-0.0005172634233838636,4.215674516906772
2026-03-20,-0.0412921209576777,-0.0412921209576777,4.215674516906772
2026-03-23,0.02264614930733182,0.02264614930733182,4.215674516906772
2026-03-24,-0.010879168157746965,-0.010879168157746965,4.215674516906772
2026-03-25,0.015614681881210462,0.015614681881210462,4.215674516906772
2026-03-26,-0.037507342133379924,-0.037507342133379924,4.215674516906772
2026-03-27,-0.00823635544493023,-0.00823635544493023,4.215674516906772
2026-03-30,0.005587696703768842,0.005587696703768842,4.215674516906772
2026-03-31,0.04077967922136256,0.04077967922136256,4.215674516906772
2026-04-01,0.010492005786911346,0.00896571278790303,3.5626075835568107
2026-04-02,-0.0015372756427270181,-0.0015372756427270181,3.5626075835568107
2026-04-06,0.004660349068251629,0.004660349068251629,3.5626075835568107
2026-04-07,0.0005507754668097351,0.0005507754668097351,3.5626075835568107
2026-04-08,0.02239792719734101,0.02239792719734101,3.5626075835568107
2026-04-09,0.003908740895829766,0.003908740895829766,3.5626075835568107
2026-04-10,0.002312403718394317,0.002312403718394317,3.5626075835568107
2026-04-13,0.007947149124878917,0.007947149124878917,3.5626075835568107
2026-04-14,0.009570718199612433,0.009570718199612433,3.5626075835568107
2026-04-15,0.0025481315963239194,0.0025481315963239194,3.5626075835568107
2026-04-16,-0.0009510979517338589,-0.0009510979517338589,3.5626075835568107
2026-04-17,0.004113923864812584,0.004113923864812584,3.5626075835568107
2026-04-20,-0.0015837498261711712,-0.0015837498261711712,3.5626075835568107
2026-04-21,-0.009752738987878592,-0.009752738987878592,3.5626075835568107
2026-04-22,0.009137888499300884,0.009137888499300884,3.5626075835568107
2026-04-23,-0.0030480509106922023,-0.0030480509106922023,3.5626075835568107
2026-04-24,0.005917188271599983,0.005917188271599983,3.5626075835568107
2026-04-27,7.052888580089405e-06,7.052888580089405e-06,3.5626075835568107
2026-04-28,-0.000199344309744436,-0.000199344309744436,3.5626075835568107
2026-04-29,-0.0031030406035355944,-0.0031030406035355944,3.5626075835568107
2026-04-30,0.007910953456271573,0.007910953456271573,3.5626075835568107
2026-05-01,7.140280098026018e-05,-0.0008534442288707651,3.688489511163149
2026-05-04,-0.0027788113211942665,-0.0027788113211942665,3.688489511163149
2026-05-05,0.012138045581194643,0.012138045581194643,3.688489511163149
2026-05-06,0.011618009585615563,0.011618009585615563,3.688489511163149
2026-05-07,-0.008426081920954712,-0.008426081920954712,3.688489511163149
2026-05-08,0.0066466932278911855,0.0066466932278911855,3.688489511163149
2026-05-11,0.009380869465703346,0.009380869465703346,3.688489511163149
2026-05-12,0.004677394991868986,0.004677394991868986,3.688489511163149
2026-05-13,0.010105485796909093,0.010105485796909093,3.688489511163149
2026-05-14,-0.002485839941837226,-0.002485839941837226,3.688489511163149
2026-05-15,-0.013242943875843691,-0.013242943875843691,3.688489511163149
2026-05-18,0.0035717202391499494,0.0035717202391499494,3.688489511163149
2026-05-19,-0.0021601499117091453,-0.0021601499117091453,3.688489511163149
2026-05-20,0.005724056344806555,0.005724056344806555,3.688489511163149
2026-05-21,0.0011263411771205959,0.0011263411771205959,3.688489511163149
2026-05-22,-0.0002920104813778755,-0.0002920104813778755,3.688489511163149
2026-05-26,0.006738589457261705,0.006738589457261705,3.688489511163149
2026-05-27,-0.006293228764063063,-0.006293228764063063,3.688489511163149
2026-05-28,-0.00278671515684976,-0.00278671515684976,3.688489511163149
2026-05-29,-0.0028099301119972574,-0.0028099301119972574,3.688489511163149
2026-06-01,0.00396536479122377,0.0025989275533827827,3.7874530134398667
2026-06-02,0.0030945006344341077,0.0030945006344341077,3.7874530134398667
2026-06-03,-0.008986360888815898,-0.008986360888815898,3.7874530134398667
2026-06-04,0.0029092834420788713,0.0029092834420788713,3.7874530134398667
2026-06-05,-0.03419032252771473,-0.03419032252771473,3.7874530134398667
2026-06-08,0.005486842098898343,0.005486842098898343,3.7874530134398667
2026-06-09,-0.004177252530370874,-0.004177252530370874,3.7874530134398667
2026-06-10,-0.015832459572171335,-0.015832459572171335,3.7874530134398667
2026-06-11,0.0300343859181787,0.0300343859181787,3.7874530134398667
2026-06-12,0.0022894464584847637,0.0022894464584847637,3.7874530134398667
2026-06-15,0.01192308959559595,0.01192308959559595,3.7874530134398667
2026-06-16,-0.0003258112010613551,-0.0003258112010613551,3.7874530134398667
2026-06-17,-0.006966688776766873,-0.006966688776766873,3.7874530134398667
2026-06-18,0.014107277625860195,0.014107277625860195,3.7874530134398667
2026-06-22,-0.005653856206347148,-0.005653856206347148,3.7874530134398667
2026-06-23,-0.018347561559285262,-0.018347561559285262,3.7874530134398667
2026-06-24,-3.4078508498586006e-05,-3.4078508498586006e-05,3.7874530134398667
2026-06-25,0.011894010610233352,0.011894010610233352,3.7874530134398667
2026-06-26,-0.003788630710900484,-0.003788630710900484,3.7874530134398667
2026-06-29,0.0059858047241657525,0.0059858047241657525,3.7874530134398667
2026-06-30,0.0003888813287405042,0.0003888813287405042,3.7874530134398667
2026-07-01,-0.0008977609111209221,-0.00223876549483646,3.7716780797948424
2026-07-02,-0.005930728551736819,-0.005930728551736819,3.7716780797948424
2026-07-06,0.013396675836378841,0.013396675836378841,3.7716780797948424
2026-07-07,-0.0039259925795719535,-0.0039259925795719535,3.7716780797948424
2026-07-08,-0.0026086335693244517,-0.0026086335693244517,3.7716780797948424
2026-07-09,0.006956023773020066,0.006956023773020066,3.7716780797948424
2026-07-10,0.0006332628277466073,0.0006332628277466073,3.7716780797948424
2026-07-13,-0.00125063229322401,-0.00125063229322401,3.7716780797948424
2026-07-14,-0.0009000573703407159,-0.0009000573703407159,3.7716780797948424
2026-07-15,-0.0025236566262342927,-0.0025236566262342927,3.7716780797948424
2026-07-16,-0.0059250506040226004,-0.0059250506040226004,3.7716780797948424
2026-07-17,-0.004129780352267753,-0.004129780352267753,3.7716780797948424
2026-07-20,0.0038380077773782807,0.0038380077773782807,3.7716780797948424
2026-07-21,0.018582238237724216,0.018582238237724216,3.7716780797948424
2026-07-22,0.0014858950562811517,0.0014858950562811517,3.7716780797948424
2026-07-23,-0.0019814907671688747,-0.0019814907671688747,3.7716780797948424
2026-07-24,-0.001967855226239267,-0.001967855226239267,3.7716780797948424
2026-07-27,-0.004600461300817636,-0.004600461300817636,3.7716780797948424
2026-07-28,-0.007492807510889448,-0.007492807510889448,3.7716780797948424
2026-07-29,-0.010306069662301375,-0.010306069662301375,3.7716780797948424
2026-07-30,0.002951147119443411,0.002951147119443411,3.7716780797948424
2026-07-31,0.0009557667843114522,0.0009557667843114522,3.7716780797948424
2026-08-03,-0.0002990929611104444,-0.00101354027826975,3.8688986272354993
2026-08-04,0.008284508673320982,0.008284508673320982,3.8688986272354993
2026-08-05,0.0012196335352378288,0.0012196335352378288,3.8688986272354993
2026-08-06,0.0035098422836624447,0.0035098422836624447,3.8688986272354993
2026-08-07,0.0019779064263787216,0.0019779064263787216,3.8688986272354993
2026-08-10,0.010025179450572127,0.010025179450572127,3.8688986272354993
2026-08-11,-0.0008539597794194999,-0.0008539597794194999,3.8688986272354993
2026-08-12,0.005897528321169881,0.005897528321169881,3.8688986272354993
2026-08-13,-0.004571888918930599,-0.004571888918930599,3.8688986272354993
2026-08-14,0.005767255357512904,0.005767255357512904,3.8688986272354993
2026-08-17,0.007167315631517636,0.007167315631517636,3.8688986272354993
2026-08-18,-0.014315650144812802,-0.014315650144812802,3.8688986272354993
2026-08-19,-0.008132021628458445,-0.008132021628458445,3.8688986272354993
2026-08-20,0.004028360625274614,0.004028360625274614,3.8688986272354993
2026-08-21,0.011123094950415635,0.011123094950415635,3.8688986272354993
2026-08-24,-0.0039776332680104345,-0.0039776332680104345,3.8688986272354993
2026-08-25,-0.00429638140895978,-0.00429638140895978,3.8688986272354993
2026-08-26,0.0009022797296466096,0.0009022797296466096,3.8688986272354993
2026-08-27,0.006985114519603297,0.006985114519603297,3.8688986272354993
2026-08-28,0.00308401475740887,0.00308401475740887,3.8688986272354993
2026-08-31,-0.001097071293841278,-0.001097071293841278,3.8688986272354993
2026-09-01,-0.000483874157864506,-0.000826801454436506,4.001616373599848
2026-09-02,-0.00027364183618223655,-0.00027364183618223655,4.001616373599848
2026-09-03,0.0012097791324713865,0.0012097791324713865,4.001616373599848
2026-09-04,-0.00012748059194166443,-0.00012748059194166443,4.001616373599848
2026-09-08,-0.0038520762125732414,-0.0038520762125732414,4.001616373599848
2026-09-09,0.0018339545415725772,0.0018339545415725772,4.001616373599848
2026-09-10,0.002551864153483004,0.002551864153483004,4.001616373599848
2026-09-11,0.008202237402143708,0.008202237402143708,4.001616373599848
2026-09-14,-0.004916697004285812,-0.004916697004285812,4.001616373599848
2026-09-15,0.0021301825367187528,0.0021301825367187528,4.001616373599848
2026-09-16,0.006316645420025047,0.006316645420025047,4.001616373599848
2026-09-17,0.0018015978907685323,0.0018015978907685323,4.001616373599848
2026-09-18,0.0027124415801134914,0.0027124415801134914,4.001616373599848
2026-09-21,0.006559418102992895,0.006559418102992895,4.001616373599848
2026-09-22,0.002428000144747714,0.002428000144747714,4.001616373599848
2026-09-23,0.007213927109442143,0.007213927109442143,4.001616373599848
2026-09-24,0.007557208877910593,0.007557208877910593,4.001616373599848
2026-09-25,0.001084916994553966,0.001084916994553966,4.001616373599848
2026-09-28,-0.0006074217445243814,-0.0006074217445243814,4.001616373599848
2026-09-29,0.0019659517681849593,0.0019659517681849593,4.001616373599848
2026-09-30,-0.0035888250834763694,-0.0035888250834763694,4.001616373599848
2026-10-01,0.006203873526637447,0.005993088460156817,3.9460060370321184
