,base_net,vol_scalar,regime_on,net
2015-02-01,0.0,1.0,1.0,0.0
2015-02-02,0.0,1.0,0.0,0.0
2015-02-03,0.0,1.0,0.0,0.0
2015-02-04,0.0,1.0,0.0,0.0
2015-02-05,0.0,1.0,0.0,0.0
2015-02-06,0.0,1.0,0.0,0.0
2015-02-07,0.0,1.0,0.0,0.0
2015-02-08,0.0,1.0,0.0,0.0
2015-02-09,0.0,1.0,0.0,0.0
2015-02-10,0.0,1.0,0.0,0.0
2015-02-11,0.0,1.0,0.0,0.0
2015-02-12,0.0,1.0,0.0,0.0
2015-02-13,0.0,1.0,0.0,0.0
2015-02-14,0.0,1.0,0.0,0.0
2015-02-15,0.0,1.0,0.0,0.0
2015-02-16,0.0,1.0,0.0,0.0
2015-02-17,0.0,1.0,0.0,0.0
2015-02-18,0.0,1.0,0.0,0.0
2015-02-19,0.0,1.0,0.0,0.0
2015-02-20,0.0,1.0,0.0,0.0
2015-02-21,0.0,1.0,0.0,0.0
2015-02-22,0.0,1.0,0.0,0.0
2015-02-23,0.0,1.0,0.0,0.0
2015-02-24,0.0,1.0,0.0,0.0
2015-02-25,0.0,1.0,0.0,0.0
2015-02-26,0.0,1.0,0.0,0.0
2015-02-27,0.0,1.0,0.0,0.0
2015-02-28,0.0,1.0,0.0,0.0
2015-03-01,0.0,1.0,0.0,0.0
2015-03-02,0.0,1.0,0.0,0.0
2015-03-03,0.0,1.0,0.0,0.0
2015-03-04,0.0,1.0,0.0,0.0
2015-03-05,0.0,1.0,0.0,0.0
2015-03-06,0.0,1.0,0.0,0.0
2015-03-07,0.0,1.0,0.0,0.0
2015-03-08,0.0,1.0,0.0,0.0
2015-03-09,0.0,1.0,0.0,0.0
2015-03-10,0.0,1.0,0.0,0.0
2015-03-11,0.0,1.0,0.0,0.0
2015-03-12,0.0,1.0,0.0,0.0
2015-03-13,0.0,1.0,0.0,0.0
2015-03-14,0.0,1.0,0.0,0.0
2015-03-15,0.0,1.0,0.0,0.0
2015-03-16,0.0,1.0,0.0,0.0
2015-03-17,0.0,1.0,0.0,0.0
2015-03-18,0.0,1.0,0.0,0.0
2015-03-19,0.0,1.0,0.0,0.0
2015-03-20,0.0,1.0,0.0,0.0
2015-03-21,0.0,1.0,0.0,0.0
2015-03-22,0.0,1.0,0.0,0.0
2015-03-23,0.0,1.0,0.0,0.0
2015-03-24,0.0,1.0,0.0,0.0
2015-03-25,0.0,1.0,0.0,0.0
2015-03-26,0.0,1.0,0.0,0.0
2015-03-27,0.0,1.0,0.0,0.0
2015-03-28,0.0,1.0,0.0,0.0
2015-03-29,0.0,1.0,0.0,0.0
2015-03-30,0.0,1.0,0.0,0.0
2015-03-31,0.0,1.0,0.0,0.0
2015-04-01,0.0,1.0,0.0,0.0
2015-04-02,0.0,1.0,0.0,0.0
2015-04-03,0.0,1.0,0.0,0.0
2015-04-04,0.0,1.0,0.0,0.0
2015-04-05,0.0,1.0,0.0,0.0
2015-04-06,0.0,1.0,0.0,0.0
2015-04-07,0.0,1.0,0.0,0.0
2015-04-08,0.0,1.0,0.0,0.0
2015-04-09,0.0,1.0,0.0,0.0
2015-04-10,0.0,1.0,0.0,0.0
2015-04-11,0.0,1.0,0.0,0.0
2015-04-12,0.0,1.0,0.0,0.0
2015-04-13,0.0,1.0,0.0,0.0
2015-04-14,0.0,1.0,0.0,0.0
2015-04-15,0.0,1.0,0.0,0.0
2015-04-16,0.0,1.0,0.0,0.0
2015-04-17,0.0,1.0,0.0,0.0
2015-04-18,0.0,1.0,0.0,0.0
2015-04-19,0.0,1.0,0.0,0.0
2015-04-20,0.0,1.0,0.0,0.0
2015-04-21,0.0,1.0,0.0,0.0
2015-04-22,0.0,1.0,0.0,0.0
2015-04-23,0.0,1.0,0.0,0.0
2015-04-24,0.0,1.0,0.0,0.0
2015-04-25,0.0,1.0,0.0,0.0
2015-04-26,0.0,1.0,0.0,0.0
2015-04-27,0.0,1.0,0.0,0.0
2015-04-28,0.0,1.0,0.0,0.0
2015-04-29,0.0,1.0,0.0,0.0
2015-04-30,0.0,1.0,0.0,0.0
2015-05-01,-0.018718274568252424,1.0,0.0,0.0
2015-05-02,0.012284601318028887,1.0,0.0,0.0
2015-05-03,0.023104793778690125,1.0,0.0,0.0
2015-05-04,-0.0055750019902105485,1.0,0.0,0.0
2015-05-05,-0.012120439082948242,1.0,0.0,0.0
2015-05-06,-0.026846423899665184,1.0,0.0,0.0
2015-05-07,0.032865942629762834,1.0,0.0,0.0
2015-05-08,0.02750978354589817,1.0,0.0,0.0
2015-05-09,-0.008328470512031005,1.0,0.0,0.0
2015-05-10,-0.006351498059588678,1.0,0.0,0.0
2015-05-11,0.00774877430770915,1.0,0.0,0.0
2015-05-12,-0.004319515475265434,1.0,0.0,0.0
2015-05-13,-0.019638179020291524,1.0,0.0,0.0
2015-05-14,0.002335260857404098,1.0,0.0,0.0
2015-05-15,0.0028531537743750057,1.0,0.0,0.0
2015-05-16,-0.0061109651552713196,1.0,0.0,0.0
2015-05-17,0.002748227105015877,1.0,0.0,0.0
2015-05-18,-0.015515054523934979,1.0,0.0,0.0
2015-05-19,-0.005065885374378243,1.0,0.0,0.0
2015-05-20,0.008928759974998757,1.0,0.0,0.0
2015-05-21,0.005666182682946053,1.0,0.0,0.0
2015-05-22,0.021262548380705182,1.0,0.0,0.0
2015-05-23,-0.00614115007973548,1.0,0.0,0.0
2015-05-24,0.008711816216392387,1.0,0.0,0.0
2015-05-25,-0.015949177941797066,1.0,0.0,0.0
2015-05-26,2.5290810535816277e-05,1.0,0.0,0.0
2015-05-27,0.0007043280427325715,1.0,0.0,0.0
2015-05-28,0.0005267971051110543,1.0,0.0,0.0
2015-05-29,-0.0013142426223767822,1.0,0.0,0.0
2015-05-30,-0.015820561845702352,1.0,0.0,0.0
2015-05-31,-0.013520747231747232,1.0,0.0,0.0
2015-06-01,-0.03155657279341828,1.0,0.0,0.0
2015-06-02,0.012905623245084596,1.0,0.0,0.0
2015-06-03,0.0003144296021988513,1.0,0.0,0.0
2015-06-04,-0.006862179097875454,1.0,0.0,0.0
2015-06-05,0.0027994806989151133,1.0,0.0,0.0
2015-06-06,0.002965110150589645,1.0,0.0,0.0
2015-06-07,-0.012135531811591216,1.0,0.0,0.0
2015-06-08,0.02516141704278896,1.0,0.0,0.0
2015-06-09,0.002446532398439949,1.0,0.0,0.0
2015-06-10,-0.0010696900716746782,1.0,0.0,0.0
2015-06-11,0.003942291321283875,1.0,0.0,0.0
2015-06-12,0.0012058631533644615,1.0,0.0,0.0
2015-06-13,0.010522554919354388,1.0,0.0,0.0
2015-06-14,0.0049096242936221834,1.0,0.0,0.0
2015-06-15,0.014044517667339163,1.0,0.0,0.0
2015-06-16,0.05941993109470145,1.0,0.0,0.0
2015-06-17,-0.006421043316909625,1.0,0.0,0.0
2015-06-18,-0.001111153550366062,1.0,0.0,0.0
2015-06-19,-0.017674205583297353,1.0,0.0,0.0
2015-06-20,0.0024774649872096877,1.0,0.0,0.0
2015-06-21,-0.005171057460715778,1.0,0.0,0.0
2015-06-22,0.01248649380995226,1.0,0.0,0.0
2015-06-23,-0.010907324929045337,1.0,0.0,0.0
2015-06-24,-0.01547714976149872,1.0,0.0,0.0
2015-06-25,0.009496275025787648,1.0,0.0,0.0
2015-06-26,0.0032743058337771913,1.0,0.0,0.0
2015-06-27,0.0303620431145335,1.0,0.0,0.0
2015-06-28,-0.007884791676710412,1.0,0.0,0.0
2015-06-29,0.032339911582594416,1.0,0.0,0.0
2015-06-30,0.023371595065360795,1.0,0.0,0.0
2015-07-01,-0.01691928035810175,1.0,0.0,0.0
2015-07-02,-0.012408116922156931,1.0,0.0,0.0
2015-07-03,0.0036176685606230663,1.0,0.0,0.0
2015-07-04,0.017750092920892246,1.0,0.0,0.0
2015-07-05,0.04226753691082363,1.0,0.0,0.0
2015-07-06,-0.010602640054006462,1.0,0.0,0.0
2015-07-07,-0.010493246328231565,1.0,0.0,0.0
2015-07-08,0.017197154534223102,1.0,0.0,0.0
2015-07-09,-0.005749974388834178,1.0,0.0,0.0
2015-07-10,0.05818865723357458,1.0,0.0,0.0
2015-07-11,0.028856267327177054,1.0,0.0,0.0
2015-07-12,0.06056331048085162,1.0,0.0,0.0
2015-07-13,-0.060517901652090145,1.0,0.0,0.0
2015-07-14,-0.015716259884378525,1.0,0.0,0.0
2015-07-15,-0.005687596739571199,1.0,0.0,0.0
2015-07-16,-0.027079199384585473,1.0,0.0,0.0
2015-07-17,0.00497321238485493,1.0,0.0,0.0
2015-07-18,-0.016355785675458256,1.0,0.0,0.0
2015-07-19,-0.004681639208717225,1.0,0.0,0.0
2015-07-20,0.01961512791296327,1.0,0.0,0.0
2015-07-21,-0.011283850430048203,1.0,0.0,0.0
2015-07-22,0.005035572289903145,1.0,0.0,0.0
2015-07-23,-0.004231171035699033,1.0,0.0,0.0
2015-07-24,0.044300118488887597,1.0,0.0,0.0
2015-07-25,0.0014533742015652162,1.0,0.0,0.0
2015-07-26,0.013817302558355227,0.9974250695977533,0.0,0.0
2015-07-27,0.0032047595935034145,0.9974250695977533,0.0,0.0
2015-07-28,0.002734820902126067,0.9974250695977533,0.0,0.0
2015-07-29,-0.01642853944491296,0.9974250695977533,0.0,0.0
2015-07-30,-0.006450538686529117,0.9974250695977533,0.0,0.0
2015-07-31,-0.010676942077459284,0.9974250695977533,0.0,0.0
2015-08-01,-0.010711332437264742,0.9974250695977533,0.0,0.0
2015-08-02,0.0035972899274365755,1.0,0.0,0.0
2015-08-03,-0.004907838460521785,1.0,0.0,0.0
2015-08-04,0.014191373730012113,1.0,0.0,0.0
2015-08-05,-0.011696311896514655,1.0,0.0,0.0
2015-08-06,-0.011724738757061592,1.0,0.0,0.0
2015-08-07,0.0036183734496617603,1.0,0.0,0.0
2015-08-08,-0.06648419173359299,1.0,0.0,0.0
2015-08-09,0.015655346191397745,0.9707848168281097,0.0,0.0
2015-08-10,-0.00231250805872274,0.9707848168281097,0.0,0.0
2015-08-11,0.02236921042127915,0.9707848168281097,0.0,0.0
2015-08-12,-0.014830573516412149,0.9707848168281097,0.0,0.0
2015-08-13,-0.008619471899818154,0.9707848168281097,0.0,0.0
2015-08-14,0.006058793490122394,0.9707848168281097,0.0,0.0
2015-08-15,-0.01554124479284047,0.9707848168281097,0.0,0.0
2015-08-16,-0.011638290074689861,1.0,0.0,0.0
2015-08-17,-0.0020540076878606817,1.0,0.0,0.0
2015-08-18,-0.18178829052312706,1.0,0.0,0.0
2015-08-19,0.0739297200308271,1.0,0.0,0.0
2015-08-20,0.03822943016215108,1.0,0.0,0.0
2015-08-21,-0.011816468184631446,1.0,0.0,0.0
2015-08-22,-0.00936926611975275,1.0,0.0,0.0
2015-08-23,-0.009640145179374393,0.6397308625811025,0.0,0.0
2015-08-24,-0.07746017530329796,0.6397308625811025,0.0,0.0
2015-08-25,0.05279934758970639,0.6397308625811025,0.0,0.0
2015-08-26,0.0190515739222179,0.6397308625811025,0.0,0.0
2015-08-27,-0.004702616070475396,0.6397308625811025,0.0,0.0
2015-08-28,0.029483598646369513,0.6397308625811025,0.0,0.0
2015-08-29,-0.006983687452389642,0.6397308625811025,0.0,0.0
2015-08-30,-0.004434664452068193,0.5967971961910267,0.0,0.0
2015-08-31,0.005660921922713724,0.5967971961910267,0.0,0.0
2015-09-01,-0.008410984980383951,0.5967971961910267,0.0,0.0
2015-09-02,0.005098146920115454,0.5967971961910267,0.0,0.0
2015-09-03,-0.009163299471941166,0.5967971961910267,0.0,0.0
2015-09-04,0.013711437526467307,0.5967971961910267,0.0,0.0
2015-09-05,0.020499496117687865,0.5967971961910267,0.0,0.0
2015-09-06,0.020513231709355928,0.5930414756752258,0.0,0.0
2015-09-07,2.9201902462583362e-05,0.5930414756752258,0.0,0.0
2015-09-08,0.01567663762699678,0.5930414756752258,0.0,0.0
2015-09-09,-0.02232692607867648,0.5930414756752258,0.0,0.0
2015-09-10,0.001297427606794077,0.5930414756752258,0.0,0.0
2015-09-11,0.006834997042964641,0.5930414756752258,0.0,0.0
2015-09-12,-0.020315904291731912,0.5930414756752258,0.0,0.0
2015-09-13,-0.020052843908342277,0.6120771519911523,0.0,0.0
2015-09-14,0.0005726547336126764,0.6120771519911523,0.0,0.0
2015-09-15,-0.001474117436522926,0.6120771519911523,0.0,0.0
2015-09-16,-0.005266940357192551,0.6120771519911523,0.0,0.0
2015-09-17,0.003138465194607587,0.6120771519911523,0.0,0.0
2015-09-18,0.013772283967388832,0.6120771519911523,0.0,0.0
2015-09-19,-0.006361239827747167,0.6120771519911523,0.0,0.0
2015-09-20,-0.0012138190147401584,1.0,0.0,0.0
2015-09-21,-0.01784941439518084,1.0,0.0,0.0
2015-09-22,0.01555800426051368,1.0,0.0,0.0
2015-09-23,-0.001452581587625179,1.0,0.0,0.0
2015-09-24,0.01843819174444561,1.0,0.0,0.0
2015-09-25,0.0026222352720963737,1.0,0.0,0.0
2015-09-26,-0.0034191851124925066,1.0,0.0,0.0
2015-09-27,-0.006755110431206357,1.0,0.0,0.0
2015-09-28,0.027432018813733805,1.0,0.0,0.0
2015-09-29,-0.01026587487182895,1.0,0.0,0.0
2015-09-30,-0.0026490635765588078,1.0,0.0,0.0
2015-10-01,0.006307711719417242,1.0,0.0,0.0
2015-10-02,-0.0010776585396811145,1.0,0.0,0.0
2015-10-03,0.00605578952769914,1.0,0.0,0.0
2015-10-04,-0.0019729110309611997,1.0,0.0,0.0
2015-10-05,0.008914638674640596,1.0,0.0,0.0
2015-10-06,0.023628992226607748,1.0,0.0,0.0
2015-10-07,-0.012574053615949654,1.0,1.0,-0.014074053615949654
2015-10-08,-0.002736947109176935,1.0,0.0,-0.0015
2015-10-09,0.006714700936136131,1.0,0.0,0.0
2015-10-10,0.004140492630484882,1.0,0.0,0.0
2015-10-11,0.008610272834936872,1.0,0.0,0.0
2015-10-12,-0.007051221910595595,1.0,1.0,-0.008551221910595595
2015-10-13,0.01712132083434792,1.0,0.0,-0.0015
2015-10-14,0.009943580371429173,1.0,1.0,0.008443580371429173
2015-10-15,0.009250439208903893,1.0,1.0,0.009250439208903893
2015-10-16,0.03361505373815121,1.0,1.0,0.03361505373815121
2015-10-17,0.029562356021361813,1.0,1.0,0.029562356021361813
2015-10-18,-0.03324345547730956,1.0,1.0,-0.03324345547730956
2015-10-19,0.006856695232925425,1.0,1.0,0.006856695232925425
2015-10-20,0.022874541953110006,1.0,1.0,0.022874541953110006
2015-10-21,-0.011842105859227958,1.0,1.0,-0.011842105859227958
2015-10-22,0.02910935805375714,1.0,1.0,0.02910935805375714
2015-10-23,0.009024760150864397,1.0,1.0,0.009024760150864397
2015-10-24,0.018654842966854712,1.0,1.0,0.018654842966854712
2015-10-25,0.00719322656973409,1.0,1.0,0.00719322656973409
2015-10-26,0.005710642833521851,1.0,1.0,0.005710642833521851
2015-10-27,0.02975116352951379,1.0,1.0,0.02975116352951379
2015-10-28,0.03686337528027095,1.0,1.0,0.03686337528027095
2015-10-29,0.030323221752396767,1.0,1.0,0.030323221752396767
2015-10-30,0.0451163854851635,1.0,1.0,0.0451163854851635
2015-10-31,-0.042220718328576656,1.0,1.0,-0.042220718328576656
2015-11-01,0.0358568883406829,1.0,1.0,0.0358568883406829
2015-11-02,0.10987888563872117,1.0,1.0,0.10987888563872117
2015-11-03,0.11691385221725148,1.0,1.0,0.11691385221725148
2015-11-04,0.020192496229717305,1.0,1.0,0.020192496229717305
2015-11-05,-0.06125182558391995,1.0,1.0,-0.06125182558391995
2015-11-06,-0.03075936204981211,1.0,1.0,-0.03075936204981211
2015-11-07,0.03207731826059823,1.0,1.0,0.03207731826059823
2015-11-08,-0.03393167944832387,0.7228140121593066,1.0,-0.024942072343107503
2015-11-09,0.01845090323505061,0.7228140121593066,1.0,0.013336571395290061
2015-11-10,-0.11423324118170564,0.7228140121593066,1.0,-0.08256938738051038
2015-11-11,-0.0764059786796728,0.7228140121593066,1.0,-0.055227312002412744
2015-11-12,0.08701184203697987,0.7228140121593066,1.0,0.06289337864812124
2015-11-13,-0.00413724390407888,0.7228140121593066,1.0,-0.002990457865588889
2015-11-14,-0.011423758568634534,0.7228140121593066,1.0,-0.008257252764933986
2015-11-15,-0.03826912259833104,0.5315145892683922,1.0,-0.02062754611385004
2015-11-16,0.033061044786206084,0.5315145892683922,1.0,0.017572427640324247
2015-11-17,0.013130684314123231,0.5315145892683922,1.0,0.0069791502800341295
2015-11-18,-0.0015040490475721757,0.5315145892683922,1.0,-0.0007994240117598415
2015-11-19,-0.025227919584780656,0.5315145892683922,1.0,-0.013409007316200719
2015-11-20,-0.012653676109382728,0.5315145892683922,1.0,-0.006725613460013828
2015-11-21,0.015231874626433939,0.5315145892683922,1.0,0.00809596358585668
2015-11-22,-0.0073135323685509235,0.5288786540755592,1.0,-0.003871925058406499
2015-11-23,-0.004591233954424845,0.5288786540755592,1.0,-0.0024282056343622196
2015-11-24,-0.009286603434051854,0.5288786540755592,1.0,-0.004911486325134811
2015-11-25,0.025496347141729103,0.5288786540755592,1.0,0.013484473760160919
2015-11-26,0.07458119991586898,0.5288786540755592,1.0,0.039444404630845
2015-11-27,0.015192075210770817,0.5288786540755592,1.0,0.008034764290087138
2015-11-28,-0.0018460969356444146,0.5288786540755592,1.0,-0.0009763612626166322
2015-11-29,0.038930424166492505,0.5162972630000917,1.0,0.020080799357979504
2015-11-30,0.016232441013328103,0.5162972630000917,1.0,0.008380764866991734
2015-12-01,-0.03931137478764046,0.5162972630000917,1.0,-0.020296355207629582
2015-12-02,-0.009106494043992441,0.5162972630000917,1.0,-0.004701657950439934
2015-12-03,0.0051755164046409785,0.5162972630000917,1.0,0.002672104954328212
2015-12-04,0.005918979811516678,0.5162972630000917,1.0,0.0030559530764388597
2015-12-05,0.0709449236987052,0.5162972630000917,1.0,0.03662866992939184
2015-12-06,-0.0004268313398714252,0.6372680084539754,1.0,-0.00045346207608643047
2015-12-07,0.017369641734802377,0.6372680084539754,1.0,0.011069116995896564
2015-12-08,0.05063250120130314,0.6372680084539754,1.0,0.03226647320359796
2015-12-09,0.0048127481426387675,0.6372680084539754,1.0,0.0030670104240499763
2015-12-10,-0.0049908263746698545,0.6372680084539754,1.0,-0.003180493984325432
2015-12-11,0.08775168909191544,0.6372680084539754,1.0,0.055921344146077384
2015-12-12,-0.03748518478903251,0.6372680084539754,1.0,-0.023888109057036
2015-12-13,-0.002855202146319513,0.832456248220466,1.0,-0.0026696132262859
2015-12-14,0.024038920210135872,0.832456248220466,1.0,0.020011349329400845
2015-12-15,0.047590868704790346,0.832456248220466,1.0,0.03961731601154256
2015-12-16,-0.022322275599520713,0.832456248220466,1.0,-0.018582317797320266
2015-12-17,0.0025146778985860596,0.832456248220466,1.0,0.0020933593289398766
2015-12-18,0.01652786219976443,0.832456248220466,1.0,0.013758722157920757
2015-12-19,-0.0027911166895705497,0.832456248220466,1.0,-0.002323482527745427
2015-12-20,-0.042474711979715085,0.8618393590336415,1.0,-0.03665045321395595
2015-12-21,-0.009139659153908575,0.8618393590336415,1.0,-0.00787691798699052
2015-12-22,-0.004712341050152391,0.8618393590336415,1.0,-0.004061280990211254
2015-12-23,0.013351772743957158,0.8618393590336415,1.0,0.011507083263614881
2015-12-24,0.028444746614998406,0.8618393590336415,1.0,0.024514802190544572
2015-12-25,0.0014682457809900296,0.8618393590336415,1.0,0.0012653920027922954
2015-12-26,-0.08422862802476327,0.8618393590336415,1.0,-0.07259154678914499
2015-12-27,0.01329824385364864,0.7729919209787064,1.0,0.010146163904992733
2015-12-28,-0.0012866053884702522,0.7729919209787064,1.0,-0.0009945355707751751
2015-12-29,0.02534819448794612,0.7729919209787064,1.0,0.019593949550579328
2015-12-30,-0.014695742250116273,0.7729919209787064,1.0,-0.011359690032125315
2015-12-31,0.009251772096881439,0.7729919209787064,1.0,0.007151545085625578
2016-01-01,0.008748995929425352,0.7729919209787064,1.0,0.0067629031701213855
2016-01-02,-0.0020629897281927434,0.7729919209787064,1.0,-0.0015946743929550482
2016-01-03,-0.00790655652199379,0.8055858302983131,1.0,-0.006418300764550321
2016-01-04,0.007162647438718084,0.8055858302983131,1.0,0.005770127284053793
2016-01-05,-0.0026114880105212457,0.8055858302983131,1.0,-0.0021037777372698474
2016-01-06,-0.006609363193875617,0.8055858302983131,1.0,-0.0053244093362814
2016-01-07,0.06744967414278147,0.8055858302983131,1.0,0.05433650174766327
2016-01-08,-0.010518533255044149,0.8055858302983131,1.0,-0.008473581345785158
2016-01-09,-0.012397719520954253,0.8055858302983131,1.0,-0.009987427174093537
2016-01-10,0.0008489623562373261,0.832585021111413,1.0,0.0006663345550709991
2016-01-11,0.0009754921892843882,0.832585021111413,1.0,0.0008121801850093608
2016-01-12,-0.028405912064368155,0.832585021111413,1.0,-0.0236503368958009
2016-01-13,-0.007617802165628018,0.832585021111413,1.0,-0.006342467976891971
2016-01-14,-0.004775996611502853,0.832585021111413,1.0,-0.003976423239616139
2016-01-15,-0.1533211392380016,0.832585021111413,1.0,-0.12765288394929747
2016-01-16,0.06369213021713627,0.832585021111413,1.0,0.05302911358146526
2016-01-17,-0.01351358161965166,0.6698663172848632,1.0,-0.0092963712086243
2016-01-18,0.012736072796625919,0.6698663172848632,1.0,0.008531466180947734
2016-01-19,-0.018129113109683792,0.6698663172848632,1.0,-0.012144082234424617
2016-01-20,0.10543504141779825,0.6698663172848632,1.0,0.07062738290731754
2016-01-21,-0.023720384830985597,0.6698663172848632,1.0,-0.015889486831312055
2016-01-22,-0.06768842705359068,0.6698663172848632,1.0,-0.0453421973531939
2016-01-23,0.013069535735354965,0.6698663172848632,1.0,0.008754841771665148
2016-01-24,0.0399493435811773,0.5838310630647219,1.0,0.023194614850406355
2016-01-25,-0.02790522118354022,0.5838310630647219,1.0,-0.01629193494864248
2016-01-26,0.0010900525845978226,0.5838310630647219,1.0,0.0006364065592621944
2016-01-27,0.007188443331437089,0.5838310630647219,1.0,0.004196836511973426
2016-01-28,-0.037174746465929664,0.5838310630647219,1.0,-0.021703771748365228
2016-01-29,-0.0021431133644858047,0.5838310630647219,1.0,-0.0012512161538559602
2016-01-30,-0.003212325860960319,0.5838310630647219,1.0,-0.001875455622314761
2016-01-31,-0.025083624722259446,0.6059349117906815,1.0,-0.015232199706561774
2016-02-01,0.011630654274163321,0.6059349117906815,1.0,0.007047419471683064
2016-02-02,0.0037313387049842106,0.6059349117906815,1.0,0.002260948389065763
2016-02-03,-0.012015000596581338,0.6059349117906815,1.0,-0.007280308326654499
2016-02-04,0.053101883614825374,0.6059349117906815,1.0,0.032176285164068244
2016-02-05,-0.007815785037633693,0.6059349117906815,1.0,-0.0047358570173535
2016-02-06,-0.025939810387103357,0.6059349117906815,1.0,-0.015717836718776475
2016-02-07,0.00026025555620479146,0.6111282253966566,1.0,0.0001512595458040914
2016-02-08,-0.00842494873221833,0.6111282253966566,1.0,-0.005148723967778399
2016-02-09,0.006913968501225387,0.6111282253966566,1.0,0.004225321300602252
2016-02-10,0.014945643131907493,0.6111282253966566,1.0,0.009133704364614356
2016-02-11,-0.005227303585499055,0.6111282253966566,1.0,-0.0031945527638156173
2016-02-12,0.012140024574571084,0.6111282253966566,1.0,0.007419111674529427
2016-02-13,0.019770274144603528,0.6111282253966566,1.0,0.012082172553596957
2016-02-14,0.03922325884072131,0.6079906196169934,1.0,0.02384266703729837
2016-02-15,-0.017299838513058163,0.6079906196169934,1.0,-0.01051813953682816
2016-02-16,0.018249082493738022,0.6079906196169934,1.0,0.011095270972809407
2016-02-17,0.021679127316867275,0.6079906196169934,1.0,0.013180706050137823
2016-02-18,0.014534410875089776,0.6079906196169934,1.0,0.0088367854737138
2016-02-19,-0.003759667949825962,0.6079906196169934,1.0,-0.002285842846368838
2016-02-20,0.03892486105775461,0.6079906196169934,1.0,0.023665950393009606
2016-02-21,0.003737733848330871,1.0,1.0,0.003149719777756361
2016-02-22,-0.0023929423119869453,1.0,1.0,-0.0023929423119869453
2016-02-23,-0.03886252811778146,1.0,1.0,-0.03886252811778146
2016-02-24,0.01002765205857803,1.0,1.0,0.01002765205857803
2016-02-25,-0.0009671147241367972,1.0,1.0,-0.0009671147241367972
2016-02-26,0.017920407767467728,1.0,1.0,0.017920407767467728
2016-02-27,0.0008492483841082699,1.0,1.0,0.0008492483841082699
2016-02-28,0.0022773226683849845,1.0,1.0,0.0022773226683849845
2016-02-29,0.009672328710496725,1.0,1.0,0.009672328710496725
2016-03-01,-0.005880792374806099,1.0,1.0,-0.005880792374806099
2016-03-02,-0.02558810389315269,1.0,1.0,-0.02558810389315269
2016-03-03,-0.005514323767648155,1.0,1.0,-0.005514323767648155
2016-03-04,-0.02540490972492626,1.0,1.0,-0.02540490972492626
2016-03-05,-0.025232426598970514,1.0,1.0,-0.025232426598970514
2016-03-06,0.017817093835551523,1.0,1.0,0.017817093835551523
2016-03-07,0.016222467752560865,1.0,1.0,0.016222467752560865
2016-03-08,-0.0008424133193375427,1.0,1.0,-0.0008424133193375427
2016-03-09,0.0021450738715436124,1.0,1.0,0.0021450738715436124
2016-03-10,0.005474200191670997,1.0,1.0,0.005474200191670997
2016-03-11,0.010929397114499917,1.0,1.0,0.010929397114499917
2016-03-12,-0.02387063829639413,1.0,1.0,-0.02387063829639413
2016-03-13,0.00593019251421345,1.0,1.0,0.00593019251421345
2016-03-14,0.00573095003405788,1.0,1.0,0.00573095003405788
2016-03-15,0.0009413125172212933,1.0,1.0,0.0009413125172212933
2016-03-16,0.0004342292102057499,1.0,1.0,0.0004342292102057499
2016-03-17,0.008656884320788816,1.0,1.0,0.008656884320788816
2016-03-18,-0.026325357005549388,1.0,1.0,-0.026325357005549388
2016-03-19,0.0021877681850965836,1.0,1.0,0.0021877681850965836
2016-03-20,0.008066885218695807,1.0,1.0,0.008066885218695807
2016-03-21,-0.0010827616381386962,1.0,1.0,-0.0010827616381386962
2016-03-22,0.011570049243740943,1.0,1.0,0.011570049243740943
2016-03-23,-0.0001148180211008043,1.0,1.0,-0.0001148180211008043
2016-03-24,-0.0039397396784595085,1.0,1.0,-0.0039397396784595085
2016-03-25,0.001880405285714648,1.0,1.0,0.001880405285714648
2016-03-26,0.0018409580765432754,1.0,1.0,0.0018409580765432754
2016-03-27,0.0211032723675455,1.0,1.0,0.0211032723675455
2016-03-28,-0.005937757343340011,1.0,1.0,-0.005937757343340011
2016-03-29,-0.01818583876313995,1.0,1.0,-0.01818583876313995
2016-03-30,-0.004081431986586503,1.0,1.0,-0.004081431986586503
2016-03-31,0.004611669609792424,1.0,1.0,0.004611669609792424
2016-04-01,0.0029539281818384833,1.0,1.0,0.0029539281818384833
2016-04-02,0.006969553173317822,1.0,1.0,0.006969553173317822
2016-04-03,7.367034810545903e-05,1.0,1.0,7.367034810545903e-05
2016-04-04,0.001282973209025151,1.0,1.0,0.001282973209025151
2016-04-05,0.006136043065408936,1.0,1.0,0.006136043065408936
2016-04-06,-0.0014550960929827772,1.0,1.0,-0.0014550960929827772
2016-04-07,-0.0015776541495821084,1.0,1.0,-0.0015776541495821084
2016-04-08,-0.0056677101359551285,1.0,1.0,-0.0056677101359551285
2016-04-09,-0.0022314512070426007,1.0,1.0,-0.0022314512070426007
2016-04-10,0.005133352639766775,1.0,1.0,0.005133352639766775
2016-04-11,0.0021799924988104014,1.0,1.0,0.0021799924988104014
2016-04-12,0.00640736011028098,1.0,1.0,0.00640736011028098
2016-04-13,-0.0034243365177533125,1.0,1.0,-0.0034243365177533125
2016-04-14,0.0012932739384234893,1.0,1.0,0.0012932739384234893
2016-04-15,0.012800447792337577,1.0,1.0,0.012800447792337577
2016-04-16,0.0019989580164132548,1.0,1.0,0.0019989580164132548
2016-04-17,-0.007369276722496543,1.0,1.0,-0.007369276722496543
2016-04-18,0.0027890019357359463,1.0,1.0,0.0027890019357359463
2016-04-19,0.016141261044697153,1.0,1.0,0.016141261044697153
2016-04-20,0.013501454267428992,1.0,1.0,0.013501454267428992
2016-04-21,0.018206117703021496,1.0,1.0,0.018206117703021496
2016-04-22,-0.008206015200358463,1.0,1.0,-0.008206015200358463
2016-04-23,0.010196625886370603,1.0,1.0,0.010196625886370603
2016-04-24,0.018372885211030088,1.0,1.0,0.018372885211030088
2016-04-25,0.006260976858004863,1.0,1.0,0.006260976858004863
2016-04-26,0.010105617014595225,1.0,1.0,0.010105617014595225
2016-04-27,-0.04591822169655291,1.0,1.0,-0.04591822169655291
2016-04-28,0.00972363594039427,1.0,1.0,0.00972363594039427
2016-04-29,0.013554230788261235,1.0,1.0,0.013554230788261235
2016-04-30,-0.014895707782496714,1.0,1.0,-0.014895707782496714
2016-05-01,0.007934115717358248,1.0,1.0,0.007934115717358248
2016-05-02,-0.015946873919432947,1.0,1.0,-0.015946873919432947
2016-05-03,0.01267230044731571,1.0,1.0,0.01267230044731571
2016-05-04,-0.007954628089030247,1.0,1.0,-0.007954628089030247
2016-05-05,0.002807178430442203,1.0,1.0,0.002807178430442203
2016-05-06,0.025954478142589776,1.0,1.0,0.025954478142589776
2016-05-07,-0.0023215385699234536,1.0,1.0,-0.0023215385699234536
2016-05-08,2.615586981646878e-05,1.0,1.0,2.615586981646878e-05
2016-05-09,0.004219836398980714,1.0,1.0,0.004219836398980714
2016-05-10,-0.020821643056809114,1.0,1.0,-0.020821643056809114
2016-05-11,0.00406526543244512,1.0,1.0,0.00406526543244512
2016-05-12,0.004501586822668102,1.0,1.0,0.004501586822668102
2016-05-13,0.001987884393882755,1.0,1.0,0.001987884393882755
2016-05-14,2.1431353198764214e-06,1.0,1.0,2.1431353198764214e-06
2016-05-15,0.004163098409817101,1.0,1.0,0.004163098409817101
2016-05-16,-0.007441514332660049,1.0,1.0,-0.007441514332660049
2016-05-17,-0.0008367147643265627,1.0,1.0,-0.0008367147643265627
2016-05-18,0.0018422870722276663,1.0,1.0,0.0018422870722276663
2016-05-19,-0.034983122389776966,1.0,1.0,-0.034983122389776966
2016-05-20,0.009028637197771028,1.0,1.0,0.009028637197771028
2016-05-21,0.001156587242436613,1.0,1.0,0.001156587242436613
2016-05-22,-0.008720882191243562,1.0,1.0,-0.008720882191243562
2016-05-23,0.010998742961110253,1.0,1.0,0.010998742961110253
2016-05-24,0.004111152130561901,1.0,1.0,0.004111152130561901
2016-05-25,0.008112479176510368,1.0,1.0,0.008112479176510368
2016-05-26,0.008418621194288045,1.0,1.0,0.008418621194288045
2016-05-27,0.04428913780222743,1.0,1.0,0.04428913780222743
2016-05-28,0.11949375254117633,1.0,1.0,0.11949375254117633
2016-05-29,-0.0071824899889741944,1.0,1.0,-0.0071824899889741944
2016-05-30,0.014501262555236538,1.0,1.0,0.014501262555236538
2016-05-31,-0.004641682676279957,1.0,1.0,-0.004641682676279957
2016-06-01,0.01041426895780817,1.0,1.0,0.01041426895780817
2016-06-02,0.001959327249142495,1.0,1.0,0.001959327249142495
2016-06-03,0.058036451231221475,1.0,1.0,0.058036451231221475
2016-06-04,0.006207058063578019,1.0,1.0,0.006207058063578019
2016-06-05,0.003928573369656352,0.9782946205511699,1.0,0.0038107441248021465
2016-06-06,0.018365948110822705,0.9782946205511699,1.0,0.017967308238139773
2016-06-07,-0.015268040508522596,0.9782946205511699,1.0,-0.014936641895845003
2016-06-08,0.008754875243001337,0.9782946205511699,1.0,0.008564847353824824
2016-06-09,-0.012060645948779758,0.9782946205511699,1.0,-0.011798865052063498
2016-06-10,0.00494225118107372,0.9782946205511699,1.0,0.004834977743857086
2016-06-11,0.05066413930986835,0.9782946205511699,1.0,0.04956445494169927
2016-06-12,0.10887435032943138,0.9464313759599672,1.0,0.10299430632214444
2016-06-13,0.04695709193584663,0.9464313759599672,1.0,0.044441665131922006
2016-06-14,-0.026714363056839163,0.9464313759599672,1.0,-0.025283311385778405
2016-06-15,0.012996653638348121,0.9464313759599672,1.0,0.012300440785816926
2016-06-16,0.1034444876069811,0.9464313759599672,1.0,0.0979031087413489
2016-06-17,-0.02270495309111209,0.9464313759599672,1.0,-0.021488679995127727
2016-06-18,0.009771538594757656,0.9464313759599672,1.0,0.009248090717482413
2016-06-19,0.009989085573125944,0.7103042978845269,1.0,0.006741099797414519
2016-06-20,-0.034767809715171794,0.7103042978845269,1.0,-0.024695724668717934
2016-06-21,-0.09572917176344398,0.7103042978845269,1.0,-0.06799684213650035
2016-06-22,-0.10580625586293746,0.7103042978845269,1.0,-0.0751546382825144
2016-06-23,0.046737481653341684,0.7103042978845269,1.0,0.03319783409066782
2016-06-24,0.0662236302995558,0.7103042978845269,1.0,0.04703892922329046
2016-06-25,-0.00026458086913350165,0.7103042978845269,1.0,-0.00018793292848354979
2016-06-26,-0.0537584510031085,0.525190846669982,1.0,-0.02851111657481111
2016-06-27,0.04116520224071096,0.525190846669982,1.0,0.02161958741814003
2016-06-28,-0.012626832312067848,0.525190846669982,1.0,-0.006631496752734799
2016-06-29,-0.010990650975278071,0.525190846669982,1.0,-0.005772189291160553
2016-06-30,0.05226985838745257,0.525190846669982,1.0,0.027451651181826273
2016-07-01,0.004394598127820171,0.525190846669982,1.0,0.002308002711524193
2016-07-02,0.04052368345860824,0.525190846669982,1.0,0.021282667625812803
2016-07-03,-0.06400155636164562,0.5425302381135092,1.0,-0.03474878869968406
2016-07-04,0.037952561221273884,0.5425302381135092,1.0,0.020590412076395257
2016-07-05,-0.01906640033610929,0.5425302381135092,1.0,-0.010344098714316866
2016-07-06,0.009996584316817492,0.5425302381135092,1.0,0.005423449269724765
2016-07-07,-0.054285101786537004,0.5425302381135092,1.0,-0.029451309198266006
2016-07-08,0.04052847040600782,0.5425302381135092,1.0,0.021987920699747733
2016-07-09,-0.023349513882981232,0.5425302381135092,1.0,-0.012667817326768497
2016-07-10,-0.0024579644941098433,0.5092720060577036,1.0,-0.001301659856817637
2016-07-11,-0.0026194850435854455,0.5092720060577036,1.0,-0.001334030402984911
2016-07-12,0.026081670906665577,0.5092720060577036,1.0,0.013282664863974425
2016-07-13,-0.015172661582416813,0.5092720060577036,1.0,-0.0077270118013120625
2016-07-14,0.0055159079658642085,0.5092720060577036,1.0,0.0028090975150053326
2016-07-15,0.007866851543552045,0.5092720060577036,1.0,0.004006367266942892
2016-07-16,-0.0037511606484723625,0.5092720060577036,1.0,-0.0019103611084922364
2016-07-17,0.02828826916516869,0.6317239488041209,1.0,0.01768669918773459
2016-07-18,-0.00935003650652666,0.6317239488041209,1.0,-0.005906641983365709
2016-07-19,-0.0003595338446481522,0.6317239488041209,1.0,-0.00022712614006985805
2016-07-20,-0.010669341750207062,0.6317239488041209,1.0,-0.006740078701581475
2016-07-21,-0.0010109490754345307,0.6317239488041209,1.0,-0.0006386407419733768
2016-07-22,-0.021643225766245777,0.6317239488041209,1.0,-0.013672544045911877
2016-07-23,0.007588176149103898,0.6317239488041209,1.0,0.004793632601133161
2016-07-24,0.008739059068229693,0.8544768246004303,1.0,0.007133194128922039
2016-07-25,-0.010869728745036777,0.8544768246004303,1.0,-0.009287931302327046
2016-07-26,-0.0035361549353930544,0.8544768246004303,1.0,-0.0030215624404897968
2016-07-27,0.003939945100722264,0.8544768246004303,1.0,0.0033665917787651825
2016-07-28,0.001043755362771126,0.8544768246004303,1.0,0.000891864768040342
2016-07-29,0.002987674445236399,0.8544768246004303,1.0,0.0025528985729054506
2016-07-30,-0.0029604733561579,0.8544768246004303,1.0,-0.002529655872683981
2016-07-31,-0.04635692848404205,1.0,1.0,-0.0465752132471414
2016-08-01,-0.02946953200920699,1.0,1.0,-0.02946953200920699
2016-08-02,-0.09699763217344737,1.0,1.0,-0.09699763217344737
2016-08-03,0.03450440244883124,1.0,1.0,0.03450440244883124
2016-08-04,0.021071627173149254,1.0,1.0,0.021071627173149254
2016-08-05,-0.005613061413004994,1.0,1.0,-0.005613061413004994
2016-08-06,0.022146143317866906,1.0,1.0,0.022146143317866906
2016-08-07,0.008356874837424755,1.0,1.0,0.008356874837424755
2016-08-08,-0.002760273197432106,1.0,1.0,-0.002760273197432106
2016-08-09,-0.0055037113934993664,1.0,1.0,-0.0055037113934993664
2016-08-10,0.007318806479226669,1.0,1.0,0.007318806479226669
2016-08-11,-0.005038029006446343,1.0,1.0,-0.005038029006446343
2016-08-12,-0.002649670922785896,1.0,1.0,-0.002649670922785896
2016-08-13,-0.003354570741573859,1.0,1.0,-0.003354570741573859
2016-08-14,-0.02581164557109794,1.0,1.0,-0.02581164557109794
2016-08-15,-0.005667283288201208,1.0,1.0,-0.005667283288201208
2016-08-16,0.017980106868553447,1.0,1.0,0.017980106868553447
2016-08-17,-0.007313365172209707,1.0,1.0,-0.007313365172209707
2016-08-18,0.0019224685625014448,1.0,1.0,0.0019224685625014448
2016-08-19,0.0022844691170509357,1.0,1.0,0.0022844691170509357
2016-08-20,0.010539785192048123,1.0,1.0,0.010539785192048123
2016-08-21,-0.0006687984836930561,1.0,1.0,-0.0006687984836930561
2016-08-22,0.009366820136180065,1.0,1.0,0.009366820136180065
2016-08-23,-0.005688957275192363,1.0,1.0,-0.005688957275192363
2016-08-24,-0.0055414607323549525,1.0,1.0,-0.0055414607323549525
2016-08-25,-0.004172863824260409,1.0,1.0,-0.004172863824260409
2016-08-26,0.0032712742693985497,1.0,1.0,0.0032712742693985497
2016-08-27,-0.016741072603754348,1.0,1.0,-0.016741072603754348
2016-08-28,0.006956726977862093,1.0,1.0,0.006956726977862093
2016-08-29,0.0003397861144782688,1.0,1.0,0.0003397861144782688
2016-08-30,0.0059152668849560275,1.0,1.0,0.0059152668849560275
2016-08-31,-0.0035168750500036428,1.0,1.0,-0.0035168750500036428
2016-09-01,-0.005506795171634882,1.0,1.0,-0.005506795171634882
2016-09-02,0.0056508683520231084,1.0,1.0,0.0056508683520231084
2016-09-03,0.03939796797275985,1.0,1.0,0.03939796797275985
2016-09-04,0.01742191314142638,1.0,1.0,0.01742191314142638
2016-09-05,-0.0033582504525986323,1.0,1.0,-0.0033582504525986323
2016-09-06,0.00634027447757779,1.0,1.0,0.00634027447757779
2016-09-07,0.006729669286737572,1.0,1.0,0.006729669286737572
2016-09-08,0.019155621948398593,1.0,1.0,0.019155621948398593
2016-09-09,-0.005516314720538151,1.0,1.0,-0.005516314720538151
2016-09-10,0.0010402789625236775,1.0,1.0,0.0010402789625236775
2016-09-11,-0.02692820597106127,1.0,1.0,-0.02692820597106127
2016-09-12,0.0025118495236247096,1.0,1.0,0.0025118495236247096
2016-09-13,0.0016408687091293839,1.0,1.0,0.0016408687091293839
2016-09-14,0.0023685095030407943,1.0,1.0,0.0023685095030407943
2016-09-15,-0.005778752313614799,1.0,1.0,-0.005778752313614799
2016-09-16,-0.00029976995520941685,1.0,1.0,-0.00029976995520941685
2016-09-17,-0.0016294194886373736,1.0,1.0,-0.0016294194886373736
2016-09-18,0.006419335480833732,1.0,1.0,0.006419335480833732
2016-09-19,-0.0010609300716880599,1.0,1.0,-0.0010609300716880599
2016-09-20,-0.0015018671902981007,1.0,1.0,-0.0015018671902981007
2016-09-21,-0.018350821103800485,1.0,1.0,-0.018350821103800485
2016-09-22,-0.0014251270660791127,1.0,1.0,-0.0014251270660791127
2016-09-23,0.010974389712895327,1.0,1.0,0.010974389712895327
2016-09-24,-0.0003599284516910828,1.0,1.0,-0.0003599284516910828
2016-09-25,-0.0029852914009023124,1.0,1.0,-0.0029852914009023124
2016-09-26,0.012011865582587822,1.0,1.0,0.012011865582587822
2016-09-27,-0.0030869758688286675,1.0,1.0,-0.0030869758688286675
2016-09-28,-0.0023722680654858497,1.0,1.0,-0.0023722680654858497
2016-09-29,0.0015957021614345646,1.0,1.0,0.0015957021614345646
2016-09-30,0.006673334895926697,1.0,1.0,0.006673334895926697
2016-10-01,0.006966938000768419,1.0,1.0,0.006966938000768419
2016-10-02,-0.005034247736243724,1.0,1.0,-0.005034247736243724
2016-10-03,0.002031401194242388,1.0,1.0,0.002031401194242388
2016-10-04,-0.003151302293994518,1.0,1.0,-0.003151302293994518
2016-10-05,0.003780714176687905,1.0,1.0,0.003780714176687905
2016-10-06,0.0008326540699006291,1.0,1.0,0.0008326540699006291
2016-10-07,0.0066881487127896655,1.0,1.0,0.0066881487127896655
2016-10-08,0.003219789316688537,1.0,1.0,0.003219789316688537
2016-10-09,-0.003805405746458379,1.0,1.0,-0.003805405746458379
2016-10-10,0.003635179688199708,1.0,1.0,0.003635179688199708
2016-10-11,0.03566755456092818,1.0,1.0,0.03566755456092818
2016-10-12,-0.007612256843642973,1.0,1.0,-0.007612256843642973
2016-10-13,0.0009336711639325035,1.0,1.0,0.0009336711639325035
2016-10-14,0.005640795997202019,1.0,1.0,0.005640795997202019
2016-10-15,-0.002704644216381835,1.0,1.0,-0.002704644216381835
2016-10-16,0.004673927919097709,1.0,1.0,0.004673927919097709
2016-10-17,-0.0037996735690011274,1.0,1.0,-0.0037996735690011274
2016-10-18,-0.0019289497923044019,1.0,1.0,-0.0019289497923044019
2016-10-19,-0.011662176602227792,1.0,1.0,-0.011662176602227792
2016-10-20,0.0005344399657709609,1.0,1.0,0.0005344399657709609
2016-10-21,0.0031243345442188986,1.0,1.0,0.0031243345442188986
2016-10-22,0.0386613792447601,1.0,1.0,0.0386613792447601
2016-10-23,-0.0003393039625855243,1.0,1.0,-0.0003393039625855243
2016-10-24,-0.005037503770162544,1.0,1.0,-0.005037503770162544
2016-10-25,0.005853861651613945,1.0,1.0,0.005853861651613945
2016-10-26,0.031503012551975074,1.0,1.0,0.031503012551975074
2016-10-27,0.01475587926682298,1.0,1.0,0.01475587926682298
2016-10-28,0.0019439015652655822,1.0,1.0,0.0019439015652655822
2016-10-29,0.03600082200204224,1.0,1.0,0.03600082200204224
2016-10-30,-0.01765620846155791,1.0,1.0,-0.01765620846155791
2016-10-31,-0.0012709425062655821,1.0,1.0,-0.0012709425062655821
2016-11-01,0.04111582993933238,1.0,1.0,0.04111582993933238
2016-11-02,0.015122026734456728,1.0,1.0,0.015122026734456728
2016-11-03,-0.07036572370709482,1.0,1.0,-0.07036572370709482
2016-11-04,0.021104941029334467,1.0,1.0,0.021104941029334467
2016-11-05,0.0002602891457430534,1.0,1.0,0.0002602891457430534
2016-11-06,0.011520806302859343,1.0,1.0,0.011520806302859343
2016-11-07,-0.011793017690813201,1.0,1.0,-0.011793017690813201
2016-11-08,0.009553043732787758,1.0,1.0,0.009553043732787758
2016-11-09,0.018912481782264123,1.0,1.0,0.018912481782264123
2016-11-10,-0.010699989578151436,1.0,1.0,-0.010699989578151436
2016-11-11,0.0012256778354984288,1.0,1.0,0.0012256778354984288
2016-11-12,-0.01585262434358825,1.0,1.0,-0.01585262434358825
2016-11-13,-0.004287629294803641,1.0,1.0,-0.004287629294803641
2016-11-14,0.004259057234537567,1.0,1.0,0.004259057234537567
2016-11-15,0.009358618392210527,1.0,1.0,0.009358618392210527
2016-11-16,0.045781490717260676,1.0,1.0,0.045781490717260676
2016-11-17,-0.004328160394457825,1.0,1.0,-0.004328160394457825
2016-11-18,0.014316277527319121,1.0,1.0,0.014316277527319121
2016-11-19,4.125396125331804e-05,1.0,1.0,4.125396125331804e-05
2016-11-20,-0.027394342447511155,1.0,1.0,-0.027394342447511155
2016-11-21,0.011247185260575776,1.0,1.0,0.011247185260575776
2016-11-22,0.01636663102935887,1.0,1.0,0.01636663102935887
2016-11-23,-0.00898784564083277,1.0,1.0,-0.00898784564083277
2016-11-24,-0.0057816645173855985,1.0,1.0,-0.0057816645173855985
2016-11-25,0.0018371005767632287,1.0,1.0,0.0018371005767632287
2016-11-26,-0.00845004562109497,1.0,1.0,-0.00845004562109497
2016-11-27,-0.004551438316092282,1.0,1.0,-0.004551438316092282
2016-11-28,0.005160976285722985,1.0,1.0,0.005160976285722985
2016-11-29,-0.00028401832847246844,1.0,1.0,-0.00028401832847246844
2016-11-30,0.013712507060988921,1.0,1.0,0.013712507060988921
2016-12-01,0.0148627355359785,1.0,1.0,0.0148627355359785
2016-12-02,0.027973983354282694,1.0,1.0,0.027973983354282694
2016-12-03,-0.008726772998926546,1.0,1.0,-0.008726772998926546
2016-12-04,0.0035232604045207783,1.0,1.0,0.0035232604045207783
2016-12-05,-0.019605305384388316,1.0,1.0,-0.019605305384388316
2016-12-06,0.007280857687529396,1.0,1.0,0.007280857687529396
2016-12-07,0.005113710148497264,1.0,1.0,0.005113710148497264
2016-12-08,0.0034863518890431155,1.0,1.0,0.0034863518890431155
2016-12-09,0.0025739271614879655,1.0,1.0,0.0025739271614879655
2016-12-10,0.0024016983195536135,1.0,1.0,0.0024016983195536135
2016-12-11,-0.006349972494194334,1.0,1.0,-0.006349972494194334
2016-12-12,0.013453994691891902,1.0,1.0,0.013453994691891902
2016-12-13,0.0006012857421731077,1.0,1.0,0.0006012857421731077
2016-12-14,0.0011850370211665684,1.0,1.0,0.0011850370211665684
2016-12-15,-0.004341763002112309,1.0,1.0,-0.004341763002112309
2016-12-16,0.008763751163498146,1.0,1.0,0.008763751163498146
2016-12-17,0.0075448393286550175,1.0,1.0,0.0075448393286550175
2016-12-18,-0.00037802129545694285,1.0,1.0,-0.00037802129545694285
2016-12-19,0.002762652751951755,1.0,1.0,0.002762652751951755
2016-12-20,0.010296257433692224,1.0,1.0,0.010296257433692224
2016-12-21,0.041710614719965955,1.0,1.0,0.041710614719965955
2016-12-22,0.03626952064766198,1.0,1.0,0.03626952064766198
2016-12-23,0.06644462051690336,1.0,1.0,0.06644462051690336
2016-12-24,-0.025121897000262017,1.0,1.0,-0.025121897000262017
2016-12-25,-0.002936107508335395,1.0,1.0,-0.002936107508335395
2016-12-26,0.012750746404258217,1.0,1.0,0.012750746404258217
2016-12-27,0.028192740393221838,1.0,1.0,0.028192740393221838
2016-12-28,0.04578130530750624,1.0,1.0,0.04578130530750624
2016-12-29,-0.0024838190586441433,1.0,1.0,-0.0024838190586441433
2016-12-30,-0.012592779521968134,1.0,1.0,-0.012592779521968134
2016-12-31,0.0026060194719346175,1.0,1.0,0.0026060194719346175
2017-01-01,0.03588304343929827,1.0,1.0,0.03588304343929827
2017-01-02,0.02346429019261209,1.0,1.0,0.02346429019261209
2017-01-03,0.02161973655034255,1.0,1.0,0.02161973655034255
2017-01-04,0.10623277348965399,1.0,1.0,0.10623277348965399
2017-01-05,-0.12240954853233998,1.0,1.0,-0.12240954853233998
2017-01-06,-0.10971108130965934,1.0,1.0,-0.10971108130965934
2017-01-07,0.00707606540293404,1.0,1.0,0.00707606540293404
2017-01-08,0.002876948852891692,0.6223786669894916,1.0,0.0012241195925439157
2017-01-09,-0.009186765912764683,0.6223786669894916,1.0,-0.0057176471227309835
2017-01-10,0.005373131059129843,0.6223786669894916,1.0,0.003344122146141067
2017-01-11,-0.14313649953773722,0.6223786669894916,1.0,-0.08908510377983887
2017-01-12,0.03481417032449219,0.6223786669894916,1.0,0.021667596918902566
2017-01-13,0.023793757204392474,0.6223786669894916,1.0,0.014808726891541401
2017-01-14,-0.00676229323013644,0.6223786669894916,1.0,-0.004208707046364381
2017-01-15,0.004137263848341455,0.5166617782253875,1.0,0.0019789907637255497
2017-01-16,0.011847221898321436,0.5166617782253875,1.0,0.006121006733017504
2017-01-17,0.09188318458808964,0.5166617782253875,1.0,0.04747252953829391
2017-01-18,-0.02348178796282996,0.5166617782253875,1.0,-0.012132142324787225
2017-01-19,0.0140477831009016,0.5166617782253875,1.0,0.007257952597036369
2017-01-20,-0.004501299759979593,0.5166617782253875,1.0,-0.0023256495383165666
2017-01-21,0.029901925149750097,0.5166617782253875,1.0,0.015449181820232322
2017-01-22,0.0031286684516584895,0.4944052842255925,1.0,0.0015134454740901673
2017-01-23,-0.0039591832046829145,0.4944052842255925,1.0,-0.0019574410976124484
2017-01-24,-0.030754226298042142,0.4944052842255925,1.0,-0.015205051994021716
2017-01-25,0.00991946824867651,0.4944052842255925,1.0,0.004904237518853651
2017-01-26,0.01779618308042097,0.4944052842255925,1.0,0.008798526954006208
2017-01-27,0.0023583636501629535,0.4944052842255925,1.0,0.0011659874507661209
2017-01-28,0.002000572824646607,0.4944052842255925,1.0,0.0009890937759834022
2017-01-29,-0.002272219875171899,0.5149306642570484,1.0,-0.0012008237597075175
2017-01-30,0.0009636228875071762,0.5149306642570484,1.0,0.0004961989735573653
2017-01-31,0.05434808053482265,0.5149306642570484,1.0,0.027985493210891787
2017-02-01,0.019187899075688852,0.5149306642570484,1.0,0.009880437616741665
2017-02-02,0.02302977514468041,0.5149306642570484,1.0,0.011858737412940745
2017-02-03,0.01789884028979083,0.5149306642570484,1.0,0.009216661719852812
2017-02-04,0.012612742670015331,0.5149306642570484,1.0,0.006494687961174212
2017-02-05,-0.014919990631405144,0.6276846202692662,1.0,-0.009534179587912873
2017-02-06,0.010522377161797936,0.6276846202692662,1.0,0.006604734313133136
2017-02-07,0.022347397414905545,0.6276846202692662,1.0,0.014027117660381368
2017-02-08,0.0016205500001782447,0.6276846202692662,1.0,0.0010171943114892408
2017-02-09,-0.06461188271135343,0.6276846202692662,1.0,-0.04055588506455824
2017-02-10,-0.005741232905460025,0.6276846202692662,1.0,-0.0036036835961410917
2017-02-11,0.015956726683781453,0.6276846202692662,1.0,0.010015791929249828
2017-02-12,-0.005245638777002459,0.9938989371870384,1.0,-0.005762956280706518
2017-02-13,-0.008546000380438512,0.9938989371870384,1.0,-0.008493860695317863
2017-02-14,0.01403933871158447,0.9938989371870384,1.0,0.01395368382425265
2017-02-15,0.0029167216279784025,0.9938989371870384,1.0,0.0028989265261181825
2017-02-16,0.019811769290158265,0.9938989371870384,1.0,0.019690896441283107
2017-02-17,0.01826872673993929,0.9938989371870384,1.0,0.018157268090586088
2017-02-18,0.007847452532812271,0.9938989371870384,1.0,0.007799574731987849
2017-02-19,-0.0062119919530519985,1.0,1.0,-0.006221143547271441
2017-02-20,0.030643100290290715,1.0,1.0,0.030643100290290715
2017-02-21,0.03270437322740438,1.0,1.0,0.03270437322740438
2017-02-22,0.0019186698506590272,1.0,1.0,0.0019186698506590272
2017-02-23,0.04410083036306922,1.0,1.0,0.04410083036306922
2017-02-24,0.005965512875911516,1.0,1.0,0.005965512875911516
2017-02-25,-0.025424380176076733,1.0,1.0,-0.025424380176076733
2017-02-26,0.01867392816288249,1.0,1.0,0.01867392816288249
2017-02-27,0.012675952755057507,1.0,1.0,0.012675952755057507
2017-02-28,0.0,1.0,1.0,0.0
2017-03-01,0.03604331495955959,1.0,1.0,0.03604331495955959
2017-03-02,0.023321071382924385,1.0,1.0,0.023321071382924385
2017-03-03,0.019168496080413044,1.0,1.0,0.019168496080413044
2017-03-04,-0.015560879671428163,1.0,1.0,-0.015560879671428163
2017-03-05,0.00953668523307627,1.0,1.0,0.00953668523307627
2017-03-06,0.004506251151827012,1.0,1.0,0.004506251151827012
2017-03-07,-0.03872466762564919,1.0,1.0,-0.03872466762564919
2017-03-08,-0.06010431756597667,1.0,1.0,-0.06010431756597667
2017-03-09,0.033469556725543415,1.0,1.0,0.033469556725543415
2017-03-10,-0.06038756751926588,1.0,1.0,-0.06038756751926588
2017-03-11,0.052931788543501,1.0,1.0,0.052931788543501
2017-03-12,0.03873863613830775,0.978380080317399,1.0,0.03786868005686013
2017-03-13,0.008629614878549852,0.978380080317399,1.0,0.008443043297983826
2017-03-14,0.006558831552744948,0.978380080317399,1.0,0.006417030141362893
2017-03-15,0.007749988186743995,0.978380080317399,1.0,0.007582434064605482
2017-03-16,-0.049455372061888436,0.978380080317399,1.0,-0.048386150890037255
2017-03-17,-0.07373239306348878,0.978380080317399,1.0,-0.07213830464745018
2017-03-18,-0.11489596679671465,0.978380080317399,1.0,-0.11241192522271488
2017-03-19,0.0646137137658247,0.6752987951588817,1.0,0.04317894112906449
2017-03-20,0.016870179986421707,0.6752987951588817,1.0,0.011392412218944058
2017-03-21,0.06289904463186113,0.6752987951588817,1.0,0.04247564905654055
2017-03-22,-0.06371929777163454,0.6752987951588817,1.0,-0.04302956501355482
2017-03-23,-0.01005590167262882,0.6752987951588817,1.0,-0.006790738283762425
2017-03-24,-0.09731457997404602,0.6752987951588817,1.0,-0.06571641860786591
2017-03-25,0.037608767208616944,0.6752987951588817,1.0,0.02539715518338988
2017-03-26,-0.006223423989354715,0.5664014429823148,1.0,-0.0036883023561261148
2017-03-27,0.08176580303762493,0.5664014429823148,1.0,0.046312268827118495
2017-03-28,0.0013196064689549036,0.5664014429823148,1.0,0.0007474270081848545
2017-03-29,-0.006856757430679705,0.5664014429823148,1.0,-0.003883677302916694
2017-03-30,-0.013019526884062937,0.5664014429823148,1.0,-0.007374278814080288
2017-03-31,0.044191988716200115,0.5664014429823148,1.0,0.025030406177113915
2017-04-01,0.008126555220758114,0.5664014429823148,1.0,0.004602892603512859
2017-04-02,0.020055570518567878,0.5397792188917228,1.0,0.010785646852804545
2017-04-03,0.03778002757122989,0.5397792188917228,1.0,0.02039287377210622
2017-04-04,-0.009232353321610876,0.5397792188917228,1.0,-0.004983432464471521
2017-04-05,-0.007474053124310598,0.5397792188917228,1.0,-0.004034338557395614
2017-04-06,0.05147675359266213,0.5397792188917228,1.0,0.027786081845328846
2017-04-07,-0.004887229879914523,0.5397792188917228,1.0,-0.002638025127124549
2017-04-08,-0.0008072675864378986,0.5397792188917228,1.0,-0.0004357462672440552
2017-04-09,0.010136523185730661,0.5475147079842676,1.0,0.005538292298372264
2017-04-10,-0.0006229555737722325,0.5475147079842676,1.0,-0.0003410773390610758
2017-04-11,0.015061539013646152,0.5475147079842676,1.0,0.008246414134850126
2017-04-12,-0.0038506025766043006,0.5475147079842676,1.0,-0.002108261545292972
2017-04-13,-0.02590031902395007,0.5475147079842676,1.0,-0.014180805607097393
2017-04-14,-0.001488086848982828,0.5475147079842676,1.0,-0.000814749436576062
2017-04-15,0.004265361616847763,0.5475147079842676,1.0,0.002335348220095706
2017-04-16,0.008886775237463063,0.5917028485046654,1.0,0.005192048011247021
2017-04-17,0.009273583881525216,0.5917028485046654,1.0,0.005487205998545421
2017-04-18,0.014875500881293524,0.5917028485046654,1.0,0.008801876244395039
2017-04-19,-0.0011389279529591123,0.5917028485046654,1.0,-0.0006739069140074943
2017-04-20,0.015525135616866192,0.5917028485046654,1.0,0.00918626696792096
2017-04-21,-0.005719650045492797,0.5917028485046654,1.0,-0.003384333224367927
2017-04-22,0.00790467797831873,0.5917028485046654,1.0,0.0046772204762832925
2017-04-23,-0.019891046412705893,0.8891218452501519,1.0,-0.018131692385539706
2017-04-24,0.03556967293677382,0.8891218452501519,1.0,0.031625773236488734
2017-04-25,0.012270499956597014,0.8891218452501519,1.0,0.010909969563551447
2017-04-26,0.01231931184017121,0.8891218452501519,1.0,0.01095336927554507
2017-04-27,0.028608693970150645,0.8891218452501519,1.0,0.025436614772937235
2017-04-28,-0.0009486010173004322,0.8891218452501519,1.0,-0.0008434218869083316
2017-04-29,0.004033527795735514,0.8891218452501519,1.0,0.0035862976766121383
2017-04-30,0.019745931513033055,1.0,1.0,0.01957961428090828
2017-05-01,0.0546854417915732,1.0,1.0,0.0546854417915732
2017-05-02,0.021961150280870756,1.0,1.0,0.021961150280870756
2017-05-03,0.025653570923533042,1.0,1.0,0.025653570923533042
2017-05-04,0.031931010352657774,1.0,1.0,0.031931010352657774
2017-05-05,0.011562888473097388,1.0,1.0,0.011562888473097388
2017-05-06,0.01501179619354387,1.0,1.0,0.01501179619354387
2017-05-07,0.011344002758720828,1.0,1.0,0.011344002758720828
2017-05-08,0.07931309865072889,1.0,1.0,0.07931309865072889
2017-05-09,0.018574294379609002,1.0,1.0,0.018574294379609002
2017-05-10,0.018098862795306925,1.0,1.0,0.018098862795306925
2017-05-11,0.034379111334029044,1.0,1.0,0.034379111334029044
2017-05-12,-0.06725737173444557,1.0,1.0,-0.06725737173444557
2017-05-13,0.04678585603060226,1.0,1.0,0.04678585603060226
2017-05-14,0.002216176941925996,1.0,1.0,0.002216176941925996
2017-05-15,-0.03896267870541803,1.0,1.0,-0.03896267870541803
2017-05-16,-0.0022894809777168623,1.0,1.0,-0.0022894809777168623
2017-05-17,0.06033037423636123,1.0,1.0,0.06033037423636123
2017-05-18,0.02694814256769873,1.0,1.0,0.02694814256769873
2017-05-19,0.05245012852721076,1.0,1.0,0.05245012852721076
2017-05-20,0.048809947848473145,1.0,1.0,0.048809947848473145
2017-05-21,-0.020880416027349136,0.8933173823464308,1.0,-0.01881286251433634
2017-05-22,0.06476580165308032,0.8933173823464308,1.0,0.057856416398297854
2017-05-23,0.06764517628472633,0.8933173823464308,1.0,0.06042861180703458
2017-05-24,0.05310244475213688,0.8933173823464308,1.0,0.047437336942174876
2017-05-25,-0.05674318565944014,0.8933173823464308,1.0,-0.0506896740792886
2017-05-26,-0.04449498887747083,0.8933173823464308,1.0,-0.039748146991555794
2017-05-27,-0.07425919332339515,0.8933173823464308,1.0,-0.0663370281948129
2017-05-28,0.0573504215526095,0.6465960315293916,1.0,0.03671247295622943
2017-05-29,0.046298384049117125,0.6465960315293916,1.0,0.029936351392382817
2017-05-30,-0.03552925058061074,0.6465960315293916,1.0,-0.022973072428636235
2017-05-31,0.050995850505991314,0.6465960315293916,1.0,0.0329737145616401
2017-06-01,0.05312694371196991,0.6465960315293916,1.0,0.034351670971445106
2017-06-02,0.033502570701906764,0.6465960315293916,1.0,0.021662629261885776
2017-06-03,0.010769342911445712,0.6465960315293916,1.0,0.006963414388719982
2017-06-04,-0.0014073742918723209,0.6101578204665951,1.0,-0.0009133777471037278
2017-06-05,0.06967087316227039,0.6101578204665951,1.0,0.04251022811869549
2017-06-06,0.06565030230326219,0.6101578204665951,1.0,0.04005704536633154
2017-06-07,-0.045766988438535994,0.6101578204665951,1.0,-0.027925085914976975
2017-06-08,0.026887227483478382,0.6101578204665951,1.0,0.016405452119708702
2017-06-09,0.006483394275232257,0.6101578204665951,1.0,0.003955893720201314
2017-06-10,0.043876854240490815,0.6101578204665951,1.0,0.026771805752308354
2017-06-11,0.003528212280786036,0.5780166116392902,1.0,0.001991153494443119
2017-06-12,-0.10090233756359857,0.5780166116392902,1.0,-0.058323227264995114
2017-06-13,0.021578241803352327,0.5780166116392902,1.0,0.012472582212307
2017-06-14,-0.07752975717127475,0.5780166116392902,1.0,-0.04481348754135719
2017-06-15,-0.016673530687237204,0.5780166116392902,1.0,-0.009637577711900575
2017-06-16,0.021902303336727824,0.5780166116392902,1.0,0.012659895161791336
2017-06-17,0.05452314855474327,0.5780166116392902,1.0,0.03151528558351837
2017-06-18,-0.04051005636447136,0.5296692661214906,1.0,-0.021529452843386462
2017-06-19,0.01621089356412031,0.5296692661214906,1.0,0.008586412097281199
2017-06-20,0.05104646911540134,0.5296692661214906,1.0,0.02703774583444796
2017-06-21,-0.012010456698382854,0.5296692661214906,1.0,-0.006361569785216387
2017-06-22,0.006065157064008231,0.5296692661214906,1.0,0.003212527291004814
2017-06-23,0.014600375278880584,0.5296692661214906,1.0,0.007733370059063032
2017-06-24,-0.04961545033060577,0.5296692661214906,1.0,-0.026279779164899226
2017-06-25,-0.007402120124278988,0.5670987272581017,1.0,-0.004253877093195113
2017-06-26,-0.042851446740276966,0.5670987272581017,1.0,-0.0243010009075794
2017-06-27,0.029857371122225418,0.5670987272581017,1.0,0.016932077162686836
2017-06-28,0.008752409770216296,0.5670987272581017,1.0,0.004963480441131036
2017-06-29,-0.013775869164089127,0.5670987272581017,1.0,-0.007812277869829074
2017-06-30,-0.02302977919066862,0.5670987272581017,1.0,-0.01306015846806329
2017-07-01,-0.01865901768052247,0.5670987272581017,1.0,-0.010581505178510711
2017-07-02,0.029541361004107758,0.6511826296705585,1.0,0.019110695289083497
2017-07-03,0.022976572057023192,0.6511826296705585,1.0,0.014961944612907436
2017-07-04,0.01465637821486343,0.6511826296705585,1.0,0.009543978907401055
2017-07-05,0.00013456806887401918,0.6511826296705585,1.0,8.762838895907264e-05
2017-07-06,0.0025250167694854664,0.6511826296705585,1.0,0.0016442470599158045
2017-07-07,-0.03446351414766324,0.6511826296705585,1.0,-0.02244204177036385
2017-07-08,0.020915954364450373,0.6511826296705585,1.0,0.01362010616511219
2017-07-09,-0.02057298711030131,0.7351544156087472,1.0,-0.01525027999530713
2017-07-10,-0.05792470188153198,0.7351544156087472,1.0,-0.04258360036102854
2017-07-11,-0.014655064012102925,0.7351544156087472,1.0,-0.010773735019526307
2017-07-12,0.026114427646636518,0.7351544156087472,1.0,0.01919813679551998
2017-07-13,-0.01706665890466874,0.7351544156087472,1.0,-0.01254662965345557
2017-07-14,-0.052826591293936076,0.7351544156087472,1.0,-0.03883570185129571
2017-07-15,-0.10499077315203142,0.7351544156087472,1.0,-0.0771844304808922
2017-07-16,-0.03453970741745427,0.7473533084779661,1.0,-0.02583166295159922
2017-07-17,0.1547242613977975,0.7473533084779661,1.0,0.11563368865745362
2017-07-18,0.0405984420601897,0.7473533084779661,1.0,0.030341379992733786
2017-07-19,-0.019599959234089415,0.7473533084779661,1.0,-0.014648094379629986
2017-07-20,0.2393608698654388,0.7473533084779661,1.0,0.17888713801409958
2017-07-21,-0.05318004070743243,0.7473533084779661,1.0,-0.039744279367692543
2017-07-22,0.05336316119169271,0.7473533084779661,1.0,0.039881135067454554
2017-07-23,-0.02836897054903753,0.40945649645757626,1.0,-0.012122704507147657
2017-07-24,0.008958469804049018,0.40945649645757626,1.0,0.003668103659586901
2017-07-25,-0.06475106538896502,0.40945649645757626,1.0,-0.026512744376061045
2017-07-26,-0.018253597797534105,0.40945649645757626,1.0,-0.007474054201924045
2017-07-27,0.05626918139220716,0.40945649645757626,1.0,0.023039781871388984
2017-07-28,0.05136275403063939,0.40945649645757626,1.0,0.021030813313797858
2017-07-29,-0.029391158560036046,0.40945649645757626,1.0,-0.012034400810821461
2017-07-30,0.01127105981004406,0.39932702071407883,1.0,0.00448564452061984
2017-07-31,0.042855438955589076,0.39932702071407883,1.0,0.01711333475952946
2017-08-01,-0.05463008664141544,0.39932702071407883,1.0,-0.021815269739868425
2017-08-02,-0.0027922597041331043,0.39932702071407883,1.0,-0.0011150247487114477
2017-08-03,0.03469993075685429,0.39932702071407883,1.0,0.013856619968119455
2017-08-04,0.03250220618176569,0.39932702071407883,1.0,0.01297900916119921
2017-08-05,0.12328508084725742,0.39932702071407883,1.0,0.049231064033229646
2017-08-06,-0.011980033802367007,0.37365810546469896,1.0,-0.004514940106869579
2017-08-07,0.05133885604838184,0.37365810546469896,1.0,0.01918317968776326
2017-08-08,0.012133983057105446,0.37365810546469896,1.0,0.004533961120858777
2017-08-09,-0.022652436016542987,0.37365810546469896,1.0,-0.008464266326101765
2017-08-10,0.011611191404536703,0.37365810546469896,1.0,0.004338615782407181
2017-08-11,0.07965625016471445,0.37365810546469896,1.0,0.029764203524969314
2017-08-12,0.06412330952976464,0.37365810546469896,1.0,0.02396019435501833
2017-08-13,0.04853645464502643,0.37448340427664384,1.0,0.0181748588187705
2017-08-14,0.06183496080363593,0.37448340427664384,1.0,0.02315616662505842
2017-08-15,-0.033108764571511906,0.37448340427664384,1.0,-0.012398682868133715
2017-08-16,0.04655737873358379,0.37448340427664384,1.0,0.01743496568234948
2017-08-17,-0.010268161258673913,0.37448340427664384,1.0,-0.003845255983809755
2017-08-18,-0.03949262909690476,0.37448340427664384,1.0,-0.014789334188043735
2017-08-19,0.007950756664456327,0.37448340427664384,1.0,0.002977426422280819
2017-08-20,-0.025285613721660716,0.5791177268614628,1.0,-0.014950298624662394
2017-08-21,-0.02101934204958411,0.5791177268614628,1.0,-0.012172673587878711
2017-08-22,0.024684269727151875,0.5791177268614628,1.0,0.014295098173623413
2017-08-23,0.01243744689870585,0.5791177268614628,1.0,0.007202745975938682
2017-08-24,0.044118818020461026,0.5791177268614628,1.0,0.02554998960382393
2017-08-25,0.008517334700095969,0.5791177268614628,1.0,0.004932539510437837
2017-08-26,-0.0043920292075192435,0.5791177268614628,1.0,-0.002543501970967696
2017-08-27,0.007003028479147133,0.6558273724412922,1.0,0.0044777132982408594
2017-08-28,-5.0132919079404203e-05,0.6558273724412922,1.0,-3.2878540592657586e-05
2017-08-29,0.0448038077972408,0.6558273724412922,1.0,0.029383563543029116
2017-08-30,-0.002996321218345477,0.6558273724412922,1.0,-0.0019650694716176055
2017-08-31,0.030247812397657503,0.6558273724412922,1.0,0.01983734332685286
2017-09-01,0.040102909480912885,0.6558273724412922,1.0,0.02630058575211808
2017-09-02,-0.06403089141293461,0.6558273724412922,1.0,-0.04199321127041861
2017-09-03,0.0009150801172317369,0.663279960703747,1.0,0.0005957754218045645
2017-09-04,-0.07563886774014905,0.663279960703747,1.0,-0.05016974522236198
2017-09-05,0.03309949569863302,0.663279960703747,1.0,0.02195423220630315
2017-09-06,0.050403023139341974,0.663279960703747,1.0,0.03343131520721279
2017-09-07,0.0006003248892021418,0.663279960703747,1.0,0.0003981834689194778
2017-09-08,-0.0806825161237863,0.663279960703747,1.0,-0.0535150961240644
2017-09-09,-0.0006361079293526473,0.663279960703747,1.0,-0.0004219176423843657
2017-09-10,-0.024401006080782994,0.6431559123778968,1.0,-0.015723837401313372
2017-09-11,0.009296783040678047,0.6431559123778968,1.0,0.005979280978706647
2017-09-12,-0.007319871287980284,0.6431559123778968,1.0,-0.0047078184967097305
2017-09-13,-0.06008990178251539,0.6431559123778968,1.0,-0.03864717560563189
2017-09-14,-0.1874110117851947,0.6431559123778968,1.0,-0.12053450027437167
2017-09-15,0.15295648927176453,0.6431559123778968,1.0,0.0983748704117017
2017-09-16,-0.0034309035831391332,0.6431559123778968,1.0,-0.0022066059242944447
2017-09-17,-0.011630259471810844,0.4636989430260018,1.0,-0.005662124478224676
2017-09-18,0.13461798445242934,0.4636989430260018,1.0,0.062422217102882226
2017-09-19,-0.03449522339690225,0.4636989430260018,1.0,-0.015995398628589383
2017-09-20,-0.004845901923637541,0.4636989430260018,1.0,-0.0022470395999983966
2017-09-21,-0.07038234374377883,0.4636989430260018,1.0,-0.03263621840168297
2017-09-22,-9.366128904286786e-05,0.4636989430260018,1.0,-4.3430640731630664e-05
2017-09-23,0.04453685331933954,0.4636989430260018,1.0,0.020651691809881825
2017-09-24,-0.028889309480631398,0.41788698493594073,1.0,-0.012141184372877433
2017-09-25,0.06604413296914613,0.41788698493594073,1.0,0.027598983599184834
2017-09-26,-0.00858873380148717,0.41788698493594073,1.0,-0.003589120072720874
2017-09-27,0.0792117400755914,0.41788698493594073,1.0,0.033101555231718316
2017-09-28,-0.006175191550082948,0.41788698493594073,1.0,-0.002580532178266061
2017-09-29,-0.0027930324367207993,0.41788698493594073,1.0,-0.0011671719038095385
2017-09-30,0.042190053046182285,0.41788698493594073,1.0,0.017630674061756516
2017-10-01,0.014988389180881967,0.3998748817148052,1.0,0.005966462195968939
2017-10-02,0.0012670115735247123,0.3998748817148052,1.0,0.0005066461030944835
2017-10-03,-0.02082857388696502,0.3998748817148052,1.0,-0.008328823519338217
2017-10-04,-0.02041008124788868,0.3998748817148052,1.0,-0.008161478824789048
2017-10-05,0.023419689071315863,0.3998748817148052,1.0,0.009364945397189947
2017-10-06,0.00979572194250733,0.3998748817148052,1.0,0.00391706315307124
2017-10-07,0.012830591440306849,0.3998748817148052,1.0,0.005130631234523693
2017-10-08,0.04147151568709995,0.4229439849824349,1.0,0.01750552445306217
2017-10-09,0.03503757520840067,0.4229439849824349,1.0,0.014818931682762748
2017-10-10,0.0020893070026830607,0.4229439849824349,1.0,0.0008836598295664805
2017-10-11,0.009303604548152045,0.4229439849824349,1.0,0.0039349035822961315
2017-10-12,0.12854713544693785,0.4229439849824349,1.0,0.05436823772400471
2017-10-13,0.03677310602556361,0.4229439849824349,1.0,0.01555296400263346
2017-10-14,0.0326851807178703,0.4229439849824349,1.0,0.013824000582687106
2017-10-15,-0.02633841352782007,0.5225403967664736,1.0,-0.013912279672702614
2017-10-16,0.008347713414463831,0.5225403967664736,1.0,0.0043620174796867445
2017-10-17,-0.02097252534707461,0.5225403967664736,1.0,-0.010958991716055291
2017-10-18,-0.002643795986161823,0.5225403967664736,1.0,-0.0013814902035786095
2017-10-19,0.021076124657229967,0.5225403967664736,1.0,0.011013126540688603
2017-10-20,0.05306632450176196,0.5225403967664736,1.0,0.027729298260089134
2017-10-21,0.003351920366813088,0.5225403967664736,1.0,0.0017515137984041348
2017-10-22,-0.0038431221244686897,0.7598594227816083,1.0,-0.003276211098200709
2017-10-23,-0.012998441965067942,0.7598594227816083,1.0,-0.00987698860863676
2017-10-24,-0.06807047502757235,0.7598594227816083,1.0,-0.05172399186292101
2017-10-25,0.040559845118093296,0.7598594227816083,1.0,0.030819780499545806
2017-10-26,0.026784148060926993,0.7598594227816083,1.0,0.02035218728527312
2017-10-27,-0.02098793261475229,0.7598594227816083,1.0,-0.015947878362024968
2017-10-28,-0.004810679835932641,0.7598594227816083,1.0,-0.003655440403318899
2017-10-29,0.06966000267519279,0.7648526254529626,1.0,0.05327214613117457
2017-10-30,-0.0037895483526454443,0.7648526254529626,1.0,-0.0028984460068018176
2017-10-31,0.0551127111404921,0.7648526254529626,1.0,0.042153101811636125
2017-11-01,0.04621083432731066,0.7648526254529626,1.0,0.03534447795961545
2017-11-02,0.04598428898807039,0.7648526254529626,1.0,0.0351712041621134
2017-11-03,0.01826089787737506,0.7648526254529626,1.0,0.013966895684638747
2017-11-04,0.023889590564422525,0.7648526254529626,1.0,0.01827201606419489
2017-11-05,0.0037208870264384686,0.7316172003429227,1.0,0.002672411811410155
2017-11-06,-0.05192778346429916,0.7316172003429227,1.0,-0.03799125955816406
2017-11-07,0.01731799481206897,0.7316172003429227,1.0,0.01267014287995916
2017-11-08,0.04413399955849262,0.7316172003429227,1.0,0.032289193196920155
2017-11-09,-0.0423757375660655,0.7316172003429227,1.0,-0.031002818480551253
2017-11-10,-0.07355414731266852,0.7316172003429227,1.0,-0.05381347933050545
2017-11-11,-0.03936756153242693,0.7316172003429227,1.0,-0.02880198515268193
2017-11-12,-0.06410127519466624,0.702104121671787,1.0,-0.04505003913659935
2017-11-13,0.1024223964020905,0.702104121671787,1.0,0.07191118666540935
2017-11-14,0.011625867697059977,0.702104121671787,1.0,0.008162569628116697
2017-11-15,0.10244358799871911,0.702104121671787,1.0,0.07192606537274711
2017-11-16,0.07602308228430132,0.702104121671787,1.0,0.053376119414001374
2017-11-17,-0.020668967939835303,0.702104121671787,1.0,-0.01451176758126039
2017-11-18,0.01052792460507379,0.702104121671787,1.0,0.007391699257872129
2017-11-19,0.03162202719066243,0.5535157820563216,1.0,0.01728040860122258
2017-11-20,0.020425510300550398,0.5535157820563216,1.0,0.011305842307908605
2017-11-21,-0.015776803805438666,0.5535157820563216,1.0,-0.008732709896716534
2017-11-22,0.02258507895370454,0.5535157820563216,1.0,0.012501197639863538
2017-11-23,-0.026022716314653915,0.5535157820563216,1.0,-0.01440398417213546
2017-11-24,0.026735484363164197,0.5535157820563216,1.0,0.014798512535931388
2017-11-25,0.06508961012823455,0.5535157820563216,1.0,0.036028126453870817
2017-11-26,0.06138491620992981,0.5734028140698757,1.0,0.03516845314819695
2017-11-27,0.052279856482030373,0.5734028140698757,1.0,0.02997741682596545
2017-11-28,0.024489879142509663,0.5734028140698757,1.0,0.014042565616546196
2017-11-29,-0.016919459222728528,0.5734028140698757,1.0,-0.009701665530853049
2017-11-30,0.034887536827456156,0.5734028140698757,1.0,0.020004611792829783
2017-12-01,0.07250625667631683,0.5734028140698757,1.0,0.041575291615872784
2017-12-02,0.009020008338809893,0.5734028140698757,1.0,0.0051720981644073375
2017-12-03,0.022447817050383678,0.5743619792891568,1.0,0.012891733883950329
2017-12-04,0.02949696148075409,0.5743619792891568,1.0,0.016941933179101937
2017-12-05,0.02226091991663215,0.5743619792891568,1.0,0.012785826024114252
2017-12-06,0.19928333899191664,0.5743619792891568,1.0,0.11446077302274923
2017-12-07,0.2524716942763181,0.5743619792891568,1.0,0.14501014203903295
2017-12-08,-0.07431961911021989,0.5743619792891568,1.0,-0.04268636353216214
2017-12-09,-0.08396201205323306,0.5743619792891568,1.0,-0.04822458742799498
2017-12-10,0.01826304777546084,0.35810167352752864,1.0,0.006215637513463293
2017-12-11,0.09585001702858453,0.35810167352752864,1.0,0.03432405150557824
2017-12-12,0.028257970059188287,0.35810167352752864,1.0,0.010119226368686124
2017-12-13,-0.05783393716386753,0.35810167352752864,1.0,-0.020710429685066898
2017-12-14,0.009495300439305021,0.35810167352752864,1.0,0.003400282977961806
2017-12-15,0.06899905763251635,0.35810167352752864,1.0,0.024708678010026502
2017-12-16,0.10111877067699493,0.35810167352752864,1.0,0.03621080100447827
2017-12-17,-0.01828959770177696,0.3812578872978882,1.0,-0.007007787699963334
2017-12-18,-0.0013897831550526707,0.3812578872978882,1.0,-0.0005298657894975745
2017-12-19,-0.0699741582000456,0.3812578872978882,1.0,-0.026678199720797584
2017-12-20,-0.06480953495347552,0.3812578872978882,1.0,-0.024709146373120716
2017-12-21,-0.04942670729264509,0.3812578872978882,1.0,-0.01884432199848499
2017-12-22,-0.12473030502089644,0.3812578872978882,1.0,-0.04755441257428815
2017-12-23,0.06271059463505568,0.3812578872978882,1.0,0.02390890882175561
2017-12-24,-0.05261513418067698,0.3314722915566821,1.0,-0.01751513749104312
2017-12-25,0.007238349401918809,0.3314722915566821,1.0,0.002399312263341967
2017-12-26,0.14780490304484273,0.3314722915566821,1.0,0.048993229915587244
2017-12-27,-0.016230003345223065,0.3314722915566821,1.0,-0.005379796400813706
2017-12-28,-0.07778514379518264,0.3314722915566821,1.0,-0.025783619862855225
2017-12-29,0.0034026081068359026,0.3314722915566821,1.0,0.0011278703064422405
2017-12-30,-0.11626478741365665,0.3314722915566821,1.0,-0.03853855551135526
2017-12-31,0.09297263608914186,0.29782741718888556,1.0,0.027639332764119593
2018-01-01,-0.03526321533283927,0.29782741718888556,1.0,-0.010502352344355027
2018-01-02,0.0970110560814097,0.29782741718888556,1.0,0.02889255227149238
2018-01-03,0.014610795304552893,0.29782741718888556,1.0,0.004351495428630485
2018-01-04,0.026195657872015055,0.29782741718888556,1.0,0.007801785125585942
2018-01-05,0.11733292616101543,0.29782741718888556,1.0,0.03494496234974945
2018-01-06,0.005593964256002781,0.29782741718888556,1.0,0.0016660359262122542
2018-01-07,-0.05987336056512804,0.3625819197240153,1.0,-0.021806129767834973
2018-01-08,-0.07935014996092593,0.3625819197240153,1.0,-0.028770929703221024
2018-01-09,-0.03788368129071751,0.3625819197240153,1.0,-0.013735937888601116
2018-01-10,0.025891678470515656,0.3625819197240153,1.0,0.009387854484716523
2018-01-11,-0.10468634305373903,0.3625819197240153,1.0,-0.03795737523331153
2018-01-12,0.042876949757709726,0.3625819197240153,1.0,0.015546406755060546
2018-01-13,0.02715195317395036,0.3625819197240153,1.0,0.009844807306067493
2018-01-14,-0.04096044534981502,0.36361951990305114,1.0,-0.014895573873383456
2018-01-15,0.0034707961579654167,0.36361951990305114,1.0,0.0012620492326407393
2018-01-16,-0.16854801354629112,0.36361951990305114,1.0,-0.06128734776631534
2018-01-17,-0.02627391241677912,0.36361951990305114,1.0,-0.009553707418964039
2018-01-18,0.02558861620270214,0.36361951990305114,1.0,0.009304520338609987
2018-01-19,0.01154694119247024,0.36361951990305114,1.0,0.004198693212754793
2018-01-20,0.11129105236439107,0.36361951990305114,1.0,0.04046759903024521
2018-01-21,-0.10071171594108497,0.344857885177923,1.0,-0.03475937182416997
2018-01-22,-0.05764598936801968,0.344857885177923,1.0,-0.0198796739824443
2018-01-23,-0.005763214020962026,0.344857885177923,1.0,-0.0019874897990967183
2018-01-24,0.04517684133384825,0.344857885177923,1.0,0.015579589961409485
2018-01-25,-0.008803281560753051,0.344857885177923,1.0,-0.0030358810616671022
2018-01-26,-0.007815691506385392,0.344857885177923,1.0,-0.002695302844095121
2018-01-27,0.024106181433931617,0.344857885177923,1.0,0.008313206749020969
2018-01-28,0.03020790716258781,0.3875599973694262,1.0,0.011643323252181148
2018-01-29,-0.041565158037780714,0.3875599973694262,1.0,-0.01610899253978208
2018-01-30,-0.10535219581320587,0.3875599973694262,1.0,-0.04083029673222934
2018-01-31,0.011359232053877344,0.3875599973694262,1.0,0.004402383944919405
2018-02-01,-0.1027834196380305,0.3875599973694262,1.0,-0.03983474184453573
2018-02-02,-0.037052347802326024,0.3875599973694262,1.0,-0.014360007816800538
2018-02-03,0.03897292486481896,0.3875599973694262,1.0,0.01510434665808808
2018-02-04,-0.09786476110758924,0.40740052081796446,1.0,-0.039899915430130335
2018-02-05,-0.15968807377551097,0.40740052081796446,1.0,-0.06505700442456071
2018-02-06,0.11483809805022926,0.40740052081796446,0.0,-0.0006111007812269467
2018-02-07,-0.01711377293171268,0.40740052081796446,0.0,0.0
2018-02-08,0.08453807822469184,0.40740052081796446,0.0,0.0
2018-02-09,0.057030488314931294,0.40740052081796446,1.0,0.022623149860778898
2018-02-10,-0.013171607575021227,0.40740052081796446,1.0,-0.0053661197860734935
2018-02-11,-0.05705588715872301,0.3702926952101172,1.0,-0.02118303997201963
2018-02-12,0.09798315081177211,0.3702926952101172,0.0,-0.0005554390428151758
2018-02-13,-0.03677344497335466,0.3702926952101172,1.0,-0.01417237709415961
2018-02-14,0.10424378247495736,0.3702926952101172,1.0,0.038600711171549146
2018-02-15,0.07075267978887334,0.3702926952101172,1.0,0.026199200492360297
2018-02-16,0.006639518158486624,0.3702926952101172,1.0,0.002458565073802526
2018-02-17,0.0858714440383399,0.3702926952101172,1.0,0.03179756845454163
2018-02-18,-0.050473816513253555,0.3607058390406307,1.0,-0.018220580619250193
2018-02-19,0.06382797366007709,0.3607058390406307,1.0,0.02302312279332138
2018-02-20,0.01589270609507487,0.3607058390406307,1.0,0.005732591886650127
2018-02-21,-0.06254985596523333,0.3607058390406307,1.0,-0.022562098277810087
2018-02-22,-0.06411363144322124,0.3607058390406307,1.0,-0.02312616122366888
2018-02-23,0.02959516335582202,0.3607058390406307,1.0,0.010675148229806308
2018-02-24,-0.04737642731178393,0.3607058390406307,1.0,-0.017088953964244473
2018-02-25,-0.015116557715992629,0.37338301469436996,1.0,-0.005663281655279377
2018-02-26,0.07263210586495439,0.37338301469436996,1.0,0.027119594651457298
2018-02-27,0.03462041028492213,0.37338301469436996,1.0,0.012926673162140197
2018-02-28,-0.030552997565149287,0.37338301469436996,1.0,-0.011407970338825187
2018-03-01,0.008855567339922397,0.37338301469436996,1.0,0.003306518430209227
2018-03-02,-0.020761615376522394,0.37338301469436996,1.0,-0.0077520345392109195
2018-03-03,-0.013356329947289042,0.37338301469436996,1.0,-0.004987026740971478
2018-03-04,0.02110734560220443,0.3272640913122389,1.0,0.0068384978934456185
2018-03-05,-0.026378155568592944,0.3272640913122389,1.0,-0.008632623112648445
2018-03-06,-0.06664980353148953,0.3272640913122389,1.0,-0.021812087388872168
2018-03-07,-0.03902249448022754,0.3272640913122389,1.0,-0.012770661196808523
2018-03-08,-0.06629124202686465,0.3272640913122389,1.0,-0.021694743083881557
2018-03-09,0.005953820230187682,0.3272640913122389,1.0,0.0019484715674687968
2018-03-10,-0.05568877403639212,0.3272640913122389,1.0,-0.01822493603131247
2018-03-11,0.07318632271840049,0.4695825828845691,0.0,-0.0004908961369683583
2018-03-12,-0.023613628573447322,0.4695825828845691,1.0,-0.01179292257112311
2018-03-13,0.11640415321005944,0.4695825828845691,1.0,0.05466136292287082
2018-03-14,-0.14623705794802544,0.4695825828845691,1.0,-0.0686703753846742
2018-03-15,-0.014933953840298459,0.4695825828845691,0.0,-0.0007043738743268536
2018-03-16,0.00033860795633119034,0.4695825828845691,0.0,0.0
2018-03-17,-0.06908892148536053,0.4695825828845691,0.0,0.0
2018-03-18,0.00913561060102715,0.4590936428534906,0.0,0.0
2018-03-19,0.054630802990365115,0.4590936428534906,0.0,0.0
2018-03-20,-0.002446981486235974,0.4590936428534906,0.0,0.0
2018-03-21,0.067997975363592,0.4590936428534906,0.0,0.0
2018-03-22,-0.031597520838635984,0.4590936428534906,0.0,0.0
2018-03-23,0.03742989585022416,0.4590936428534906,0.0,0.0
2018-03-24,0.045493908159895506,0.4590936428534906,0.0,0.0
2018-03-25,-0.017799694631527568,0.4729267829461033,0.0,0.0
2018-03-26,-0.06925147108270602,0.4729267829461033,0.0,0.0
2018-03-27,-0.05317158872328549,0.4729267829461033,0.0,0.0
2018-03-28,0.012380181462417742,0.4729267829461033,0.0,0.0
2018-03-29,-0.14725551091594294,0.4729267829461033,0.0,0.0
2018-03-30,0.012501002389622928,0.4729267829461033,0.0,0.0
2018-03-31,0.01605370208348152,0.4729267829461033,0.0,0.0
2018-04-01,-0.022037099923620053,0.5412949939423389,0.0,0.0
2018-04-02,0.06447886603897257,0.5412949939423389,0.0,0.0
2018-04-03,0.06334588377441126,0.5412949939423389,0.0,0.0
2018-04-04,-0.08518690057348757,0.5412949939423389,0.0,0.0
2018-04-05,0.007491689407643553,0.5412949939423389,0.0,0.0
2018-04-06,-0.025057302055286924,0.5412949939423389,0.0,0.0
2018-04-07,0.03269556331085225,0.5412949939423389,0.0,0.0
2018-04-08,0.009518899967844864,0.5108078866037012,0.0,0.0
2018-04-09,-0.020504670628297268,0.5108078866037012,0.0,0.0
2018-04-10,0.021013853755055635,0.5108078866037012,0.0,0.0
2018-04-11,0.025019717320352797,0.5108078866037012,0.0,0.0
2018-04-12,0.11203143997136385,0.5108078866037012,0.0,0.0
2018-04-13,0.015181184994123872,0.5108078866037012,0.0,0.0
2018-04-14,0.002525722387282288,0.5108078866037012,0.0,0.0
2018-04-15,0.029729672698107966,0.5649722625357076,0.0,0.0
2018-04-16,-0.04537550473490444,0.5649722625357076,0.0,0.0
2018-04-17,-0.023887081783914927,0.5649722625357076,0.0,0.0
2018-04-18,0.039875773996262,0.5649722625357076,0.0,0.0
2018-04-19,0.034808775116159506,0.5649722625357076,0.0,0.0
2018-04-20,0.056245619194502286,0.5649722625357076,0.0,0.0
2018-04-21,0.017576686372085426,0.5649722625357076,0.0,0.0
2018-04-22,-0.00694386190653662,0.5477430021975893,0.0,0.0
2018-04-23,0.035352927030223004,0.5477430021975893,0.0,0.0
2018-04-24,0.10278802927226899,0.5477430021975893,0.0,0.0
2018-04-25,-0.11605806989584383,0.5477430021975893,0.0,0.0
2018-04-26,0.0762672234402646,0.5477430021975893,0.0,0.0
2018-04-27,-0.025891155919482985,0.5477430021975893,0.0,0.0
2018-04-28,0.05254643939598749,0.5477430021975893,0.0,0.0
2018-04-29,0.0018984207975422471,0.5321675310913361,0.0,0.0
2018-04-30,-0.03196469433515037,0.5321675310913361,0.0,0.0
2018-05-01,-0.005332316603896065,0.5321675310913361,0.0,0.0
2018-05-02,0.01869718811454161,0.5321675310913361,0.0,0.0
2018-05-03,0.025714671619950776,0.5321675310913361,0.0,0.0
2018-05-04,-6.721383485515896e-05,0.5321675310913361,0.0,0.0
2018-05-05,-1.2278122994606802e-06,0.5321675310913361,0.0,0.0
2018-05-06,-0.03608653388920209,0.5618488446297419,0.0,0.0
2018-05-07,0.005964279989479312,0.5618488446297419,0.0,0.0
2018-05-08,-0.020863069175180105,0.5618488446297419,0.0,0.0
2018-05-09,0.023086449420628614,0.5618488446297419,0.0,0.0
2018-05-10,-0.0373110920218083,0.5618488446297419,0.0,0.0
2018-05-11,-0.07915785136183529,0.5618488446297419,0.0,0.0
2018-05-12,-0.0009736447928202492,0.5618488446297419,0.0,0.0
2018-05-13,0.04083777252465359,0.5643961459162339,0.0,0.0
2018-05-14,0.0023337391100280245,0.5643961459162339,0.0,0.0
2018-05-15,-0.024061679535745523,0.5643961459162339,0.0,0.0
2018-05-16,-0.028980913416979944,0.5643961459162339,0.0,0.0
2018-05-17,-0.03063539808939597,0.5643961459162339,0.0,0.0
2018-05-18,0.08715706068068063,0.5643961459162339,0.0,0.0
2018-05-19,-0.022487186522129145,0.5643961459162339,0.0,0.0
2018-05-20,0.007823826393022518,0.5413037726188935,0.0,0.0
2018-05-21,-0.010613040208361214,0.5413037726188935,0.0,0.0
2018-05-22,-0.07017625472162284,0.5413037726188935,0.0,0.0
2018-05-23,-0.07618994138349273,0.5413037726188935,0.0,0.0
2018-05-24,0.022492993860982947,0.5413037726188935,0.0,0.0
2018-05-25,-0.020856786872660717,0.5413037726188935,0.0,0.0
2018-05-26,0.009252306384489296,0.5413037726188935,0.0,0.0
2018-05-27,-0.021154637477187523,0.7085430894259214,0.0,0.0
2018-05-28,-0.05770435125552009,0.7085430894259214,0.0,0.0
2018-05-29,0.07207387142702296,0.7085430894259214,0.0,0.0
2018-05-30,-0.017604430208500183,0.7085430894259214,0.0,0.0
2018-05-31,0.055754942584559514,0.7085430894259214,0.0,0.0
2018-06-01,-0.001714971142814676,0.7085430894259214,0.0,0.0
2018-06-02,0.022624167944947406,0.7085430894259214,0.0,0.0
2018-06-03,0.0013704944025014394,0.6138307761969429,0.0,0.0
2018-06-04,-0.036523782128335916,0.6138307761969429,0.0,0.0
2018-06-05,0.046624081900977846,0.6138307761969429,0.0,0.0
2018-06-06,0.028926753560352455,0.6138307761969429,0.0,0.0
2018-06-07,-0.025079471350719307,0.6138307761969429,0.0,0.0
2018-06-08,-0.011191437219088735,0.6138307761969429,0.0,0.0
2018-06-09,-0.015727903618961148,0.6138307761969429,0.0,0.0
2018-06-10,-0.1117642856817724,0.6143039608756093,0.0,0.0
2018-06-11,0.04243765509900051,0.6143039608756093,0.0,0.0
2018-06-12,-0.04609275611414794,0.6143039608756093,0.0,0.0
2018-06-13,-0.038079363284120794,0.6143039608756093,0.0,0.0
2018-06-14,0.04894817264118001,0.6143039608756093,0.0,0.0
2018-06-15,-0.02612315531348341,0.6143039608756093,0.0,0.0
2018-06-16,0.022130892163885047,0.6143039608756093,0.0,0.0
2018-06-17,0.010401118957919767,0.558345424845446,0.0,0.0
2018-06-18,0.023784043803729484,0.558345424845446,0.0,0.0
2018-06-19,0.0044130329221404585,0.558345424845446,0.0,0.0
2018-06-20,-0.02277117059939119,0.558345424845446,0.0,0.0
2018-06-21,0.011215877284654195,0.558345424845446,0.0,0.0
2018-06-22,-0.09987491855112221,0.558345424845446,0.0,0.0
2018-06-23,-0.0012939768376003524,0.558345424845446,0.0,0.0
2018-06-24,-0.0355614893636057,0.5981556726190705,0.0,0.0
2018-06-25,0.02146643024874358,0.5981556726190705,0.0,0.0
2018-06-26,-0.04878404528001067,0.5981556726190705,0.0,0.0
2018-06-27,0.00537661922096085,0.5981556726190705,0.0,0.0
2018-06-28,-0.03321527543574913,0.5981556726190705,0.0,0.0
2018-06-29,0.044719609894132484,0.5981556726190705,0.0,0.0
2018-06-30,0.04505767631008502,0.5981556726190705,0.0,0.0
2018-07-01,-0.01217624539046354,0.6471959918617781,0.0,0.0
2018-07-02,0.03748146891329465,0.6471959918617781,0.0,0.0
2018-07-03,-0.017566934530083105,0.6471959918617781,0.0,0.0
2018-07-04,0.0016492284413124332,0.6471959918617781,0.0,0.0
2018-07-05,-0.004354988292369058,0.6471959918617781,0.0,0.0
2018-07-06,-0.00971623583311206,0.6471959918617781,0.0,0.0
2018-07-07,0.04324354367145829,0.6471959918617781,0.0,0.0
2018-07-08,-0.0212460919544943,0.667125902519876,0.0,0.0
2018-07-09,-0.018702884514716762,0.667125902519876,0.0,0.0
2018-07-10,-0.07212528808303678,0.667125902519876,0.0,0.0
2018-07-11,0.01169452507070623,0.667125902519876,0.0,0.0
2018-07-12,-0.039925984274726815,0.667125902519876,0.0,0.0
2018-07-13,0.008673285428398476,0.667125902519876,0.0,0.0
2018-07-14,-0.00030390776915549056,0.667125902519876,0.0,0.0
2018-07-15,0.020853918018676268,0.8062548442557566,0.0,0.0
2018-07-16,0.07658641264470556,0.8062548442557566,0.0,0.0
2018-07-17,0.04138073343103758,0.8062548442557566,0.0,0.0
2018-07-18,-0.04690257310329127,0.8062548442557566,0.0,0.0
2018-07-19,-0.013001849731294701,0.8062548442557566,0.0,0.0
2018-07-20,-0.05588523541750512,0.8062548442557566,0.0,0.0
2018-07-21,0.018116459630989436,0.8062548442557566,0.0,0.0
2018-07-22,-0.008256318921182133,0.6910063500793416,0.0,0.0
2018-07-23,-0.01212823364681533,0.6910063500793416,0.0,0.0
2018-07-24,0.03380091549556866,0.6910063500793416,0.0,0.0
2018-07-25,0.01862313295854882,0.6910063500793416,0.0,0.0
2018-07-26,-0.0013526305614834913,0.6910063500793416,0.0,0.0
2018-07-27,0.019868135359093264,0.6910063500793416,0.0,0.0
2018-07-28,0.014315443642040921,0.6910063500793416,0.0,0.0
2018-07-29,-0.013683485654157076,0.8287542338667722,0.0,0.0
2018-07-30,-0.0312604954570476,0.8287542338667722,0.0,0.0
2018-07-31,-0.010974725357401403,0.8287542338667722,0.0,0.0
2018-08-01,-0.022619011528586322,0.8287542338667722,0.0,0.0
2018-08-02,0.005844991826123858,0.8287542338667722,0.0,0.0
2018-08-03,-0.0022856153280757696,0.8287542338667722,0.0,0.0
2018-08-04,-0.033669002428463816,0.8287542338667722,0.0,0.0
2018-08-05,-0.0009181667864878174,0.8548152192767978,0.0,0.0
2018-08-06,-0.00677790964599038,0.8548152192767978,0.0,0.0
2018-08-07,-0.044657441805468934,0.8548152192767978,0.0,0.0
2018-08-08,-0.06818840571904339,0.8548152192767978,0.0,0.0
2018-08-09,0.04186842097282262,0.8548152192767978,0.0,0.0
2018-08-10,-0.06695608733856509,0.8548152192767978,0.0,0.0
2018-08-11,-0.016881940762526394,0.8548152192767978,0.0,0.0
2018-08-12,-0.001055429364294073,0.8002141408934486,0.0,0.0
2018-08-13,-0.07879283540601907,0.8002141408934486,0.0,0.0
2018-08-14,-0.04031457795991692,0.8002141408934486,0.0,0.0
2018-08-15,0.01146967498158761,0.8002141408934486,0.0,0.0
2018-08-16,0.020045034013255636,0.8002141408934486,0.0,0.0
2018-08-17,0.08120650946899495,0.8002141408934486,0.0,0.0
2018-08-18,-0.058425083390799215,0.8002141408934486,0.0,0.0
2018-08-19,0.018294768939354295,0.7219220441347308,0.0,0.0
2018-08-20,-0.0544469811656388,0.7219220441347308,0.0,0.0
2018-08-21,0.019264207718355943,0.7219220441347308,0.0,0.0
2018-08-22,-0.02429293986169715,0.7219220441347308,0.0,0.0
2018-08-23,0.021473372807482294,0.7219220441347308,0.0,0.0
2018-08-24,0.03432342686917278,0.7219220441347308,0.0,0.0
2018-08-25,-0.004988839701710897,0.7219220441347308,0.0,0.0
2018-08-26,-0.006421980338306914,0.7175353674079298,0.0,0.0
2018-08-27,0.05503573001290318,0.7175353674079298,0.0,0.0
2018-08-28,0.031088545161972826,0.7175353674079298,0.0,0.0
2018-08-29,-0.019458959697533973,0.7175353674079298,0.0,0.0
2018-08-30,-0.021517887949591863,0.7175353674079298,0.0,0.0
2018-08-31,0.009323240484319872,0.7175353674079298,0.0,0.0
2018-09-01,0.10871930988494992,0.7175353674079298,0.0,0.0
2018-09-02,-0.08181425722089933,0.45968755495632857,0.0,0.0
2018-09-03,0.009721264239817376,0.45968755495632857,0.0,0.0
2018-09-04,0.0002265640163201521,0.45968755495632857,0.0,0.0
2018-09-05,-0.08163931820824351,0.45968755495632857,0.0,0.0
2018-09-06,-0.0030189269506706307,0.45968755495632857,0.0,0.0
2018-09-07,0.0022381044725798827,0.45968755495632857,0.0,0.0
2018-09-08,-0.012228437390979341,0.45968755495632857,0.0,0.0
2018-09-09,0.009047328050493648,0.48058954607745996,0.0,0.0
2018-09-10,0.0735286255692901,0.48058954607745996,0.0,0.0
2018-09-11,-0.010698992045147458,0.48058954607745996,0.0,0.0
2018-09-12,-0.0006253654368026192,0.48058954607745996,0.0,0.0
2018-09-13,0.037836643159356045,0.48058954607745996,0.0,0.0
2018-09-14,-0.022786585013733096,0.48058954607745996,0.0,0.0
2018-09-15,0.001234941442062043,0.48058954607745996,0.0,0.0
2018-09-16,0.02412915217827971,0.47990616495910937,0.0,0.0
2018-09-17,-0.03302977202233448,0.47990616495910937,0.0,0.0
2018-09-18,0.018691255694503507,0.47990616495910937,0.0,0.0
2018-09-19,0.024144575717852446,0.47990616495910937,0.0,0.0
2018-09-20,0.04102053399744875,0.47990616495910937,0.0,0.0
2018-09-21,0.005619600346151276,0.47990616495910937,0.0,0.0
2018-09-22,-0.010872379770890468,0.47990616495910937,0.0,0.0
2018-09-23,0.013387489437318675,0.503723725787183,0.0,0.0
2018-09-24,-0.027060739569338296,0.503723725787183,0.0,0.0
2018-09-25,-0.01513074260177231,0.503723725787183,0.0,0.0
2018-09-26,0.025937941597861926,0.503723725787183,0.0,0.0
2018-09-27,0.016912324944435248,0.503723725787183,0.0,0.0
2018-09-28,-0.014580905532861213,0.503723725787183,0.0,0.0
2018-09-29,-0.005924524452783242,0.503723725787183,0.0,0.0
2018-09-30,0.006251596858062461,0.5160000625097297,0.0,0.0
2018-10-01,-0.008592389576708936,0.5160000625097297,0.0,0.0
2018-10-02,-0.04301341551610397,0.5160000625097297,0.0,0.0
2018-10-03,-0.01335721043352452,0.5160000625097297,0.0,0.0
2018-10-04,0.006957687149356925,0.5160000625097297,0.0,0.0
2018-10-05,0.03355648372551859,0.5160000625097297,0.0,0.0
2018-10-06,-0.04437395338618262,0.5160000625097297,0.0,0.0
2018-10-07,-0.003559580484309599,0.6029606043091786,0.0,0.0
2018-10-08,0.012163992440431315,0.6029606043091786,0.0,0.0
2018-10-09,-0.007085279852671303,0.6029606043091786,0.0,0.0
2018-10-10,-0.00904936065122593,0.6029606043091786,0.0,0.0
2018-10-11,-0.13307219493472977,0.6029606043091786,0.0,0.0
2018-10-12,0.05665428120761791,0.6029606043091786,0.0,0.0
2018-10-13,0.0037831680217734758,0.6029606043091786,0.0,0.0
2018-10-14,-0.007217802088758957,0.5243942704457287,0.0,0.0
2018-10-15,0.054979342974178794,0.5243942704457287,0.0,0.0
2018-10-16,0.023102588424767607,0.5243942704457287,0.0,0.0
2018-10-17,-0.012395043082921645,0.5243942704457287,0.0,0.0
2018-10-18,-0.022942310318309844,0.5243942704457287,0.0,0.0
2018-10-19,-0.009408150475178918,0.5243942704457287,0.0,0.0
2018-10-20,0.017783593767235407,0.5243942704457287,0.0,0.0
2018-10-21,-0.003352494034944679,0.6775262355687652,0.0,0.0
2018-10-22,0.002952154456872653,0.6775262355687652,0.0,0.0
2018-10-23,0.03228448352251393,0.6775262355687652,0.0,0.0
2018-10-24,-0.043977240842418684,0.6775262355687652,0.0,0.0
2018-10-25,0.0048227710923379,0.6775262355687652,0.0,0.0
2018-10-26,0.02056398218354349,0.6775262355687652,0.0,0.0
2018-10-27,0.024962742092275298,0.6775262355687652,0.0,0.0
2018-10-28,-0.009001242186473244,0.7458474828098798,0.0,0.0
2018-10-29,-0.049658009993056654,0.7458474828098798,0.0,0.0
2018-10-30,0.028428031922990146,0.7458474828098798,0.0,0.0
2018-10-31,0.03644225719937984,0.7458474828098798,0.0,0.0
2018-11-01,0.01186307029602503,0.7458474828098798,0.0,0.0
2018-11-02,-0.006770948362177362,0.7458474828098798,0.0,0.0
2018-11-03,0.022394132056884414,0.7458474828098798,0.0,0.0
2018-11-04,-0.023912631223208337,0.7189364307977862,0.0,0.0
2018-11-05,0.005151449587788164,0.7189364307977862,0.0,0.0
2018-11-06,0.043337000575286666,0.7189364307977862,0.0,0.0
2018-11-07,-0.014798697568795038,0.7189364307977862,0.0,0.0
2018-11-08,-0.03849879073835856,0.7189364307977862,0.0,0.0
2018-11-09,-0.022878144310065296,0.7189364307977862,0.0,0.0
2018-11-10,0.038810063247042205,0.7189364307977862,0.0,0.0
2018-11-11,-0.020357510848932187,0.9360415912609061,0.0,0.0
2018-11-12,0.03185450326037069,0.9360415912609061,0.0,0.0
2018-11-13,-0.006450138758574659,0.9360415912609061,0.0,0.0
2018-11-14,-0.07091278493431148,0.9360415912609061,0.0,0.0
2018-11-15,0.014363439082235844,0.9360415912609061,0.0,0.0
2018-11-16,-0.031103547704741212,0.9360415912609061,0.0,0.0
2018-11-17,-0.022212370422323748,0.9360415912609061,0.0,0.0
2018-11-18,0.045803263389182725,0.9065550087012016,0.0,0.0
2018-11-19,-0.12129022845502231,0.9065550087012016,0.0,0.0
2018-11-20,-0.1091988030024417,0.9065550087012016,0.0,0.0
2018-11-21,0.06365680370982751,0.9065550087012016,0.0,0.0
2018-11-22,-0.043227856675465394,0.9065550087012016,0.0,0.0
2018-11-23,-0.03487574935043406,0.9065550087012016,0.0,0.0
2018-11-24,-0.09091534627246728,0.9065550087012016,0.0,0.0
2018-11-25,-0.03074483702112803,0.5690885814211037,0.0,0.0
2018-11-26,-0.0037664654121100476,0.5690885814211037,0.0,0.0
2018-11-27,0.00687909868890213,0.5690885814211037,0.0,0.0
2018-11-28,0.10438101129961677,0.5690885814211037,0.0,0.0
2018-11-29,0.0032711886603454445,0.5690885814211037,0.0,0.0
2018-11-30,-0.04811948418657622,0.5690885814211037,0.0,0.0
2018-12-01,0.03580054886455804,0.5690885814211037,0.0,0.0
2018-12-02,-0.02770200768475191,0.49932648482759046,0.0,0.0
2018-12-03,-0.06559618117458046,0.49932648482759046,0.0,0.0
2018-12-04,0.007921519590937082,0.49932648482759046,0.0,0.0
2018-12-05,-0.06646446538658395,0.49932648482759046,0.0,0.0
2018-12-06,-0.09159978944884693,0.49932648482759046,0.0,0.0
2018-12-07,-0.028534344808690177,0.49932648482759046,0.0,0.0
2018-12-08,0.02948813218165284,0.49932648482759046,0.0,0.0
2018-12-09,0.03666684755865505,0.4733026864051211,0.0,0.0
2018-12-10,-0.0493079219772391,0.4733026864051211,0.0,0.0
2018-12-11,-0.003514415395884485,0.4733026864051211,0.0,0.0
2018-12-12,0.017708202037525506,0.4733026864051211,0.0,0.0
2018-12-13,-0.055440924269134384,0.4733026864051211,0.0,0.0
2018-12-14,-0.02412394832111775,0.4733026864051211,0.0,0.0
2018-12-15,-0.0032456112374681747,0.4733026864051211,0.0,0.0
2018-12-16,0.00981930833388911,0.48062998328079315,0.0,0.0
2018-12-17,0.11970392089686095,0.48062998328079315,0.0,0.0
2018-12-18,0.08870649316125792,0.48062998328079315,0.0,0.0
2018-12-19,0.03842864576733825,0.48062998328079315,0.0,0.0
2018-12-20,0.10684631929757482,0.48062998328079315,0.0,0.0
2018-12-21,-0.07589198498939904,0.48062998328079315,0.0,0.0
2018-12-22,0.027858601531404622,0.48062998328079315,0.0,0.0
2018-12-23,0.009076235960000918,0.4450059321309195,0.0,0.0
2018-12-24,0.032886014161356024,0.4450059321309195,0.0,0.0
2018-12-25,-0.03223756409499867,0.4450059321309195,0.0,0.0
2018-12-26,-0.008830870031376762,0.4450059321309195,0.0,0.0
2018-12-27,-0.0856572358846012,0.4450059321309195,0.0,0.0
2018-12-28,0.08752593852969551,0.4450059321309195,0.0,0.0
2018-12-29,-0.015507112205322748,0.4450059321309195,0.0,0.0
2018-12-30,0.004613058230009829,0.4666782133218386,0.0,0.0
2018-12-31,-0.036114662953754095,0.4666782133218386,0.0,0.0
2019-01-01,0.01699747479898739,0.4666782133218386,0.0,0.0
2019-01-02,0.034848088607974205,0.4666782133218386,0.0,0.0
2019-01-03,0.023422156755723605,0.4666782133218386,0.0,0.0
2019-01-04,0.070757881622844,0.4666782133218386,0.0,0.0
2019-01-05,-0.032787520507639625,0.4666782133218386,0.0,0.0
2019-01-06,0.03136294399389331,0.4893864398328972,0.0,0.0
2019-01-07,-0.026354623830399913,0.4893864398328972,0.0,0.0
2019-01-08,0.0616127534327735,0.4893864398328972,0.0,0.0
2019-01-09,-0.01243430621482115,0.4893864398328972,0.0,0.0
2019-01-10,-0.10994221818227823,0.4893864398328972,0.0,0.0
2019-01-11,0.09345032368701219,0.4893864398328972,0.0,0.0
2019-01-12,-0.03348225813687018,0.4893864398328972,0.0,0.0
2019-01-13,-0.007965008771605515,0.45228590382279044,0.0,0.0
2019-01-14,0.08308658666932311,0.45228590382279044,0.0,0.0
2019-01-15,0.003162596428972356,0.45228590382279044,0.0,0.0
2019-01-16,0.0038404242872344487,0.45228590382279044,0.0,0.0
2019-01-17,0.0025144374897795685,0.45228590382279044,0.0,0.0
2019-01-18,0.01463339052428362,0.45228590382279044,0.0,0.0
2019-01-19,0.004423771596487806,0.45228590382279044,0.0,0.0
2019-01-20,-0.017919129447922545,0.5225071388389395,0.0,0.0
2019-01-21,0.011672711472679231,0.5225071388389395,0.0,0.0
2019-01-22,0.021581558223791077,0.5225071388389395,0.0,0.0
2019-01-23,-0.020927273626110132,0.5225071388389395,0.0,0.0
2019-01-24,-0.004397640705019541,0.5225071388389395,0.0,0.0
2019-01-25,-0.004915051347778588,0.5225071388389395,0.0,0.0
2019-01-26,0.005097755873995264,0.5225071388389395,0.0,0.0
2019-01-27,-0.02831389499647548,0.606218876981924,0.0,0.0
2019-01-28,-0.07274865474169119,0.606218876981924,0.0,0.0
2019-01-29,0.02633891942846326,0.606218876981924,0.0,0.0
2019-01-30,0.01446355883986768,0.606218876981924,0.0,0.0
2019-01-31,-0.03641079450425906,0.606218876981924,0.0,0.0
2019-02-01,0.04115662095945789,0.606218876981924,0.0,0.0
2019-02-02,0.01585511894868778,0.606218876981924,0.0,0.0
2019-02-03,-0.03169416324112162,0.6164346560031506,0.0,0.0
2019-02-04,0.014127735019375882,0.6164346560031506,0.0,0.0
2019-02-05,0.055793459357632205,0.6164346560031506,0.0,0.0
2019-02-06,-0.015637692355314384,0.6164346560031506,0.0,0.0
2019-02-07,-0.012100973586010142,0.6164346560031506,0.0,0.0
2019-02-08,0.08847923304957515,0.6164346560031506,0.0,0.0
2019-02-09,0.03231069144909138,0.6164346560031506,0.0,0.0
2019-02-10,0.002588915725048898,0.7015653189116673,0.0,0.0
2019-02-11,-0.01215596793962977,0.7015653189116673,0.0,0.0
2019-02-12,-0.007781161052699326,0.7015653189116673,0.0,0.0
2019-02-13,-0.0006744989179556422,0.7015653189116673,0.0,0.0
2019-02-14,-0.02029198337760581,0.7015653189116673,0.0,0.0
2019-02-15,0.02207463135416436,0.7015653189116673,0.0,0.0
2019-02-16,0.0005477847950309256,0.7015653189116673,0.0,0.0
2019-02-17,0.017865681330285172,0.8676363365598421,0.0,0.0
2019-02-18,0.04739326902021168,0.8676363365598421,0.0,0.0
2019-02-19,0.023041499709485137,0.8676363365598421,0.0,0.0
2019-02-20,0.02788472811181715,0.8676363365598421,0.0,0.0
2019-02-21,-0.04075290995752534,0.8676363365598421,0.0,0.0
2019-02-22,0.016484328427474642,0.8676363365598421,0.0,0.0
2019-02-23,0.016666016248748933,0.8676363365598421,0.0,0.0
2019-02-24,-0.0889028896039914,0.8142315448480678,0.0,0.0
2019-02-25,0.06969830971625328,0.8142315448480678,0.0,0.0
2019-02-26,-0.04353609061047259,0.8142315448480678,0.0,0.0
2019-02-27,0.002033234415358632,0.8142315448480678,0.0,0.0
2019-02-28,0.014657600502387881,0.8142315448480678,0.0,0.0
2019-03-01,0.03472632181892554,0.8142315448480678,0.0,0.0
2019-03-02,0.0053912456202873296,0.8142315448480678,0.0,0.0
2019-03-03,-0.017000114650727295,0.6707183767930709,0.0,0.0
2019-03-04,-0.02390254629056876,0.6707183767930709,0.0,0.0
2019-03-05,0.11222036670783059,0.6707183767930709,0.0,0.0
2019-03-06,0.018471222331846206,0.6707183767930709,0.0,0.0
2019-03-07,0.03113931620780578,0.6707183767930709,0.0,0.0
2019-03-08,-0.016581101065207566,0.6707183767930709,0.0,0.0
2019-03-09,0.019663807429912396,0.6707183767930709,0.0,0.0
2019-03-10,0.01242307383287533,0.6228304565979995,0.0,0.0
2019-03-11,-0.029440617349009376,0.6228304565979995,0.0,0.0
2019-03-12,0.03701313130689539,0.6228304565979995,0.0,0.0
2019-03-13,-0.011979337881787509,0.6228304565979995,0.0,0.0
2019-03-14,0.0042417740961971555,0.6228304565979995,0.0,0.0
2019-03-15,0.009812569794119486,0.6228304565979995,0.0,0.0
2019-03-16,0.03137616091462302,0.6228304565979995,0.0,0.0
2019-03-17,-0.0143268383262396,0.6897481324435231,0.0,0.0
2019-03-18,-0.005211422313860255,0.6897481324435231,0.0,0.0
2019-03-19,0.006226751861093449,0.6897481324435231,0.0,0.0
2019-03-20,-0.0079104904738454,0.6897481324435231,0.0,0.0
2019-03-21,-0.0433941452184029,0.6897481324435231,0.0,0.0
2019-03-22,0.022422169602159075,0.6897481324435231,0.0,0.0
2019-03-23,-0.0004951219161995666,0.6897481324435231,0.0,0.0
2019-03-24,0.03700714809262783,0.7141684793171698,0.0,0.0
2019-03-25,0.0012713672272849363,0.7141684793171698,0.0,0.0
2019-03-26,-0.017894342761626415,0.7141684793171698,0.0,0.0
2019-03-27,0.04877514786599324,0.7141684793171698,0.0,0.0
2019-03-28,-0.0008468119271778742,0.7141684793171698,0.0,0.0
2019-03-29,-0.0011086300807194496,0.7141684793171698,0.0,0.0
2019-03-30,0.0040885508272170395,0.7141684793171698,0.0,0.0
2019-03-31,0.016877521414553155,0.8889230227639732,0.0,0.0
2019-04-01,0.05372737366637869,0.8889230227639732,0.0,0.0
2019-04-02,0.11156359839733353,0.8889230227639732,0.0,0.0
2019-04-03,-0.007703392499920619,0.8889230227639732,1.0,-0.008181107480712714
2019-04-04,-0.01907800113766119,0.8889230227639732,1.0,-0.016958874439584302
2019-04-05,0.04177878202889247,0.8889230227639732,1.0,0.03713812120852026
2019-04-06,-0.013459791984892517,0.8889230227639732,1.0,-0.011964718976984954
2019-04-07,0.004724520293669506,0.8436109347220769,1.0,0.003917688848993109
2019-04-08,-0.03493204378629085,0.8436109347220769,1.0,-0.029469054110305343
2019-04-09,-0.026625354845732994,0.8436109347220769,1.0,-0.02246144048871579
2019-04-10,0.012373202438084116,0.8436109347220769,1.0,0.010438168874297622
2019-04-11,-0.05625812281479417,0.8436109347220769,1.0,-0.047459967573497915
2019-04-12,0.020457415267503443,0.8436109347220769,1.0,0.017258099215816263
2019-04-13,0.03574644816760012,0.8436109347220769,1.0,0.03015609455166341
2019-04-14,0.010909984062210776,0.7661202189538796,1.0,0.00824212330487196
2019-04-15,-0.03375861819452101,0.7661202189538796,1.0,-0.025863159962766856
2019-04-16,0.02062061258706175,0.7661202189538796,1.0,0.015797868230162875
2019-04-17,-0.008440417309670156,0.7661202189538796,1.0,-0.0064663743573466145
2019-04-18,0.05225483775883122,0.7661202189538796,1.0,0.040033487745195225
2019-04-19,0.021167916550836642,0.7661202189538796,1.0,0.01621716886272442
2019-04-20,-0.004403089109184226,0.7661202189538796,1.0,-0.0033732955924016626
2019-04-21,-0.03175081559405938,0.7627750631578459,1.0,-0.02422374810376581
2019-04-22,0.011867582073011309,0.7627750631578459,1.0,0.009052295665272119
2019-04-23,-0.03959286885940375,0.7627750631578459,1.0,-0.030200453044832008
2019-04-24,-0.006915368659676532,0.7627750631578459,1.0,-0.005274870766144554
2019-04-25,-0.05123694553907646,0.7627750631578459,1.0,-0.03908226436958416
2019-04-26,0.0028460084266881767,0.7627750631578459,1.0,0.0021708642574148366
2019-04-27,0.0005550189062605293,0.7627750631578459,1.0,0.0004233545812766734
2019-04-28,0.005717738153802239,0.7505954984665061,1.0,0.0042734391726171415
2019-04-29,-0.04757369851336675,0.7505954984665061,1.0,-0.03570860394953579
2019-04-30,0.06647046564830084,0.7505954984665061,1.0,0.04989243229658713
2019-05-01,-0.0066984253214715786,0.7505954984665061,1.0,-0.005027807893110625
2019-05-02,0.029103648062729616,0.7505954984665061,1.0,0.021845067224838297
2019-05-03,0.0243692383162201,0.7505954984665061,1.0,0.018291440581212303
2019-05-04,-0.022713897523433186,0.7505954984665061,1.0,-0.01704894923371847
2019-05-05,-0.00371715906091985,1.0,1.0,-0.004091265813220091
2019-05-06,-0.011394557738615233,1.0,1.0,-0.011394557738615233
2019-05-07,-0.02905115650671719,1.0,1.0,-0.02905115650671719
2019-05-08,0.009931787086562616,1.0,1.0,0.009931787086562616
2019-05-09,-0.03524676601959734,1.0,1.0,-0.03524676601959734
2019-05-10,0.0340432958054766,1.0,1.0,0.0340432958054766
2019-05-11,0.12955738501662767,1.0,1.0,0.12955738501662767
2019-05-12,-0.03677103194756526,0.7857479176911809,1.0,-0.029214139907618515
2019-05-13,0.10218032547569574,0.7857479176911809,1.0,0.08028797797153506
2019-05-14,0.057226015588089776,0.7857479176911809,1.0,0.0449652225861046
2019-05-15,0.09216151748420372,0.7857479176911809,1.0,0.07241572045447242
2019-05-16,-0.040606872461617496,0.7857479176911809,1.0,-0.03190676548066731
2019-05-17,-0.04954629378058676,0.7857479176911809,1.0,-0.038930897167411556
2019-05-18,0.015289935202789796,0.7857479176911809,1.0,0.012014034747225169
2019-05-19,0.08765521455317807,0.594872849839992,1.0,0.05185739468280819
2019-05-20,-0.018368451528095853,0.594872849839992,1.0,-0.010926893107666136
2019-05-21,0.02920026344908403,0.594872849839992,1.0,0.01737044393403517
2019-05-22,-0.04419646347502411,0.594872849839992,1.0,-0.02629127618023671
2019-05-23,0.021446432081134947,0.594872849839992,1.0,0.012757900171004574
2019-05-24,0.029800077019847437,0.594872849839992,1.0,0.017727256742247902
2019-05-25,0.013142269220385305,0.594872849839992,1.0,0.007817979144495016
2019-05-26,0.039498754386248426,0.5711346248477128,1.0,0.02252349893085353
2019-05-27,0.022964746784344788,0.5711346248477128,1.0,0.013115962039399482
2019-05-28,-0.00234139579527215,0.5711346248477128,1.0,-0.0013372522091527712
2019-05-29,-0.005476820496626714,0.5711346248477128,1.0,-0.0031280018196991628
2019-05-30,-0.050763997057745924,0.5711346248477128,1.0,-0.028993076415346115
2019-05-31,0.034386092598853724,0.5711346248477128,1.0,0.019639088096425034
2019-06-01,-0.01710537803958952,0.5711346248477128,1.0,-0.009769473669519265
2019-06-02,0.024921364815769783,0.6354125984692754,1.0,0.015738932214556713
2019-06-03,-0.07167061271189668,0.6354125984692754,1.0,-0.045540410257151345
2019-06-04,-0.05185251119770436,0.6354125984692754,1.0,-0.03294773887729053
2019-06-05,0.09664458413891185,0.6354125984692754,1.0,0.06140918633568851
2019-06-06,0.018156963254281327,0.6354125984692754,1.0,0.011537163201714048
2019-06-07,0.027856008738232685,0.6354125984692754,1.0,0.017700058895343273
2019-06-08,-0.005743628381780183,0.6354125984692754,1.0,-0.0036495738347088248
2019-06-09,-0.04977820839069298,0.5620702876216134,1.0,-0.02808886537371691
2019-06-10,0.06676329844005686,0.5620702876216134,1.0,0.037525666356770376
2019-06-11,-0.015907431597998862,0.5620702876216134,1.0,-0.008941094653608362
2019-06-12,0.03551808870209693,0.5620702876216134,1.0,0.019963662332557603
2019-06-13,0.2135599824354976,0.5620702876216134,1.0,0.12003572075198685
2019-06-14,-0.03176729329935846,0.5620702876216134,1.0,-0.017855451681730562
2019-06-15,0.011913482831516534,0.5620702876216134,1.0,0.006696214721685651
2019-06-16,-0.0076793863346064075,0.4597586217679143,1.0,-0.003684131576002546
2019-06-17,0.08706259882163743,0.4597586217679143,1.0,0.04002778044176886
2019-06-18,-0.03027271215931419,0.4597586217679143,1.0,-0.013918140419543073
2019-06-19,0.019885804140254017,0.4597586217679143,1.0,0.009142669904269872
2019-06-20,0.009492985609715048,0.4597586217679143,1.0,0.004364481980385233
2019-06-21,0.02873534513570334,0.4597586217679143,1.0,0.013211322675616307
2019-06-22,0.03613964177375598,0.4597586217679143,1.0,0.016615511893088193
2019-06-23,-0.00781813797649759,0.46740480897019265,1.0,-0.0036657045682108817
2019-06-24,0.018375140709140814,0.46740480897019265,1.0,0.008588629132956372
2019-06-25,0.06993239218745013,0.46740480897019265,1.0,0.03268673641120372
2019-06-26,0.04270775015630286,0.46740480897019265,1.0,0.019961807803353455
2019-06-27,-0.06356636636909473,0.46740480897019265,1.0,-0.029711225329676006
2019-06-28,0.14570538862432772,0.46740480897019265,1.0,0.06810339933588158
2019-06-29,0.07921469283825189,0.46740480897019265,1.0,0.03702532837369561
2019-06-30,-0.08240704065183194,0.42816407011602403,1.0,-0.03534259503998627
2019-07-01,0.009196144797641713,0.42816407011602403,1.0,0.003937458785934576
2019-07-02,0.00952364864940558,0.42816407011602403,1.0,0.004077684168084468
2019-07-03,0.03866839121088024,0.42816407011602403,1.0,0.016556415765689173
2019-07-04,-0.04576865234715821,0.42816407011602403,1.0,-0.019596492472684576
2019-07-05,0.010156386834628495,0.42816407011602403,1.0,0.004348599924787339
2019-07-06,-0.006904115440201492,0.42816407011602403,1.0,-0.002956094167427556
2019-07-07,0.01266830594323313,0.41681255874071016,1.0,0.005263281748046175
2019-07-08,0.03469584909874346,0.41681255874071016,1.0,0.01446166564052882
2019-07-09,-0.019105430847808427,0.41681255874071016,1.0,-0.007963383517518727
2019-07-10,-0.030860846676041092,0.41681255874071016,1.0,-0.012863188467945427
2019-07-11,-0.07748339359774958,0.41681255874071016,1.0,-0.03229605154539156
2019-07-12,0.06369364949810537,0.41681255874071016,1.0,0.026548313022839245
2019-07-13,-0.0205295685265335,0.41681255874071016,1.0,-0.008556981987387179
2019-07-14,-0.12533470675522118,0.48121577148430744,1.0,-0.06040964242408859
2019-07-15,0.016946332044413835,0.48121577148430744,1.0,0.008154842248581843
2019-07-16,-0.1525909528842078,0.48121577148430744,1.0,-0.07342917311369966
2019-07-17,0.05579323602561932,0.48121577148430744,1.0,0.026848585117674458
2019-07-18,0.09915326602004515,0.48121577148430744,1.0,0.04771411540302479
2019-07-19,-0.020680168891365702,0.48121577148430744,1.0,-0.009951623427484322
2019-07-20,0.02378157273463029,0.48121577148430744,1.0,0.011444067870605286
2019-07-21,-0.022161129207396286,0.38588687916849373,1.0,-0.008694682327165628
2019-07-22,-0.03626291419805712,0.38588687916849373,1.0,-0.013993382789443124
2019-07-23,-0.02917993247896581,0.38588687916849373,1.0,-0.011260153078655485
2019-07-24,0.00861169277119922,0.38588687916849373,1.0,0.0033231392478359437
2019-07-25,0.00441386302573495,0.38588687916849373,1.0,0.0017032518280780647
2019-07-26,0.00132023048109553,0.38588687916849373,1.0,0.000509459620133073
2019-07-27,-0.051928264608348165,0.38588687916849373,1.0,-0.020038435970351216
2019-07-28,0.0027018370898586053,0.41706612884606553,1.0,0.00108007586132369
2019-07-29,-0.012685077187612063,0.41706612884606553,1.0,-0.005290516036750899
2019-07-30,-0.006053411492809024,0.41706612884606553,1.0,-0.0025246728976181425
2019-07-31,0.04665059393334895,0.41706612884606553,1.0,0.019456382620151598
2019-08-01,0.006725764521859468,0.41706612884606553,1.0,0.002805088572662137
2019-08-02,0.037291339547301496,0.41706612884606553,1.0,0.015552954624477224
2019-08-03,0.02025393187158634,0.41706612884606553,1.0,0.008447228959594462
2019-08-04,0.01476459144814446,0.5136676329626402,1.0,0.007439190484653942
2019-08-05,0.04089314208465111,0.5136676329626402,1.0,0.02100548349902766
2019-08-06,-0.024089278729176246,0.5136676329626402,1.0,-0.012373882784593239
2019-08-07,0.004693261449348415,0.5136676329626402,1.0,0.00241077649956161
2019-08-08,-0.021663419395000973,0.5136676329626402,1.0,-0.0111277973625071
2019-08-09,-0.03466024389511738,0.5136676329626402,1.0,-0.017803845439512748
2019-08-10,0.0016903750154761976,0.5136676329626402,1.0,0.0008682909330188452
2019-08-11,0.030727389296315057,0.5283788422372406,1.0,0.01621363556744803
2019-08-12,-0.013833633755561642,0.5283788422372406,1.0,-0.007309399387697673
2019-08-13,-0.01368780262700723,0.5283788422372406,1.0,-0.007232345304829942
2019-08-14,-0.08072848365393266,0.5283788422372406,1.0,-0.042655222728632945
2019-08-15,0.03278262490271906,0.5283788422372406,1.0,0.017321645391596432
2019-08-16,-0.015936407103677126,0.5283788422372406,1.0,-0.008420460334862257
2019-08-17,0.006127603909575044,0.5283788422372406,1.0,0.003237696259429652
2019-08-18,0.03432143307175539,0.9153225454914665,1.0,0.030834765929272808
2019-08-19,0.03384419619519873,0.9153225454914665,1.0,0.030978355811501917
2019-08-20,-0.03196951389687822,0.9153225454914665,1.0,-0.029262416838215392
2019-08-21,-0.05875192048494752,0.9153225454914665,1.0,-0.053776957410794406
2019-08-22,0.009686715710943667,0.9153225454914665,1.0,0.008866469281993139
2019-08-23,0.018534131908555018,0.9153225454914665,1.0,0.016964708797013194
2019-08-24,-0.023867567018926485,0.9153225454914665,1.0,-0.021846522198451963
2019-08-25,-0.023724728250225015,0.8418211081584464,1.0,-0.020082229182361952
2019-08-26,0.010045351671495265,0.8418211081584464,1.0,0.008456389075939446
2019-08-27,-0.003580524434440161,0.8418211081584464,1.0,-0.0030141610471888115
2019-08-28,-0.07104320959122208,0.8418211081584464,1.0,-0.05980567342521534
2019-08-29,-0.03724292525773609,0.8418211081584464,1.0,-0.03135188061152959
2019-08-30,0.006031605726981878,0.8418211081584464,1.0,0.005077533017062715
2019-08-31,0.005324822668928234,0.8418211081584464,1.0,0.004482548119904382
2019-09-01,-0.0019114587451433494,0.988698701516282,1.0,-0.0019632955760040894
2019-09-02,0.044966033460328715,0.988698701516282,1.0,0.04445785889456469
2019-09-03,0.012642430068025049,0.988698701516282,1.0,0.012499554192266766
2019-09-04,-0.0011890865163443794,0.988698701516282,1.0,-0.0011756482947002092
2019-09-05,-0.017939234343415596,0.988698701516282,1.0,-0.017736497701531295
2019-09-06,-0.022210489871284746,0.988698701516282,1.0,-0.021959482495779763
2019-09-07,0.01482807642333439,0.988698701516282,1.0,0.014660499905734908
2019-09-08,0.005866794556156611,1.0,1.0,0.005849842608431034
2019-09-09,-0.014927556025186731,1.0,1.0,-0.014927556025186731
2019-09-10,-0.009342609808247155,1.0,1.0,-0.009342609808247155
2019-09-11,-0.015590362507874413,1.0,1.0,-0.015590362507874413
2019-09-12,0.005978421800859871,1.0,1.0,0.005978421800859871
2019-09-13,-0.026183276694182814,1.0,1.0,-0.026183276694182814
2019-09-14,-0.001356653800081838,1.0,1.0,-0.001356653800081838
2019-09-15,0.013426287836299289,1.0,1.0,0.013426287836299289
2019-09-16,-0.010399332643808507,1.0,1.0,-0.010399332643808507
2019-09-17,0.029739814148564706,1.0,1.0,0.029739814148564706
2019-09-18,0.04968759910603396,1.0,1.0,0.04968759910603396
2019-09-19,0.013167031254070705,1.0,1.0,0.013167031254070705
2019-09-20,-0.015855857872708306,1.0,1.0,-0.015855857872708306
2019-09-21,-0.004785515610801909,1.0,1.0,-0.004785515610801909
2019-09-22,-0.009538328231252705,1.0,1.0,-0.009538328231252705
2019-09-23,-0.027492976103003126,1.0,1.0,-0.027492976103003126
2019-09-24,-0.0857744829647535,1.0,1.0,-0.0857744829647535
2019-09-25,-0.0051210561137994635,1.0,1.0,-0.0051210561137994635
2019-09-26,-0.03999387898671014,1.0,1.0,-0.03999387898671014
2019-09-27,0.017911618765291605,1.0,0.0,-0.0015
2019-09-28,0.005145723951224812,1.0,0.0,0.0
2019-09-29,-0.0014734591294717951,1.0,0.0,0.0
2019-09-30,0.041378126784441006,1.0,0.0,0.0
2019-10-01,-0.007168435008995221,1.0,0.0,0.0
2019-10-02,0.0021314233136940173,1.0,0.0,0.0
2019-10-03,-0.016436803274619306,1.0,0.0,0.0
2019-10-04,0.011006566741429523,1.0,0.0,0.0
2019-10-05,-0.008206060243979258,1.0,0.0,0.0
2019-10-06,0.0023524998040503156,0.8916772645952233,0.0,0.0
2019-10-07,0.04025207844623339,0.8916772645952233,0.0,0.0
2019-10-08,-0.0034633840553773094,0.8916772645952233,0.0,0.0
2019-10-09,0.02462467577993836,0.8916772645952233,0.0,0.0
2019-10-10,-0.01948430500595936,0.8916772645952233,0.0,0.0
2019-10-11,-0.009611625258479953,0.8916772645952233,0.0,0.0
2019-10-12,0.002454289854467754,0.8916772645952233,0.0,0.0
2019-10-13,0.020201386629398632,0.8573423681477006,0.0,0.0
2019-10-14,0.03801072775061283,0.8573423681477006,0.0,0.0
2019-10-15,-0.020115299639567187,0.8573423681477006,0.0,0.0
2019-10-16,0.0017797033830210997,0.8573423681477006,0.0,0.0
2019-10-17,0.04195751515546068,0.8573423681477006,0.0,0.0
2019-10-18,-0.01936478613493949,0.8573423681477006,0.0,0.0
2019-10-19,0.002958983830707066,0.8573423681477006,0.0,0.0
2019-10-20,0.009480222929083643,0.8674863792483903,0.0,0.0
2019-10-21,0.004890100841226948,0.8674863792483903,0.0,0.0
2019-10-22,-0.03336781142795701,0.8674863792483903,0.0,0.0
2019-10-23,-0.05231290603850102,0.8674863792483903,0.0,0.0
2019-10-24,0.01009195670018755,0.8674863792483903,0.0,0.0
2019-10-25,0.09464467795635892,0.8674863792483903,0.0,0.0
2019-10-26,0.009794789450560188,0.8674863792483903,0.0,0.0
2019-10-27,0.020122834262158218,0.9360704660903612,1.0,0.017432285147701992
2019-10-28,-0.013659745958932193,0.9360704660903612,1.0,-0.012786484766453585
2019-10-29,0.014010432346017287,0.9360704660903612,1.0,0.013114751936263873
2019-10-30,-0.01870649089179425,0.9360704660903612,1.0,-0.01751059364799694
2019-10-31,-0.0005712630248743134,0.9360704660903612,1.0,-0.000534742445954288
2019-11-01,-0.00544780778428396,0.9360704660903612,1.0,-0.005099531971805384
2019-11-02,0.002560958099627456,0.9360704660903612,1.0,0.0023972372419561586
2019-11-03,-0.009102295852222478,0.9571060145217265,1.0,-0.008743415428765347
2019-11-04,0.008887599064674437,0.9571060145217265,1.0,0.008506374519457575
2019-11-05,0.0022324554945347317,0.9571060145217265,1.0,0.002136696580971267
2019-11-06,0.01743074320800216,0.9571060145217265,1.0,0.0166830691619626
2019-11-07,-0.012693363409100433,0.9571060145217265,1.0,-0.012148894463360031
2019-11-08,-0.02324184065466295,0.9571060145217265,1.0,-0.02224490547913349
2019-11-09,0.022154817064949112,0.9571060145217265,0.0,-0.0014356590217825898
2019-11-10,0.00509440048026973,1.0,0.0,0.0
2019-11-11,-0.01716725996998288,1.0,0.0,0.0
2019-11-12,0.006173878084717772,1.0,0.0,0.0
2019-11-13,0.021169149048076947,1.0,0.0,0.0
2019-11-14,-0.0005113864739834848,1.0,0.0,0.0
2019-11-15,-0.016665972125339674,1.0,0.0,0.0
2019-11-16,0.0016229850901987954,1.0,0.0,0.0
2019-11-17,-0.00958160578110634,1.0,0.0,0.0
2019-11-18,-0.033097017760580716,1.0,0.0,0.0
2019-11-19,-0.010778406676587396,1.0,0.0,0.0
2019-11-20,-0.011469015789205412,1.0,0.0,0.0
2019-11-21,-0.046549621336345506,1.0,0.0,0.0
2019-11-22,-0.05128961799283882,1.0,0.0,0.0
2019-11-23,0.040327658267899746,1.0,0.0,0.0
2019-11-24,-0.06308208101409259,1.0,0.0,0.0
2019-11-25,-0.015099920918911141,1.0,0.0,0.0
2019-11-26,0.006300322888756593,1.0,0.0,0.0
2019-11-27,0.004468901593294568,1.0,0.0,0.0
2019-11-28,0.001931796345210013,1.0,0.0,0.0
2019-11-29,0.03936235835834956,1.0,0.0,0.0
2019-11-30,-0.03818421142701363,1.0,0.0,0.0
2019-12-01,-0.023074962038779234,0.9847392101043012,0.0,0.0
2019-12-02,-0.03227964787516261,0.9847392101043012,0.0,0.0
2019-12-03,0.0016682301995776614,0.9847392101043012,0.0,0.0
2019-12-04,-0.01858249946675076,0.9847392101043012,0.0,0.0
2019-12-05,0.002700136642689939,0.9847392101043012,0.0,0.0
2019-12-06,0.015339823157035932,0.9847392101043012,0.0,0.0
2019-12-07,-0.0005515169970988039,0.9847392101043012,0.0,0.0
2019-12-08,0.002485005435792109,0.9628653990983477,0.0,0.0
2019-12-09,-0.011821650505924689,0.9628653990983477,0.0,0.0
2019-12-10,0.0202312273629572,0.9628653990983477,0.0,0.0
2019-12-11,-0.016022221058128967,0.9628653990983477,0.0,0.0
2019-12-12,-0.007950141072781358,0.9628653990983477,0.0,0.0
2019-12-13,-0.00505489773104432,0.9628653990983477,0.0,0.0
2019-12-14,-0.017574358853354195,0.9628653990983477,0.0,0.0
2019-12-15,0.012235220940750802,0.9995876186277587,0.0,0.0
2019-12-16,-0.0436003919705058,0.9995876186277587,0.0,0.0
2019-12-17,-0.0780906088825792,0.9995876186277587,0.0,0.0
2019-12-18,0.07876194229308749,0.9995876186277587,0.0,0.0
2019-12-19,-0.03154973860206085,0.9995876186277587,0.0,0.0
2019-12-20,0.018860491510626333,0.9995876186277587,0.0,0.0
2019-12-21,-0.01444958820516129,0.9995876186277587,0.0,0.0
2019-12-22,0.028008306877307,0.7932599772773719,0.0,0.0
2019-12-23,-0.028951568873529565,0.7932599772773719,0.0,0.0
2019-12-24,0.0072201464712829955,0.7932599772773719,0.0,0.0
2019-12-25,-0.012264369749369472,0.7932599772773719,0.0,0.0
2019-12-26,0.011211512221265152,0.7932599772773719,0.0,0.0
2019-12-27,-0.007870048116785563,0.7932599772773719,0.0,0.0
2019-12-28,0.004993463208189497,0.7932599772773719,0.0,0.0
2019-12-29,0.012099361643429951,0.8944638773025997,0.0,0.0
2019-12-30,-0.020079240300945246,0.8944638773025997,0.0,0.0
2019-12-31,-0.02424941911151775,0.8944638773025997,0.0,0.0
2020-01-01,0.005887449182859587,0.8944638773025997,0.0,0.0
2020-01-02,-0.032141086962793275,0.8944638773025997,0.0,0.0
2020-01-03,0.05189978785996111,0.8944638773025997,0.0,0.0
2020-01-04,0.026160620155078803,0.8944638773025997,0.0,0.0
2020-01-05,0.0258840858741739,0.8899882026375333,0.0,0.0
2020-01-06,0.049977302941952496,0.8899882026375333,0.0,0.0
2020-01-07,0.02747513647631557,0.8899882026375333,0.0,0.0
2020-01-08,-0.017244957239001248,0.8899882026375333,0.0,0.0
2020-01-09,-0.007393857983351274,0.8899882026375333,0.0,0.0
2020-01-10,0.03268415288210254,0.8899882026375333,0.0,0.0
2020-01-11,0.0011803792843084002,0.8899882026375333,0.0,0.0
2020-01-12,0.012475970061440411,0.8211268942724859,0.0,0.0
2020-01-13,-0.013112635357932018,0.8211268942724859,0.0,0.0
2020-01-14,0.07647749573464413,0.8211268942724859,0.0,0.0
2020-01-15,0.009092883094835467,0.8211268942724859,0.0,0.0
2020-01-16,-0.0032683487730669203,0.8211268942724859,0.0,0.0
2020-01-17,0.07341807069345166,0.8211268942724859,0.0,0.0
2020-01-18,0.0026720344119269815,0.8211268942724859,0.0,0.0
2020-01-19,-0.04070808605847568,0.9579147729888806,0.0,0.0
2020-01-20,0.004831339553503085,0.9579147729888806,0.0,0.0
2020-01-21,0.012783670728692463,0.9579147729888806,0.0,0.0
2020-01-22,-0.01697775286072963,0.9579147729888806,0.0,0.0
2020-01-23,-0.04556006389828844,0.9579147729888806,0.0,0.0
2020-01-24,0.00740925781013102,0.9579147729888806,0.0,0.0
2020-01-25,-0.010547553614550101,0.9579147729888806,0.0,0.0
2020-01-26,0.03178328048819923,0.885230272514307,0.0,0.0
2020-01-27,0.018875764241723287,0.885230272514307,0.0,0.0
2020-01-28,0.025363377512065112,0.885230272514307,0.0,0.0
2020-01-29,0.00443062966181751,0.885230272514307,1.0,0.0025942820941692243
2020-01-30,0.034861478063198836,0.885230272514307,1.0,0.030860435726137038
2020-01-31,-0.023294253476060952,0.885230272514307,1.0,-0.020620778352630778
2020-02-01,0.015545345243714872,0.885230272514307,1.0,0.013761210206422701
2020-02-02,-0.004395075782847405,0.776029657183108,1.0,-0.0035745100760536507
2020-02-03,-0.0013915689410123333,0.776029657183108,1.0,-0.0010798987682404623
2020-02-04,-0.013816893564152055,0.776029657183108,1.0,-0.01072231917592441
2020-02-05,0.04766733631909366,0.776029657183108,1.0,0.03699126666253817
2020-02-06,0.011570053504153483,0.776029657183108,1.0,0.008978704654418445
2020-02-07,0.05142711573075605,0.776029657183108,1.0,0.03990896699045464
2020-02-08,0.013884362977058416,0.776029657183108,1.0,0.01077467744129248
2020-02-09,0.02500684725497382,0.7946246155574608,1.0,0.019843163948726185
2020-02-10,-0.022510142614478625,0.7946246155574608,1.0,-0.017887113421173693
2020-02-11,0.08264840071962139,0.7946246155574608,1.0,0.06567445364826811
2020-02-12,0.035126592132238864,0.7946246155574608,1.0,0.027912454768924032
2020-02-13,-0.015069545156785453,0.7946246155574608,1.0,-0.011974631526836437
2020-02-14,0.05935854843853741,0.7946246155574608,1.0,0.047167763733021714
2020-02-15,-0.05367057537488325,0.7946246155574608,1.0,-0.04264796032401433
2020-02-16,0.010655847651038072,0.7357677961455205,1.0,0.007751944313148792
2020-02-17,-0.0374243302394623,0.7357677961455205,1.0,-0.02753561698251134
2020-02-18,0.048872081666520684,0.7357677961455205,1.0,0.03595850382081982
2020-02-19,-0.053537687497447244,0.7357677961455205,1.0,-0.039391306340724346
2020-02-20,-0.007147994370243975,0.7357677961455205,1.0,-0.005259264064654996
2020-02-21,0.00649345980025869,0.7357677961455205,1.0,0.004777678606595868
2020-02-22,-0.017216126243837875,0.7357677961455205,1.0,-0.012667071264591651
2020-02-23,0.03856923375524057,0.7573200412477566,1.0,0.029176925330759797
2020-02-24,-0.048940200144518345,0.7573200412477566,1.0,-0.03706339439212009
2020-02-25,-0.059448726468559435,0.7573200412477566,1.0,-0.04502171198129603
2020-02-26,-0.051154487983424736,0.7573200412477566,1.0,-0.03874031894961509
2020-02-27,0.032405950404755725,0.7573200412477566,1.0,0.02454167569720236
2020-02-28,0.0065844151991046145,0.7573200412477566,0.0,-0.0011359800618716347
2020-02-29,-0.014448841535025087,0.7573200412477566,0.0,0.0
2020-03-01,-0.03247832452879762,0.5981928367976596,0.0,0.0
2020-03-02,0.06143719684614497,0.5981928367976596,0.0,0.0
2020-03-03,0.017371747055031563,0.5981928367976596,1.0,0.009494365395784231
2020-03-04,0.009976208063074902,0.5981928367976596,1.0,0.0059676962017344605
2020-03-05,0.02661005769260412,0.5981928367976596,1.0,0.01591794589848824
2020-03-06,0.02550318552143201,0.5981928367976596,1.0,0.015255822894442411
2020-03-07,-0.048915970972127076,0.5981928367976596,1.0,-0.029261183440528662
2020-03-08,-0.12459079614204945,0.5824740995708804,1.0,-0.07259448990349954
2020-03-09,-0.007864967225031605,0.5824740995708804,0.0,-0.0008737111493563205
2020-03-10,0.005845562779178507,0.5824740995708804,0.0,0.0
2020-03-11,-0.03854437419248169,0.5824740995708804,0.0,0.0
2020-03-12,-0.4338828988245797,0.5824740995708804,0.0,0.0
2020-03-13,0.16221304031363873,0.5824740995708804,0.0,0.0
2020-03-14,-0.08429681413020547,0.5824740995708804,0.0,0.0
2020-03-15,0.009539510777043477,0.2726571982620763,0.0,0.0
2020-03-16,-0.12447275920425985,0.2726571982620763,0.0,0.0
2020-03-17,0.0463858549795703,0.2726571982620763,0.0,0.0
2020-03-18,0.01214027017254408,0.2726571982620763,0.0,0.0
2020-03-19,0.197690405078441,0.2726571982620763,0.0,0.0
2020-03-20,-0.02018898814735607,0.2726571982620763,0.0,0.0
2020-03-21,0.008833274684526401,0.2726571982620763,0.0,0.0
2020-03-22,-0.09019941930350568,0.25150224936833165,0.0,0.0
2020-03-23,0.10171197773727769,0.25150224936833165,0.0,0.0
2020-03-24,0.027753101131206288,0.25150224936833165,0.0,0.0
2020-03-25,-0.015195322871034199,0.25150224936833165,0.0,0.0
2020-03-26,0.03469288000217641,0.25150224936833165,0.0,0.0
2020-03-27,-0.04562033713676368,0.25150224936833165,0.0,0.0
2020-03-28,-0.021996510170915563,0.25150224936833165,0.0,0.0
2020-03-29,-0.05170504409898387,0.24723451202338811,0.0,0.0
2020-03-30,0.0651613730516635,0.24723451202338811,0.0,0.0
2020-03-31,0.02784009585064025,0.24723451202338811,0.0,0.0
2020-04-01,0.010493664324362198,0.24723451202338811,0.0,0.0
2020-04-02,0.02764935020923372,0.24723451202338811,0.0,0.0
2020-04-03,0.0084477670967229,0.24723451202338811,0.0,0.0
2020-04-04,0.021650582936026137,0.24723451202338811,0.0,0.0
2020-04-05,-0.013024947429480682,0.24595517869096645,0.0,0.0
2020-04-06,0.126752861675029,0.24595517869096645,0.0,0.0
2020-04-07,0.0102756711584366,0.24595517869096645,0.0,0.0
2020-04-08,0.07536415621093513,0.24595517869096645,0.0,0.0
2020-04-09,0.015998158007810123,0.24595517869096645,0.0,0.0
2020-04-10,-0.06400393908860054,0.24595517869096645,0.0,0.0
2020-04-11,0.007958717238634245,0.24595517869096645,0.0,0.0
2020-04-12,0.0382592668924883,0.37351837309476704,0.0,0.0
2020-04-13,-0.00370496500419204,0.37351837309476704,0.0,0.0
2020-04-14,0.0005396045650743284,0.37351837309476704,0.0,0.0
2020-04-15,-0.040216514784219094,0.37351837309476704,0.0,0.0
2020-04-16,0.10254191744014199,0.37351837309476704,0.0,0.0
2020-04-17,0.0004893082276362648,0.37351837309476704,0.0,0.0
2020-04-18,0.07721853838390332,0.37351837309476704,0.0,0.0
2020-04-19,-0.031408393334782736,0.5220945290772153,0.0,0.0
2020-04-20,-0.055305603111147475,0.5220945290772153,0.0,0.0
2020-04-21,0.005242315896350898,0.5220945290772153,0.0,0.0
2020-04-22,0.049135565540919426,0.5220945290772153,0.0,0.0
2020-04-23,0.015269318307980246,0.5220945290772153,0.0,0.0
2020-04-24,0.014933503123154113,0.5220945290772153,0.0,0.0
2020-04-25,0.016924189189436795,0.5220945290772153,0.0,0.0
2020-04-26,-0.002890562074581826,0.5762652116648105,0.0,0.0
2020-04-27,-0.005255827716288741,0.5762652116648105,0.0,0.0
2020-04-28,0.004688507351796452,0.5762652116648105,0.0,0.0
2020-04-29,0.07336928362968034,0.5762652116648105,0.0,0.0
2020-04-30,-0.03898858218668806,0.5762652116648105,1.0,-0.023332161383819872
2020-05-01,0.0222014026332783,0.5762652116648105,1.0,0.0127938959877218
2020-05-02,0.012508568934847714,0.5762652116648105,1.0,0.007208253124863891
2020-05-03,-0.020621650313350837,0.6633588022501005,1.0,-0.013810193638162755
2020-05-04,-0.004116094243046968,0.6633588022501005,1.0,-0.00273044734701617
2020-05-05,-0.008933657265279355,0.6633588022501005,1.0,-0.005926220183208621
2020-05-06,-0.0029751317507238726,0.6633588022501005,1.0,-0.0019735798346964327
2020-05-07,0.04201963640526141,0.6633588022501005,1.0,0.027874095676778923
2020-05-08,0.0022686855847977583,0.6633588022501005,1.0,0.0015049525522135097
2020-05-09,0.015329251305301604,0.6633588022501005,1.0,0.010168793785275663
2020-05-10,-0.07889575772776683,0.7753282169888218,1.0,-0.06133806128915959
2020-05-11,-0.026604542023635453,0.7753282169888218,1.0,-0.020627252130989454
2020-05-12,0.02297987418684588,0.7753282169888218,1.0,0.017816944879914667
2020-05-13,0.0313904779676369,0.7753282169888218,1.0,0.024337923313074813
2020-05-14,0.01674661754580531,0.7753282169888218,1.0,0.012984125122382947
2020-05-15,-0.03178263539276752,0.7753282169888218,1.0,-0.024641974030280265
2020-05-16,0.017294261978499925,0.7753282169888218,1.0,0.013408729303927919
2020-05-17,0.01623060119597593,0.7912392467082717,1.0,0.012818422119347195
2020-05-18,0.0214075368600104,0.7912392467082717,1.0,0.01693848333899419
2020-05-19,0.0008613688685534435,0.7912392467082717,1.0,0.000681548854692183
2020-05-20,0.003447376011101344,0.7912392467082717,1.0,0.0027276991981439944
2020-05-21,-0.03754417400655714,0.7912392467082717,1.0,-0.029706423959232554
2020-05-22,0.03786635017516052,0.7912392467082717,1.0,0.029961342388185652
2020-05-23,-0.0055343426140209324,0.7912392467082717,1.0,-0.004378989080943411
2020-05-24,-0.03137665079374226,0.8711898145416437,1.0,-0.027454944437688297
2020-05-25,0.018898637495766847,0.8711898145416437,1.0,0.016464300495026875
2020-05-26,-0.01553367802395944,0.8711898145416437,1.0,-0.01353278207684283
2020-05-27,0.016572267128440954,0.8711898145416437,1.0,0.01443759032616105
2020-05-28,0.033863822615597464,0.8711898145416437,1.0,0.029501817344153476
2020-05-29,-0.0008872671941722034,0.8711898145416437,1.0,-0.000772978142339766
2020-05-30,0.05886593283490593,0.8711898145416437,1.0,0.05128340110926254
2020-05-31,-0.026366399305701577,0.9332008006490896,1.0,-0.024698161421475483
2020-06-01,0.06544124385490331,0.9332008006490896,1.0,0.06106982116086808
2020-06-02,-0.042866524154700894,0.9332008006490896,1.0,-0.04000307466221041
2020-06-03,0.036971106673484945,0.9332008006490896,1.0,0.03450146634857905
2020-06-04,0.025055142514110708,0.9332008006490896,1.0,0.023381479054545157
2020-06-05,-0.022355223757422306,0.9332008006490896,1.0,-0.020861912709116047
2020-06-06,0.0007139215391569477,0.9332008006490896,1.0,0.0006662321519418939
2020-06-07,0.008513066413201079,0.7329478164865956,1.0,0.005939253962917364
2020-06-08,-0.0032440785888321333,0.7329478164865956,1.0,-0.0023777403181954285
2020-06-09,-0.012767820444231599,0.7329478164865956,1.0,-0.009358146115892465
2020-06-10,0.00497336614239674,0.7329478164865956,1.0,0.0036452178546580536
2020-06-11,-0.06815216967266909,0.7329478164865956,1.0,-0.049951983950406786
2020-06-12,0.03348295529539258,0.7329478164865956,1.0,0.024541258973276282
2020-06-13,-0.0006800855321825355,0.7329478164865956,1.0,-0.0004984672058373138
2020-06-14,-0.015624959196716616,0.7533857672096387,1.0,-0.011802278798122215
2020-06-15,0.005140209094428176,0.7533857672096387,1.0,0.0038725603722237333
2020-06-16,0.0070727713119593805,0.7533857672096387,1.0,0.00532852524115884
2020-06-17,0.016143247711548105,0.7533857672096387,1.0,0.012162093062419915
2020-06-18,-0.00922647732608528,0.7533857672096387,1.0,-0.006951096698955095
2020-06-19,-0.019803651409086204,0.7533857672096387,1.0,-0.014919789110386654
2020-06-20,0.0021278818303722318,0.7533857672096387,1.0,0.001603115885306434
2020-06-21,-0.004655488940499016,0.7850746348181569,1.0,-0.0037024395812750104
2020-06-22,0.03785350180677205,0.7850746348181569,1.0,0.02971782410754001
2020-06-23,-0.0019423366111829266,0.7850746348181569,1.0,-0.0015248792057183723
2020-06-24,-0.019661241571223693,0.7850746348181569,1.0,-0.015435542046600007
2020-06-25,-0.007130156009682401,0.7850746348181569,1.0,-0.0055977046254978985
2020-06-26,-0.01627580277373101,0.7850746348181569,1.0,-0.012777719918959218
2020-06-27,-0.022700112436871048,0.7850746348181569,1.0,-0.01782128248170764
2020-06-28,0.01713389018779147,0.8683815712665562,1.0,0.014753794078510388
2020-06-29,0.014281321567177652,0.8683815712665562,1.0,0.012401636462268686
2020-06-30,-0.003905068978787618,0.8683815712665562,1.0,-0.0033910899357038776
2020-07-01,0.06596947222022227,0.8683815712665562,1.0,0.057286673942222054
2020-07-02,0.002388036363184706,0.8683815712665562,1.0,0.0020737267693040078
2020-07-03,-0.0050492805224083455,0.8683815712665562,1.0,-0.004384702153814578
2020-07-04,0.021484172079509735,0.8683815712665562,1.0,0.01865645910776574
2020-07-05,-0.012185537449330337,0.8791012805307951,1.0,-0.010728401139558617
2020-07-06,0.08784758069945334,0.8791012805307951,1.0,0.07722692068442179
2020-07-07,0.057316514453178015,0.8791012805307951,1.0,0.05038702125135062
2020-07-08,0.0901337764801687,0.8791012805307951,1.0,0.07923671832279276
2020-07-09,-0.038463744471322725,0.8791012805307951,1.0,-0.033813527018749095
2020-07-10,-0.016949548658735287,0.8791012805307951,1.0,-0.014900369930313212
2020-07-11,0.016301687881718076,0.8791012805307951,1.0,0.014330834691631704
2020-07-12,0.07268916410666063,0.7583043761617818,1.0,0.05493931588506915
2020-07-13,-0.01617267603594082,0.7583043761617818,1.0,-0.012263811012300702
2020-07-14,0.06455660501552143,0.7583043761617818,1.0,0.04895355609341754
2020-07-15,0.015691139407130888,0.7583043761617818,1.0,0.011898659679391937
2020-07-16,-0.029835569305092603,0.7583043761617818,1.0,-0.02262444276932985
2020-07-17,-0.012624951883919764,0.7583043761617818,1.0,-0.009573556262408288
2020-07-18,-0.009069336997147327,0.7583043761617818,1.0,-0.0068773179338227726
2020-07-19,0.01204850835171937,0.6925071732954963,1.0,0.008244982656776933
2020-07-20,-0.05159992075058476,0.6925071732954963,1.0,-0.03573331526125908
2020-07-21,0.027154206323584118,0.6925071732954963,1.0,0.018804482664227927
2020-07-22,0.03444559447363763,0.6925071732954963,1.0,0.023853821261421767
2020-07-23,0.033680234259473085,0.6925071732954963,1.0,0.023323803822957838
2020-07-24,-0.018307732264976874,0.6925071732954963,1.0,-0.012678235920269891
2020-07-25,0.09909423602929471,0.6925071732954963,1.0,0.06862346928252361
2020-07-26,0.009728596985082289,0.6351061431862434,1.0,0.0060925901646450495
2020-07-27,-0.026167551348418375,0.6351061431862434,1.0,-0.016619172613521978
2020-07-28,0.02457682126216173,0.6351061431862434,1.0,0.015608890163589196
2020-07-29,-0.02289897366598011,0.6351061431862434,1.0,-0.01454327884792398
2020-07-30,0.03296081744160555,0.6351061431862434,1.0,0.02093361764160396
2020-07-31,0.022678544026626238,0.6351061431862434,1.0,0.014403282629830011
2020-08-01,0.030755488048198755,0.6351061431862434,1.0,0.01953299939610212
2020-08-02,0.022520281459060484,0.4549202842803607,1.0,0.009974654055070708
2020-08-03,0.05698546168630303,0.4549202842803607,1.0,0.025923842430180578
2020-08-04,0.05045669677762839,0.4549202842803607,1.0,0.022953774841926667
2020-08-05,-0.030533866309719732,0.4549202842803607,1.0,-0.013890475141796227
2020-08-06,0.10927159087103229,0.4549202842803607,1.0,0.049709863182817275
2020-08-07,-0.0320469141891615,0.4549202842803607,1.0,-0.014578791313241673
2020-08-08,0.16480801964637193,0.4549202842803607,1.0,0.07497451114921078
2020-08-09,0.055168706598533526,0.42050490091185044,1.0,0.023147088426598527
2020-08-10,0.04524684523715846,0.42050490091185044,1.0,0.019026520173025148
2020-08-11,-0.004915709421532705,0.42050490091185044,1.0,-0.00206707990321306
2020-08-12,0.13637672478512156,0.42050490091185044,1.0,0.05734708114245024
2020-08-13,0.02224188597883799,0.42050490091185044,1.0,0.009352822059623945
2020-08-14,-0.04530609530186609,0.42050490091185044,1.0,-0.019051435115614055
2020-08-15,0.020639219438533713,0.42050490091185044,1.0,0.008678892924898554
2020-08-16,0.016397746609783992,0.44843482224365805,1.0,0.007311425704157319
2020-08-17,-0.05956725757017056,0.44843482224365805,1.0,-0.02671203256002163
2020-08-18,0.007365296756768041,0.44843482224365805,1.0,0.0033028555418930673
2020-08-19,-0.0629384393678071,0.44843482224365805,1.0,-0.02822378787019583
2020-08-20,0.043763359365803035,0.44843482224365805,1.0,0.01962501427798921
2020-08-21,-0.09958612645334282,0.44843482224365805,1.0,-0.04465788691403924
2020-08-22,0.06498178584811454,0.44843482224365805,1.0,0.02914009558587469
2020-08-23,0.007073272387235832,0.4072998034693989,1.0,0.002819239925045293
2020-08-24,0.010384349531565048,0.4072998034693989,1.0,0.004229543523363988
2020-08-25,-0.05918396624342133,0.4072998034693989,1.0,-0.02410561781948505
2020-08-26,0.060097822659209404,0.4072998034693989,1.0,0.02447783135803478
2020-08-27,-0.0515587873602283,0.4072998034693989,1.0,-0.020999883958941513
2020-08-28,0.07813701879728999,0.4072998034693989,1.0,0.03182519239982094
2020-08-29,0.04960133848863098,0.4072998034693989,1.0,0.02020261541823853
2020-08-30,0.03940072339226153,0.43258073739198377,1.0,0.017006072577918196
2020-08-31,0.025452360863169078,0.43258073739198377,1.0,0.011010201030556548
2020-09-01,0.009422501135976421,0.43258073739198377,1.0,0.004075992489477486
2020-09-02,-0.06498487589149278,0.43258073739198377,1.0,-0.028111205532468497
2020-09-03,-0.15663882626756515,0.43258073739198377,1.0,-0.06775893897103817
2020-09-04,0.017173538659661942,0.43258073739198377,1.0,0.007428942017026303
2020-09-05,-0.18479547688478712,0.43258073739198377,1.0,-0.07993896365752451
2020-09-06,0.15294849323863483,0.34957316264514077,1.0,0.05334217714111824
2020-09-07,-0.0302379451141227,0.34957316264514077,1.0,-0.010570374105434054
2020-09-08,-0.08376122095329622,0.34957316264514077,1.0,-0.02928067491566219
2020-09-09,0.18769815552956023,0.34957316264514077,1.0,0.0656142378511279
2020-09-10,0.005551937050143304,0.34957316264514077,1.0,0.001940808193425328
2020-09-11,0.000573834607493162,0.34957316264514077,1.0,0.00020059717857661764
2020-09-12,0.009025767293761736,0.34957316264514077,1.0,0.0031551660181793634
2020-09-13,-0.04953529625495593,0.33830870549571973,1.0,-0.016775118638085246
2020-09-14,0.018643735570859594,0.33830870549571973,1.0,0.0063073380465820126
2020-09-15,-0.07602485507204718,0.33830870549571973,1.0,-0.025719870304923984
2020-09-16,-0.05033273404808824,0.33830870549571973,1.0,-0.017028002099869072
2020-09-17,0.07355224324807544,0.33830870549571973,1.0,0.024883364199562698
2020-09-18,-0.006603337395040411,0.33830870549571973,1.0,-0.0022339665260675988
2020-09-19,-0.0052848613345986735,0.33830870549571973,1.0,-0.0017879145968324594
2020-09-20,-0.0423709380585772,0.33334486913099953,1.0,-0.014131580556641187
2020-09-21,-0.07095859893007328,0.33334486913099953,1.0,-0.023653684874064357
2020-09-22,0.018745441470293445,0.33334486913099953,1.0,0.00624869673371778
2020-09-23,-0.07202236249553706,0.33334486913099953,1.0,-0.024008285000580207
2020-09-24,0.1556312667920839,0.33334486913099953,1.0,0.05187888426149888
2020-09-25,0.03899582544303707,0.33334486913099953,1.0,0.012999058328964494
2020-09-26,-0.014012705290304257,0.33334486913099953,1.0,-0.0046710634111677375
2020-09-27,0.017545554529380485,0.3180005860920229,1.0,0.005556480199094076
2020-09-28,-0.0363558166116877,0.3180005860920229,1.0,-0.011561170990370791
2020-09-29,-0.0038891902866403276,0.3180005860920229,1.0,-0.0012367647905750267
2020-09-30,-0.014019643959286452,0.3180005860920229,1.0,-0.004458254995854581
2020-10-01,-0.033204537567003554,0.3180005860920229,1.0,-0.010559062407221721
2020-10-02,-0.043838218234451734,0.3180005860920229,1.0,-0.013940579091785657
2020-10-03,0.004081393253140275,0.3180005860920229,1.0,0.0012978854465706356
2020-10-04,0.008265132238856127,0.3432588263437006,1.0,0.002799192231507721
2020-10-05,0.023241692329973602,0.3432588263437006,1.0,0.007977916031428126
2020-10-06,-0.10061319240590072,0.3432588263437006,1.0,-0.034536366339942406
2020-10-07,0.02436176909968072,0.3432588263437006,1.0,0.008362392268812635
2020-10-08,0.031187191677890372,0.3432588263437006,1.0,0.010705278812308677
2020-10-09,0.06289112974615747,0.3432588263437006,1.0,0.02158793538409541
2020-10-10,-0.013378291560329658,0.3432588263437006,1.0,-0.004592216659482593
2020-10-11,0.015917995361369803,0.5131983832099768,1.0,0.007914180148099479
2020-10-12,0.06585682343615969,0.5131983832099768,1.0,0.03379761531078206
2020-10-13,-0.03687118318591527,0.5131983832099768,1.0,-0.0189222315980506
2020-10-14,-0.011687986731175179,0.5131983832099768,1.0,-0.005998255893418763
2020-10-15,-0.009237693152889212,0.5131983832099768,1.0,-0.004740769190652616
2020-10-16,-0.03474099348077916,0.5131983832099768,1.0,-0.017829021685444205
2020-10-17,0.011985545887336208,0.5131983832099768,1.0,0.006150962771269928
2020-10-18,0.013553591439796026,0.5464529688369026,1.0,0.0073565184022385795
2020-10-19,-0.031326674783445266,0.5464529688369026,1.0,-0.0171185544392018
2020-10-20,-0.07078658171014066,0.5464529688369026,1.0,-0.038681537729322354
2020-10-21,0.042760476267841664,0.5464529688369026,1.0,0.023366589205441993
2020-10-22,0.05643545245307805,0.5464529688369026,1.0,0.03083932054063836
2020-10-23,0.0067501418293085536,0.5464529688369026,1.0,0.0036886350426958195
2020-10-24,0.006869064942473413,0.5464529688369026,1.0,0.0037536209309480834
2020-10-25,-0.04189132001116154,0.6986051795517579,1.0,-0.029493721454129943
2020-10-26,-0.018726211791282643,0.6986051795517579,1.0,-0.013082228550773256
2020-10-27,0.01648880314472397,0.6986051795517579,1.0,0.01151916328151348
2020-10-28,-0.07060515523671287,0.6986051795517579,1.0,-0.049325127151423544
2020-10-29,-0.025109756357203063,0.6986051795517579,1.0,-0.01754180584842474
2020-10-30,-0.01693776047113349,0.6986051795517579,1.0,-0.01183280719514088
2020-10-31,0.02574955700090468,0.6986051795517579,1.0,0.017988773891995238
2020-11-01,0.007675413681920596,0.9871023086075615,1.0,0.007432170000413983
2020-11-02,-0.0326472039499337,0.9871023086075615,1.0,-0.03222613038856145
2020-11-03,-0.015115510824157,0.9871023086075615,1.0,-0.01492055563030796
2020-11-04,0.008053114426212593,0.9871023086075615,1.0,0.007949247841595309
2020-11-05,0.05980914014959119,0.9871023086075615,1.0,0.05903774031749466
2020-11-06,0.05005886016370198,0.9871023086075615,1.0,0.04941321643385332
2020-11-07,-0.040306335310229605,0.9871023086075615,1.0,-0.03978647663623812
2020-11-08,0.04680878031831977,0.8847112216808299,1.0,0.04125866659042017
2020-11-09,-0.010115389930329047,0.8847112216808299,1.0,-0.008949198983039376
2020-11-10,0.014036904041626608,0.8847112216808299,1.0,0.012418606523284054
2020-11-11,0.0011209261487144335,0.8847112216808299,1.0,0.000991695942443133
2020-11-12,-0.0018655334306938078,0.8847112216808299,1.0,-0.0016504583605555486
2020-11-13,0.020167813948410346,0.8847112216808299,1.0,0.0178426913169298
2020-11-14,-0.016053595493461376,0.8847112216808299,1.0,-0.014202796081390079
2020-11-15,-0.018158439160654884,0.9060754737018136,1.0,-0.016484962742207412
2020-11-16,0.034131689300568084,0.9060754737018136,1.0,0.030925886551255354
2020-11-17,0.04138364076390914,0.9060754737018136,1.0,0.03749670190866466
2020-11-18,0.006452269207698036,0.9060754737018136,1.0,0.005846242878816623
2020-11-19,0.0011663587249963006,0.9060754737018136,1.0,0.0010568090342572664
2020-11-20,0.03568090216472175,0.9060754737018136,1.0,0.03232959033100832
2020-11-21,0.04792350845240967,0.9060754737018136,1.0,0.043422315622469954
2020-11-22,-0.0297592276737062,0.9744651420962029,1.0,-0.02910191452632295
2020-11-23,0.03054314387361671,0.9744651420962029,1.0,0.029763229034868673
2020-11-24,0.05167649748212436,0.9744651420962029,1.0,0.050356945461952386
2020-11-25,-0.0598228765696747,0.9744651420962029,1.0,-0.05829530791707166
2020-11-26,-0.1009145261050156,0.9744651420962029,1.0,-0.098337688020495
2020-11-27,0.00011771390430988715,0.9744651420962029,1.0,0.00011470809649003324
2020-11-28,0.035388444860440384,0.9744651420962029,1.0,0.03448480594949268
2020-11-29,0.027300182723954583,0.7216545482077007,1.0,0.01932208513881037
2020-11-30,0.06192774109742719,0.7216545482077007,1.0,0.04469043602318728
2020-12-01,-0.07159212038981488,0.7216545482077007,1.0,-0.051664779295143175
2020-12-02,0.021786855479928535,0.7216545482077007,1.0,0.015722583348234294
2020-12-03,0.016971094463988184,0.7216545482077007,1.0,0.012247267507999602
2020-12-04,-0.08437928613392465,0.7216545482077007,1.0,-0.06089269561306569
2020-12-05,0.05004121129940842,0.7216545482077007,1.0,0.036112467732040666
2020-12-06,0.02185782251507399,0.4129598118833276,1.0,0.008563360169517557
2020-12-07,-0.018454681954967578,0.4129598118833276,1.0,-0.0076210419884900505
2020-12-08,-0.0710947315213154,0.4129598118833276,1.0,-0.02935926695493809
2020-12-09,0.03611772515124404,0.4129598118833276,1.0,0.014915168984111469
2020-12-10,-0.02514890991281156,0.4129598118833276,1.0,-0.010385489106665414
2020-12-11,-0.025135818019002294,0.4129598118833276,1.0,-0.010380082680660742
2020-12-12,0.001276348158764467,0.4129598118833276,1.0,0.000527080495541005
2020-12-13,0.031267248454335254,0.4032016583621026,1.0,0.012592369198926026
2020-12-14,0.0015737005835780495,0.4032016583621026,1.0,0.0006345186850640777
2020-12-15,-0.023580996201585786,0.4032016583621026,1.0,-0.00950789677430983
2020-12-16,0.13140046927470644,0.4032016583621026,1.0,0.052980887121120146
2020-12-17,0.019929059679141527,0.4032016583621026,1.0,0.008035429912227176
2020-12-18,0.012327713075242977,0.4032016583621026,1.0,0.004970554355750144
2020-12-19,0.007070741168578605,0.4032016583621026,1.0,0.002850934565020085
2020-12-20,-0.02429618504540454,0.38737751845208135,1.0,-0.00943553208060641
2020-12-21,-0.05222281643519281,0.38737751845208135,1.0,-0.02022994503724356
2020-12-22,-0.0221498155767067,0.38737751845208135,1.0,-0.008580340592275899
2020-12-23,-0.19093256850427165,0.38737751845208135,1.0,-0.07396298457886677
2020-12-24,0.14950051583717006,0.38737751845208135,1.0,0.057913138832309016
2020-12-25,0.00378411883190425,0.38737751845208135,1.0,0.0014658825626308577
2020-12-26,2.8787556906398337e-06,0.38737751845208135,1.0,1.1151652356718167e-06
2020-12-27,-0.022466163872400486,0.4034029177485939,1.0,-0.009086954155689175
2020-12-28,0.017158747201505446,0.4034029177485939,1.0,0.006921888685997819
2020-12-29,-0.0037742340246619266,0.4034029177485939,1.0,-0.0015225370178146413
2020-12-30,-0.009859800261971122,0.4034029177485939,1.0,-0.003977472194097501
2020-12-31,0.009688268565662517,0.4034029177485939,1.0,0.003908275807320243
2021-01-01,-0.036436729730784226,0.4034029177485939,1.0,-0.014698683086615294
2021-01-02,0.0875954165892292,0.4034029177485939,1.0,0.035336246633498644
2021-01-03,0.12312772485472015,0.575050613887005,1.0,0.07054720222000944
2021-01-04,-0.004847268082998367,0.575050613887005,1.0,-0.0027874244868030962
2021-01-05,0.04838733468987725,0.575050613887005,1.0,0.027825166517769884
2021-01-06,0.07377780996261674,0.575050613887005,1.0,0.04242597491024155
2021-01-07,0.01327304716686254,0.575050613887005,1.0,0.007632673921455476
2021-01-08,1.235804821771505e-05,0.575050613887005,1.0,7.1065032140431306e-06
2021-01-09,0.02790624195483441,0.575050613887005,1.0,0.01604750156740682
2021-01-10,-0.03673257669387434,0.5833149260015148,1.0,-0.021439056724204042
2021-01-11,-0.10654047776277449,0.5833149260015148,1.0,-0.06214665090235884
2021-01-12,-0.03018263823868635,0.5833149260015148,1.0,-0.017605983390729822
2021-01-13,0.16987886546049738,0.5833149260015148,1.0,0.09909287783531132
2021-01-14,0.15151427109002968,0.5833149260015148,1.0,0.08838053582905413
2021-01-15,-0.06326085602788101,0.5833149260015148,1.0,-0.03690100155269589
2021-01-16,0.13703121119875708,0.5833149260015148,1.0,0.07993235082030094
2021-01-17,-0.02640527973215208,0.3842912136648665,1.0,-0.010445852563933999
2021-01-18,0.005906745873514696,0.3842912136648665,1.0,0.0022699105405429047
2021-01-19,0.025824012785896036,0.3842912136648665,1.0,0.00992394121518902
2021-01-20,0.026345011467027984,0.3842912136648665,1.0,0.010124156430679009
2021-01-21,-0.1443655499335256,0.3842912136648665,1.0,-0.055478412395350445
2021-01-22,0.0831684890185839,0.3842912136648665,1.0,0.03196091958362473
2021-01-23,0.016943921846213218,0.3842912136648665,1.0,0.006511400290523924
2021-01-24,0.035070221519446644,0.3602076575358251,1.0,0.012596437008588798
2021-01-25,-0.02917435513621506,0.3602076575358251,1.0,-0.010508826123734294
2021-01-26,0.007747062757143615,0.3602076575358251,1.0,0.0027905513285337324
2021-01-27,-0.07879574034918031,0.3602076575358251,1.0,-0.02838282905497934
2021-01-28,0.08528085738734337,0.3602076575358251,1.0,0.030718817872141722
2021-01-29,0.018952226877981704,0.3602076575358251,1.0,0.006826737248805293
2021-01-30,-0.008624585660511719,0.3602076575358251,1.0,-0.003106641797989993
2021-01-31,-0.03382977867602299,0.3566164443600571,1.0,-0.012069642204694652
2021-02-01,0.037680920920449355,0.3566164443600571,1.0,0.01343763603886314
2021-02-02,0.006074279287457664,0.3566164443600571,1.0,0.0021661878815430937
2021-02-03,0.13808086156084798,0.3566164443600571,1.0,0.04924190588400289
2021-02-04,0.12834936943088385,0.3566164443600571,1.0,0.04577149576229721
2021-02-05,0.05374106477923283,0.3566164443600571,1.0,0.019164947437693508
2021-02-06,0.12340191024764753,0.3566164443600571,1.0,0.04400715045975495
2021-02-07,0.13155177548835842,0.10948277508876851,1.0,0.014031952944413182
2021-02-08,0.06440237002606466,0.10948277508876851,1.0,0.007050950192747284
2021-02-09,-0.025344949044698674,0.10948277508876851,1.0,-0.0027748353558970434
2021-02-10,0.12746329602378337,0.10948277508876851,1.0,0.013955035370644995
2021-02-11,0.007605101105752632,0.10948277508876851,1.0,0.0008326275738884596
2021-02-12,0.04683118061654009,0.10948277508876851,1.0,0.005127207614582153
2021-02-13,-0.03220814146961022,0.10948277508876851,1.0,-0.003526236708544574
2021-02-14,-0.0516746241516293,0.11082716233703535,1.0,-0.005728968540430308
2021-02-15,-0.01831675949444049,0.11082716233703535,1.0,-0.002029994477978789
2021-02-16,0.014303951038266725,0.11082716233703535,1.0,0.0015852663037789912
2021-02-17,0.002022503681466649,0.11082716233703535,1.0,0.00022414834383315636
2021-02-18,0.06890334128631233,0.11082716233703535,1.0,0.007636361790302286
2021-02-19,0.018898845994638643,0.11082716233703535,1.0,0.002094505473030447
2021-02-20,0.10825004395012783,0.11082716233703535,1.0,0.011997045193852026
2021-02-21,0.0069787603681388255,0.11251873996458235,1.0,0.0007827039566964251
2021-02-22,-0.030692939968744337,0.11251873996458235,1.0,-0.0034535309310916805
2021-02-23,-0.11306721639301837,0.11251873996458235,1.0,-0.012722180719845199
2021-02-24,0.09181323698831079,0.11251873996458235,1.0,0.010330709737994315
2021-02-25,-0.05424821456985621,0.11251873996458235,1.0,-0.006103940748728519
2021-02-26,0.054963951016795555,0.11251873996458235,1.0,0.0061844745118848615
2021-02-27,0.042239424366499446,0.11251873996458235,1.0,0.004752726806547794
2021-02-28,-0.016171237825041446,0.36321877386734863,1.0,-0.006249747225582993
2021-03-01,0.08433684656976059,0.36321877386734863,1.0,0.03063272600290715
2021-03-02,-0.039227627250819255,0.36321877386734863,1.0,-0.014248210671767963
2021-03-03,0.0019269983839437232,0.36321877386734863,1.0,0.0006999219902604014
2021-03-04,-0.046866672018538405,0.36321877386734863,1.0,-0.017022855145816695
2021-03-05,0.007939587254793302,0.36321877386734863,1.0,0.002883807147698853
2021-03-06,-0.001028153833826299,0.36321877386734863,1.0,-0.0003734447748694017
2021-03-07,0.028005417082800722,0.31746360162696985,1.0,0.008822067813810817
2021-03-08,0.05853569397523638,0.31746360162696985,1.0,0.018582952233112664
2021-03-09,0.07544338425508985,0.31746360162696985,1.0,0.023950528484548254
2021-03-10,-0.04425993292718969,0.31746360162696985,1.0,-0.014050917714833754
2021-03-11,0.00893723707389841,0.31746360162696985,1.0,0.0028372474700738707
2021-03-12,-0.05880056803774695,0.31746360162696985,1.0,-0.018667040106974835
2021-03-13,0.07893993261102701,0.31746360162696985,1.0,0.025060555318886926
2021-03-14,-0.047688866251478126,0.36796419038193967,1.0,-0.01762354594359021
2021-03-15,-0.029183357438672137,0.36796419038193967,1.0,-0.01073843049254775
2021-03-16,0.0809113046333291,0.36796419038193967,1.0,0.02977246270214943
2021-03-17,0.046151569807367045,0.36796419038193967,1.0,0.016982125019023388
2021-03-18,-0.045396701623027995,0.36796419038193967,1.0,-0.016704360558727985
2021-03-19,0.025479154706368485,0.36796419038193967,1.0,0.009375416533145067
2021-03-20,-0.01999819257769379,0.36796419038193967,1.0,-0.00735861874095321
2021-03-21,-0.014388977416675292,0.38440439134975696,1.0,-0.00555584640745419
2021-03-22,-0.04675959974030397,0.38440439134975696,1.0,-0.0179745954779298
2021-03-23,-0.0052940497777226305,0.38440439134975696,1.0,-0.002035055982580784
2021-03-24,-0.03298548496000549,0.38440439134975696,1.0,-0.012679765269427472
2021-03-25,-0.013364697322986617,0.38440439134975696,1.0,-0.005137448340016397
2021-03-26,0.07892756474722547,0.38440439134975696,1.0,0.03034010248737574
2021-03-27,0.010648856268577549,0.38440439134975696,1.0,0.004093467112493598
2021-03-28,6.916018800455098e-05,0.573867105420247,1.0,-0.0002445053142052438
2021-03-29,0.012851071335581757,0.573867105420247,1.0,0.007374807108899411
2021-03-30,0.04590858010944839,0.573867105420247,1.0,0.02634542398136267
2021-03-31,-0.017033601648445584,0.573867105420247,1.0,-0.009775023672875015
2021-04-01,0.039629936022423595,0.573867105420247,1.0,0.022742316673177804
2021-04-02,-0.0023763166542042358,0.573867105420247,1.0,-0.0013636899599101119
2021-04-03,0.025475659800912338,0.573867105420247,1.0,0.014619643148620506
2021-04-04,0.044579012773067486,0.5436513296683975,1.0,0.02419011590575484
2021-04-05,0.020173849698679597,0.5436513296683975,1.0,0.010967540213217565
2021-04-06,0.05848666338768408,0.5436513296683975,1.0,0.03179635231858243
2021-04-07,-0.029717607045437095,0.5436513296683975,1.0,-0.016156016584814813
2021-04-08,0.03531438768572566,0.5436513296683975,1.0,0.019198713821770037
2021-04-09,0.018697939591737635,0.5436513296683975,1.0,0.010165159721107538
2021-04-10,0.00330234680796985,0.5436513296683975,1.0,0.0017953252331789965
2021-04-11,0.06783806823759089,0.6477937807638391,1.0,0.04378886502670115
2021-04-12,0.013656158369598513,0.6477937807638391,1.0,0.008846374460951963
2021-04-13,0.09216375161644114,0.6477937807638391,1.0,0.0597031051089938
2021-04-14,0.13587778165883227,0.6477937807638391,1.0,0.08802078190257838
2021-04-15,0.17195236008160097,0.6477937807638391,1.0,0.11138966944852532
2021-04-16,0.2934210415601759,0.6477937807638391,1.0,0.1900763258679299
2021-04-17,-0.09040295497290121,0.6477937807638391,1.0,-0.05856247199411878
2021-04-18,0.08885058987290742,0.3558627239454562,1.0,0.03118071635110583
2021-04-19,0.05001423730407443,0.3558627239454562,1.0,0.017798202723082378
2021-04-20,-0.05737063529920753,0.3558627239454562,1.0,-0.020416070552057335
2021-04-21,-0.02292980796616813,0.3558627239454562,1.0,-0.008159863922386813
2021-04-22,-0.008683739068139906,0.3558627239454562,1.0,-0.0030902190388198414
2021-04-23,-0.03965468551428844,0.3558627239454562,1.0,-0.014111624404315112
2021-04-24,0.03858312036688927,0.3558627239454562,1.0,0.013730294312076624
2021-04-25,0.02710166892171891,0.361492245296858,1.0,0.009788598867777139
2021-04-26,0.07817173980188696,0.361492245296858,1.0,0.028258477739745873
2021-04-27,0.013421287233831996,0.361492245296858,1.0,0.004851691256931984
2021-04-28,0.08137312862368591,0.361492245296858,1.0,0.029415754973006244
2021-04-29,-0.04133474033439902,0.361492245296858,1.0,-0.0149421880922445
2021-04-30,0.09880722332622131,0.361492245296858,1.0,0.03571804501174382
2021-05-01,0.10204655446683926,0.361492245296858,1.0,0.036889038099025835
2021-05-02,-0.030507626389574383,0.3729420821174803,1.0,-0.011394752461420991
2021-05-03,0.08010864561579514,0.3729420821174803,1.0,0.029875885091566003
2021-05-04,0.02011985476595956,0.3729420821174803,1.0,0.007503540528318271
2021-05-05,0.11079534824228386,0.3729420821174803,1.0,0.04132024786240866
2021-05-06,-0.059236800192302735,0.3729420821174803,1.0,-0.02209189560169454
2021-05-07,0.052777315324585475,0.3729420821174803,1.0,0.01968288186572171
2021-05-08,0.006553049155143764,0.3729420821174803,1.0,0.0024439077961375105
2021-05-09,-0.03544862711439452,0.3582987327569112,1.0,-0.012723163197100693
2021-05-10,-0.09645225878768791,0.3582987327569112,1.0,-0.03455872209517024
2021-05-11,0.0681271188496968,0.3582987327569112,1.0,0.02440986035022584
2021-05-12,-0.1315153812095835,0.3582987327569112,1.0,-0.04712179442543586
2021-05-13,0.06986756564099224,0.3582987327569112,1.0,0.025033460229977832
2021-05-14,0.07953173825671844,0.3582987327569112,1.0,0.02849612103133657
2021-05-15,-0.04710871771196941,0.3582987327569112,1.0,-0.0168789938580017
2021-05-16,0.03309833722938268,0.3259093266220063,1.0,0.01073847268953383
2021-05-17,-0.04999037521304686,0.3259093266220063,1.0,-0.016292329523265536
2021-05-18,0.05374296913805092,0.3259093266220063,1.0,0.017515334882449437
2021-05-19,-0.33502492464175926,0.3259093266220063,1.0,-0.10918774759158414
2021-05-20,0.21227125200101524,0.3259093266220063,0.0,-0.0004888639899330095
2021-05-21,-0.13517854742540347,0.3259093266220063,1.0,-0.0445448133550872
2021-05-22,-0.10753627144977934,0.3259093266220063,0.0,-0.0004888639899330095
2021-05-23,-0.14462049303017455,0.2622090891183465,0.0,0.0
2021-05-24,0.2563059860145328,0.2622090891183465,0.0,0.0
2021-05-25,-0.032941477609139715,0.2622090891183465,0.0,0.0
2021-05-26,0.10332684492237068,0.2622090891183465,0.0,0.0
2021-05-27,-0.0485966250257881,0.2622090891183465,0.0,0.0
2021-05-28,-0.10112776113079927,0.2622090891183465,0.0,0.0
2021-05-29,-0.05284569371586259,0.2622090891183465,0.0,0.0
2021-05-30,0.03661016289791086,0.22490222327175116,0.0,0.0
2021-05-31,0.10432541853030537,0.22490222327175116,0.0,0.0
2021-06-01,0.014357771601873126,0.22490222327175116,0.0,0.0
2021-06-02,0.0843851001068568,0.22490222327175116,0.0,0.0
2021-06-03,0.042509599433301494,0.22490222327175116,0.0,0.0
2021-06-04,-0.06101936870421975,0.22490222327175116,0.0,0.0
2021-06-05,-0.0004537854487637327,0.22490222327175116,0.0,0.0
2021-06-06,0.0305403823159562,0.23036108827886856,0.0,0.0
2021-06-07,-0.0980838292954376,0.23036108827886856,0.0,0.0
2021-06-08,0.030638956466110253,0.23036108827886856,0.0,0.0
2021-06-09,0.03688047030991903,0.23036108827886856,0.0,0.0
2021-06-10,-0.04230949726673053,0.23036108827886856,0.0,0.0
2021-06-11,-0.056071680172781746,0.23036108827886856,0.0,0.0
2021-06-12,-0.010129466252867739,0.23036108827886856,0.0,0.0
2021-06-13,0.054643051857874214,0.24265302625748827,0.0,0.0
2021-06-14,0.011097300152386969,0.24265302625748827,0.0,0.0
2021-06-15,0.016140294466262414,0.24265302625748827,0.0,0.0
2021-06-16,-0.054363097115155815,0.24265302625748827,0.0,0.0
2021-06-17,-0.0012374567229148279,0.24265302625748827,0.0,0.0
2021-06-18,-0.05371825319476586,0.24265302625748827,0.0,0.0
2021-06-19,-0.0337622655025113,0.24265302625748827,0.0,0.0
2021-06-20,-0.001350237666501811,0.32684883567209083,0.0,0.0
2021-06-21,-0.2743218734077421,0.32684883567209083,0.0,0.0
2021-06-22,-0.011221387927618318,0.32684883567209083,0.0,0.0
2021-06-23,0.16241447030110173,0.32684883567209083,0.0,0.0
2021-06-24,0.08069160604926076,0.32684883567209083,0.0,0.0
2021-06-25,-0.08561361727730879,0.32684883567209083,0.0,0.0
2021-06-26,0.020773775351518177,0.32684883567209083,0.0,0.0
2021-06-27,0.06870090076473596,0.32746877292572485,0.0,0.0
2021-06-28,-0.0007849114834673036,0.32746877292572485,0.0,0.0
2021-06-29,0.04719978285597085,0.32746877292572485,0.0,0.0
2021-06-30,0.007987116434771086,0.32746877292572485,0.0,0.0
2021-07-01,-0.05417904026472842,0.32746877292572485,0.0,0.0
2021-07-02,0.004899165524416974,0.32746877292572485,0.0,0.0
2021-07-03,0.014233710968608962,0.32746877292572485,0.0,0.0
2021-07-04,0.009397653122208896,0.35676472579829477,0.0,0.0
2021-07-05,-0.052486201162121104,0.35676472579829477,0.0,0.0
2021-07-06,0.022678453347763305,0.35676472579829477,0.0,0.0
2021-07-07,0.001021279141575902,0.35676472579829477,0.0,0.0
2021-07-08,-0.07003176339374309,0.35676472579829477,0.0,0.0
2021-07-09,0.02766242166912073,0.35676472579829477,0.0,0.0
2021-07-10,-0.02973854590024675,0.35676472579829477,0.0,0.0
2021-07-11,0.012678725776079647,0.36658821851973483,0.0,0.0
2021-07-12,-0.028850089944883396,0.36658821851973483,0.0,0.0
2021-07-13,-0.037185865244118786,0.36658821851973483,0.0,0.0
2021-07-14,0.02068815129338364,0.36658821851973483,0.0,0.0
2021-07-15,-0.0637177032708222,0.36658821851973483,0.0,0.0
2021-07-16,-0.050450322012819404,0.36658821851973483,0.0,0.0
2021-07-17,0.026388073735538753,0.36658821851973483,0.0,0.0
2021-07-18,-0.0034486652309241306,0.367796348409085,0.0,0.0
2021-07-19,-0.061800581747351806,0.367796348409085,0.0,0.0
2021-07-20,-0.035224782772905194,0.367796348409085,0.0,0.0
2021-07-21,0.10822226649372926,0.367796348409085,0.0,0.0
2021-07-22,0.028167395982657013,0.367796348409085,0.0,0.0
2021-07-23,0.025377659956648053,0.367796348409085,0.0,0.0
2021-07-24,0.006909124317170611,0.367796348409085,0.0,0.0
2021-07-25,-0.007175783120208168,0.5969615483941981,0.0,0.0
2021-07-26,0.02326278464201999,0.5969615483941981,0.0,0.0
2021-07-27,0.009687543160348625,0.5969615483941981,0.0,0.0
2021-07-28,0.038014877944229676,0.5969615483941981,0.0,0.0
2021-07-29,0.05064953086416727,0.5969615483941981,0.0,0.0
2021-07-30,0.02053129055091814,0.5969615483941981,0.0,0.0
2021-07-31,0.04288965445629799,0.5969615483941981,0.0,0.0
2021-08-01,-0.023081664937106318,0.6337743237738098,0.0,0.0
2021-08-02,-0.005695422791829143,0.6337743237738098,0.0,0.0
2021-08-03,0.007982320785468308,0.6337743237738098,0.0,0.0
2021-08-04,0.04975290284662185,0.6337743237738098,0.0,0.0
2021-08-05,0.02971917082905784,0.6337743237738098,0.0,0.0
2021-08-06,0.0299194520224025,0.6337743237738098,0.0,0.0
2021-08-07,0.04672627328711946,0.6337743237738098,0.0,0.0
2021-08-08,-0.03949436959464765,0.6728332160993071,0.0,0.0
2021-08-09,0.038354406229284134,0.6728332160993071,0.0,0.0
2021-08-10,0.05731514552186989,0.6728332160993071,1.0,0.037554283868530554
2021-08-11,0.03645661319431455,0.6728332160993071,1.0,0.024529220303619096
2021-08-12,-0.013086801919679628,0.6728332160993071,1.0,-0.008805235024072627
2021-08-13,0.1183738832514174,0.6728332160993071,0.0,-0.0010092498241489607
2021-08-14,-0.0028218586628339093,0.6728332160993071,1.0,-0.0029078900636411898
2021-08-15,0.07395790933724648,0.6367250385730714,1.0,0.047036690409252624
2021-08-16,0.024584245613532302,0.6367250385730714,1.0,0.015653404736566217
2021-08-17,-0.0299623121189743,0.6367250385730714,1.0,-0.019077754339692318
2021-08-18,0.0753182214995561,0.6367250385730714,0.0,-0.0009550875578596071
2021-08-19,0.06945354088924034,0.6367250385730714,0.0,0.0
2021-08-20,0.04231227690966347,0.6367250385730714,1.0,0.025986198589560347
2021-08-21,-0.030228114053004327,0.6367250385730714,1.0,-0.019246997086390383
2021-08-22,0.03544168073585663,0.7204927733647212,1.0,0.02540982324389688
2021-08-23,0.0462439318056204,0.7204927733647212,1.0,0.03331841867792048
2021-08-24,-0.05934842560315134,0.7204927733647212,1.0,-0.04276011175764434
2021-08-25,0.013639936107240716,0.7204927733647212,1.0,0.009827475394423463
2021-08-26,-0.021954833107364125,0.7204927733647212,1.0,-0.015818298594284373
2021-08-27,0.1285536558851222,0.7204927733647212,1.0,0.0926219800548457
2021-08-28,0.01898598072431016,0.7204927733647212,1.0,0.01367926190710737
2021-08-29,-0.008492002258551623,0.5954685079617924,1.0,-0.0052442563126123
2021-08-30,0.042113598437970835,0.5954685079617924,1.0,0.02507732162676056
2021-08-31,0.020223344186159748,0.5954685079617924,1.0,0.012042364588530332
2021-09-01,0.03928373511428025,0.5954685079617924,1.0,0.023392227135666736
2021-09-02,0.10830457979442532,0.5954685079617924,1.0,0.06449196653561533
2021-09-03,0.03575217143806079,0.5954685079617924,1.0,0.021289292182616267
2021-09-04,-0.0232512580213533,0.5954685079617924,1.0,-0.013845391922209908
2021-09-05,0.02359097883228722,0.45419149277638127,1.0,0.01050290636911443
2021-09-06,0.035447374236820164,0.45419149277638127,1.0,0.01609989581962439
2021-09-07,-0.08791124350865179,0.45419149277638127,1.0,-0.039928538921022515
2021-09-08,0.02592771694990307,0.45419149277638127,1.0,0.011776148465759959
2021-09-09,0.034260602410907635,0.45419149277638127,1.0,0.015560874152428222
2021-09-10,0.03660940820313218,0.45419149277638127,1.0,0.016627681761440506
2021-09-11,0.08684878180455942,0.45419149277638127,0.0,-0.0006812872391645719
2021-09-12,-0.002461348167437852,0.43387516052190406,0.0,0.0
2021-09-13,-0.06802825527453607,0.43387516052190406,1.0,-0.03016658291804726
2021-09-14,-0.03231895877723852,0.43387516052190406,0.0,-0.000650812740782856
2021-09-15,0.055986306512279795,0.43387516052190406,1.0,0.023640254984261064
2021-09-16,0.03443638427045688,0.43387516052190406,1.0,0.01494109175313845
2021-09-17,-0.010659813578363798,0.43387516052190406,1.0,-0.004625028327446166
2021-09-18,0.04771672856586184,0.43387516052190406,1.0,0.020703103266093432
2021-09-19,-0.0400349142437493,0.4650367712010859,1.0,-0.018664449671244317
2021-09-20,-0.1401610591912016,0.4650367712010859,1.0,-0.06518004641440066
2021-09-21,-0.019316354293407945,0.4650367712010859,0.0,-0.0006975551568016287
2021-09-22,0.196980237782088,0.4650367712010859,0.0,0.0
2021-09-23,0.023676430170461577,0.4650367712010859,0.0,0.0
2021-09-24,-0.04768125427545489,0.4650367712010859,0.0,0.0
2021-09-25,-0.023238877238210276,0.4650367712010859,0.0,0.0
2021-09-26,-0.022057646718660246,0.3785946197791398,0.0,0.0
2021-09-27,-0.010189278479523962,0.3785946197791398,0.0,0.0
2021-09-28,-0.05277169202567285,0.3785946197791398,0.0,0.0
2021-09-29,0.03569204009965654,0.3785946197791398,0.0,0.0
2021-09-30,0.02828815676734342,0.3785946197791398,0.0,0.0
2021-10-01,0.09123978559214352,0.3785946197791398,0.0,0.0
2021-10-02,0.02501707926877265,0.3785946197791398,1.0,0.00890343968407687
2021-10-03,0.004292685978692183,0.37725261867973003,1.0,0.0016174140249822706
2021-10-04,-0.03960573820579375,0.37725261867973003,1.0,-0.014941368452879526
2021-10-05,-0.0036999715321161713,0.37725261867973003,1.0,-0.0013958239495312783
2021-10-06,-0.034570543981774504,0.37725261867973003,1.0,-0.01304182824630721
2021-10-07,0.025389558400856174,0.37725261867973003,1.0,0.009578277393844932
2021-10-08,-0.0010657768202971454,0.37725261867973003,1.0,-0.0004020670963852538
2021-10-09,0.025310682370537796,0.37725261867973003,1.0,0.00954852120485626
2021-10-10,-0.05759594839701169,0.40215217968629347,1.0,-0.023199685530467376
2021-10-11,-0.017500768131471535,0.40215217968629347,1.0,-0.007037972050255701
2021-10-12,0.021933249560032654,0.40215217968629347,1.0,0.00882050411817057
2021-10-13,0.056135396809044,0.40215217968629347,1.0,0.02257497218431205
2021-10-14,0.0022655709867833718,0.40215217968629347,1.0,0.0009111043105689597
2021-10-15,0.049234576509678586,0.40215217968629347,1.0,0.019799792259298826
2021-10-16,-0.013876594365689516,0.40215217968629347,1.0,-0.005580502670784578
2021-10-17,-0.0009609558945550272,0.4104215863549679,1.0,-0.0004068011526634429
2021-10-18,-0.015879770298157642,0.4104215863549679,1.0,-0.006517400516722361
2021-10-19,0.007114037680470734,0.4104215863549679,1.0,0.002919754630207815
2021-10-20,0.08255142622621221,0.4104215863549679,1.0,0.03388088730762712
2021-10-21,0.02573064112932773,0.4104215863549679,1.0,0.01056041055022907
2021-10-22,0.037935161138354045,0.4104215863549679,1.0,0.015569409013034595
2021-10-23,0.006786538654238209,0.4104215863549679,1.0,0.0027853419603317544
2021-10-24,-0.009531062238320821,0.6711542350835873,1.0,-0.006787911759187206
2021-10-25,0.05700531845876821,0.6711542350835873,1.0,0.03825936090589088
2021-10-26,-0.01821412940602951,0.6711542350835873,1.0,-0.012224490089217211
2021-10-27,-0.09556448458989511,0.6711542350835873,1.0,-0.06413850855608833
2021-10-28,0.047871646473100604,0.6711542350835873,1.0,0.03212925827084574
2021-10-29,0.028482677008782854,0.6711542350835873,1.0,0.019116269300962538
2021-10-30,-0.030094995965070034,0.6711542350835873,1.0,-0.020198383996780225
2021-10-31,0.021904471747630178,0.6503049846845905,1.0,0.014213313288768195
2021-11-01,0.06238370942341446,0.6503049846845905,1.0,0.04056843720116148
2021-11-02,0.05120534933178744,0.6503049846845905,1.0,0.03329909391297713
2021-11-03,0.08469192618468413,0.6503049846845905,1.0,0.05507558176043948
2021-11-04,0.02596232453102535,0.6503049846845905,1.0,0.01688342905652481
2021-11-05,-0.04771601143920719,0.6503049846845905,1.0,-0.03102996008818338
2021-11-06,0.051761366581489776,0.6503049846845905,1.0,0.033660674702029186
2021-11-07,0.028206165430387193,0.6303351309090637,1.0,0.01774938219834253
2021-11-08,0.018239522172614448,0.6303351309090637,1.0,0.011497011596393696
2021-11-09,-0.03844657998466231,0.6303351309090637,1.0,-0.02423423002763791
2021-11-10,-0.045131782469064574,0.6303351309090637,1.0,-0.028448148010797203
2021-11-11,0.0169881316376137,0.6303351309090637,1.0,0.01070821617969564
2021-11-12,-0.03315579198889577,0.6303351309090637,1.0,-0.0208992604837143
2021-11-13,0.07782260186029077,0.6303351309090637,1.0,0.04905431993129033
2021-11-14,-0.0161935661280597,0.6046975857291832,1.0,-0.0098306666597534
2021-11-15,-0.02000062906781297,0.6046975857291832,1.0,-0.012094332110371427
2021-11-16,-0.03819589525571003,0.6046975857291832,1.0,-0.023096965645892614
2021-11-17,0.04737880786810396,0.6046975857291832,1.0,0.028649850732569294
2021-11-18,-0.08732756722473219,0.6046975857291832,1.0,-0.0528067690683985
2021-11-19,0.09179598535068104,0.6046975857291832,1.0,0.055508810721188295
2021-11-20,0.05159862937697456,0.6046975857291832,1.0,0.03120156661119143
2021-11-21,0.0273496569166494,0.5339584891557595,1.0,0.01449747284128235
2021-11-22,-0.02732824198215089,0.5339584891557595,1.0,-0.014592146800072288
2021-11-23,-0.005737611929458096,0.5339584891557595,1.0,-0.003063646597215507
2021-11-24,-0.03170649666122671,0.5339584891557595,1.0,-0.016929953053650748
2021-11-25,-0.014468291951060842,0.5339584891557595,1.0,-0.007725467310852885
2021-11-26,-0.11024871046828325,0.5339584891557595,1.0,-0.05886823487301529
2021-11-27,0.04085972392818922,0.5339584891557595,1.0,0.021817396456017355
2021-11-28,0.010645913771889134,0.5246631099483531,1.0,0.005571575158990245
2021-11-29,0.04822061576195513,0.5246631099483531,1.0,0.025299578229291953
2021-11-30,0.01449237203704934,0.5246631099483531,1.0,0.007603612983486855
2021-12-01,0.03394655028508087,0.5246631099483531,1.0,0.01781050264458868
2021-12-02,-0.03150997274409717,0.5246631099483531,1.0,-0.016532120294305862
2021-12-03,-0.04495967083150798,0.5246631099483531,1.0,-0.023588680720713233
2021-12-04,-0.07729687264513577,0.5246631099483531,1.0,-0.04055481759127872
2021-12-05,-0.04027596132840179,0.5693379825637839,1.0,-0.022997646877452402
2021-12-06,0.04471726194730703,0.5693379825637839,1.0,0.025459235702856048
2021-12-07,-0.02362192276596379,0.5693379825637839,1.0,-0.013448857851851341
2021-12-08,0.03519703677689168,0.5693379825637839,1.0,0.020039009910778813
2021-12-09,-0.07048955345907482,0.5693379825637839,1.0,-0.04013238015821165
2021-12-10,-0.053639932062202106,0.5693379825637839,1.0,-0.03053925070515258
2021-12-11,0.0381122779773162,0.5693379825637839,1.0,0.021698767454515332
2021-12-12,0.013335640747387837,0.5415855251020749,1.0,0.007180761310554104
2021-12-13,-0.09799935033102053,0.5415855251020749,1.0,-0.05307502960868796
2021-12-14,0.024096950374475564,0.5415855251020749,0.0,-0.0008123782876531124
2021-12-15,0.126722438031369,0.5415855251020749,0.0,0.0
2021-12-16,-0.020854224262605303,0.5415855251020749,1.0,-0.012106724285512635
2021-12-17,0.03962925192046755,0.5415855251020749,1.0,0.021462629210748825
2021-12-18,0.03415338645864792,0.5415855251020749,0.0,-0.0008123782876531124
2021-12-19,-0.03140797119610913,0.49566762939612014,0.0,0.0
2021-12-20,0.0015764252877387142,0.49566762939612014,0.0,0.0
2021-12-21,0.04502895153663681,0.49566762939612014,0.0,0.0
2021-12-22,-0.01818587461670151,0.49566762939612014,1.0,-0.009757650803849695
2021-12-23,0.04431385753645174,0.49566762939612014,1.0,0.021964944714490432
2021-12-24,-0.020872204177147375,0.49566762939612014,1.0,-0.010345675964758437
2021-12-25,0.008486189841946674,0.49566762939612014,1.0,0.004206329601563143
2021-12-26,0.008750978590490602,0.5278806969837826,1.0,0.004571153076256845
2021-12-27,0.0005302275427788343,0.5278806969837826,1.0,0.00027989688484208975
2021-12-28,-0.06585656557728144,0.5278806969837826,1.0,-0.034764409737893506
2021-12-29,-0.03886802766013597,0.5278806969837826,0.0,-0.0007918210454756739
2021-12-30,0.0038104649118990692,0.5278806969837826,0.0,0.0
2021-12-31,0.01465353684694474,0.5278806969837826,0.0,0.0
2022-01-01,0.0319811496393592,0.5278806969837826,0.0,0.0
2022-01-02,0.005012680349526954,0.609926937745522,0.0,0.0
2022-01-03,-0.0328628122093297,0.609926937745522,0.0,0.0
2022-01-04,-0.015239221088168739,0.609926937745522,0.0,0.0
2022-01-05,-0.06011301189258085,0.609926937745522,0.0,0.0
2022-01-06,-0.02268187430790447,0.609926937745522,0.0,0.0
2022-01-07,-0.06943033168928969,0.609926937745522,0.0,0.0
2022-01-08,-0.03404082407732756,0.609926937745522,0.0,0.0
2022-01-09,0.034142401035915995,0.6516884486695366,0.0,0.0
2022-01-10,-0.03588102555308954,0.6516884486695366,0.0,0.0
2022-01-11,0.06662141416624037,0.6516884486695366,0.0,0.0
2022-01-12,0.0542450498194061,0.6516884486695366,0.0,0.0
2022-01-13,-0.04276996468498843,0.6516884486695366,0.0,0.0
2022-01-14,0.020222205601741667,0.6516884486695366,0.0,0.0
2022-01-15,0.016529818418174136,0.6516884486695366,0.0,0.0
2022-01-16,0.0005136329368324861,0.7363776188712046,0.0,0.0
2022-01-17,-0.04881854017337657,0.7363776188712046,0.0,0.0
2022-01-18,-0.010438698601553293,0.7363776188712046,0.0,0.0
2022-01-19,-0.025722746834263083,0.7363776188712046,0.0,0.0
2022-01-20,-0.04204909258167218,0.7363776188712046,0.0,0.0
2022-01-21,-0.14777408529288832,0.7363776188712046,0.0,0.0
2022-01-22,-0.0729570709527341,0.7363776188712046,0.0,0.0
2022-01-23,0.06993152669675676,0.6082036527645314,0.0,0.0
2022-01-24,-0.03287538457956214,0.6082036527645314,0.0,0.0
2022-01-25,0.04064998856215096,0.6082036527645314,0.0,0.0
2022-01-26,-0.015391256752295688,0.6082036527645314,0.0,0.0
2022-01-27,7.210165421596849e-05,0.6082036527645314,0.0,0.0
2022-01-28,0.02617239420050832,0.6082036527645314,0.0,0.0
2022-01-29,0.03396785970184846,0.6082036527645314,0.0,0.0
2022-01-30,-0.02821358762554978,0.556647010909164,0.0,0.0
2022-01-31,0.0186962667308664,0.556647010909164,0.0,0.0
2022-02-01,0.02676210781639328,0.556647010909164,0.0,0.0
2022-02-02,-0.05623497545514984,0.556647010909164,0.0,0.0
2022-02-03,0.006026694569603918,0.556647010909164,0.0,0.0
2022-02-04,0.10934058673450822,0.556647010909164,0.0,0.0
2022-02-05,0.011925197682972288,0.556647010909164,0.0,0.0
2022-02-06,0.018620426499496467,0.5560098734989306,0.0,0.0
2022-02-07,0.040757643050681004,0.5560098734989306,0.0,0.0
2022-02-08,-0.002842739591039832,0.5560098734989306,0.0,0.0
2022-02-09,0.025897752632701998,0.5560098734989306,0.0,0.0
2022-02-10,-0.007482841563317576,0.5560098734989306,0.0,0.0
2022-02-11,-0.05504787034937844,0.5560098734989306,0.0,0.0
2022-02-12,-0.0008021579788419773,0.5560098734989306,0.0,0.0
2022-02-13,-0.01641025540385469,0.5899747058036893,0.0,0.0
2022-02-14,0.023154435739180853,0.5899747058036893,0.0,0.0
2022-02-15,0.08259627283120952,0.5899747058036893,0.0,0.0
2022-02-16,0.001567922243297418,0.5899747058036893,0.0,0.0
2022-02-17,-0.07104905466402407,0.5899747058036893,0.0,0.0
2022-02-18,-0.02277037619211686,0.5899747058036893,0.0,0.0
2022-02-19,0.006174042640184988,0.5899747058036893,0.0,0.0
2022-02-20,-0.06046566416394875,0.5490803856453007,0.0,0.0
2022-02-21,-0.06458355302860815,0.5490803856453007,0.0,0.0
2022-02-22,0.049216326800456914,0.5490803856453007,0.0,0.0
2022-02-23,-0.01944657194300703,0.5490803856453007,0.0,0.0
2022-02-24,0.01721397739267479,0.5490803856453007,0.0,0.0
2022-02-25,0.03905817758196917,0.5490803856453007,0.0,0.0
2022-02-26,0.0022561538558148646,0.5490803856453007,0.0,0.0
2022-02-27,-0.051631124787368865,0.63415744710538,0.0,0.0
2022-02-28,0.12245728742154334,0.63415744710538,0.0,0.0
2022-03-01,0.018636414437811017,0.63415744710538,0.0,0.0
2022-03-02,-0.02342273063572083,0.63415744710538,0.0,0.0
2022-03-03,-0.037193663212567486,0.63415744710538,0.0,0.0
2022-03-04,-0.055853066726441775,0.63415744710538,0.0,0.0
2022-03-05,0.02671925406779326,0.63415744710538,0.0,0.0
2022-03-06,-0.03929918335788181,0.492578037342095,0.0,0.0
2022-03-07,-0.007328782972348772,0.492578037342095,0.0,0.0
2022-03-08,0.009661548106593882,0.492578037342095,0.0,0.0
2022-03-09,0.0712477694384664,0.492578037342095,0.0,0.0
2022-03-10,-0.049065615507283236,0.492578037342095,0.0,0.0
2022-03-11,0.011338776198363282,0.492578037342095,0.0,0.0
2022-03-12,-0.006623938346423275,0.492578037342095,0.0,0.0
2022-03-13,-0.03346566757599652,0.5425839485003182,0.0,0.0
2022-03-14,0.025822629044910762,0.5425839485003182,0.0,0.0
2022-03-15,-0.001326829321778522,0.5425839485003182,0.0,0.0
2022-03-16,0.0474183911624301,0.5425839485003182,0.0,0.0
2022-03-17,0.02248615267805698,0.5425839485003182,0.0,0.0
2022-03-18,0.03500104953196274,0.5425839485003182,0.0,0.0
2022-03-19,0.027201162464736136,0.5425839485003182,0.0,0.0
2022-03-20,-0.031309576658825125,0.5999797757583064,0.0,0.0
2022-03-21,0.018660762329719728,0.5999797757583064,0.0,0.0
2022-03-22,0.00045665256857870505,0.5999797757583064,0.0,0.0
2022-03-23,0.013526160524072184,0.5999797757583064,0.0,0.0
2022-03-24,0.01536190477546199,0.5999797757583064,0.0,0.0
2022-03-25,-0.018939339412714085,0.5999797757583064,0.0,0.0
2022-03-26,0.013372752773293934,0.5999797757583064,0.0,0.0
2022-03-27,0.04221507658379045,0.6743553518028395,0.0,0.0
2022-03-28,0.003689437527229722,0.6743553518028395,0.0,0.0
2022-03-29,0.012380085100547184,0.6743553518028395,0.0,0.0
2022-03-30,0.008815102702185402,0.6743553518028395,0.0,0.0
2022-03-31,-0.024719736014198558,0.6743553518028395,0.0,0.0
2022-04-01,0.02688564664377128,0.6743553518028395,0.0,0.0
2022-04-02,-0.004542538172681057,0.6743553518028395,0.0,0.0
2022-04-03,0.01905961766241678,0.9003380128437818,0.0,0.0
2022-04-04,-0.005145146108259668,0.9003380128437818,0.0,0.0
2022-04-05,-0.021859044739342526,0.9003380128437818,0.0,0.0
2022-04-06,-0.06361100573462666,0.9003380128437818,0.0,0.0
2022-04-07,0.02044846914225077,0.9003380128437818,0.0,0.0
2022-04-08,-0.02792487930995587,0.9003380128437818,0.0,0.0
2022-04-09,0.015403321561768896,0.9003380128437818,0.0,0.0
2022-04-10,-0.012633480319846012,1.0,0.0,0.0
2022-04-11,-0.07229961754067463,1.0,0.0,0.0
2022-04-12,0.020975387607445068,1.0,0.0,0.0
2022-04-13,0.021677484588883633,1.0,0.0,0.0
2022-04-14,-0.019124248594338217,1.0,0.0,0.0
2022-04-15,0.03446913590393019,1.0,0.0,0.0
2022-04-16,-0.000341694524923571,1.0,0.0,0.0
2022-04-17,-0.025565260044282646,0.9753491436731998,0.0,0.0
2022-04-18,0.02303727446557942,0.9753491436731998,0.0,0.0
2022-04-19,0.01365108186396946,0.9753491436731998,0.0,0.0
2022-04-20,-0.013703943588129132,0.9753491436731998,0.0,0.0
2022-04-21,-0.025020093574111498,0.9753491436731998,0.0,0.0
2022-04-22,-0.015357724837378737,0.9753491436731998,0.0,0.0
2022-04-23,-0.010456278141590595,0.9753491436731998,0.0,0.0
2022-04-24,-0.0061152913351139775,0.977826001630178,0.0,0.0
2022-04-25,0.01617865048892301,0.977826001630178,0.0,0.0
2022-04-26,-0.06686988206271716,0.977826001630178,0.0,0.0
2022-04-27,0.024912977422954913,0.977826001630178,0.0,0.0
2022-04-28,0.005999755677453736,0.977826001630178,0.0,0.0
2022-04-29,-0.040575153530056064,0.977826001630178,0.0,0.0
2022-04-30,-0.031095378329854723,0.977826001630178,0.0,0.0
2022-05-01,0.028620580535045494,0.9422927338064523,0.0,0.0
2022-05-02,0.003495425275439742,0.9422927338064523,0.0,0.0
2022-05-03,-0.020662431384327107,0.9422927338064523,0.0,0.0
2022-05-04,0.0525605000076248,0.9422927338064523,0.0,0.0
2022-05-05,-0.06757542689648713,0.9422927338064523,0.0,0.0
2022-05-06,-0.010977306578963083,0.9422927338064523,0.0,0.0
2022-05-07,-0.02423773157834715,0.9422927338064523,0.0,0.0
2022-05-08,-0.037922197573939734,0.8893993732746427,0.0,0.0
2022-05-09,-0.12541015943920425,0.8893993732746427,0.0,0.0
2022-05-10,0.044793197519338745,0.8893993732746427,0.0,0.0
2022-05-11,-0.11255226179278206,0.8893993732746427,0.0,0.0
2022-05-12,-0.017163505050344547,0.8893993732746427,0.0,0.0
2022-05-13,0.03786028142602197,0.8893993732746427,0.0,0.0
2022-05-14,0.024043551311887363,0.8893993732746427,0.0,0.0
2022-05-15,0.04421592014035639,0.6314030825064781,0.0,0.0
2022-05-16,-0.04973612315507854,0.6314030825064781,0.0,0.0
2022-05-17,0.02667829070904252,0.6314030825064781,0.0,0.0
2022-05-18,-0.06657387026984121,0.6314030825064781,0.0,0.0
2022-05-19,0.058627387918397084,0.6314030825064781,0.0,0.0
2022-05-20,-0.02647784718090436,0.6314030825064781,0.0,0.0
2022-05-21,0.016028478922171924,0.6314030825064781,0.0,0.0
2022-05-22,0.029306237252340935,0.5669402397707219,0.0,0.0
2022-05-23,-0.028015903586770526,0.5669402397707219,0.0,0.0
2022-05-24,0.019553015094769734,0.5669402397707219,0.0,0.0
2022-05-25,-0.00929379963509987,0.5669402397707219,0.0,0.0
2022-05-26,-0.048735264319189134,0.5669402397707219,0.0,0.0
2022-05-27,-0.026244535377471363,0.5669402397707219,0.0,0.0
2022-05-28,0.01614114093132879,0.5669402397707219,0.0,0.0
2022-05-29,0.015563357816128534,0.5690668438120636,0.0,0.0
2022-05-30,0.07692679639925815,0.5690668438120636,0.0,0.0
2022-05-31,-0.009655790679095758,0.5690668438120636,0.0,0.0
2022-06-01,-0.08133362633506871,0.5690668438120636,0.0,0.0
2022-06-02,0.037038322823981076,0.5690668438120636,0.0,0.0
2022-06-03,-0.03480359731307018,0.5690668438120636,0.0,0.0
2022-06-04,0.008872446236756204,0.5690668438120636,0.0,0.0
2022-06-05,-0.0015545952222631627,0.4587248504898041,0.0,0.0
2022-06-06,0.03719898124255753,0.4587248504898041,0.0,0.0
2022-06-07,-0.004644326772594815,0.4587248504898041,0.0,0.0
2022-06-08,0.002123912114703974,0.4587248504898041,0.0,0.0
2022-06-09,-0.004140439252063014,0.4587248504898041,0.0,0.0
2022-06-10,-0.04675181365395124,0.4587248504898041,0.0,0.0
2022-06-11,-0.04002890567051013,0.4587248504898041,0.0,0.0
2022-06-12,-0.06924498687366679,0.5933010270998323,0.0,0.0
2022-06-13,-0.11943313962328635,0.5933010270998323,0.0,0.0
2022-06-14,0.012209065949173554,0.5933010270998323,0.0,0.0
2022-06-15,0.054347123582939874,0.5933010270998323,0.0,0.0
2022-06-16,-0.10285467639624396,0.5933010270998323,0.0,0.0
2022-06-17,0.020255896457550028,0.5933010270998323,0.0,0.0
2022-06-18,-0.07411973956433995,0.5933010270998323,0.0,0.0
2022-06-19,0.07775155469416369,0.5366612463100565,0.0,0.0
2022-06-20,0.009308168519045996,0.5366612463100565,0.0,0.0
2022-06-21,-0.0031040696603685065,0.5366612463100565,0.0,0.0
2022-06-22,-0.033952588809606866,0.5366612463100565,0.0,0.0
2022-06-23,0.05697369116912402,0.5366612463100565,0.0,0.0
2022-06-24,0.03187294387588269,0.5366612463100565,0.0,0.0
2022-06-25,0.003304161272955593,0.5366612463100565,0.0,0.0
2022-06-26,-0.021682967690833995,0.506562455459442,0.0,0.0
2022-06-27,-0.007547541931084052,0.506562455459442,0.0,0.0
2022-06-28,-0.027968540940347397,0.506562455459442,0.0,0.0
2022-06-29,-0.017083242226568873,0.506562455459442,0.0,0.0
2022-06-30,-0.010039289983726754,0.506562455459442,0.0,0.0
2022-07-01,-0.014226492561993338,0.506562455459442,0.0,0.0
2022-07-02,0.005282159683753155,0.506562455459442,0.0,0.0
2022-07-03,0.004798380337300179,0.5241441820969989,0.0,0.0
2022-07-04,0.04668484909750358,0.5241441820969989,0.0,0.0
2022-07-05,-0.012842673974246098,0.5241441820969989,0.0,0.0
2022-07-06,0.024052166089439053,0.5241441820969989,0.0,0.0
2022-07-07,0.031831735731639256,0.5241441820969989,0.0,0.0
2022-07-08,-0.006092717753004869,0.5241441820969989,0.0,0.0
2022-07-09,0.002544631795415346,0.5241441820969989,0.0,0.0
2022-07-10,-0.033846767476272056,0.5095534973660096,0.0,0.0
2022-07-11,-0.05355611575709932,0.5095534973660096,0.0,0.0
2022-07-12,-0.028239716220998634,0.5095534973660096,0.0,0.0
2022-07-13,0.04088286170763518,0.5095534973660096,0.0,0.0
2022-07-14,0.01932112116262933,0.5095534973660096,0.0,0.0
2022-07-15,0.008352138864956709,0.5095534973660096,0.0,0.0
2022-07-16,0.02760579260311524,0.5095534973660096,0.0,0.0
2022-07-17,-0.014878548961111107,0.7231549091383978,0.0,0.0
2022-07-18,0.0746260251937576,0.7231549091383978,0.0,0.0
2022-07-19,0.0247339889933178,0.7231549091383978,0.0,0.0
2022-07-20,-0.009894006139411715,0.7231549091383978,0.0,0.0
2022-07-21,0.007468318450572016,0.7231549091383978,0.0,0.0
2022-07-22,-0.021137224070540157,0.7231549091383978,0.0,0.0
2022-07-23,-0.0052230524199105,0.7231549091383978,0.0,0.0
2022-07-24,0.0032603723267001783,0.9367158464075708,0.0,0.0
2022-07-25,-0.06633735853825007,0.9367158464075708,0.0,0.0
2022-07-26,0.004379561912828067,0.9367158464075708,0.0,0.0
2022-07-27,0.08076551564714998,0.9367158464075708,0.0,0.0
2022-07-28,0.03076471581359219,0.9367158464075708,0.0,0.0
2022-07-29,0.0185175552524958,0.9367158464075708,0.0,0.0
2022-07-30,-0.005799873627164387,0.9367158464075708,0.0,0.0
2022-07-31,-0.015652885786880177,0.8128608728837986,0.0,0.0
2022-08-01,-0.007360711968811678,0.8128608728837986,0.0,0.0
2022-08-02,-0.02751717406055898,0.8128608728837986,0.0,0.0
2022-08-03,0.023472668520171897,0.8128608728837986,0.0,0.0
2022-08-04,0.016106105785976415,0.8128608728837986,0.0,0.0
2022-08-05,0.03974901439735238,0.8128608728837986,0.0,0.0
2022-08-06,-0.006787147929765535,0.8128608728837986,0.0,0.0
2022-08-07,0.04044350401840531,0.6853732453089005,0.0,0.0
2022-08-08,0.021304069908136748,0.6853732453089005,0.0,0.0
2022-08-09,-0.00955838732793716,0.6853732453089005,0.0,0.0
2022-08-10,0.02992032003991037,0.6853732453089005,0.0,0.0
2022-08-11,-0.011695839945000822,0.6853732453089005,0.0,0.0
2022-08-12,0.02345485540890927,0.6853732453089005,0.0,0.0
2022-08-13,0.0008951539822556298,0.6853732453089005,0.0,0.0
2022-08-14,-0.012857878101749876,0.7342125152765965,0.0,0.0
2022-08-15,-0.013590123735906956,0.7342125152765965,0.0,0.0
2022-08-16,-0.006948381578696891,0.7342125152765965,0.0,0.0
2022-08-17,-0.03921865846585663,0.7342125152765965,0.0,0.0
2022-08-18,-0.03996652874517344,0.7342125152765965,0.0,0.0
2022-08-19,-0.09392930824153399,0.7342125152765965,0.0,0.0
2022-08-20,0.004926689595029288,0.7342125152765965,0.0,0.0
2022-08-21,0.03933138161523956,0.7183969987292692,0.0,0.0
2022-08-22,-0.005641483112464003,0.7183969987292692,0.0,0.0
2022-08-23,0.010981064055743617,0.7183969987292692,0.0,0.0
2022-08-24,-0.012991473697820239,0.7183969987292692,0.0,0.0
2022-08-25,0.010700289000164693,0.7183969987292692,0.0,0.0
2022-08-26,-0.0790127670582417,0.7183969987292692,0.0,0.0
2022-08-27,0.015054032786811462,0.7183969987292692,0.0,0.0
2022-08-28,-0.03039012364233299,0.7941117224025643,0.0,0.0
2022-08-29,0.051429897499598136,0.7941117224025643,0.0,0.0
2022-08-30,-0.011767351677187713,0.7941117224025643,0.0,0.0
2022-08-31,-0.0029084199038402012,0.7941117224025643,0.0,0.0
2022-09-01,0.01831302424095186,0.7941117224025643,0.0,0.0
2022-09-02,-0.0017464533358071779,0.7941117224025643,0.0,0.0
2022-09-03,-0.00787760718536934,0.7941117224025643,0.0,0.0
2022-09-04,0.020634247267152052,0.7414707546669161,0.0,0.0
2022-09-05,0.01595199028171553,0.7414707546669161,0.0,0.0
2022-09-06,-0.05962310394140713,0.7414707546669161,0.0,0.0
2022-09-07,0.05544330232694449,0.7414707546669161,0.0,0.0
2022-09-08,0.018576014008537516,0.7414707546669161,0.0,0.0
2022-09-09,0.04761155962654132,0.7414707546669161,0.0,0.0
2022-09-10,0.022280383245550334,0.7414707546669161,0.0,0.0
2022-09-11,-0.0004378228528787815,0.7086435580880929,0.0,0.0
2022-09-12,-0.021923371899428647,0.7086435580880929,0.0,0.0
2022-09-13,-0.07073470101199948,0.7086435580880929,0.0,0.0
2022-09-14,0.028797887960768948,0.7086435580880929,0.0,0.0
2022-09-15,-0.03942430250108386,0.7086435580880929,0.0,0.0
2022-09-16,0.00019115333684568015,0.7086435580880929,0.0,0.0
2022-09-17,0.03435807644431439,0.7086435580880929,0.0,0.0
2022-09-18,-0.07049618750869849,0.6648780511359809,0.0,0.0
2022-09-19,0.009084466171798738,0.6648780511359809,0.0,0.0
2022-09-20,-0.039237823148360954,0.6648780511359809,0.0,0.0
2022-09-21,-0.02847951338375831,0.6648780511359809,0.0,0.0
2022-09-22,0.05358659983901437,0.6648780511359809,0.0,0.0
2022-09-23,0.016929383604064707,0.6648780511359809,0.0,0.0
2022-09-24,0.004101761540284779,0.6648780511359809,0.0,0.0
2022-09-25,0.0026759268022281315,0.6709246483446282,0.0,0.0
2022-09-26,0.015511572582397694,0.6709246483446282,0.0,0.0
2022-09-27,0.000570545028239759,0.6709246483446282,0.0,0.0
2022-09-28,0.002567087733543083,0.6709246483446282,0.0,0.0
2022-09-29,0.005647637372655723,0.6709246483446282,0.0,0.0
2022-09-30,-0.014942655091619813,0.6709246483446282,0.0,0.0
2022-10-01,-0.009889125789231214,0.6709246483446282,0.0,0.0
2022-10-02,-0.025618798715044723,0.7239454575614179,0.0,0.0
2022-10-03,0.025831508971998113,0.7239454575614179,0.0,0.0
2022-10-04,0.032960075166435246,0.7239454575614179,0.0,0.0
2022-10-05,0.0018969321959541778,0.7239454575614179,0.0,0.0
2022-10-06,-0.006398082583365272,0.7239454575614179,0.0,0.0
2022-10-07,0.008213843516643261,0.7239454575614179,0.0,0.0
2022-10-08,-0.01290799448158649,0.7239454575614179,0.0,0.0
2022-10-09,0.014857033838764131,0.7398364266485302,0.0,0.0
2022-10-10,-0.038708543361974525,0.7398364266485302,0.0,0.0
2022-10-11,-0.011360351751077672,0.7398364266485302,0.0,0.0
2022-10-12,0.0055435003657354764,0.7398364266485302,0.0,0.0
2022-10-13,-0.0058215642007899415,0.7398364266485302,0.0,0.0
2022-10-14,0.005258214555478923,0.7398364266485302,0.0,0.0
2022-10-15,-0.012316730141220181,0.7398364266485302,0.0,0.0
2022-10-16,0.010214897792808115,0.8579077788519066,0.0,0.0
2022-10-17,0.0121782827079094,0.8579077788519066,0.0,0.0
2022-10-18,-0.017786291365536222,0.8579077788519066,0.0,0.0
2022-10-19,-0.018339429998744383,0.8579077788519066,0.0,0.0
2022-10-20,-0.006302602141492733,0.8579077788519066,0.0,0.0
2022-10-21,0.014980800165080188,0.8579077788519066,0.0,0.0
2022-10-22,0.007385379003703211,0.8579077788519066,0.0,0.0
2022-10-23,0.02182989461593284,1.0,0.0,0.0
2022-10-24,-0.017773689183653962,1.0,0.0,0.0
2022-10-25,0.04730648951323253,1.0,0.0,0.0
2022-10-26,0.03654559095106147,1.0,0.0,0.0
2022-10-27,-0.02010996407795932,1.0,0.0,0.0
2022-10-28,0.030371026668573792,1.0,0.0,0.0
2022-10-29,0.01819412370437164,1.0,0.0,0.0
2022-10-30,-0.003976651634337988,1.0,0.0,0.0
2022-10-31,0.015030406395117582,1.0,0.0,0.0
2022-11-01,0.03702604288404694,1.0,0.0,0.0
2022-11-02,-0.04885329454389238,1.0,0.0,0.0
2022-11-03,-0.000548235918257773,1.0,0.0,0.0
2022-11-04,0.07107182497482634,1.0,0.0,0.0
2022-11-05,-0.01715865849175894,1.0,0.0,0.0
2022-11-06,-0.05093927698461982,0.6758052680162749,0.0,0.0
2022-11-07,-0.015359528071806886,0.6758052680162749,0.0,0.0
2022-11-08,-0.1204296609324805,0.6758052680162749,0.0,0.0
2022-11-09,-0.17507783248198253,0.6758052680162749,0.0,0.0
2022-11-10,0.17860738197222364,0.6758052680162749,0.0,0.0
2022-11-11,-0.043563056086706034,0.6758052680162749,0.0,0.0
2022-11-12,-0.013988960721459609,0.6758052680162749,0.0,0.0
2022-11-13,-0.04014402630108541,0.39694437529430987,0.0,0.0
2022-11-14,0.041651885492580025,0.39694437529430987,0.0,0.0
2022-11-15,0.012927757161186585,0.39694437529430987,0.0,0.0
2022-11-16,-0.021573650172218052,0.39694437529430987,0.0,0.0
2022-11-17,-0.002764936819593518,0.39694437529430987,0.0,0.0
2022-11-18,0.007562417357151093,0.39694437529430987,0.0,0.0
2022-11-19,-0.0007871075529868321,0.39694437529430987,0.0,0.0
2022-11-20,-0.05889529933694696,0.3921510768786681,0.0,0.0
2022-11-21,-0.020709302070220776,0.3921510768786681,0.0,0.0
2022-11-22,0.043084490232680864,0.3921510768786681,0.0,0.0
2022-11-23,0.05835374869394856,0.3921510768786681,0.0,0.0
2022-11-24,0.019474933203338523,0.3921510768786681,0.0,0.0
2022-11-25,0.038192693561439464,0.3921510768786681,0.0,0.0
2022-11-26,0.0005576578213476822,0.3921510768786681,0.0,0.0
2022-11-27,0.03234754376927762,0.38471179914036957,0.0,0.0
2022-11-28,-0.032658788046916944,0.38471179914036957,0.0,0.0
2022-11-29,0.032854734610095804,0.38471179914036957,0.0,0.0
2022-11-30,0.030886575586866655,0.38471179914036957,0.0,0.0
2022-12-01,-0.0269674005225398,0.38471179914036957,0.0,0.0
2022-12-02,-0.0016338050266992235,0.38471179914036957,0.0,0.0
2022-12-03,-0.030692886958251266,0.38471179914036957,0.0,0.0
2022-12-04,0.026473330809570445,0.3941481027856811,0.0,0.0
2022-12-05,-0.017623216526377734,0.3941481027856811,0.0,0.0
2022-12-06,-0.0082917818063963,0.3941481027856811,0.0,0.0
2022-12-07,-0.03357779540197843,0.3941481027856811,0.0,0.0
2022-12-08,0.024761112727044694,0.3941481027856811,0.0,0.0
2022-12-09,-0.01790373315221468,0.3941481027856811,0.0,0.0
2022-12-10,-0.0031246833025638794,0.3941481027856811,0.0,0.0
2022-12-11,-0.0233547570150913,0.8348294847703801,0.0,0.0
2022-12-12,-0.005618023118368416,0.8348294847703801,0.0,0.0
2022-12-13,0.020098089385022146,0.8348294847703801,0.0,0.0
2022-12-14,-0.025025394790821512,0.8348294847703801,0.0,0.0
2022-12-15,-0.03507905106673881,0.8348294847703801,0.0,0.0
2022-12-16,-0.08615219933436624,0.8348294847703801,0.0,0.0
2022-12-17,0.024593736462351336,0.8348294847703801,0.0,0.0
2022-12-18,-0.010574485624320135,0.8062651516786373,0.0,0.0
2022-12-19,-0.05105938445437859,0.8062651516786373,0.0,0.0
2022-12-20,0.03988894015766963,0.8062651516786373,0.0,0.0
2022-12-21,-0.010942474537166864,0.8062651516786373,0.0,0.0
2022-12-22,0.01952291511971308,0.8062651516786373,0.0,0.0
2022-12-23,0.0018119722164420997,0.8062651516786373,0.0,0.0
2022-12-24,-0.000990665759817581,0.8062651516786373,0.0,0.0
2022-12-25,-0.009044390368131724,0.8858049795517343,0.0,0.0
2022-12-26,0.020740120144764968,0.8858049795517343,0.0,0.0
2022-12-27,-0.014509668152150303,0.8858049795517343,0.0,0.0
2022-12-28,-0.03817447619990029,0.8858049795517343,0.0,0.0
2022-12-29,-0.01400485281427292,0.8858049795517343,0.0,0.0
2022-12-30,-0.018331821268296945,0.8858049795517343,0.0,0.0
2022-12-31,0.010464978099432884,0.8858049795517343,0.0,0.0
2023-01-01,0.0004036906973509868,1.0,0.0,0.0
2023-01-02,0.010904843017694269,1.0,0.0,0.0
2023-01-03,-0.004738214538011413,1.0,0.0,0.0
2023-01-04,0.028218393630589162,1.0,0.0,0.0
2023-01-05,-0.009817189538277185,1.0,0.0,0.0
2023-01-06,0.011616449805418242,1.0,0.0,0.0
2023-01-07,-0.0024210681115072554,1.0,0.0,0.0
2023-01-08,0.015127262204090478,1.0,0.0,0.0
2023-01-09,0.02079248703486865,1.0,0.0,0.0
2023-01-10,0.017191244805502937,1.0,0.0,0.0
2023-01-11,0.023959087199479034,1.0,0.0,0.0
2023-01-12,0.03367582814496184,1.0,0.0,0.0
2023-01-13,0.04352659362867343,1.0,0.0,0.0
2023-01-14,0.0520029515882446,1.0,1.0,0.050502951588244596
2023-01-15,-0.005686728816170531,1.0,1.0,-0.005686728816170531
2023-01-16,0.0001840663262281765,1.0,1.0,0.0001840663262281765
2023-01-17,-0.004634160845688129,1.0,1.0,-0.004634160845688129
2023-01-18,-0.02978538809614639,1.0,1.0,-0.02978538809614639
2023-01-19,0.02066793295463139,1.0,1.0,0.02066793295463139
2023-01-20,0.06750645426966802,1.0,1.0,0.06750645426966802
2023-01-21,-0.011387879639210988,1.0,1.0,-0.011387879639210988
2023-01-22,0.013338608425953469,1.0,1.0,0.013338608425953469
2023-01-23,0.004249270364239906,1.0,1.0,0.004249270364239906
2023-01-24,-0.03651028618491799,1.0,1.0,-0.03651028618491799
2023-01-25,0.02938768728504093,1.0,1.0,0.02938768728504093
2023-01-26,-0.0038571996876879027,1.0,1.0,-0.0038571996876879027
2023-01-27,0.0025302854624545583,1.0,1.0,0.0025302854624545583
2023-01-28,-0.0035085723655509837,1.0,1.0,-0.0035085723655509837
2023-01-29,0.035671886113965615,1.0,1.0,0.035671886113965615
2023-01-30,-0.036067580107103904,1.0,1.0,-0.036067580107103904
2023-01-31,0.03799699334562419,1.0,1.0,0.03799699334562419
2023-02-01,0.037856934728401716,1.0,1.0,0.037856934728401716
2023-02-02,0.00016832170472136365,1.0,1.0,0.00016832170472136365
2023-02-03,0.006955437004863414,1.0,1.0,0.006955437004863414
2023-02-04,-0.006519835985308105,1.0,1.0,-0.006519835985308105
2023-02-05,-0.026987813323869715,0.7876005633763827,1.0,-0.021574216133111866
2023-02-06,-0.014655028760150086,0.7876005633763827,1.0,-0.011542308907791302
2023-02-07,0.04033122447943952,0.7876005633763827,1.0,0.03176489512166593
2023-02-08,-0.021111798599751097,0.7876005633763827,1.0,-0.01662766447105269
2023-02-09,-0.07397167352892545,0.7876005633763827,1.0,-0.05826013174527554
2023-02-10,-0.010784884848905421,0.7876005633763827,1.0,-0.008494181382947325
2023-02-11,0.013213846092993586,0.7876005633763827,1.0,0.010407232627210562
2023-02-12,-0.01146257565369472,0.7686832294488865,1.0,-0.008839465672175483
2023-02-13,-0.004197906993055556,0.7686832294488865,1.0,-0.0032268607043480085
2023-02-14,0.027253476909092928,0.7686832294488865,1.0,0.02094929064419221
2023-02-15,0.08896379491254236,0.7686832294488865,1.0,0.06838497717740147
2023-02-16,-0.03798908325557959,0.7686832294488865,1.0,-0.029201571200701538
2023-02-17,0.03985995756062969,0.7686832294488865,1.0,0.03063968090340039
2023-02-18,0.0021776988856316475,0.7686832294488865,1.0,0.0016739606121745762
2023-02-19,-0.002485362052647599,0.7276892573225402,1.0,-0.001870062224458275
2023-02-20,0.0280615715067564,0.7276892573225402,1.0,0.02042010412905492
2023-02-21,-0.011940187801497637,0.7276892573225402,1.0,-0.008688746393563469
2023-02-22,-0.016312013312641427,0.7276892573225402,1.0,-0.01187007685291143
2023-02-23,-0.011774565865083703,0.7276892573225402,1.0,-0.008568225089658094
2023-02-24,-0.041621021690288584,0.7276892573225402,1.0,-0.030287170362811436
2023-02-25,-0.010537425987365179,0.7276892573225402,1.0,-0.007667971690837002
2023-02-26,0.024130045667204,0.7786471487078972,1.0,0.01871235441988171
2023-02-27,-0.010971860090184063,0.7786471487078972,1.0,-0.008543207575243792
2023-02-28,-0.02707396808231717,0.7786471487078972,1.0,-0.02108106805150488
2023-03-01,0.028431091337595693,0.7786471487078972,1.0,0.02213778820467268
2023-03-02,-0.01602908253606668,0.7786471487078972,1.0,-0.01248099941311187
2023-03-03,-0.0398223110818026,0.7786471487078972,1.0,-0.03100752897880449
2023-03-04,-0.017615716879556244,0.7786471487078972,1.0,-0.013716427720712045
2023-03-05,0.002270898348520678,0.7179805276797427,1.0,0.0015394608630357012
2023-03-06,0.001985429332907647,0.7179805276797427,1.0,0.0014254996001118727
2023-03-07,-0.01657818003234653,0.7179805276797427,1.0,-0.011902810447593937
2023-03-08,-0.05889602428668224,0.7179805276797427,1.0,-0.04228619859559106
2023-03-09,-0.057025249268188416,0.7179805276797427,1.0,-0.04094301856064278
2023-03-10,0.024991247574115083,0.7179805276797427,1.0,0.01794322912063824
2023-03-11,0.0027382558294849115,0.7179805276797427,1.0,0.001966014365375708
2023-03-12,0.09970390394256681,0.7711503379978569,1.0,0.0768069445095391
2023-03-13,0.037598539596888525,0.7711503379978569,1.0,0.028994126518366387
2023-03-14,0.02937232596224707,0.7711503379978569,1.0,0.022650479093570056
2023-03-15,-0.06201773291692503,0.7711503379978569,1.0,-0.04782499570074755
2023-03-16,0.02308117757175713,0.7711503379978569,1.0,0.017799057885849064
2023-03-17,0.10078441236377947,0.7711503379978569,1.0,0.07771993365924393
2023-03-18,-0.024693255639280598,0.7711503379978569,1.0,-0.01904221243249872
2023-03-19,0.03568492948193591,0.6473409521994747,1.0,0.022914602151309926
2023-03-20,-0.016575777192043766,0.6473409521994747,1.0,-0.010730179390943945
2023-03-21,0.028464867392003896,0.6473409521994747,1.0,0.01842647436177158
2023-03-22,-0.04049345438433116,0.6473409521994747,1.0,-0.02621307131899893
2023-03-23,0.03951322870299334,0.6473409521994747,1.0,0.025578531093071323
2023-03-24,-0.04390018295285895,0.6473409521994747,1.0,-0.028418386234434857
2023-03-25,-0.00581856081217121,0.6473409521994747,1.0,-0.00376659269658146
2023-03-26,0.019693198507965654,0.6316492544970996,1.0,0.012415656609666337
2023-03-27,-0.03919411604572694,0.6316492544970996,1.0,-0.024756934180956237
2023-03-28,0.015267571179214954,0.6316492544970996,1.0,0.009643749953332531
2023-03-29,0.03495291905745801,0.6316492544970996,1.0,0.022077985265140817
2023-03-30,-0.013487963417017227,0.6316492544970996,1.0,-0.008519662037043085
2023-03-31,0.024452371218126302,0.6316492544970996,1.0,0.015445322050615815
2023-04-01,-0.004877370613165658,0.6316492544970996,1.0,-0.00308078751171215
2023-04-02,-0.01699257093199665,0.6406974978439426,1.0,-0.010900670043086228
2023-04-03,-0.009493286739202945,0.6406974978439426,1.0,-0.006082325060122409
2023-04-04,0.023029132064172453,0.6406974978439426,1.0,0.014754707291032997
2023-04-05,0.007244034203913507,0.6406974978439426,1.0,0.004641234588743321
2023-04-06,-0.0070111611277062025,0.6406974978439426,1.0,-0.004492033391502079
2023-04-07,-0.010662943212119209,0.6406974978439426,1.0,-0.006831721035656829
2023-04-08,-0.009815704935105491,0.6406974978439426,1.0,-0.006288897591496527
2023-04-09,0.010804105173179016,0.713890134877961,1.0,0.0076031551437654174
2023-04-10,0.0321538022675399,0.713890134877961,1.0,0.022954282237613356
2023-04-11,0.044956492046306064,0.713890134877961,1.0,0.03209399617057742
2023-04-12,0.018932741682180954,0.713890134877961,1.0,0.013515897513101754
2023-04-13,0.01563594595146108,0.713890134877961,1.0,0.011162347564233059
2023-04-14,0.012567476958786608,0.713890134877961,1.0,0.00897179782118384
2023-04-15,-0.013602248247623645,0.713890134877961,1.0,-0.009710510836139554
2023-04-16,0.03681106299728335,0.8678428395927201,1.0,0.031715288382916755
2023-04-17,-0.014966827113431891,0.8678428395927201,1.0,-0.012988853741814046
2023-04-18,0.026361092865416397,0.8678428395927201,1.0,0.02287728568709036
2023-04-19,-0.0810487387908978,0.8678428395927201,1.0,-0.07033756761770138
2023-04-20,-0.026083414505065645,0.8678428395927201,1.0,-0.022636304510350112
2023-04-21,-0.05007491860530189,0.8678428395927201,1.0,-0.04345715955479952
2023-04-22,0.02054599632813788,0.8678428395927201,1.0,0.017830695795672778
2023-04-23,-0.014970577904539076,0.9109852650356507,1.0,-0.013702689518267782
2023-04-24,-0.0007234657591922431,0.9109852650356507,1.0,-0.0006590666463819638
2023-04-25,0.03168282035882878,0.9109852650356507,1.0,0.028862582501664544
2023-04-26,-0.017005211418288292,0.9109852650356507,1.0,-0.015491497030876633
2023-04-27,0.03925239599832078,0.9109852650356507,1.0,0.03575835437181458
2023-04-28,0.010779400534663936,0.9109852650356507,1.0,0.009819875052996262
2023-04-29,-0.00520855221202073,0.9109852650356507,1.0,-0.004744914317319729
2023-04-30,-0.010836826926559035,0.9625507065986291,1.0,-0.010508343577790917
2023-05-01,-0.028591900844018116,0.9625507065986291,1.0,-0.027521154360407578
2023-05-02,0.014044057255148642,0.9625507065986291,1.0,0.013518117234454927
2023-05-03,0.008775208199018631,0.9625507065986291,1.0,0.008446582852515467
2023-05-04,-0.007920228447906925,0.9625507065986291,1.0,-0.007623621488955375
2023-05-05,0.033264788349380105,0.9625507065986291,1.0,0.03201904553054966
2023-05-06,-0.02883259722920476,0.9625507065986291,1.0,-0.027752836836044716
2023-05-07,-0.016609515094528828,1.0,1.0,-0.016665689034630882
2023-05-08,-0.029063563337235178,1.0,1.0,-0.029063563337235178
2023-05-09,0.0002496793256314688,1.0,1.0,0.0002496793256314688
2023-05-10,-0.0008006441551917652,1.0,1.0,-0.0008006441551917652
2023-05-11,-0.022758017674172844,1.0,1.0,-0.022758017674172844
2023-05-12,0.006705848230132797,1.0,1.0,0.006705848230132797
2023-05-13,-0.006955122990324117,1.0,1.0,-0.006955122990324117
2023-05-14,0.003388720983516539,1.0,1.0,0.003388720983516539
2023-05-15,0.007732124689904473,1.0,1.0,0.007732124689904473
2023-05-16,0.010097835374664799,1.0,1.0,0.010097835374664799
2023-05-17,0.009463698718403616,1.0,1.0,0.009463698718403616
2023-05-18,-0.0018750721813562583,1.0,1.0,-0.0018750721813562583
2023-05-19,0.008292673447649834,1.0,1.0,0.008292673447649834
2023-05-20,0.005201842937259707,1.0,1.0,0.005201842937259707
2023-05-21,-0.015730770671976625,1.0,1.0,-0.015730770671976625
2023-05-22,0.006567390382391883,1.0,1.0,0.006567390382391883
2023-05-23,0.014170923302160077,1.0,1.0,0.014170923302160077
2023-05-24,-0.029130875027728487,1.0,1.0,-0.029130875027728487
2023-05-25,0.0029654696336828637,1.0,1.0,0.0029654696336828637
2023-05-26,0.018574816033454233,1.0,1.0,0.018574816033454233
2023-05-27,0.004508469198916712,1.0,1.0,0.004508469198916712
2023-05-28,0.037140879084112635,1.0,1.0,0.037140879084112635
2023-05-29,0.0006303339750923422,1.0,1.0,0.0006303339750923422
2023-05-30,0.019620501070434705,1.0,1.0,0.019620501070434705
2023-05-31,-0.013431255487441913,1.0,1.0,-0.013431255487441913
2023-06-01,-0.013503383712727968,1.0,1.0,-0.013503383712727968
2023-06-02,0.025277283876719975,1.0,1.0,0.025277283876719975
2023-06-03,-0.008557981064461965,1.0,1.0,-0.008557981064461965
2023-06-04,0.010835113964560678,1.0,1.0,0.010835113964560678
2023-06-05,-0.04644886255576878,1.0,1.0,-0.04644886255576878
2023-06-06,0.04561049800999265,1.0,1.0,0.04561049800999265
2023-06-07,-0.026949909644277233,1.0,1.0,-0.026949909644277233
2023-06-08,0.007736896662055015,1.0,1.0,0.007736896662055015
2023-06-09,0.0070496757574987825,1.0,1.0,0.0070496757574987825
2023-06-10,-0.04224619346120384,1.0,1.0,-0.04224619346120384
2023-06-11,0.009883959315589571,1.0,1.0,0.009883959315589571
2023-06-12,0.000324243167362237,1.0,1.0,0.000324243167362237
2023-06-13,-0.004031865002208608,1.0,1.0,-0.004031865002208608
2023-06-14,-0.0527299029163556,1.0,1.0,-0.0527299029163556
2023-06-15,0.00895168802512806,1.0,1.0,0.00895168802512806
2023-06-16,0.01698796060988313,1.0,1.0,0.01698796060988313
2023-06-17,0.007200919242088247,1.0,1.0,0.007200919242088247
2023-06-18,0.001934739884904002,1.0,1.0,0.001934739884904002
2023-06-19,0.013805547882299818,1.0,1.0,0.013805547882299818
2023-06-20,0.028421446643419574,1.0,1.0,0.028421446643419574
2023-06-21,0.043686964351059045,1.0,1.0,0.043686964351059045
2023-06-22,-0.00826905350917791,1.0,1.0,-0.00826905350917791
2023-06-23,0.013344091740101982,1.0,1.0,0.013344091740101982
2023-06-24,-0.010764089305402439,1.0,1.0,-0.010764089305402439
2023-06-25,0.005624295350601272,1.0,1.0,0.005624295350601272
2023-06-26,-0.016932342767872144,1.0,1.0,-0.016932342767872144
2023-06-27,0.013153586604283413,1.0,1.0,0.013153586604283413
2023-06-28,-0.030253767811707077,1.0,1.0,-0.030253767811707077
2023-06-29,0.015208544108255524,1.0,1.0,0.015208544108255524
2023-06-30,0.01443842285042607,1.0,1.0,0.01443842285042607
2023-07-01,-0.000614976515008303,1.0,1.0,-0.000614976515008303
2023-07-02,0.010286897339582435,1.0,1.0,0.010286897339582435
2023-07-03,0.012396828325583309,1.0,1.0,0.012396828325583309
2023-07-04,-0.008411484280700005,1.0,1.0,-0.008411484280700005
2023-07-05,-0.013874859965382217,1.0,1.0,-0.013874859965382217
2023-07-06,-0.027544347416469418,1.0,1.0,-0.027544347416469418
2023-07-07,0.012398309938456142,1.0,1.0,0.012398309938456142
2023-07-08,-0.00011232641422805533,1.0,1.0,-0.00011232641422805533
2023-07-09,-0.0032699300538539347,1.0,1.0,-0.0032699300538539347
2023-07-10,0.012310595852987511,1.0,1.0,0.012310595852987511
2023-07-11,0.0005121104645955019,1.0,1.0,0.0005121104645955019
2023-07-12,-0.006833381419347565,1.0,1.0,-0.006833381419347565
2023-07-13,0.279406754373736,1.0,1.0,0.279406754373736
2023-07-14,-0.06258266417314107,1.0,1.0,-0.06258266417314107
2023-07-15,-0.004499413921748463,1.0,1.0,-0.004499413921748463
2023-07-16,0.013836243935652524,0.48068698711621594,1.0,0.00587193289110815
2023-07-17,-0.006639789470183029,0.48068698711621594,1.0,-0.0031916603955082557
2023-07-18,0.012539930521226223,0.48068698711621594,1.0,0.006027781420894912
2023-07-19,0.016728825048054657,0.48068698711621594,1.0,0.008041328510343677
2023-07-20,-0.011830851710559715,0.48068698711621594,1.0,-0.005686936463767679
2023-07-21,-0.0075470107710024666,0.48068698711621594,1.0,-0.003627749869246806
2023-07-22,-0.02323365159658704,0.48068698711621594,1.0,-0.011168113985671285
2023-07-23,0.010294035761287732,0.4808607210117152,1.0,0.004949736857449951
2023-07-24,-0.03317918556142677,0.4808607210117152,1.0,-0.015954567091649167
2023-07-25,0.005213167877904675,0.4808607210117152,1.0,0.002506807664524355
2023-07-26,0.0069540273735487395,0.4808607210117152,1.0,0.0033439186167798507
2023-07-27,-0.004742419834676492,0.4808607210117152,1.0,-0.002280443421042797
2023-07-28,0.0033132004365414858,0.4808607210117152,1.0,0.0015931879507716685
2023-07-29,0.0016327053712240265,0.4808607210117152,1.0,0.0007851038820064855
2023-07-30,-0.007924596345710633,0.48259065537541496,1.0,-0.003826931045607662
2023-07-31,-0.004623142096686979,0.48259065537541496,1.0,-0.0022310851743338393
2023-08-01,0.009732570568881698,0.48259065537541496,1.0,0.0046968476093240934
2023-08-02,-0.03441706514512625,0.48259065537541496,1.0,-0.016609354024484827
2023-08-03,-0.0277059243915397,0.48259065537541496,1.0,-0.013370620209894839
2023-08-04,-0.011708394893301702,0.48259065537541496,1.0,-0.00565036196495263
2023-08-05,-0.0020033153956923178,0.48259065537541496,1.0,-0.0009667812897308143
2023-08-06,-0.0001502097766154704,0.3823131635871246,1.0,-0.0002078434125820112
2023-08-07,0.006850012279255821,0.3823131635871246,1.0,0.002618849865092942
2023-08-08,0.03450089922916214,0.3823131635871246,1.0,0.013190147930901563
2023-08-09,0.013733238239289475,0.3823131635871246,1.0,0.005250397757558431
2023-08-10,-0.005910801984802353,0.3823131635871246,1.0,-0.002259777406146842
2023-08-11,-0.006505279271350694,0.3823131635871246,1.0,-0.0024870538982478285
2023-08-12,2.53428673520446e-05,0.3823131635871246,1.0,9.688911791729026e-06
2023-08-13,-0.012635766146369704,1.0,1.0,-0.013562296400989018
2023-08-14,0.018781331945008452,1.0,1.0,0.018781331945008452
2023-08-15,-0.046370831663624504,1.0,1.0,-0.046370831663624504
2023-08-16,-0.04028202974569328,1.0,1.0,-0.04028202974569328
2023-08-17,-0.08897140730623421,1.0,1.0,-0.08897140730623421
2023-08-18,-0.008497425912102747,1.0,0.0,-0.0015
2023-08-19,0.017505193806595244,1.0,0.0,0.0
2023-08-20,0.013505889888382267,0.9650372448871785,0.0,0.0
2023-08-21,-0.019907520214700658,0.9650372448871785,0.0,0.0
2023-08-22,-0.01651103879074678,0.9650372448871785,0.0,0.0
2023-08-23,0.03746872523084536,0.9650372448871785,0.0,0.0
2023-08-24,-0.03159564745836178,0.9650372448871785,0.0,0.0
2023-08-25,-0.008973844956538784,0.9650372448871785,0.0,0.0
2023-08-26,-0.003845332660208848,0.9650372448871785,0.0,0.0
2023-08-27,0.009706591653013463,1.0,0.0,0.0
2023-08-28,-0.006534204723279516,1.0,0.0,0.0
2023-08-29,0.04245778995269418,1.0,0.0,0.0
2023-08-30,-0.0355164318304824,1.0,1.0,-0.0370164318304824
2023-08-31,-0.03205902805347623,1.0,0.0,-0.0015
2023-09-01,-0.0178625750705258,1.0,0.0,0.0
2023-09-02,0.004420576894915558,1.0,0.0,0.0
2023-09-03,0.0067311797343203575,1.0,0.0,0.0
2023-09-04,-0.0011726955417863763,1.0,0.0,0.0
2023-09-05,0.010851405979397117,1.0,0.0,0.0
2023-09-06,-0.012502184104548507,1.0,0.0,0.0
2023-09-07,0.011967061575366273,1.0,0.0,0.0
2023-09-08,-0.009138684747271605,1.0,0.0,0.0
2023-09-09,-0.0033870297343286206,1.0,0.0,0.0
2023-09-10,-0.025335678677372145,1.0,0.0,0.0
2023-09-11,-0.03364483875528316,1.0,0.0,0.0
2023-09-12,0.016939256484675903,1.0,0.0,0.0
2023-09-13,0.015999053328986657,1.0,0.0,0.0
2023-09-14,0.015756673905086872,1.0,0.0,0.0
2023-09-15,0.014491508031243105,1.0,0.0,0.0
2023-09-16,-0.0016635910299214554,1.0,0.0,0.0
2023-09-17,-0.0103649420093187,1.0,0.0,0.0
2023-09-18,0.024249182157650408,1.0,0.0,0.0
2023-09-19,0.019369791902451656,1.0,0.0,0.0
2023-09-20,0.008172462826438057,1.0,0.0,0.0
2023-09-21,-0.02955495594746327,1.0,0.0,0.0
2023-09-22,0.0029530899550019862,1.0,0.0,0.0
2023-09-23,-0.002300189059529593,1.0,0.0,0.0
2023-09-24,-0.009454836956804416,1.0,0.0,0.0
2023-09-25,0.003081286763105595,1.0,0.0,0.0
2023-09-26,-0.010047050104273312,1.0,0.0,0.0
2023-09-27,0.002190103313521652,1.0,0.0,0.0
2023-09-28,0.029504496560066963,1.0,0.0,0.0
2023-09-29,0.012352003465269063,1.0,0.0,0.0
2023-09-30,0.014633330998128172,1.0,0.0,0.0
2023-10-01,0.03727091083059937,1.0,0.0,0.0
2023-10-02,-0.037575362450183745,1.0,0.0,0.0
2023-10-03,0.016861386677139472,1.0,0.0,0.0
2023-10-04,0.002534894999502472,1.0,0.0,0.0
2023-10-05,-0.02135554331730057,1.0,0.0,0.0
2023-10-06,0.02043550318371823,1.0,0.0,0.0
2023-10-07,-0.009860377740446975,1.0,0.0,0.0
2023-10-08,0.00400586812712252,1.0,0.0,0.0
2023-10-09,-0.04343067261720053,1.0,0.0,0.0
2023-10-10,-0.004799227285524584,1.0,0.0,0.0
2023-10-11,-0.0014315919323744097,1.0,0.0,0.0
2023-10-12,-0.023315444800967807,1.0,0.0,0.0
2023-10-13,0.01289968113471085,1.0,0.0,0.0
2023-10-14,0.006332877763255196,1.0,0.0,0.0
2023-10-15,0.003912605275228151,1.0,0.0,0.0
2023-10-16,0.043532934553476135,1.0,0.0,0.0
2023-10-17,-0.013677997334347972,1.0,1.0,-0.015177997334347972
2023-10-18,-0.008300800417437526,1.0,1.0,-0.008300800417437526
2023-10-19,0.04082662912087046,1.0,1.0,0.04082662912087046
2023-10-20,0.03769439717837778,1.0,1.0,0.03769439717837778
2023-10-21,0.09054262705862233,1.0,1.0,0.09054262705862233
2023-10-22,0.04283458608303348,0.9639638932469468,1.0,0.041236940206092844
2023-10-23,0.0614639749602687,0.9639638932469468,1.0,0.05924905259713347
2023-10-24,-0.015484206463559004,0.9639638932469468,1.0,-0.014926215946451878
2023-10-25,0.043918047125936235,0.9639638932469468,1.0,0.04233541169132037
2023-10-26,-0.0007005032678967235,0.9639638932469468,1.0,-0.0006752598573539345
2023-10-27,-0.006698157822547419,0.9639638932469468,1.0,-0.006456782292205303
2023-10-28,-0.009660956671482443,0.9639638932469468,1.0,-0.00931281340553228
2023-10-29,0.02446821941203632,0.8765121044820362,1.0,0.021315512806624803
2023-10-30,0.0392664268643285,0.8765121044820362,1.0,0.03441749844634253
2023-10-31,0.05028027126048824,0.8765121044820362,1.0,0.044071266376458196
2023-11-01,0.03915382390835742,0.8765121044820362,1.0,0.034318800592433425
2023-11-02,-0.03253824967636676,0.8765121044820362,1.0,-0.028520169699994158
2023-11-03,0.0068786304260154045,0.8765121044820362,1.0,0.006029202830660926
2023-11-04,0.02755694008626793,0.8765121044820362,1.0,0.024153991548100082
2023-11-05,0.012150531215260848,0.8497406780474296,1.0,0.0102846434938403
2023-11-06,0.028386149997737066,0.8497406780474296,1.0,0.024120866346233137
2023-11-07,0.013003409028196003,0.8497406780474296,1.0,0.011049525604547339
2023-11-08,0.050431080375952744,0.8497406780474296,1.0,0.0428533404333265
2023-11-09,0.020367347988148248,0.8497406780474296,1.0,0.01730696408947704
2023-11-10,0.1076826234746236,0.8497406780474296,1.0,0.0915023054852527
2023-11-11,0.014864256261121457,0.8497406780474296,1.0,0.0126307631939961
2023-11-12,-0.008998004618468891,0.824072759815451,1.0,-0.007453512376121801
2023-11-13,-0.063368809501964,0.824072759815451,1.0,-0.05222050973250304
2023-11-14,0.01268515983645827,0.824072759815451,1.0,0.010453494675130286
2023-11-15,0.09801744936164643,0.824072759815451,1.0,0.08077351000552319
2023-11-16,-0.07923355654008171,0.824072759815451,1.0,-0.06529421560797871
2023-11-17,0.002321994072952638,0.824072759815451,1.0,0.0019134920639732001
2023-11-18,0.002010139857878235,0.824072759815451,1.0,0.0016565015002967553
2023-11-19,0.052583833759127334,0.6232939322727984,1.0,0.032474016276391626
2023-11-20,-0.036147983757944216,0.6232939322727984,1.0,-0.0225308189402223
2023-11-21,-0.06303755290167885,0.6232939322727984,1.0,-0.03929092422894197
2023-11-22,0.06823878526143137,0.6232939322727984,1.0,0.04253282079911664
2023-11-23,-0.00311857916956267,0.6232939322727984,1.0,-0.001943791473700755
2023-11-24,0.006771862824635821,0.6232939322727984,1.0,0.004220861008779241
2023-11-25,0.01910460808771538,0.6232939322727984,1.0,0.011907786299522823
2023-11-26,-0.008880885645418632,0.6251875751943372,1.0,-0.005555059826619779
2023-11-27,-0.030155079699952344,0.6251875751943372,1.0,-0.018852581157405186
2023-11-28,0.03158030828746579,0.6251875751943372,1.0,0.019743616362130373
2023-11-29,0.006106135975453693,0.6251875751943372,1.0,0.0038174803443008034
2023-11-30,-0.0037956488688905,0.6251875751943372,1.0,-0.0023729925126307803
2023-12-01,0.02295395564374632,0.6251875751943372,1.0,0.014350527870032135
2023-12-02,0.05073751358840909,0.6251875751943372,1.0,0.03172046309172721
2023-12-03,-0.013467381193325762,0.4776526430448797,1.0,-0.006654032620109142
2023-12-04,0.002534064666732486,0.4776526430448797,1.0,0.001210402685711414
2023-12-05,0.023474650096332872,0.4776526430448797,1.0,0.011212728663067136
2023-12-06,0.01942443035298162,0.4776526430448797,1.0,0.009278130497742853
2023-12-07,0.042248510712054266,0.4776526430448797,1.0,0.02018011280632263
2023-12-08,0.11620951403904001,0.4776526430448797,1.0,0.05550778152770851
2023-12-09,-0.013587266173078592,0.4776526430448797,1.0,-0.006489993599325278
2023-12-10,0.06873775335742982,0.4525439060395639,1.0,0.03106918829124746
2023-12-11,-0.041788302936467396,0.4525439060395639,1.0,-0.018911041837633535
2023-12-12,-0.020358280184212964,0.4525439060395639,1.0,-0.009213015634811587
2023-12-13,0.031193546262548923,0.4525439060395639,1.0,0.014116449268879727
2023-12-14,0.03886239378613602,0.4525439060395639,1.0,0.017586939482025672
2023-12-15,-0.033117214811811804,0.4525439060395639,1.0,-0.014986993748088616
2023-12-16,0.023879550834033925,0.4525439060395639,1.0,0.010806545208904037
2023-12-17,-0.029384282294824406,0.6234702018462042,1.0,-0.01857661385716998
2023-12-18,0.0338362746405414,0.6234702018462042,1.0,0.021095908979861945
2023-12-19,-0.028671794903575038,0.6234702018462042,1.0,-0.017876009755824897
2023-12-20,0.0752588507148407,0.6234702018462042,1.0,0.04692165084589507
2023-12-21,0.09163791413071154,0.6234702018462042,1.0,0.05713350881983985
2023-12-22,0.015572297201534597,0.6234702018462042,1.0,0.009708863279449857
2023-12-23,0.05595189491836905,0.6234702018462042,1.0,0.03488433921843316
2023-12-24,0.004674048877661912,0.6715396707338335,1.0,0.0030667050409674784
2023-12-25,0.036584982156630044,0.6715396707338335,1.0,0.024568266871266516
2023-12-26,-0.061378307379700583,0.6715396707338335,1.0,-0.04121796832796415
2023-12-27,0.003079168393977816,0.6715396707338335,1.0,0.0020677837294258896
2023-12-28,-0.0474092257413519,0.6715396707338335,1.0,-0.031837175844093436
2023-12-29,0.005530353819747756,0.6715396707338335,1.0,0.0037138519831550077
2023-12-30,-0.02808091579088704,0.6715396707338335,1.0,-0.01885744894411679
2023-12-31,-0.0137238137212915,0.6144616759232955,1.0,-0.0085183745714597
2024-01-01,0.07020262903589838,0.6144616759232955,1.0,0.043136825091619535
2024-01-02,-0.0278586724280262,0.6144616759232955,1.0,-0.01711808654912308
2024-01-03,-0.08326579984274643,0.6144616759232955,1.0,-0.051163642918467644
2024-01-04,0.047460157689737104,0.6144616759232955,1.0,0.02916244803361974
2024-01-05,-0.053123495270449905,0.6144616759232955,1.0,-0.03264235193478391
2024-01-06,-0.04814447863522756,0.6144616759232955,1.0,-0.02958293702865522
2024-01-07,-0.044279347127432235,0.4810025299679844,1.0,-0.021498666712558477
2024-01-08,0.08764489181357911,0.4810025299679844,1.0,0.04215741470110184
2024-01-09,-0.025423254197991775,0.4810025299679844,1.0,-0.012228649589253225
2024-01-10,0.08100795302012449,0.4810025299679844,1.0,0.03896503035020751
2024-01-11,0.010632892407245076,0.4810025299679844,1.0,0.005114448148762253
2024-01-12,-0.07747381021055569,0.4810025299679844,1.0,-0.037265098717536756
2024-01-13,0.021171552546695633,0.4810025299679844,1.0,0.010183570338310723
2024-01-14,-0.029908767972387947,0.515573453255937,1.0,-0.015472023171086553
2024-01-15,0.005723807517170091,0.515573453255937,1.0,0.0029510432073996747
2024-01-16,0.01512063380427845,0.515573453255937,1.0,0.007795797385890296
2024-01-17,0.013662431482491688,0.515573453255937,1.0,0.007043986979300869
2024-01-18,-0.06436969800795223,0.515573453255937,1.0,-0.03318730748700174
2024-01-19,-0.011010387571232218,0.515573453255937,1.0,-0.005676663541786444
2024-01-20,0.0066285839533529,0.515573453255937,1.0,0.0034175219190270443
2024-01-21,-0.017308240642557943,0.5772447425347342,1.0,-0.010083597847360778
2024-01-22,-0.07350403325958776,0.5772447425347342,1.0,-0.042429816754195285
2024-01-23,0.013911340637909922,0.5772447425347342,1.0,0.008030248244843299
2024-01-24,0.024136079473922413,0.5772447425347342,1.0,0.013932424981722228
2024-01-25,-0.021664948228379832,0.5772447425347342,1.0,-0.012505977462119462
2024-01-26,0.05442395055650406,0.5772447425347342,1.0,0.03141593932671229
2024-01-27,0.017052501911202,0.5772447425347342,1.0,0.009843467075304863
2024-01-28,0.023962612394634673,0.576666115927342,1.0,0.013817558677175268
2024-01-29,0.056020987644360254,0.576666115927342,1.0,0.03230540535528684
2024-01-30,-0.01594192341000907,0.576666115927342,1.0,-0.009193167053261097
2024-01-31,-0.04371975577908519,0.576666115927342,1.0,-0.025211701754417018
2024-02-01,0.015376100358133488,0.576666115927342,1.0,0.00886687607163385
2024-02-02,0.04176790551860983,0.576666115927342,1.0,0.024086135845836923
2024-02-03,-0.016396653378181043,0.576666115927342,1.0,-0.009455394417802592
2024-02-04,-0.03021940833772803,0.6154660145114853,1.0,-0.018657218658392836
2024-02-05,-0.0036603019716880954,0.6154660145114853,1.0,-0.0022527914664234035
2024-02-06,0.004568497922542066,0.6154660145114853,1.0,0.0028117552086909655
2024-02-07,0.02749414050734056,0.6154660145114853,1.0,0.016921709080471678
2024-02-08,0.02563194224719534,0.6154660145114853,1.0,0.01577558933906988
2024-02-09,0.04501295275987297,0.6154660145114853,1.0,0.027703942636512782
2024-02-10,0.033369070123089095,0.6154660145114853,1.0,0.020537528596611922
2024-02-11,-0.01564444889856716,0.7440678397662344,1.0,-0.011833434034172237
2024-02-12,0.036786197915861386,0.7440678397662344,1.0,0.027371426816468133
2024-02-13,-0.017934775876913573,0.7440678397662344,1.0,-0.013344689943426654
2024-02-14,0.05375991684202426,0.7440678397662344,1.0,0.040001025190657395
2024-02-15,0.003294225468969736,0.7440678397662344,1.0,0.0024511272283992223
2024-02-16,-0.025027011863125316,0.7440678397662344,1.0,-0.018621794652799575
2024-02-17,-0.0036837491226658914,0.7440678397662344,1.0,-0.0027409592519427707
2024-02-18,0.019576676413665263,0.8380350666275451,1.0,0.016264990482379893
2024-02-19,-0.0018025503877164466,0.8380350666275451,1.0,-0.00151060043426946
2024-02-20,-0.02180784532383991,0.8380350666275451,1.0,-0.018275739108967376
2024-02-21,-0.03066633842418039,0.8380350666275451,1.0,-0.025699466964530855
2024-02-22,-0.025785896086064665,0.8380350666275451,1.0,-0.021609485144536155
2024-02-23,-0.01461386892496763,0.8380350666275451,1.0,-0.01224693461822146
2024-02-24,0.02915633900846141,0.8380350666275451,1.0,0.024434034503571248
2024-02-25,0.0013124212922308587,0.9049647537955122,1.0,0.001087300480847736
2024-02-26,0.053603104372130034,0.9049647537955122,1.0,0.048508920150799814
2024-02-27,-0.002803887809643838,0.9049647537955122,1.0,-0.0025374196413245746
2024-02-28,0.04208533343025052,0.9049647537955122,1.0,0.03808574340610871
2024-02-29,0.039913369299686176,0.9049647537955122,1.0,0.03612019242143986
2024-03-01,0.03267676641672649,0.9049647537955122,1.0,0.029571321875146352
2024-03-02,0.0133515908659703,0.9049647537955122,1.0,0.012082719140801224
2024-03-03,-0.008317212043609357,1.0,1.0,-0.008459764912916088
2024-03-04,0.014536751171617752,1.0,1.0,0.014536751171617752
2024-03-05,-0.06588567065602664,1.0,1.0,-0.06588567065602664
2024-03-06,0.05936176897667789,1.0,1.0,0.05936176897667789
2024-03-07,0.08396048723255538,1.0,1.0,0.08396048723255538
2024-03-08,0.007669354719469833,1.0,1.0,0.007669354719469833
2024-03-09,0.0015775597215360961,1.0,1.0,0.0015775597215360961
2024-03-10,0.019549764284852666,0.863834863339374,1.0,0.016683520254331737
2024-03-11,0.060703945013469054,0.863834863339374,1.0,0.05243818404487091
2024-03-12,0.059517447768811106,0.863834863339374,1.0,0.05141324635967927
2024-03-13,0.08189728681081361,0.863834863339374,1.0,0.07074573156008468
2024-03-14,0.006155025555769114,0.863834863339374,1.0,0.005316925659818168
2024-03-15,0.05565763838894673,0.863834863339374,1.0,0.048079008451508094
2024-03-16,-0.05992687626795245,0.863834863339374,1.0,-0.05176692497128228
2024-03-17,0.06257199148961501,0.7107012191429168,1.0,0.04424029016957492
2024-03-18,-0.004993676611096176,0.7107012191429168,1.0,-0.003549012055511523
2024-03-19,-0.11206675172130283,0.7107012191429168,1.0,-0.07964597707371648
2024-03-20,0.09666548116464027,0.7107012191429168,1.0,0.0687002753127465
2024-03-21,-0.04202142093520307,0.7107012191429168,1.0,-0.029864675088766515
2024-03-22,-0.01362276469487574,0.7107012191429168,1.0,-0.009681715476745274
2024-03-23,-0.0018237042943048953,0.7107012191429168,1.0,-0.001296108865318662
2024-03-24,0.04435946217121112,0.5531033617710746,1.0,0.024298970867195915
2024-03-25,0.0343391058037843,0.5531033617710746,1.0,0.018993074860285713
2024-03-26,-0.01283957850480233,0.5531033617710746,1.0,-0.0071016140347297954
2024-03-27,-0.020995892727042165,0.5531033617710746,1.0,-0.011612898850711876
2024-03-28,0.014037985806030218,0.5531033617710746,1.0,0.00776445714180994
2024-03-29,0.01395749327964113,0.5531033617710746,1.0,0.007719936454866691
2024-03-30,-0.005112935409210502,0.5531033617710746,1.0,-0.002827981763352694
2024-03-31,0.024792466317453167,0.5579120470027823,1.0,0.013824802605570266
2024-04-01,-0.056646178010943474,0.5579120470027823,1.0,-0.03160358512896947
2024-04-02,-0.07232288487925431,0.5579120470027823,1.0,-0.04034980874813134
2024-04-03,0.002008286643744011,0.5579120470027823,1.0,0.0011204473123795685
2024-04-04,0.019884335064465707,0.5579120470027823,1.0,0.01109371007910526
2024-04-05,-0.025282972875180516,0.5579120470027823,1.0,-0.014105675151107782
2024-04-06,0.02829642842348434,0.5579120470027823,1.0,0.015786918304613862
2024-04-07,0.023892828365743763,0.52323631511447,1.0,0.012449581873921783
2024-04-08,0.009616013062993423,0.52323631511447,1.0,0.005031447241173286
2024-04-09,-0.04131820565681721,0.52323631511447,1.0,-0.021619185675014883
2024-04-10,0.03813789576986807,0.52323631511447,1.0,0.019955132048845504
2024-04-11,-0.01444629544263698,0.52323631511447,1.0,-0.0075588263944603344
2024-04-12,-0.0746316428084546,0.52323631511447,1.0,-0.03904998577403512
2024-04-13,-0.09544353767727168,0.52323631511447,1.0,-0.04993952495574472
2024-04-14,0.05618038082542627,0.4919940325832407,1.0,0.027593548690566804
2024-04-15,-0.03846155069370445,0.4919940325832407,1.0,-0.018922853425200396
2024-04-16,-0.02554909341143315,0.4919940325832407,1.0,-0.012570001496336901
2024-04-17,-0.030825665542524708,0.4919940325832407,1.0,-0.015166043497328982
2024-04-18,0.04783662992125174,0.4919940325832407,1.0,0.023535336460148756
2024-04-19,0.011396040477338849,0.4919940325832407,1.0,0.0056067839099277796
2024-04-20,0.043393470579428474,0.4919940325832407,1.0,0.021349328578155233
2024-04-21,-0.0098612772820262,0.6205084979751497,1.0,-0.006311778052474407
2024-04-22,0.039996948706614965,0.6205084979751497,1.0,0.02481844656553076
2024-04-23,-0.0068342395023403,0.6205084979751497,1.0,-0.004240703688399614
2024-04-24,-0.03220632979799598,0.6205084979751497,1.0,-0.019984301328246794
2024-04-25,-0.003104196475735047,0.6205084979751497,1.0,-0.0019261802925781078
2024-04-26,-0.02999557090646158,0.6205084979751497,1.0,-0.018612506649075575
2024-04-27,0.00385568354053493,0.6205084979751497,1.0,0.0023924844024048367
2024-04-28,-0.007959214459078212,0.6617285018347687,1.0,-0.005328669065576884
2024-04-29,-0.011501583738166416,0.6617285018347687,1.0,-0.007610925775784002
2024-04-30,-0.057841171462563845,0.6617285018347687,1.0,-0.038275151736290355
2024-05-01,-0.03192353046258537,0.6617285018347687,1.0,-0.02112470998628322
2024-05-02,0.00950273737605948,0.6617285018347687,1.0,0.006288232167189102
2024-05-03,0.07241005852960947,0.6617285018347687,1.0,0.04791579954856639
2024-05-04,0.03660465875584721,0.6617285018347687,1.0,0.024222345998679725
2024-05-05,0.006205755939510338,0.7855367294792258,1.0,0.004689136883202545
2024-05-06,-0.015817682104423837,0.7855367294792258,1.0,-0.012425370268251182
2024-05-07,-0.024250563355194932,0.7855367294792258,1.0,-0.019049708226068586
2024-05-08,-0.015255226795226803,0.7855367294792258,1.0,-0.011983540964186313
2024-05-09,0.035107790358582726,0.7855367294792258,1.0,0.027578458817523372
2024-05-10,-0.03547383314743746,0.7855367294792258,1.0,-0.027865998872729773
2024-05-11,0.0010892477659757427,0.7855367294792258,1.0,0.0008556441276771384
2024-05-12,0.000990581852968261,0.8134715914333088,1.0,0.0007639079034479224
2024-05-13,0.0233027303298452,0.8134715914333088,1.0,0.018956109126160407
2024-05-14,-0.027947156874274216,0.8134715914333088,1.0,-0.02273421817855218
2024-05-15,0.05773850730368172,0.8134715914333088,1.0,0.04696863542330969
2024-05-16,-0.0252106954917057,0.8134715914333088,1.0,-0.02050818458277838
2024-05-17,0.029523083672649587,0.8134715914333088,1.0,0.024016189859208996
2024-05-18,-0.0062789087228751015,0.8134715914333088,1.0,-0.005107713871261693
2024-05-19,-0.015302523887423961,0.9295193379382384,1.0,-0.01439806349237979
2024-05-20,0.07814115935131934,0.9295193379382384,1.0,0.07263371870596473
2024-05-21,0.013390158603609665,0.9295193379382384,1.0,0.012446411360115262
2024-05-22,-0.01527005113742985,0.9295193379382384,1.0,-0.014193807823546838
2024-05-23,-0.027568977703069614,0.9295193379382384,1.0,-0.025625897902191323
2024-05-24,0.012543407313064062,0.9295193379382384,1.0,0.011659339661128965
2024-05-25,0.025361223984054826,0.9295193379382384,1.0,0.023573748126962012
2024-05-26,-0.019741000044051472,0.8369477997790203,1.0,-0.01666104385954525
2024-05-27,0.012075762145037434,0.8369477997790203,1.0,0.010106782557943865
2024-05-28,-0.01469108498398012,0.8369477997790203,1.0,-0.012295671253708767
2024-05-29,-0.009525482494049387,0.8369477997790203,1.0,-0.007972331615228208
2024-05-30,-0.004540584587142793,0.8369477997790203,1.0,-0.003800232279919692
2024-05-31,-0.005954625188013929,0.8369477997790203,1.0,-0.0049837104496169935
2024-06-01,0.006389947808670602,0.8369477997790203,1.0,0.005348052759169632
2024-06-02,-0.01086810878144014,0.8280513285869907,1.0,-0.009012696622487493
2024-06-03,0.018647595971765574,0.8280513285869907,1.0,0.015441166619373899
2024-06-04,0.052377554747157364,0.8280513285869907,1.0,0.0433713037965215
2024-06-05,0.01311021303132979,0.8280513285869907,1.0,0.010855929318651111
2024-06-06,-0.0074217753489898754,0.8280513285869907,1.0,-0.006145610938205241
2024-06-07,-0.052114089827112256,0.8280513285869907,1.0,-0.043153141319442076
2024-06-08,-0.01469173512911185,0.8280513285869907,1.0,-0.012165510792909232
2024-06-09,0.0057488751300724195,0.8638502733343452,1.0,0.0049124689353570485
2024-06-10,-0.03533160517074759,0.8638502733343452,1.0,-0.03052121678409147
2024-06-11,-0.04685913198789974,0.8638502733343452,1.0,-0.04047927397595735
2024-06-12,0.04155796318478259,0.8638502733343452,1.0,0.03589985785639309
2024-06-13,-0.039195208625349566,0.8638502733343452,1.0,-0.03385879168440491
2024-06-14,-0.021901728305677937,0.8638502733343452,1.0,-0.01891981398335445
2024-06-15,0.011895255557507884,0.8638502733343452,1.0,0.010275719764735075
2024-06-16,0.01523688396556085,0.8791285503179517,1.0,0.013372262296530942
2024-06-17,-0.03982800066882215,0.8791285503179517,1.0,-0.03501393249004403
2024-06-18,-0.03930327950498187,0.8791285503179517,1.0,-0.03455263513395597
2024-06-19,0.001231926217575915,0.8791285503179517,1.0,0.001083021509756191
2024-06-20,-0.006083762016997082,0.8791285503179517,1.0,-0.005348408882482063
2024-06-21,0.0010619672466105996,0.8791285503179517,1.0,0.000933605725997923
2024-06-22,-0.00015872394059220562,0.8791285503179517,1.0,-0.00013953874779357828
2024-06-23,-0.02443970664239803,1.0,1.0,-0.0246210138169211
2024-06-24,-0.0048616994338934365,1.0,1.0,-0.0048616994338934365
2024-06-25,0.03697387749200476,1.0,1.0,0.03697387749200476
2024-06-26,-0.012345001969050787,1.0,1.0,-0.012345001969050787
2024-06-27,0.04771684549777966,1.0,1.0,0.04771684549777966
2024-06-28,-0.04078841203619339,1.0,1.0,-0.04078841203619339
2024-06-29,-0.0006599654287581984,1.0,1.0,-0.0006599654287581984
2024-06-30,0.02997603199282291,0.9384330536515629,1.0,0.028038148819859096
2024-07-01,-0.0032657147364651214,0.9384330536515629,1.0,-0.0030646546524958733
2024-07-02,-0.0053625999753185525,0.9384330536515629,1.0,-0.005032441070349986
2024-07-03,-0.03491091739173342,0.9384330536515629,1.0,-0.03276155881370185
2024-07-04,-0.06734055296320074,0.9384330536515629,1.0,-0.06319460075184127
2024-07-05,-0.020178105828183024,0.9384330536515629,0.0,-0.0014076495804773443
2024-07-06,0.039333419288968566,0.9384330536515629,0.0,0.0
2024-07-07,-0.052647112803774945,1.0,0.0,0.0
2024-07-08,0.0288646271116495,1.0,0.0,0.0
2024-07-09,0.016555089725849882,1.0,0.0,0.0
2024-07-10,0.007750501892804128,1.0,0.0,0.0
2024-07-11,-0.002103022822977844,1.0,0.0,0.0
2024-07-12,0.012331608748282244,1.0,0.0,0.0
2024-07-13,0.011369179125533405,1.0,0.0,0.0
2024-07-14,0.023580442822023796,1.0,1.0,0.022080442822023795
2024-07-15,0.07289058814020555,1.0,1.0,0.07289058814020555
2024-07-16,-0.008666432072765407,1.0,1.0,-0.008666432072765407
2024-07-17,-0.014745496036572861,1.0,1.0,-0.014745496036572861
2024-07-18,0.004717368882857083,1.0,1.0,0.004717368882857083
2024-07-19,0.0346645798564101,1.0,1.0,0.0346645798564101
2024-07-20,0.0034823939096518077,1.0,1.0,0.0034823939096518077
2024-07-21,0.011206500239890744,0.9429187208239156,1.0,0.010481196952346556
2024-07-22,-0.019566916131453227,0.9429187208239156,1.0,-0.018450011529138714
2024-07-23,-0.0074458442126172164,0.9429187208239156,1.0,-0.007020825900415181
2024-07-24,-0.021059461610388776,0.9429187208239156,1.0,-0.019857360602908138
2024-07-25,-0.01635333313235395,0.9429187208239156,1.0,-0.015419863958366541
2024-07-26,0.027532716292236154,0.9429187208239156,1.0,0.02596111362708309
2024-07-27,-0.0030755222735101557,0.9429187208239156,1.0,-0.0028999675280036567
2024-07-28,0.006062932557426625,0.9411449968388603,1.0,0.005703438056615921
2024-07-29,-0.00740924861329469,0.9411449968388603,1.0,-0.006973177262737561
2024-07-30,0.00026329721301021625,0.9411449968388603,1.0,0.00024780085470618024
2024-07-31,-0.019188457399509397,0.9411449968388603,1.0,-0.018059120678603876
2024-08-01,-0.02092865181957737,0.9411449968388603,1.0,-0.019696895950577747
2024-08-02,-0.06994149027836434,0.9411449968388603,1.0,-0.06582508364693639
2024-08-03,-0.02781108515620804,0.9411449968388603,1.0,-0.026174263651424688
2024-08-04,-0.04519818737974649,0.8405586033522866,0.0,-0.0014117174952582904
2024-08-05,-0.0650476389895899,0.8405586033522866,0.0,0.0
2024-08-06,0.06018097057190319,0.8405586033522866,0.0,0.0
2024-08-07,0.057958020130042136,0.8405586033522866,0.0,0.0
2024-08-08,0.0919561640567957,0.8405586033522866,0.0,0.0
2024-08-09,-0.03738702288755598,0.8405586033522866,0.0,0.0
2024-08-10,-0.0024237564568543686,0.8405586033522866,0.0,0.0
2024-08-11,-0.057677307762816134,0.6794948122348108,0.0,0.0
2024-08-12,0.024756866370573206,0.6794948122348108,0.0,0.0
2024-08-13,0.01210881829770353,0.6794948122348108,0.0,0.0
2024-08-14,-0.020802059505327503,0.6794948122348108,0.0,0.0
2024-08-15,-0.014231711261728988,0.6794948122348108,0.0,0.0
2024-08-16,0.0018662127580322645,0.6794948122348108,0.0,0.0
2024-08-17,0.01027917627274381,0.6794948122348108,0.0,0.0
2024-08-18,-0.00516147840422824,0.7042297789306529,0.0,0.0
2024-08-19,0.030391757530561298,0.7042297789306529,0.0,0.0
2024-08-20,-0.007735202744747334,0.7042297789306529,0.0,0.0
2024-08-21,0.01442641077265594,0.7042297789306529,0.0,0.0
2024-08-22,-0.004526554100533005,0.7042297789306529,0.0,0.0
2024-08-23,0.0510183762022552,0.7042297789306529,0.0,0.0
2024-08-24,0.01806034432174434,0.7042297789306529,1.0,0.011662287620717507
2024-08-25,-0.010004705021654514,0.7038708856230966,1.0,-0.007042558923951139
2024-08-26,-0.018096800810358617,0.7038708856230966,1.0,-0.012737811213331892
2024-08-27,-0.051119321806810294,0.7038708856230966,0.0,-0.0010558063284346448
2024-08-28,-0.008141267732412303,0.7038708856230966,0.0,0.0
2024-08-29,-0.011413096114007166,0.7038708856230966,0.0,0.0
2024-08-30,-0.003207760891853595,0.7038708856230966,0.0,0.0
2024-08-31,-0.00784458884561412,0.7038708856230966,0.0,0.0
2024-09-01,-0.033779152216723674,0.7910595446066744,0.0,0.0
2024-09-02,0.03131367465322447,0.7910595446066744,0.0,0.0
2024-09-03,-0.020389329035185384,0.7910595446066744,0.0,0.0
2024-09-04,-0.003365348529994483,0.7910595446066744,0.0,0.0
2024-09-05,-0.02253709291697022,0.7910595446066744,0.0,0.0
2024-09-06,-0.037192457724530684,0.7910595446066744,0.0,0.0
2024-09-07,0.007903165377933119,0.7910595446066744,0.0,0.0
2024-09-08,0.013592452854080062,1.0,0.0,0.0
2024-09-09,0.030055865284882355,1.0,0.0,0.0
2024-09-10,0.0038852355105290317,1.0,0.0,0.0
2024-09-11,0.0028683590650818705,1.0,0.0,0.0
2024-09-12,0.03040424475084154,1.0,0.0,0.0
2024-09-13,0.0280678694809607,1.0,0.0,0.0
2024-09-14,0.008223306167256157,1.0,0.0,0.0
2024-09-15,-0.018425304277436272,1.0,0.0,0.0
2024-09-16,-0.00928492819592667,1.0,0.0,0.0
2024-09-17,0.019226530962122675,1.0,0.0,0.0
2024-09-18,0.015795042272148747,1.0,0.0,0.0
2024-09-19,0.012467057478213158,1.0,0.0,0.0
2024-09-20,0.0014790881939257259,1.0,0.0,0.0
2024-09-21,0.020443482541478687,1.0,0.0,0.0
2024-09-22,-0.005065958008821222,1.0,0.0,0.0
2024-09-23,0.006107105801312351,1.0,0.0,0.0
2024-09-24,0.009997967215828574,1.0,0.0,0.0
2024-09-25,-0.02105261806273432,1.0,1.0,-0.02255261806273432
2024-09-26,0.02003652613497708,1.0,0.0,-0.0015
2024-09-27,0.00846864077606065,1.0,1.0,0.00696864077606065
2024-09-28,0.011681506556701823,1.0,1.0,0.011681506556701823
2024-09-29,0.010584410077160045,1.0,1.0,0.010584410077160045
2024-09-30,-0.043816572154075376,1.0,1.0,-0.043816572154075376
2024-10-01,-0.03773637671464247,1.0,0.0,-0.0015
2024-10-02,-0.044558300277469653,1.0,0.0,0.0
2024-10-03,-0.018891939397263226,1.0,0.0,0.0
2024-10-04,0.03065231622063765,1.0,0.0,0.0
2024-10-05,-0.003973896905283454,1.0,0.0,0.0
2024-10-06,0.015205884272119437,1.0,0.0,0.0
2024-10-07,-0.0109529574092511,1.0,0.0,0.0
2024-10-08,-0.0013560904200295618,1.0,0.0,0.0
2024-10-09,-0.021900640370563162,1.0,0.0,0.0
2024-10-10,0.000874280576593593,1.0,0.0,0.0
2024-10-11,0.03281945123853254,1.0,0.0,0.0
2024-10-12,0.007340588895207167,1.0,0.0,0.0
2024-10-13,-0.004317366008174709,1.0,0.0,0.0
2024-10-14,0.049579041411674865,1.0,0.0,0.0
2024-10-15,-0.004742094187966524,1.0,1.0,-0.006242094187966524
2024-10-16,0.0058529967212607534,1.0,1.0,0.0058529967212607534
2024-10-17,-0.012185837539744854,1.0,1.0,-0.012185837539744854
2024-10-18,0.017140563595821723,1.0,1.0,0.017140563595821723
2024-10-19,0.008364327585155335,1.0,1.0,0.008364327585155335
2024-10-20,0.020438533116663733,1.0,1.0,0.020438533116663733
2024-10-21,-0.011033896922166608,1.0,1.0,-0.011033896922166608
2024-10-22,-0.004965296422335489,1.0,1.0,-0.004965296422335489
2024-10-23,-0.002384090636432301,1.0,1.0,-0.002384090636432301
2024-10-24,0.024970081308681724,1.0,1.0,0.024970081308681724
2024-10-25,-0.049464691610991575,1.0,1.0,-0.049464691610991575
2024-10-26,0.02109851466375382,1.0,1.0,0.02109851466375382
2024-10-27,0.018312484134784146,1.0,1.0,0.018312484134784146
2024-10-28,0.01448283333353902,1.0,1.0,0.01448283333353902
2024-10-29,0.021340184019075965,1.0,1.0,0.021340184019075965
2024-10-30,-0.013110319876511418,1.0,1.0,-0.013110319876511418
2024-10-31,-0.030921202910836443,1.0,1.0,-0.030921202910836443
2024-11-01,-0.01328628567676874,1.0,1.0,-0.01328628567676874
2024-11-02,-0.0011573200279032896,1.0,1.0,-0.0011573200279032896
2024-11-03,-0.02603197518948463,0.9818530030972616,1.0,-0.025586793511703003
2024-11-04,0.0008090753873483854,0.9818530030972616,1.0,0.000794393098800094
2024-11-05,0.05148685964191801,0.9818530030972616,1.0,0.05055252775946441
2024-11-06,0.12249256913588008,0.9818530030972616,1.0,0.12026969686316281
2024-11-07,0.01196433871040492,0.9818530030972616,1.0,0.01174722189288389
2024-11-08,0.024417415368857588,0.9818530030972616,1.0,0.023974312607786055
2024-11-09,0.028865653846012584,0.9818530030972616,1.0,0.028341828915073478
2024-11-10,0.12532380195157314,0.7739759754624512,1.0,0.09668579632267965
2024-11-11,0.1372271276304422,0.7739759754624512,1.0,0.10621049996768178
2024-11-12,0.012797979206213728,0.7739759754624512,1.0,0.009905328440077438
2024-11-13,0.029687467181753892,0.7739759754624512,1.0,0.022977386371007477
2024-11-14,-0.05311026749633703,0.7739759754624512,1.0,-0.04110607109254917
2024-11-15,0.044887938048984756,0.7739759754624512,1.0,0.034742185637961054
2024-11-16,-0.018864323398855687,0.7739759754624512,1.0,-0.014600533104068471
2024-11-17,0.03350613841009235,0.5606958456871179,1.0,0.018466832416893356
2024-11-18,0.010409486722998018,0.5606958456871179,1.0,0.005836555961320199
2024-11-19,0.02186079455838167,0.5606958456871179,1.0,0.012257256692304156
2024-11-20,-0.008343779957857622,0.5606958456871179,1.0,-0.004678322759698205
2024-11-21,0.0542961905192815,0.5606958456871179,1.0,0.03044364846079742
2024-11-22,0.02272139913362159,0.5606958456871179,1.0,0.012739794102420505
2024-11-23,0.00794369595787677,0.5606958456871179,1.0,0.004453997322983056
2024-11-24,-0.0022452423565061386,0.5604400273651033,1.0,-0.0012587074152046111
2024-11-25,-0.0693846496649136,0.5604400273651033,1.0,-0.03888593495692229
2024-11-26,-0.01377950939899586,0.5604400273651033,1.0,-0.007722588624650938
2024-11-27,0.042713960897424366,0.5604400273651033,1.0,0.023938613414224468
2024-11-28,-0.006910915404554093,0.5604400273651033,1.0,-0.00387315361844621
2024-11-29,0.03416641948693111,0.5604400273651033,1.0,0.019148229072223272
2024-11-30,-0.014436588118327485,0.5604400273651033,1.0,-0.008090841840094181
2024-12-01,0.10032102138876671,0.4704519883630164,1.0,0.04706124192845086
2024-12-02,0.0583371584557838,0.4704519883630164,1.0,0.027444832190971845
2024-12-03,-0.0373156553550531,0.4704519883630164,1.0,-0.017555224258853773
2024-12-04,-0.0059120411186806,0.4704519883630164,1.0,-0.0027813314995672
2024-12-05,-0.010176824768243737,0.4704519883630164,1.0,-0.00478770744744226
2024-12-06,0.0358314989782235,0.4704519883630164,1.0,0.016856999940332636
2024-12-07,0.03570711117079395,0.4704519883630164,1.0,0.016798481448999286
2024-12-08,0.0038784942771556983,0.46687441251331,1.0,0.0018054033733087413
2024-12-09,-0.13985870413372697,0.46687441251331,1.0,-0.06529645032730663
2024-12-10,0.010501835947489397,0.46687441251331,1.0,0.0049030384882952725
2024-12-11,0.043680339534877634,0.46687441251331,1.0,0.020393232858727905
2024-12-12,-0.003287663856292533,0.46687441251331,1.0,-0.0015349261314478195
2024-12-13,0.01164879564069232,0.46687441251331,1.0,0.005438524621235835
2024-12-14,-0.029754484901285846,0.46687441251331,1.0,-0.013891607657923985
2024-12-15,0.026601280976366787,0.4503502870622116,1.0,0.011955108335752683
2024-12-16,-0.004791690413174473,0.4503502870622116,1.0,-0.0021579391530863706
2024-12-17,-0.004494018281745707,0.4503502870622116,1.0,-0.0020238824232470063
2024-12-18,-0.09105593177665627,0.4503502870622116,1.0,-0.0410070650143343
2024-12-19,-0.07642498743801825,0.4503502870622116,1.0,-0.03441801503143743
2024-12-20,0.03160973001139681,0.4503502870622116,1.0,0.014235450984591558
2024-12-21,-0.01851354446143845,0.4503502870622116,1.0,-0.008337580062747825
2024-12-22,-0.02287462130830823,0.45517971844181904,1.0,-0.010419307833648386
2024-12-23,0.03720128361140832,0.45517971844181904,1.0,0.016933269799915097
2024-12-24,0.027414651147166604,0.45517971844181904,1.0,0.012478593190347987
2024-12-25,-0.013663009086070543,0.45517971844181904,1.0,-0.006219124628865605
2024-12-26,-0.06330999497106411,0.45517971844181904,1.0,-0.028817425685481943
2024-12-27,0.0025431046684887635,0.45517971844181904,1.0,0.0011575696669707909
2024-12-28,0.024876105037381503,0.45517971844181904,1.0,0.01132309848684443
2024-12-29,-0.034228747299342624,0.522477348426445,1.0,-0.017984691573896316
2024-12-30,-0.005990837791971145,0.522477348426445,1.0,-0.003130077044402022
2024-12-31,-0.00034077271821756705,0.522477348426445,1.0,-0.00017804602623038663
2025-01-01,0.07708678604897581,0.522477348426445,1.0,0.040276099573585564
2025-01-02,0.042226646382854297,0.522477348426445,1.0,0.02206246623505485
2025-01-03,0.09164398153630385,0.522477348426445,1.0,0.04788190447233012
2025-01-04,0.003266888394911886,0.522477348426445,1.0,0.0017068751861786867
2025-01-05,-0.006159263416220122,0.5476395413858755,1.0,-0.003410799481972733
2025-01-06,0.007550449460503945,0.5476395413858755,1.0,0.004134924679807611
2025-01-07,-0.0852485417214508,0.5476395413858755,1.0,-0.046685472292149977
2025-01-08,-0.005595927347665675,0.5476395413858755,1.0,-0.003064551086304308
2025-01-09,-0.04960843061987681,0.5476395413858755,1.0,-0.027167538193542357
2025-01-10,0.0329115266342644,0.5476395413858755,1.0,0.01802365335229758
2025-01-11,0.06274981710592531,0.5476395413858755,1.0,0.034364281061936494
2025-01-12,-0.02270258404120329,0.5908014781588551,1.0,-0.013477463114728005
2025-01-13,-0.003663088782777213,0.5908014781588551,1.0,-0.0021641582674918987
2025-01-14,0.05457567988823604,0.5908014781588551,1.0,0.03224339234949435
2025-01-15,0.11660653384038366,0.5908014781588551,1.0,0.06889131255587921
2025-01-16,0.00519515904007665,0.5908014781588551,1.0,0.003069307640147623
2025-01-17,0.053895196316438014,0.5908014781588551,1.0,0.03184136164941326
2025-01-18,-0.028106942649274862,0.5908014781588551,1.0,-0.016605623263717752
2025-01-19,-0.09829846057912794,0.582036742257151,1.0,-0.05722646286822115
2025-01-20,0.019306667676059635,0.582036742257151,1.0,0.011237189958015188
2025-01-21,0.022112873987956028,0.582036742257151,1.0,0.01287050513789282
2025-01-22,-0.015099170350755068,0.582036742257151,1.0,-0.008788271921739243
2025-01-23,-0.01322369515660778,0.582036742257151,1.0,-0.007696676449553658
2025-01-24,-0.008679868332619503,0.582036742257151,1.0,-0.005052002287538865
2025-01-25,0.005536232324585776,0.582036742257151,1.0,0.0032222906265806394
2025-01-26,-0.0330355517420308,0.5628489860072343,1.0,-0.018622808434566433
2025-01-27,-0.007162110869889457,0.5628489860072343,1.0,-0.00403118684078867
2025-01-28,-0.01987261879147628,0.5628489860072343,1.0,-0.011185283336090734
2025-01-29,0.014886025171669516,0.5628489860072343,1.0,0.008378584173552354
2025-01-30,0.02173192104361828,0.5628489860072343,1.0,0.012231789723389825
2025-01-31,-0.01949478015958154,0.5628489860072343,1.0,-0.01097261724525442
2025-02-01,-0.06108058231101791,0.5628489860072343,1.0,-0.03437914381848784
2025-02-02,-0.10882249767135721,0.6153805162380624,1.0,-0.06704604209066138
2025-02-03,0.03960223498484179,0.6153805162380624,1.0,0.024370443809153
2025-02-04,-0.07157268319836796,0.6153805162380624,1.0,-0.04404443473515497
2025-02-05,-0.04026471573460566,0.6153805162380624,1.0,-0.02477812155494047
2025-02-06,-0.031142067296037076,0.6153805162380624,1.0,-0.019164221449355777
2025-02-07,0.006799213857403341,0.6153805162380624,1.0,0.004184103733581855
2025-02-08,0.0032228958085626465,0.6153805162380624,1.0,0.001983307286454769
2025-02-09,-0.015744156142527777,0.578928229148618,1.0,-0.009169414865667108
2025-02-10,0.025643647640439433,0.578928229148618,1.0,0.014845831517390735
2025-02-11,0.028858339793022252,0.578928229148618,1.0,0.016706907552543466
2025-02-12,0.02619871427650122,0.578928229148618,1.0,0.015167175262065468
2025-02-13,0.006087663086484932,0.578928229148618,1.0,0.0035243200103121323
2025-02-14,0.03426903437087299,0.578928229148618,1.0,0.019839311382962625
2025-02-15,-0.01288137796546925,0.578928229148618,1.0,-0.007457393334543139
2025-02-16,-0.012837011407947314,0.7083960341667015,1.0,-0.009287889679469708
2025-02-17,0.014085486992887437,0.7083960341667015,1.0,0.00997810312506812
2025-02-18,-0.05754272023623215,0.7083960341667015,1.0,-0.040763034810510856
2025-02-19,0.03554477987089773,0.7083960341667015,1.0,0.02517978109587235
2025-02-20,0.013456193890107769,0.7083960341667015,1.0,0.009532314386730543
2025-02-21,-0.04928737346036123,0.7083960341667015,1.0,-0.034914979893813036
2025-02-22,0.013540894147409627,0.7083960341667015,1.0,0.009592315713096081
2025-02-23,-0.004083547316084142,0.7318816578359398,1.0,-0.003023901815051022
2025-02-24,-0.12190427793796446,0.7318816578359398,1.0,-0.08921950503453062
2025-02-25,0.007478070220175177,0.7318816578359398,1.0,0.00547306243015538
2025-02-26,-0.03865433105380071,0.7318816578359398,1.0,-0.028290395894194912
2025-02-27,-0.0009790355072796983,0.7318816578359398,1.0,-0.0007165381301481157
2025-02-28,-0.02091806433362427,0.7318816578359398,1.0,-0.015309547603211775
2025-03-01,0.022928622133074228,0.7318816578359398,1.0,0.01678103797864819
2025-03-02,0.15386485348985662,0.9196577099409443,1.0,0.14122133472272297
2025-03-03,-0.11705921482784153,0.9196577099409443,1.0,-0.10765440943605778
2025-03-04,0.019054202224934848,0.9196577099409443,1.0,0.01752334398293523
2025-03-05,0.027376453684046915,0.9196577099409443,1.0,0.025176966701374915
2025-03-06,0.010360908668149205,0.9196577099409443,1.0,0.009528489538657377
2025-03-07,-0.041669288161429265,0.9196577099409443,1.0,-0.03832148212540934
2025-03-08,-0.010898738791358682,0.9196577099409443,1.0,-0.010023109158105462
2025-03-09,-0.07022073890994873,0.599962269616471,1.0,-0.04260933705104519
2025-03-10,-0.04021401938999476,0.599962269616471,0.0,-0.0008999434044247067
2025-03-11,0.055048543386047324,0.599962269616471,0.0,0.0
2025-03-12,0.02595268494518928,0.599962269616471,0.0,0.0
2025-03-13,-0.00359441992784637,0.599962269616471,1.0,-0.0030564597422900876
2025-03-14,0.03210360132218019,0.599962269616471,0.0,-0.0008999434044247067
2025-03-15,0.025055464785652015,0.599962269616471,1.0,0.014132390114670643
2025-03-16,-0.029545001793267314,0.5563725636683587,1.0,-0.01650341295022856
2025-03-17,0.028375661608096125,0.5563725636683587,0.0,-0.0008345588455025382
2025-03-18,-0.014729505517768044,0.5563725636683587,0.0,0.0
2025-03-19,0.04968804709161223,0.5563725636683587,0.0,0.0
2025-03-20,-0.019116308232052716,0.5563725636683587,1.0,-0.01147034826444426
2025-03-21,-0.00560656412644045,0.5563725636683587,0.0,-0.0008345588455025382
2025-03-22,-0.006380010258876356,0.5563725636683587,0.0,0.0
2025-03-23,0.01635585284257975,0.5454040672476422,0.0,0.0
2025-03-24,0.014438868075227873,0.5454040672476422,1.0,0.007056911273809955
2025-03-25,-0.003178453789286421,0.5454040672476422,1.0,-0.0017335416242354948
2025-03-26,-0.022497302019899263,0.5454040672476422,1.0,-0.012270120023751656
2025-03-27,0.009986703666550042,0.5454040672476422,1.0,0.005446788798133333
2025-03-28,-0.039195617246232176,0.5454040672476422,1.0,-0.021377449064376865
2025-03-29,-0.02538155486651761,0.5454040672476422,0.0,-0.0008181061008714634
2025-03-30,-0.0024323222020719015,0.5687001679317223,0.0,0.0
2025-03-31,-0.004552501408995287,0.5687001679317223,0.0,0.0
2025-04-01,0.02193885584989615,0.5687001679317223,0.0,0.0
2025-04-02,-0.039612862898121416,0.5687001679317223,0.0,0.0
2025-04-03,0.009489147496754224,0.5687001679317223,0.0,0.0
2025-04-04,0.0167894479384821,0.5687001679317223,0.0,0.0
2025-04-05,-0.001525376462176098,0.5687001679317223,0.0,0.0
2025-04-06,-0.07788194273225257,0.9075543162775567,0.0,0.0
2025-04-07,0.000783087215042574,0.9075543162775567,0.0,0.0
2025-04-08,-0.03120159542347293,0.9075543162775567,0.0,0.0
2025-04-09,0.09271661721391718,0.9075543162775567,0.0,0.0
2025-04-10,-0.028591615946270094,0.9075543162775567,0.0,0.0
2025-04-11,0.03056171550551704,0.9075543162775567,0.0,0.0
2025-04-12,0.03598867136586992,0.9075543162775567,0.0,0.0
2025-04-13,-0.019496697643491268,0.80265924008554,0.0,0.0
2025-04-14,0.0046128892809875754,0.80265924008554,0.0,0.0
2025-04-15,-0.012083766208632052,0.80265924008554,0.0,0.0
2025-04-16,0.002400828909978873,0.80265924008554,0.0,0.0
2025-04-17,0.004933580289847323,0.80265924008554,0.0,0.0
2025-04-18,-0.0013082257752918083,0.80265924008554,0.0,0.0
2025-04-19,0.0062687178676568145,0.80265924008554,0.0,0.0
2025-04-20,-0.0005398825806410452,0.8913346250821287,0.0,0.0
2025-04-21,0.013038977953177728,0.8913346250821287,0.0,0.0
2025-04-22,0.05527786908864425,0.8913346250821287,0.0,0.0
2025-04-23,-0.005808053705381733,0.8913346250821287,1.0,-0.006513921309566487
2025-04-24,-0.003310994134129534,0.8913346250821287,1.0,-0.002951203715193475
2025-04-25,-0.0013436793504582045,0.8913346250821287,1.0,-0.0011976679300712617
2025-04-26,0.005466836627290046,0.8913346250821287,1.0,0.004872780775570821
2025-04-27,0.004199589447231311,0.8540116942234374,1.0,0.003530514102584843
2025-04-28,0.011615297980759332,0.8540116942234374,1.0,0.009919600307458348
2025-04-29,-0.013260400495306524,0.8540116942234374,1.0,-0.01132453709307803
2025-04-30,-0.008346503748227724,0.8540116942234374,1.0,-0.007128011806866229
2025-05-01,0.018705522927837632,0.8540116942234374,1.0,0.01597473532693797
2025-05-02,-0.001357541511154118,0.8540116942234374,1.0,-0.0011593563259193738
2025-05-03,-0.0030933166882605905,0.8540116942234374,1.0,-0.0026417286257110597
2025-05-04,-0.024466199397541057,0.8952691058983719,1.0,-0.02196571857688027
2025-05-05,0.0014230028980610392,0.8952691058983719,1.0,0.0012739705322378989
2025-05-06,0.01764164022496373,0.8952691058983719,1.0,0.015794015470784028
2025-05-07,-0.0022985953589625963,0.8952691058983719,1.0,-0.002057861411840591
2025-05-08,0.08274336467701696,0.8952691058983719,1.0,0.07407757811341589
2025-05-09,0.024218379017127308,0.8952691058983719,1.0,0.02168196652897146
2025-05-10,0.031198762241295176,0.8952691058983719,1.0,0.02793128797690022
2025-05-11,-0.02278074614706308,1.0,1.0,-0.022937842488215524
2025-05-12,0.006147434439279305,1.0,1.0,0.006147434439279305
2025-05-13,0.01264175827921199,1.0,1.0,0.01264175827921199
2025-05-14,-0.021371004560534902,1.0,1.0,-0.021371004560534902
2025-05-15,-0.01596515932515526,1.0,1.0,-0.01596515932515526
2025-05-16,-0.004215147801857351,1.0,1.0,-0.004215147801857351
2025-05-17,-0.011829159089432901,1.0,1.0,-0.011829159089432901
2025-05-18,0.025242446755792198,1.0,1.0,0.025242446755792198
2025-05-19,-0.01150805368222792,1.0,1.0,-0.01150805368222792
2025-05-20,0.005181126481212272,1.0,1.0,0.005181126481212272
2025-05-21,0.031877088755226726,1.0,1.0,0.031877088755226726
2025-05-22,0.028727923663380096,1.0,1.0,0.028727923663380096
2025-05-23,-0.05313779216668786,1.0,1.0,-0.05313779216668786
2025-05-24,0.008059972233996088,1.0,1.0,0.008059972233996088
2025-05-25,0.010357113100667151,1.0,1.0,0.010357113100667151
2025-05-26,0.003277352854872443,1.0,1.0,0.003277352854872443
2025-05-27,0.004570038656984243,1.0,1.0,0.004570038656984243
2025-05-28,-0.008706647215728076,1.0,1.0,-0.008706647215728076
2025-05-29,-0.02357015742462106,1.0,1.0,-0.02357015742462106
2025-05-30,-0.03014092853617019,1.0,1.0,-0.03014092853617019
2025-05-31,0.0020120685840281744,1.0,1.0,0.0020120685840281744
2025-06-01,0.00443707140527938,0.9636305468478518,1.0,0.004221143364944113
2025-06-02,0.012856484983518582,0.9636305468478518,1.0,0.012388901655209204
2025-06-03,-0.005626533228600961,0.9636305468478518,1.0,-0.0054218992919343525
2025-06-04,0.000771281999074243,0.9636305468478518,1.0,0.0007432308945418174
2025-06-05,-0.04951677165315123,0.9636305468478518,1.0,-0.047715873746266325
2025-06-06,0.022569899450709897,0.9636305468478518,1.0,0.02174904454998861
2025-06-07,0.01454519460380325,0.9636305468478518,1.0,0.014016193830071348
2025-06-08,-0.0010013512172135273,1.0,1.0,-0.0010559053969417496
2025-06-09,0.04390296027352643,1.0,1.0,0.04390296027352643
2025-06-10,0.020129574792966988,1.0,1.0,0.020129574792966988
2025-06-11,-0.012426036282963644,1.0,1.0,-0.012426036282963644
2025-06-12,-0.028791763024875995,1.0,1.0,-0.028791763024875995
2025-06-13,-0.009081715823733663,1.0,1.0,-0.009081715823733663
2025-06-14,-0.012646089717309367,1.0,1.0,-0.012646089717309367
2025-06-15,0.0032358228346114344,1.0,1.0,0.0032358228346114344
2025-06-16,0.004493698337029802,1.0,1.0,0.004493698337029802
2025-06-17,-0.012023586051777852,1.0,1.0,-0.012023586051777852
2025-06-18,0.0007930549089469885,1.0,1.0,0.0007930549089469885
2025-06-19,-0.0010473891386913643,1.0,1.0,-0.0010473891386913643
2025-06-20,-0.02099044536175165,1.0,1.0,-0.02099044536175165
2025-06-21,-0.024955470769683,1.0,1.0,-0.024955470769683
2025-06-22,-0.021375390152021168,1.0,1.0,-0.021375390152021168
2025-06-23,0.057807669198512324,1.0,1.0,0.057807669198512324
2025-06-24,0.006349784821107965,1.0,1.0,0.006349784821107965
2025-06-25,0.0013595918422702653,1.0,1.0,0.0013595918422702653
2025-06-26,-0.0034924954635920935,1.0,1.0,-0.0034924954635920935
2025-06-27,0.0034056029490111177,1.0,1.0,0.0034056029490111177
2025-06-28,0.0039055214205066706,1.0,1.0,0.0039055214205066706
2025-06-29,0.015248256610992085,1.0,1.0,0.015248256610992085
2025-06-30,-0.004764799627803554,1.0,1.0,-0.004764799627803554
2025-07-01,-0.033107487147847316,1.0,1.0,-0.033107487147847316
2025-07-02,0.04493183241812559,1.0,1.0,0.04493183241812559
2025-07-03,0.005346426887094783,1.0,1.0,0.005346426887094783
2025-07-04,-0.025662310385301236,1.0,1.0,-0.025662310385301236
2025-07-05,0.0014959632099424969,1.0,1.0,0.0014959632099424969
2025-07-06,0.01978092095619573,0.9644432737419193,1.0,0.019024241075236425
2025-07-07,-0.013089383298707197,0.9644432737419193,1.0,-0.012623967679867973
2025-07-08,0.01808257223350925,0.9644432737419193,1.0,0.017439615162560387
2025-07-09,0.03907189313492602,0.9644432737419193,1.0,0.03768262452634247
2025-07-10,0.05047062765934947,0.9644432737419193,1.0,0.048676057367592465
2025-07-11,0.002343252376206324,0.9644432737419193,1.0,0.0022599339929119592
2025-07-12,-0.00641865540145344,0.9644432737419193,1.0,-0.006190429028399009
2025-07-13,0.009276020639912433,1.0,1.0,0.009222685550525312
2025-07-14,0.008772052691404797,1.0,1.0,0.008772052691404797
2025-07-15,0.01167447003715875,1.0,1.0,0.01167447003715875
2025-07-16,0.04714882036028345,1.0,1.0,0.04714882036028345
2025-07-17,0.01595643868901357,1.0,1.0,0.01595643868901357
2025-07-18,0.006342830098809649,1.0,1.0,0.006342830098809649
2025-07-19,0.003579935152740206,1.0,1.0,0.003579935152740206
2025-07-20,0.02184281257059384,1.0,1.0,0.02184281257059384
2025-07-21,0.027268193548228105,1.0,1.0,0.027268193548228105
2025-07-22,0.02250218490152278,1.0,1.0,0.02250218490152278
2025-07-23,-0.04024836995743012,1.0,1.0,-0.04024836995743012
2025-07-24,-0.006094608724229992,1.0,1.0,-0.006094608724229992
2025-07-25,0.007288386241490419,1.0,1.0,0.007288386241490419
2025-07-26,-0.001183533515786113,1.0,1.0,-0.001183533515786113
2025-07-27,0.023052935914905794,1.0,1.0,0.023052935914905794
2025-07-28,-0.022742843073670617,1.0,1.0,-0.022742843073670617
2025-07-29,-0.001678660985948932,1.0,1.0,-0.001678660985948932
2025-07-30,-0.005654794772327072,1.0,1.0,-0.005654794772327072
2025-07-31,-0.0255086667275927,1.0,1.0,-0.0255086667275927
2025-08-01,-0.038723979436593337,1.0,1.0,-0.038723979436593337
2025-08-02,-0.0404678321675798,1.0,1.0,-0.0404678321675798
2025-08-03,0.039100686021051725,0.9661419175067192,1.0,0.03772602464446717
2025-08-04,0.04281253552731219,0.9661419175067192,1.0,0.04136298516768194
2025-08-05,-0.02758726054346912,0.9661419175067192,1.0,-0.026653208800224714
2025-08-06,0.01643400478898608,0.9661419175067192,1.0,0.01587758089914562
2025-08-07,0.06514855649612486,0.9661419175067192,1.0,0.06294275129596091
2025-08-08,0.007228909657265636,0.9661419175067192,1.0,0.006984152637753462
2025-08-09,0.017459371712884583,0.9661419175067192,1.0,0.016868230865148885
2025-08-10,-0.002035880560874448,0.9035301333628668,1.0,-0.0019333971108935364
2025-08-11,-0.007358446321698834,0.9035301333628668,1.0,-0.006648577986388044
2025-08-12,0.053561758223379385,0.9035301333628668,1.0,0.0483946625507196
2025-08-13,0.019877676855218834,0.9035301333628668,1.0,0.01796008001993984
2025-08-14,-0.03777880792058848,0.9035301333628668,1.0,-0.034134291358779434
2025-08-15,-0.013860566773941652,0.9035301333628668,1.0,-0.01252343974574442
2025-08-16,0.007033364667845284,0.9035301333628668,1.0,0.006354856916327924
2025-08-17,0.008250953105386075,0.923832287470531,1.0,0.007592043649999403
2025-08-18,-0.0184507447205704,0.923832287470531,1.0,-0.01704539370073938
2025-08-19,-0.05056660167816221,0.923832287470531,1.0,-0.046715059297947795
2025-08-20,0.05122170728721616,0.923832287470531,1.0,0.04732026701129488
2025-08-21,-0.03141640101562326,0.923832287470531,1.0,-0.029023485614354753
2025-08-22,0.09807703047984498,0.923832287470531,1.0,0.09060672741651218
2025-08-23,-0.013961793782848304,0.923832287470531,1.0,-0.012898355887600587
2025-08-24,-0.00348019643749801,0.744314620320993,1.0,-0.0028596375907431115
2025-08-25,-0.06015515841548058,0.744314620320993,1.0,-0.04477436389636762
2025-08-26,0.0442286438256676,0.744314620320993,1.0,0.03292002623641421
2025-08-27,-0.015158522115333046,0.744314620320993,1.0,-0.011282709632901494
2025-08-28,0.007626339093126525,0.744314620320993,1.0,0.005676395686539616
2025-08-29,-0.03140627871254457,0.744314620320993,1.0,-0.023376152415622894
2025-08-30,0.00028797541518917513,0.744314620320993,1.0,0.00021434431181831134
2025-08-31,-0.005477920187239101,0.7049857923109002,1.0,-0.003920849145431771
2025-09-01,-0.022054748134651025,0.7049857923109002,1.0,-0.0155482840879243
2025-09-02,0.018007845986399557,0.7049857923109002,1.0,0.012695275570534556
2025-09-03,0.01399896837783099,0.7049857923109002,1.0,0.009869073813380418
2025-09-04,-0.03469114101734294,0.7049857923109002,1.0,-0.02445676153628068
2025-09-05,0.002186044397514908,0.7049857923109002,1.0,0.0015411302416088522
2025-09-06,0.0008017008661892104,0.7049857923109002,1.0,0.0005651877203467355
2025-09-07,0.01361652203715476,0.6336870647690858,1.0,0.008521665790775452
2025-09-08,0.008015325752019908,0.6336870647690858,1.0,0.005079208248965561
2025-09-09,0.0008022993506301793,0.6336870647690858,1.0,0.0005084067205669819
2025-09-10,0.015485322359984306,0.6336870647690858,1.0,0.009812848473301548
2025-09-11,0.024977629174483207,0.6336870647690858,1.0,0.015828000516468946
2025-09-12,0.03623837640727978,0.6336870647690858,1.0,0.022963790377526414
2025-09-13,-0.0035663929032296498,0.6336870647690858,1.0,-0.002259977050660895
2025-09-14,-0.016553150312405673,0.7112209140680695,1.0,-0.01188924746984379
2025-09-15,-0.0161478655232035,0.7112209140680695,1.0,-0.01148469967766106
2025-09-16,0.009961870218342087,0.7112209140680695,1.0,0.007085090442516739
2025-09-17,0.025658180103126444,0.7112209140680695,1.0,0.018248634306268743
2025-09-18,0.006015215881800873,0.7112209140680695,1.0,0.0042781473377711855
2025-09-19,-0.023336388812621234,0.7112209140680695,1.0,-0.016597327782360345
2025-09-20,0.018516059586610362,0.7112209140680695,1.0,0.013169008824127864
2025-09-21,-0.005338137614841919,0.8711987752325018,1.0,-0.004890545743819477
2025-09-22,-0.055676137529375905,0.8711987752325018,1.0,-0.04850498282526861
2025-09-23,0.0033152726511813295,0.8711987752325018,1.0,0.0028882614732709836
2025-09-24,0.0008121674497163499,0.8711987752325018,1.0,0.0007075592874765887
2025-09-25,-0.07012448541648544,0.8711987752325018,1.0,-0.06109236580865156
2025-09-26,0.03600212070673906,0.8711987752325018,1.0,0.031365003465483765
2025-09-27,-0.0011898504545127346,0.8711987752325018,1.0,-0.0010365962586813297
2025-09-28,0.03061746082835004,1.0,1.0,0.030424258991198792
2025-09-29,0.01971565081080769,1.0,1.0,0.01971565081080769
2025-09-30,-0.019274912392012806,1.0,1.0,-0.019274912392012806
2025-10-01,0.04286111565751253,1.0,1.0,0.04286111565751253
2025-10-02,0.01677788177740247,1.0,1.0,0.01677788177740247
2025-10-03,0.0019702754698140605,1.0,1.0,0.0019702754698140605
2025-10-04,-0.02213167195189991,1.0,1.0,-0.02213167195189991
2025-10-05,0.0008704974814273125,0.920124132118905,1.0,0.0006811519377883559
2025-10-06,0.040447603486542555,0.920124132118905,1.0,0.03721681605434457
2025-10-07,-0.06843189035101556,0.920124132118905,1.0,-0.06296583371848426
2025-10-08,0.027679451719178738,0.920124132118905,1.0,0.025468531490636465
2025-10-09,-0.025620595899560634,0.920124132118905,1.0,-0.023574128566452406
2025-10-10,-0.2005154334144459,0.920124132118905,1.0,-0.1844990891469131
2025-10-11,0.0011515857723218108,0.920124132118905,1.0,0.0010596018593180849
2025-10-12,0.08954104418398152,0.5484551226953468,1.0,0.04855174086005972
2025-10-13,0.039319779680424695,0.5484551226953468,1.0,0.021565134588981332
2025-10-14,-0.036977216076256515,0.5484551226953468,1.0,-0.020280343580035616
2025-10-15,-0.04196324772293181,0.5484551226953468,1.0,-0.023014958178575795
2025-10-16,-0.034451561451777225,0.5484551226953468,1.0,-0.01889513536308076
2025-10-17,-0.0364724810880012,0.5484551226953468,1.0,-0.020003519090123413
2025-10-18,0.013409691148821288,0.5484551226953468,0.0,-0.0008226826840430203
2025-10-19,0.023489715241952126,0.5127547816621141,0.0,0.0
2025-10-20,0.022486655101019548,0.5127547816621141,1.0,0.010761007754141372
2025-10-21,-0.040175534527587445,0.5127547816621141,1.0,-0.020600197434851825
2025-10-22,-0.023061529320047087,0.5127547816621141,1.0,-0.011824909431295187
2025-10-23,0.010312253904555257,0.5127547816621141,0.0,-0.0007691321724931711
2025-10-24,0.021865939941060487,0.5127547816621141,1.0,0.0104427330878222
2025-10-25,0.00814323479546671,0.5127547816621141,1.0,0.004175482579572863
2025-10-26,0.04568994240995017,0.5231059491760898,1.0,0.023885153940886895
2025-10-27,-0.017001020756394092,0.5231059491760898,1.0,-0.008893335099735935
2025-10-28,-0.031701596995928186,0.5231059491760898,1.0,-0.01658329398695289
2025-10-29,0.0012117613225275017,0.5231059491760898,1.0,0.0006338795567956217
2025-10-30,-0.05832251230137911,0.5231059491760898,1.0,-0.030508853155747095
2025-10-31,0.013493315526652117,0.5231059491760898,0.0,-0.0007846589237641347
2025-11-01,0.0006127271701450456,0.5231059491760898,1.0,0.0005820742025127488
2025-11-02,0.002627553758676774,0.6442849013757665,1.0,0.0015111247859690747
2025-11-03,-0.09311504203245427,0.6442849013757665,1.0,-0.059992615672480154
2025-11-04,-0.06846085361122037,0.6442849013757665,0.0,-0.0009664273520636498
2025-11-05,0.036627389318262704,0.6442849013757665,0.0,0.0
2025-11-06,-0.030107229946655344,0.6442849013757665,0.0,0.0
2025-11-07,0.04118995027675846,0.6442849013757665,0.0,0.0
2025-11-08,-0.010932227766896582,0.6442849013757665,0.0,0.0
2025-11-09,0.03339592889124946,0.5785494301438004,0.0,0.0
2025-11-10,0.003028405453516422,0.5785494301438004,0.0,0.0
2025-11-11,-0.05110808248298378,0.5785494301438004,0.0,0.0
2025-11-12,-0.004858661002155411,0.5785494301438004,0.0,0.0
2025-11-13,-0.0440772515028505,0.5785494301438004,0.0,0.0
2025-11-14,-0.032648221497080535,0.5785494301438004,0.0,0.0
2025-11-15,0.014965034637167324,0.5785494301438004,0.0,0.0
2025-11-16,-0.014956184858523975,0.8043417109240855,0.0,0.0
2025-11-17,-0.030414458587702344,0.8043417109240855,0.0,0.0
2025-11-18,0.04554354245950979,0.8043417109240855,0.0,0.0
2025-11-19,-0.033191961081864875,0.8043417109240855,0.0,0.0
2025-11-20,-0.03990905323249816,0.8043417109240855,0.0,0.0
2025-11-21,-0.03425587506269693,0.8043417109240855,0.0,0.0
2025-11-22,-0.0009184614247094158,0.8043417109240855,0.0,0.0
2025-11-23,0.016294740044492828,0.7963029709253366,0.0,0.0
2025-11-24,0.0459000812217624,0.7963029709253366,0.0,0.0
2025-11-25,0.0009498104460621268,0.7963029709253366,0.0,0.0
2025-11-26,0.029227072833147107,0.7963029709253366,0.0,0.0
2025-11-27,-0.005086063311031379,0.7963029709253366,0.0,0.0
2025-11-28,-0.009160835705555887,0.7963029709253366,0.0,0.0
2025-11-29,-0.012880945810737732,0.7963029709253366,0.0,0.0
2025-11-30,-0.004634598928880703,0.7716124056645967,0.0,0.0
2025-12-01,-0.056135857696089086,0.7716124056645967,0.0,0.0
2025-12-02,0.05986370177562198,0.7716124056645967,0.0,0.0
2025-12-03,0.03211516452928054,0.7716124056645967,0.0,0.0
2025-12-04,-0.028638130767360694,0.7716124056645967,0.0,0.0
2025-12-05,-0.025299319697978342,0.7716124056645967,0.0,0.0
2025-12-06,0.0011390478534058686,0.7716124056645967,0.0,0.0
2025-12-07,0.007304161625386681,0.9199007608485597,0.0,0.0
2025-12-08,0.00704284064789055,0.9199007608485597,0.0,0.0
2025-12-09,0.013671397250413367,0.9199007608485597,0.0,0.0
2025-12-10,-0.014243745842896782,0.9199007608485597,0.0,0.0
2025-12-11,-0.0026631091035239267,0.9199007608485597,0.0,0.0
2025-12-12,-0.01400865536968369,0.9199007608485597,0.0,0.0
2025-12-13,0.008450243795003438,0.9199007608485597,0.0,0.0
2025-12-14,-0.022490213869904425,1.0,0.0,0.0
2025-12-15,-0.027526647868223415,1.0,0.0,0.0
2025-12-16,0.01735544812479417,1.0,0.0,0.0
2025-12-17,-0.030416248627852673,1.0,0.0,0.0
2025-12-18,-0.017704417142006136,1.0,0.0,0.0
2025-12-19,0.039376859593021576,1.0,0.0,0.0
2025-12-20,0.004362422856035238,1.0,0.0,0.0
2025-12-21,0.0009368088428985952,1.0,0.0,0.0
2025-12-22,-0.0038460187671133976,1.0,0.0,0.0
2025-12-23,-0.014772786686123585,1.0,0.0,0.0
2025-12-24,-0.00033496455542577274,1.0,0.0,0.0
2025-12-25,-0.013320273473517014,1.0,0.0,0.0
2025-12-26,0.004179514897141301,1.0,0.0,0.0
2025-12-27,0.011474931655768664,1.0,0.0,0.0
2025-12-28,0.00425010746600359,1.0,0.0,0.0
2025-12-29,-0.008587875018539415,1.0,0.0,0.0
2025-12-30,0.013619964306693506,1.0,0.0,0.0
2025-12-31,-0.008738740826718511,1.0,0.0,0.0
2026-01-01,0.007328354723293371,1.0,0.0,0.0
2026-01-02,0.02520559163587895,1.0,0.0,0.0
2026-01-03,0.0017655243434630725,1.0,0.0,0.0
2026-01-04,0.010531549399907561,1.0,0.0,0.0
2026-01-05,0.024183133529232403,1.0,0.0,0.0
2026-01-06,0.009127542138903247,1.0,0.0,0.0
2026-01-07,-0.028239793662095388,1.0,0.0,0.0
2026-01-08,-0.010439194195066781,1.0,0.0,0.0
2026-01-09,-0.002784362250651225,1.0,0.0,0.0
2026-01-10,0.0034258009606358275,1.0,0.0,0.0
2026-01-11,0.004334966212733548,1.0,0.0,0.0
2026-01-12,-0.0005124215636119014,1.0,0.0,0.0
2026-01-13,0.05349688464861582,1.0,0.0,0.0
2026-01-14,0.011246808678422832,1.0,0.0,0.0
2026-01-15,-0.014880161183351965,1.0,0.0,0.0
2026-01-16,0.00011907768044542655,1.0,0.0,0.0
2026-01-17,0.0032520429994141726,1.0,0.0,0.0
2026-01-18,-0.013014937698142583,1.0,0.0,0.0
2026-01-19,-0.017060400857650777,1.0,0.0,0.0
2026-01-20,-0.05520301012932127,1.0,0.0,0.0
2026-01-21,0.008142267469947432,1.0,0.0,0.0
2026-01-22,-0.001289021568054105,1.0,0.0,0.0
2026-01-23,0.0019896204344430992,1.0,0.0,0.0
2026-01-24,-0.003690246545034655,1.0,0.0,0.0
2026-01-25,-0.03258155621133255,1.0,0.0,0.0
2026-01-26,0.02501653022609451,1.0,0.0,0.0
2026-01-27,0.021238915166126006,1.0,0.0,0.0
2026-01-28,-4.6468533100973985e-05,1.0,0.0,0.0
2026-01-29,-0.050829718554181384,1.0,0.0,0.0
2026-01-30,-0.019192392215377496,1.0,0.0,0.0
2026-01-31,-0.0834099471563842,1.0,0.0,0.0
2026-02-01,-0.028354188450505042,0.9875698104298434,0.0,0.0
2026-02-02,0.020626644370177617,0.9875698104298434,0.0,0.0
2026-02-03,-0.03151326891875975,0.9875698104298434,0.0,0.0
2026-02-04,-0.04965825505689373,0.9875698104298434,0.0,0.0
2026-02-05,-0.15625039451268025,0.9875698104298434,0.0,0.0
2026-02-06,0.14057896665798886,0.9875698104298434,0.0,0.0
2026-02-07,-0.021841447739155452,0.9875698104298434,0.0,0.0
2026-02-08,0.002942070704479086,0.5709402727121009,0.0,0.0
2026-02-09,-0.0020062460996120484,0.5709402727121009,0.0,0.0
2026-02-10,-0.02339686512847764,0.5709402727121009,0.0,0.0
2026-02-11,-0.02288872423681339,0.5709402727121009,0.0,0.0
2026-02-12,-0.00170003827237708,0.5709402727121009,0.0,0.0
2026-02-13,0.027295628253227507,0.5709402727121009,0.0,0.0
2026-02-14,0.03636227828988662,0.5709402727121009,0.0,0.0
2026-02-15,-0.02227876246682007,0.5695106521586595,0.0,0.0
2026-02-16,0.009409431267546045,0.5695106521586595,0.0,0.0
2026-02-17,-0.014076001650749438,0.5695106521586595,0.0,0.0
2026-02-18,-0.024252797050385595,0.5695106521586595,0.0,0.0
2026-02-19,0.0005538325672973517,0.5695106521586595,0.0,0.0
2026-02-20,0.020834721974477183,0.5695106521586595,0.0,0.0
2026-02-21,0.000641749453370292,0.5695106521586595,0.0,0.0
2026-02-22,-0.016792141344765366,0.5709552174972646,0.0,0.0
2026-02-23,-0.034963164687029126,0.5709552174972646,0.0,0.0
2026-02-24,-0.010023320301484487,0.5709552174972646,0.0,0.0
2026-02-25,0.06681069351411772,0.5709552174972646,0.0,0.0
2026-02-26,-0.011534176815940414,0.5709552174972646,0.0,0.0
2026-02-27,-0.025088488004369136,0.5709552174972646,0.0,0.0
2026-02-28,0.012653973991627078,0.5709552174972646,0.0,0.0
2026-03-01,-0.03343314094788089,0.5175258940210132,0.0,0.0
2026-03-02,0.01967812258619724,0.5175258940210132,0.0,0.0
2026-03-03,0.0005086673297423809,0.5175258940210132,0.0,0.0
2026-03-04,0.03678172982494998,0.5175258940210132,0.0,0.0
2026-03-05,-0.01631116000697049,0.5175258940210132,0.0,0.0
2026-03-06,-0.03247282749622038,0.5175258940210132,0.0,0.0
2026-03-07,-0.017307800861601847,0.5175258940210132,0.0,0.0
2026-03-08,-0.009563602306875288,0.640011733773725,0.0,0.0
2026-03-09,0.033852179604004995,0.640011733773725,0.0,0.0
2026-03-10,0.009944047041398877,0.640011733773725,0.0,0.0
2026-03-11,0.014326003596408786,0.640011733773725,0.0,0.0
2026-03-12,0.0005392031217778352,0.640011733773725,0.0,0.0
2026-03-13,-0.007278222863921954,0.640011733773725,0.0,0.0
2026-03-14,-0.009343165324167013,0.640011733773725,0.0,0.0
2026-03-15,0.02141358518946242,0.7197353902814685,0.0,0.0
2026-03-16,0.05902646994273023,0.7197353902814685,0.0,0.0
2026-03-17,-0.013496772245775092,0.7197353902814685,0.0,0.0
2026-03-18,-0.029739172713045527,0.7197353902814685,0.0,0.0
2026-03-19,-0.023595302444593513,0.7197353902814685,0.0,0.0
2026-03-20,-0.0009541917700163216,0.7197353902814685,0.0,0.0
2026-03-21,-0.022752843491965786,0.7197353902814685,0.0,0.0
2026-03-22,-0.01805968485877792,0.6987905223433301,0.0,0.0
2026-03-23,0.023389863390105663,0.6987905223433301,0.0,0.0
2026-03-24,-0.00657859150958014,0.6987905223433301,0.0,0.0
2026-03-25,-0.0008200436270241473,0.6987905223433301,0.0,0.0
2026-03-26,-0.030619324961433898,0.6987905223433301,0.0,0.0
2026-03-27,-0.028331031309471195,0.6987905223433301,0.0,0.0
2026-03-28,-0.010132660669977497,0.6987905223433301,0.0,0.0
2026-03-29,-0.004363773185974177,1.0,0.0,0.0
2026-03-30,0.0011440194696831218,1.0,0.0,0.0
2026-03-31,0.014859884645282317,1.0,0.0,0.0
2026-04-01,-0.000950385669479394,1.0,0.0,0.0
2026-04-02,-0.019587148454941694,1.0,0.0,0.0
2026-04-03,0.00429597548224007,1.0,0.0,0.0
2026-04-04,0.002958797657865997,1.0,0.0,0.0
2026-04-05,0.011794463547714443,1.0,0.0,0.0
2026-04-06,-0.007705366271625065,1.0,0.0,0.0
2026-04-07,0.046459253906758535,1.0,0.0,0.0
2026-04-08,-0.02248162512031726,1.0,0.0,0.0
2026-04-09,0.003940003553168259,1.0,0.0,0.0
2026-04-10,0.013053437476407154,1.0,0.0,0.0
2026-04-11,-0.0021526482943216756,1.0,0.0,0.0
2026-04-12,-0.026142016420157232,1.0,0.0,0.0
2026-04-13,0.0426574777638203,1.0,0.0,0.0
2026-04-14,-0.008893935676940856,1.0,0.0,0.0
2026-04-15,0.016939480332853307,1.0,0.0,0.0
2026-04-16,0.03116942216730519,1.0,0.0,0.0
2026-04-17,0.015534066593703523,1.0,0.0,0.0
2026-04-18,-0.031155400301722404,1.0,0.0,0.0
2026-04-19,-0.024008042058304313,1.0,0.0,0.0
2026-04-20,0.02415194165972038,1.0,0.0,0.0
2026-04-21,0.0034042492603382213,1.0,0.0,0.0
2026-04-22,0.009715998015704958,1.0,0.0,0.0
2026-04-23,0.007487208121177202,1.0,0.0,0.0
2026-04-24,-0.0004158649257283893,1.0,0.0,0.0
2026-04-25,-0.00290572591306674,1.0,0.0,0.0
2026-04-26,0.010431030166266304,1.0,0.0,0.0
2026-04-27,-0.013655786996475811,1.0,0.0,0.0
2026-04-28,-0.007842912438371503,1.0,0.0,0.0
2026-04-29,0.010296194428588278,1.0,0.0,0.0
2026-04-30,0.009811228258117569,1.0,0.0,0.0
2026-05-01,0.012712297231369608,1.0,0.0,0.0
2026-05-02,0.005192779029269623,1.0,0.0,0.0
2026-05-03,-0.0025898466318609774,1.0,0.0,0.0
2026-05-04,0.01941023775373026,1.0,0.0,0.0
2026-05-05,0.03355662283089862,1.0,0.0,0.0
2026-05-06,0.0027223029897720514,1.0,0.0,0.0
2026-05-07,-0.024244830187662214,1.0,0.0,0.0
2026-05-08,0.022015977684549805,1.0,0.0,0.0
2026-05-09,0.001081133058866553,1.0,0.0,0.0
2026-05-10,0.028693622009041166,1.0,0.0,0.0
2026-05-11,-0.00904965982574124,1.0,0.0,0.0
2026-05-12,-0.018620015803168,1.0,0.0,0.0
2026-05-13,0.0008496293667196175,1.0,0.0,0.0
2026-05-14,0.02362545232328639,1.0,0.0,0.0
2026-05-15,-0.026699818939613373,1.0,0.0,0.0
2026-05-16,-0.027157662781597255,1.0,0.0,0.0
2026-05-17,-0.010470338765686222,1.0,0.0,0.0
2026-05-18,-0.013333286957309398,1.0,0.0,0.0
2026-05-19,-0.011355430732309713,1.0,0.0,0.0
2026-05-20,0.011250987732546548,1.0,0.0,0.0
2026-05-21,0.010639932005843677,1.0,0.0,0.0
2026-05-22,-0.03018074847817768,1.0,0.0,0.0
2026-05-23,0.01266723409067379,1.0,0.0,0.0
2026-05-24,-0.005725145159045875,1.0,0.0,0.0
2026-05-25,0.0033110849787556145,1.0,0.0,0.0
2026-05-26,-0.014368568195733842,1.0,0.0,0.0
2026-05-27,-0.016912153551370507,1.0,0.0,0.0
2026-05-28,-0.012056236416623567,1.0,0.0,0.0
2026-05-29,0.0010108469253989893,1.0,0.0,0.0
2026-05-30,0.009776723554692538,1.0,0.0,0.0
2026-05-31,-0.002619767124350451,1.0,0.0,0.0
2026-06-01,-0.01738209087877729,1.0,0.0,0.0
2026-06-02,-0.06865268673008443,1.0,0.0,0.0
2026-06-03,-0.03337554491084478,1.0,0.0,0.0
2026-06-04,-0.02087803932077851,1.0,0.0,0.0
2026-06-05,-0.058875192278508896,1.0,0.0,0.0
2026-06-06,0.0031181629068141037,1.0,0.0,0.0
2026-06-07,0.04713545629872599,1.0,0.0,0.0
2026-06-08,-0.0011195975864389065,1.0,0.0,0.0
2026-06-09,-0.01830544224933528,1.0,0.0,0.0
2026-06-10,-0.01200814051526681,1.0,0.0,0.0
2026-06-11,0.034319724980174174,1.0,0.0,0.0
2026-06-12,-0.000981933240494929,1.0,0.0,0.0
2026-06-13,0.015335504109756998,1.0,0.0,0.0
2026-06-14,0.013642785448910287,1.0,0.0,0.0
2026-06-15,0.0011932950379895209,1.0,0.0,0.0
2026-06-16,-0.01428372850489549,1.0,0.0,0.0
2026-06-17,-0.01291855827846733,1.0,0.0,0.0
2026-06-18,-0.02981730406337524,1.0,0.0,0.0
2026-06-19,0.005642489564097038,1.0,0.0,0.0
2026-06-20,0.007637015547745207,1.0,0.0,0.0
2026-06-21,-0.013069009041204522,1.0,0.0,0.0
2026-06-22,0.008237308043622216,1.0,0.0,0.0
2026-06-23,-0.02807428491954378,1.0,0.0,0.0
2026-06-24,-0.028843792887346138,1.0,0.0,0.0
2026-06-25,-0.014675388185605468,1.0,0.0,0.0
2026-06-26,0.009748732236318336,1.0,0.0,0.0
2026-06-27,-0.01200694580651207,1.0,0.0,0.0
2026-06-28,-0.01166488167551501,1.0,0.0,0.0
2026-06-29,0.009092197361760443,1.0,0.0,0.0
2026-06-30,-0.022372801281563232,1.0,0.0,0.0
2026-07-01,0.02742868987598164,1.0,0.0,0.0
2026-07-02,0.027064021712514798,1.0,0.0,0.0
2026-07-03,0.021719026599932745,1.0,0.0,0.0
2026-07-04,0.0012356754303298745,1.0,0.0,0.0
2026-07-05,0.009597549742568027,1.0,0.0,0.0
2026-07-06,0.002378231382765087,1.0,0.0,0.0
2026-07-07,-0.013705018808027842,1.0,0.0,0.0
2026-07-08,-0.022210285376506596,1.0,0.0,0.0
2026-07-09,0.006211845548033779,1.0,0.0,0.0
2026-07-10,0.008865646782173647,1.0,0.0,0.0
2026-07-11,-0.007077626743851298,1.0,0.0,0.0
2026-07-12,-0.0005590484513039451,1.0,0.0,0.0
2026-07-13,-0.020916316403662205,1.0,0.0,0.0
2026-07-14,0.036364629264294214,1.0,0.0,0.0
2026-07-15,-0.0043334355112569405,1.0,0.0,0.0
2026-07-16,-0.017894809497959963,1.0,0.0,0.0
2026-07-17,-0.003157081609590199,1.0,0.0,0.0
2026-07-18,0.008156476658234194,1.0,0.0,0.0
2026-07-19,0.0034757376509838935,1.0,0.0,0.0
2026-07-20,0.009242574493616132,1.0,0.0,0.0
2026-07-21,0.009545353655782202,1.0,0.0,0.0
2026-07-22,-0.004542133082878097,1.0,0.0,0.0
2026-07-23,-0.016305446938946422,1.0,0.0,0.0
2026-07-24,-0.015082715197950198,1.0,0.0,0.0
2026-07-25,0.006024939834541923,1.0,0.0,0.0
2026-07-26,0.018604150412223852,1.0,0.0,0.0
2026-07-27,-0.024037426213918873,1.0,0.0,0.0
2026-07-28,0.0015784160541580195,1.0,0.0,0.0
2026-07-29,0.00026564551053468816,1.0,0.0,0.0
2026-07-30,0.020229541962653842,1.0,0.0,0.0
2026-07-31,-0.020502082464840234,1.0,0.0,0.0
2026-08-01,-0.016047339204697104,1.0,0.0,0.0
2026-08-02,0.027624720857582385,1.0,0.0,0.0
2026-08-03,-0.0069581254852392185,1.0,0.0,0.0
2026-08-04,0.0020533115640087862,1.0,0.0,0.0
2026-08-05,0.0016368253001134052,1.0,0.0,0.0
2026-08-06,-0.005912398933546226,1.0,0.0,0.0
2026-08-07,0.005274378144967488,1.0,0.0,0.0
2026-08-08,0.020059449193429092,1.0,0.0,0.0
2026-08-09,-0.003085253014290375,1.0,0.0,0.0
2026-08-10,0.0016109435099669707,1.0,0.0,0.0
2026-08-11,0.030352552051440565,1.0,0.0,0.0
2026-08-12,-0.01038723856366556,1.0,0.0,0.0
2026-08-13,0.01066145418534048,1.0,0.0,0.0
2026-08-14,-0.0013561528626147012,1.0,0.0,0.0
2026-08-15,0.01797436613639029,1.0,0.0,0.0
2026-08-16,-0.00858075114619002,1.0,0.0,0.0
2026-08-17,0.013232114501589601,1.0,0.0,0.0
2026-08-18,0.0037885761252717622,1.0,0.0,0.0
2026-08-19,0.08401107316423458,1.0,0.0,0.0
2026-08-20,0.028481301936992276,1.0,1.0,0.026981301936992275
2026-08-21,0.08007800116799386,1.0,1.0,0.08007800116799386
2026-08-22,-0.004294929339844432,1.0,1.0,-0.004294929339844432
2026-08-23,0.004774306522871659,1.0,1.0,0.004774306522871659
2026-08-24,0.014286928548262152,1.0,1.0,0.014286928548262152
2026-08-25,-0.02085184688740301,1.0,1.0,-0.02085184688740301
2026-08-26,0.035753057037528846,1.0,1.0,0.035753057037528846
2026-08-27,0.034408632723596545,1.0,1.0,0.034408632723596545
2026-08-28,-0.03964555419972393,1.0,1.0,-0.03964555419972393
2026-08-29,0.006364136688201165,1.0,1.0,0.006364136688201165
2026-08-30,-0.024460402826328033,0.99413281302061,1.0,-0.02432568984982385
2026-08-31,0.011419929876068583,0.99413281302061,1.0,0.011352927012194166
2026-09-01,-0.020060276522842292,0.99413281302061,1.0,-0.019942579129624508
2026-09-02,-0.0058409406107533535,0.99413281302061,1.0,-0.005806670720054551
2026-09-03,0.05009642721966704,0.99413281302061,1.0,0.049802502114169846
2026-09-04,-0.018941122361251485,0.99413281302061,1.0,-0.018829991254758517
2026-09-05,0.01914997845703792,0.99413281302061,1.0,0.019037621952779187
2026-09-06,0.04757510601846762,0.7756222208634327,1.0,0.036572543499621364
2026-09-07,-0.022961613062685255,0.7756222208634327,1.0,-0.017809537318286744
2026-09-08,-0.008846562965009777,0.7756222208634327,1.0,-0.006861590813929078
2026-09-09,-0.02692828184051384,0.7756222208634327,1.0,-0.020886173765175788
2026-09-10,-0.023325764177743014,0.7756222208634327,1.0,-0.018091981014877738
2026-09-11,0.025452734000770565,0.7756222208634327,1.0,0.01974170607272387
2026-09-12,-0.0015158975418740521,0.7756222208634327,1.0,-0.001175763818029771
2026-09-13,-0.02353284810512294,0.7237092345277736,1.0,-0.017108808967920382
2026-09-14,0.025135931818823565,0.7237092345277736,1.0,0.018191105975743107
2026-09-15,-0.05146807609975264,0.7237092345277736,1.0,-0.03724792195676918
2026-09-16,0.013183869915598685,0.7237092345277736,1.0,0.009541288404731667
2026-09-17,0.024622800142091318,0.7237092345277736,1.0,0.017819747842763262
2026-09-18,0.08299035146305743,0.7237092345277736,1.0,0.06006088373052018
2026-09-19,0.003390298676324602,0.7237092345277736,1.0,0.002453590459863403
2026-09-20,0.004014122081800778,0.7739741413995622,1.0,0.0030314293314270976
2026-09-21,0.05623268028682537,0.7739741413995622,1.0,0.04352264044359175
2026-09-22,-0.0061354027199129,0.7739741413995622,1.0,-0.004748643052285125
2026-09-23,-0.03551197281655956,0.7739741413995622,1.0,-0.027485348670101276
2026-09-24,0.02923933316186248,0.7739741413995622,1.0,0.02263048777904826
2026-09-25,0.03260770801824342,0.7739741413995622,1.0,0.02523752281642757
2026-09-26,0.0046431730600861405,0.7739741413995622,1.0,0.0035936958825497477
2026-09-27,-0.0020429404885098736,0.8386103444345018,1.0,-0.0018101853312808638
2026-09-28,0.024773545660887818,0.8386103444345018,1.0,0.020775351659540985
2026-09-29,-0.01911073452692998,0.8386103444345018,1.0,-0.016026459664025074
2026-09-30,-0.0075690885766784835,0.8386103444345018,1.0,-0.006347515978343597
2026-10-01,0.003920063580657663,0.8386103444345018,1.0,0.0032874058695804695
