Date,gross_ret,net_ret
2011-01-05,0.0,0.0
2011-01-06,0.0,0.0
2011-01-07,0.0,0.0
2011-01-10,0.0,0.0
2011-01-11,0.0,0.0
2011-01-12,0.0,0.0
2011-01-13,0.0,0.0
2011-01-14,0.0,0.0
2011-01-17,0.0,0.0
2011-01-18,0.0,0.0
2011-01-19,0.0,0.0
2011-01-20,0.0,0.0
2011-01-21,0.0,0.0
2011-01-24,0.0,0.0
2011-01-25,0.0,0.0
2011-01-26,0.0,0.0
2011-01-27,0.0,0.0
2011-01-28,0.0,0.0
2011-01-31,0.0,0.0
2011-02-01,0.0024869216161046547,0.002324421616104655
2011-02-02,0.0007914224379659393,0.0007914224379659393
2011-02-03,-0.00383779600231292,-0.00383779600231292
2011-02-04,0.0016824531159134021,0.0016824531159134021
2011-02-07,-0.00012172459853206281,-0.00012172459853206281
2011-02-08,-0.0005872533438545818,-0.0005872533438545818
2011-02-09,0.0023958033224707586,0.0023958033224707586
2011-02-10,0.0001829816245561675,0.0001829816245561675
2011-02-11,0.0008465675598759834,0.0008465675598759834
2011-02-14,-0.0012478673826387837,-0.0012478673826387837
2011-02-15,0.0012689079394924813,0.0012689079394924813
2011-02-16,0.002385443189418008,0.002385443189418008
2011-02-17,0.00011761698373739593,0.00011761698373739593
2011-02-18,0.0006884100444478187,0.0006884100444478187
2011-02-21,3.3532452644686344e-05,3.3532452644686344e-05
2011-02-22,-0.0028451120057998874,-0.0028451120057998874
2011-02-23,0.0009936922802832432,0.0009936922802832432
2011-02-24,0.0014552697490142603,0.0014552697490142603
2011-02-25,-0.0016991299273673595,-0.0016991299273673595
2011-02-28,0.004028547514659847,0.004028547514659847
2011-03-01,-0.0016647941803769684,-0.0016647941803769684
2011-03-02,0.0019412555570630574,0.0019412555570630574
2011-03-03,0.0033774660013265656,0.0033774660013265656
2011-03-04,0.0007304961382608088,0.0007304961382608088
2011-03-07,-0.0009605288474866603,-0.0009605288474866603
2011-03-08,0.0009624789390818489,0.0009624789390818489
2011-03-09,0.0007676773607161657,0.0007676773607161657
2011-03-10,-0.0031800491543677112,-0.0031800491543677112
2011-03-11,-0.0022130260373166644,-0.0022130260373166644
2011-03-14,0.0026412729323960138,0.0026412729323960138
2011-03-15,-0.004888611800262906,-0.004888611800262906
2011-03-16,-0.009980426488513253,-0.009980426488513253
2011-03-17,0.005919475670041717,0.005919475670041717
2011-03-18,0.007400576834788166,0.007400576834788166
2011-03-21,0.002690110809806987,0.002690110809806987
2011-03-22,-0.002186827839678198,-0.002186827839678198
2011-03-23,-0.001286685237952231,-0.001286685237952231
2011-03-24,0.002688850387433237,0.002688850387433237
2011-03-25,-0.002445680227198218,-0.002445680227198218
2011-03-28,0.0027420694454995875,0.0027420694454995875
2011-03-29,0.003531531563129068,0.003531531563129068
2011-03-30,0.0031320143945806826,0.0031320143945806826
2011-03-31,0.0017712666775687369,0.0017712666775687369
2011-04-01,0.0054650186399595665,0.0054650186399595665
2011-04-04,-0.0012415399899820337,-0.0012415399899820337
2011-04-05,0.003861877610940638,0.003861877610940638
2011-04-06,0.003463647589080514,0.003463647589080514
2011-04-07,-0.0013565177876190893,-0.0013565177876190893
2011-04-08,0.0038382745281961214,0.0038382745281961214
2011-04-11,-0.0016121623869858116,-0.0016121623869858116
2011-04-12,-0.003981147234228662,-0.003981147234228662
2011-04-13,-0.0001577126545012142,-0.0001577126545012142
2011-04-14,-0.0013785824084510748,-0.0013785824084510748
2011-04-15,-0.00032066942875153925,-0.00032066942875153925
2011-04-18,-0.006773710553941027,-0.006773710553941027
2011-04-19,0.004971929007385377,0.004971929007385377
2011-04-20,0.0033667227502691896,0.0033667227502691896
2011-04-21,-0.000921004758104589,-0.000921004758104589
2011-04-22,-7.61861997700187e-05,-7.61861997700187e-05
2011-04-25,8.580984602784441e-05,8.580984602784441e-05
2011-04-26,0.0017722066304759962,0.0017722066304759962
2011-04-27,0.0036303519930669867,0.0036303519930669867
2011-04-28,-0.0007913049941707451,-0.0007913049941707451
2011-04-29,-0.0005002549953240297,-0.0005002549953240297
2011-05-02,-0.0011481026593143655,-0.0011481026593143655
2011-05-03,-0.0008136981534225822,-0.0008136981534225822
2011-05-04,-0.0025004048167267265,-0.0025004048167267265
2011-05-05,-0.007586941812584293,-0.007586941812584293
2011-05-06,-0.0017794095365334388,-0.0017794095365334388
2011-05-09,-0.0009211623426657051,-0.0009211623426657051
2011-05-10,0.004795417982406014,0.004795417982406014
2011-05-11,-0.00432610691860591,-0.00432610691860591
2011-05-12,-0.00024651921371146633,-0.00024651921371146633
2011-05-13,-0.005064214081144436,-0.005064214081144436
2011-05-16,-8.577214521513009e-05,-8.577214521513009e-05
2011-05-17,0.004775036387220516,0.004775036387220516
2011-05-18,0.0010532936574552117,0.0010532936574552117
2011-05-19,0.001946976999904509,0.001946976999904509
2011-05-20,-0.0057231742834524535,-0.0057231742834524535
2011-05-23,-0.0011837102248113134,-0.0011837102248113134
2011-05-24,0.0016875048581212744,0.0016875048581212744
2011-05-25,-0.0005669519137007922,-0.0005669519137007922
2011-05-26,-0.0018180816625991973,-0.0018180816625991973
2011-05-27,0.0020742902809049164,0.0020742902809049164
2011-05-30,0.0006936637434250265,0.0006936637434250265
2011-05-31,0.006002967739402981,0.006002967739402981
2011-06-01,-0.0044899523695821845,-0.0045524523695821845
2011-06-02,0.002258697971330775,0.002258697971330775
2011-06-03,-0.0016900818628806605,-0.0016900818628806605
2011-06-06,-0.0019215248345275607,-0.0019215248345275607
2011-06-07,0.003579540906469064,0.003579540906469064
2011-06-08,-0.0018715829052021408,-0.0018715829052021408
2011-06-09,0.0016278433254318155,0.0016278433254318155
2011-06-10,-0.002547779692710106,-0.002547779692710106
2011-06-13,0.00015606062518733698,0.00015606062518733698
2011-06-14,0.0016271294249801172,0.0016271294249801172
2011-06-15,-0.0033622145867808983,-0.0033622145867808983
2011-06-16,-0.0011411969732822661,-0.0011411969732822661
2011-06-17,-0.0008795397395180098,-0.0008795397395180098
2011-06-20,0.0017538984813066701,0.0017538984813066701
2011-06-21,0.0026362857002447445,0.0026362857002447445
2011-06-22,-6.611503436337375e-05,-6.611503436337375e-05
2011-06-23,-0.001203341985407608,-0.001203341985407608
2011-06-24,-0.0030618113743158485,-0.0030618113743158485
2011-06-27,0.004939957657835564,0.004939957657835564
2011-06-28,0.0005002709029338131,0.0005002709029338131
2011-06-29,0.0008842759335702722,0.0008842759335702722
2011-06-30,0.00028026059692093884,0.00028026059692093884
2011-07-01,0.0015329818416305815,0.0015329818416305815
2011-07-04,0.0003006914617910637,0.0003006914617910637
2011-07-05,-0.0007497823473776368,-0.0007497823473776368
2011-07-06,-0.002728656234472665,-0.002728656234472665
2011-07-07,0.0013344073741982595,0.0013344073741982595
2011-07-08,-0.004613323947742671,-0.004613323947742671
2011-07-11,-0.0035672741770410637,-0.0035672741770410637
2011-07-12,-0.0024383789721641237,-0.0024383789721641237
2011-07-13,0.0013344554443189497,0.0013344554443189497
2011-07-14,-8.086264006665919e-05,-8.086264006665919e-05
2011-07-15,0.0024318358172594695,0.0024318358172594695
2011-07-18,-0.001045662468287889,-0.001045662468287889
2011-07-19,0.0006622289097098165,0.0006622289097098165
2011-07-20,0.0008457321749799571,0.0008457321749799571
2011-07-21,0.0011869279460619496,0.0011869279460619496
2011-07-22,-0.0028248919623895035,-0.0028248919623895035
2011-07-25,-3.6970046206121496e-06,-3.6970046206121496e-06
2011-07-26,-0.0005287470659267381,-0.0005287470659267381
2011-07-27,-0.005520460472682515,-0.005520460472682515
2011-07-28,-0.0007797521791336527,-0.0007797521791336527
2011-07-29,-0.002715869427818713,-0.002715869427818713
2011-08-01,-0.00041595538977577424,-0.00041595538977577424
2011-08-02,0.0016070657891079526,0.0016070657891079526
2011-08-03,0.002244369681325397,0.002244369681325397
2011-08-04,0.0046653889646310785,0.0046653889646310785
2011-08-05,0.0005691969012427294,0.0005691969012427294
2011-08-08,0.0001347133274317452,0.0001347133274317452
2011-08-09,-0.0012355932180141255,-0.0012355932180141255
2011-08-10,-0.003226948726642987,-0.003226948726642987
2011-08-11,-0.0006030454841193362,-0.0006030454841193362
2011-08-12,-0.0011622694204197039,-0.0011622694204197039
2011-08-15,0.0022235690725559026,0.0022235690725559026
2011-08-16,-0.001092380674419591,-0.001092380674419591
2011-08-17,-0.0009633174014592018,-0.0009633174014592018
2011-08-18,-0.00044657862742529314,-0.00044657862742529314
2011-08-19,0.0009981799500675013,0.0009981799500675013
2011-08-22,-0.00018442424518390091,-0.00018442424518390091
2011-08-23,-0.0016596183334198883,-0.0016596183334198883
2011-08-24,0.002368023277456932,0.002368023277456932
2011-08-25,0.0008916582341852884,0.0008916582341852884
2011-08-26,-0.0019431722037579874,-0.0019431722037579874
2011-08-29,0.00028813528922457194,0.00028813528922457194
2011-08-30,-0.002908465857907311,-0.002908465857907311
2011-08-31,-0.0011002454163258736,-0.0011002454163258736
2011-09-01,-0.0022668397695787368,-0.002316839769578737
2011-09-02,-0.0020353910521801848,-0.0020353910521801848
2011-09-05,-0.0005290871741500495,-0.0005290871741500495
2011-09-06,-0.00018738796229443198,-0.00018738796229443198
2011-09-07,-0.0008941054388732319,-0.0008941054388732319
2011-09-08,-0.003270117710432157,-0.003270117710432157
2011-09-09,-0.004019858604731957,-0.004019858604731957
2011-09-12,0.004532067409072794,0.004532067409072794
2011-09-13,0.0029898452639089863,0.0029898452639089863
2011-09-14,0.0010086505219637674,0.0010086505219637674
2011-09-15,0.002299598982220059,0.002299598982220059
2011-09-16,-0.0019467335834213828,-0.0019467335834213828
2011-09-19,-0.0008799810621077197,-0.0008799810621077197
2011-09-20,-0.0008200013059844017,-0.0008200013059844017
2011-09-21,-0.0004894187958773373,-0.0004894187958773373
2011-09-22,-0.0001315413065714581,-0.0001315413065714581
2011-09-23,-0.00017850751118107423,-0.00017850751118107423
2011-09-26,-2.4043764794038714e-07,-2.4043764794038714e-07
2011-09-27,0.00037509874465095974,0.00037509874465095974
2011-09-28,-0.00033578068164350893,-0.00033578068164350893
2011-09-29,-0.0003502600144427537,-0.0003502600144427537
2011-09-30,-0.004976577407169818,-0.004976577407169818
2011-10-03,-0.0014934570728559748,-0.001618457072855975
2011-10-04,0.0018281966204111157,0.0018281966204111157
2011-10-05,0.0031221603625887218,0.0031221603625887218
2011-10-06,0.003227665315942263,0.003227665315942263
2011-10-07,-0.0024330869231046774,-0.0024330869231046774
2011-10-10,0.005352834896136277,0.005352834896136277
2011-10-11,0.0009790305813769107,0.0009790305813769107
2011-10-12,0.0026088954782890472,0.0026088954782890472
2011-10-13,-0.00232010637207114,-0.00232010637207114
2011-10-14,0.004729712676733611,0.004729712676733611
2011-10-17,-0.004358350671522737,-0.004358350671522737
2011-10-18,0.0022912867072223952,0.0022912867072223952
2011-10-19,-0.0014730676005271781,-0.0014730676005271781
2011-10-20,0.0005522785954975573,0.0005522785954975573
2011-10-21,0.0006269855267902193,0.0006269855267902193
2011-10-24,0.0020042356091332647,0.0020042356091332647
2011-10-25,-0.0036260499062634732,-0.0036260499062634732
2011-10-26,0.0031955653713656718,0.0031955653713656718
2011-10-27,0.0063177468301685025,0.0063177468301685025
2011-10-28,-0.0013643192890358813,-0.0013643192890358813
2011-10-31,-0.005754353063359863,-0.005754353063359863
2011-11-01,-0.0014942413438972393,-0.0016067413438972393
2011-11-02,0.0016015404664868737,0.0016015404664868737
2011-11-03,0.0008655182941234138,0.0008655182941234138
2011-11-04,-0.0009088451517606944,-0.0009088451517606944
2011-11-07,-0.0008100500126464339,-0.0008100500126464339
2011-11-08,0.0018162429220576325,0.0018162429220576325
2011-11-09,-0.002721057767979389,-0.002721057767979389
2011-11-10,0.0014595895764245703,0.0014595895764245703
2011-11-11,0.0027369435486879878,0.0027369435486879878
2011-11-14,5.101850972514892e-05,5.101850972514892e-05
2011-11-15,-0.000600285202249572,-0.000600285202249572
2011-11-16,0.0003247307511503438,0.0003247307511503438
2011-11-17,-4.666600342319478e-05,-4.666600342319478e-05
2011-11-18,0.0013282165736664808,0.0013282165736664808
2011-11-21,0.00115207499230059,0.00115207499230059
2011-11-22,0.00031229551889906497,0.00031229551889906497
2011-11-23,-0.002196411416583015,-0.002196411416583015
2011-11-24,0.0007854677298265843,0.0007854677298265843
2011-11-25,-0.002157850254681253,-0.002157850254681253
2011-11-28,-0.0014404098790644516,-0.0014404098790644516
2011-11-29,-0.0010391339996190397,-0.0010391339996190397
2011-11-30,0.0017099831003349174,0.0017099831003349174
2011-12-01,0.000275680254721215,0.000275680254721215
2011-12-02,-0.0007812287558645897,-0.0007812287558645897
2011-12-05,-0.000274148394737524,-0.000274148394737524
2011-12-06,0.001251450027583893,0.001251450027583893
2011-12-07,-0.001399992158787224,-0.001399992158787224
2011-12-08,-0.0001151509911486732,-0.0001151509911486732
2011-12-09,0.00045398722026312836,0.00045398722026312836
2011-12-12,-0.003629305438792725,-0.003629305438792725
2011-12-13,-0.0013384824470175653,-0.0013384824470175653
2011-12-14,-0.0009855699256761403,-0.0009855699256761403
2011-12-15,0.0008888713873997905,0.0008888713873997905
2011-12-16,0.00020356930054604531,0.00020356930054604531
2011-12-19,-0.0009556035450948869,-0.0009556035450948869
2011-12-20,-0.0005095331642040199,-0.0005095331642040199
2011-12-21,-0.0016527504933398513,-0.0016527504933398513
2011-12-22,-0.00012049951561257823,-0.00012049951561257823
2011-12-23,0.0013678081839611205,0.0013678081839611205
2011-12-26,-8.163624332149962e-05,-8.163624332149962e-05
2011-12-27,0.00019013664747036078,0.00019013664747036078
2011-12-28,0.0005134748183739084,0.0005134748183739084
2011-12-29,0.0019344097212185534,0.0019344097212185534
2011-12-30,0.000577895502699181,0.000577895502699181
2012-01-02,-0.00020405871823360363,-0.00020405871823360363
2012-01-03,0.0009008308886409725,0.0009008308886409725
2012-01-04,-0.0017919360248782453,-0.0017919360248782453
2012-01-05,-0.0023288552846459218,-0.0023288552846459218
2012-01-06,-0.00015259272533769876,-0.00015259272533769876
2012-01-09,0.0014060941656867812,0.0014060941656867812
2012-01-10,-0.0006900871384874626,-0.0006900871384874626
2012-01-11,0.0016665153165518346,0.0016665153165518346
2012-01-12,0.0020553780525293256,0.0020553780525293256
2012-01-13,-0.003124313682648496,-0.003124313682648496
2012-01-16,0.00028295306385257943,0.00028295306385257943
2012-01-17,0.0013364385724947284,0.0013364385724947284
2012-01-18,0.0010386417151179309,0.0010386417151179309
2012-01-19,-4.13833677558725e-05,-4.13833677558725e-05
2012-01-20,-0.0020812931482053617,-0.0020812931482053617
2012-01-23,0.0020916831098919545,0.0020916831098919545
2012-01-24,-0.002728890220082255,-0.002728890220082255
2012-01-25,0.00046077673959650604,0.00046077673959650604
2012-01-26,0.0003817727410351671,0.0003817727410351671
2012-01-27,0.0038811078443907613,0.0038811078443907613
2012-01-30,0.00016582360882351575,0.00016582360882351575
2012-01-31,-0.0017220900401937874,-0.0017220900401937874
2012-02-01,-0.0018949869151988483,-0.001957486915198848
2012-02-02,0.00029973451697049025,0.00029973451697049025
2012-02-03,-0.0025488001064987165,-0.0025488001064987165
2012-02-06,0.00040073038486013185,0.00040073038486013185
2012-02-07,-0.001448584677639308,-0.001448584677639308
2012-02-08,0.0005776589550147985,0.0005776589550147985
2012-02-09,-0.0008955183089621177,-0.0008955183089621177
2012-02-10,0.0008365853409773029,0.0008365853409773029
2012-02-13,6.699932935197461e-05,6.699932935197461e-05
2012-02-14,-0.0026682857895519714,-0.0026682857895519714
2012-02-15,-0.0014335225592328191,-0.0014335225592328191
2012-02-16,-0.003197956750605524,-0.003197956750605524
2012-02-17,-0.0033873076693406996,-0.0033873076693406996
2012-02-20,0.0026994735408783503,0.0026994735408783503
2012-02-21,0.001735322898770542,0.001735322898770542
2012-02-22,0.001713079836169196,0.001713079836169196
2012-02-23,-0.0003245476629956112,-0.0003245476629956112
2012-02-24,-0.0045920994722647435,-0.0045920994722647435
2012-02-27,0.0012824702285876293,0.0012824702285876293
2012-02-28,-0.0011077705482887554,-0.0011077705482887554
2012-02-29,-0.004097427904628942,-0.004097427904628942
2012-03-01,-0.0016388773192599574,-0.0016388773192599574
2012-03-02,-0.00022101346626232144,-0.00022101346626232144
2012-03-05,0.001433458721617575,0.001433458721617575
2012-03-06,0.005650081057841766,0.005650081057841766
2012-03-07,-0.0020913437054358667,-0.0020913437054358667
2012-03-08,-0.0014355877155993405,-0.0014355877155993405
2012-03-09,-0.0009794288111076247,-0.0009794288111076247
2012-03-12,0.0018271131859602713,0.0018271131859602713
2012-03-13,-0.004584226146335435,-0.004584226146335435
2012-03-14,-0.0005391082906503978,-0.0005391082906503978
2012-03-15,-0.0006495590587923766,-0.0006495590587923766
2012-03-16,-0.0020861336186702665,-0.0020861336186702665
2012-03-19,0.00042998554697946077,0.00042998554697946077
2012-03-20,0.0023783913320134294,0.0023783913320134294
2012-03-21,0.0013603358770275572,0.0013603358770275572
2012-03-22,0.003903012388451787,0.003903012388451787
2012-03-23,-0.0016897999209070317,-0.0016897999209070317
2012-03-26,-0.0020278321753598675,-0.0020278321753598675
2012-03-27,0.0012963088229858751,0.0012963088229858751
2012-03-28,0.0027408227720693065,0.0027408227720693065
2012-03-29,0.0007840684397117433,0.0007840684397117433
2012-03-30,-0.0031127549434476712,-0.0031127549434476712
2012-04-02,0.0030453743641734705,0.0030453743641734705
2012-04-03,-0.0011035103545607044,-0.0011035103545607044
2012-04-04,0.00035222257730789313,0.00035222257730789313
2012-04-05,-0.00022526359332515817,-0.00022526359332515817
2012-04-06,0.002464326603700424,0.002464326603700424
2012-04-09,-0.0013592282919554937,-0.0013592282919554937
2012-04-10,0.0048214403799127625,0.0048214403799127625
2012-04-11,-0.0033058565798728557,-0.0033058565798728557
2012-04-12,-0.0019211987006119303,-0.0019211987006119303
2012-04-13,0.0015166828211873435,0.0015166828211873435
2012-04-16,0.0019505704702413424,0.0019505704702413424
2012-04-17,-0.003992938878889617,-0.003992938878889617
2012-04-18,-0.001516554662588531,-0.001516554662588531
2012-04-19,-0.00047727139934640656,-0.00047727139934640656
2012-04-20,-0.000888642911463027,-0.000888642911463027
2012-04-23,0.0024717443054394616,0.0024717443054394616
2012-04-24,-0.001047204492871367,-0.001047204492871367
2012-04-25,-0.00029947701133621813,-0.00029947701133621813
2012-04-26,-0.00021569646614715205,-0.00021569646614715205
2012-04-27,-0.0006389323147986559,-0.0006389323147986559
2012-04-30,0.0028118702821227476,0.0028118702821227476
2012-05-01,0.0021646273528830653,0.002114627352883065
2012-05-02,-0.0006069859326312196,-0.0006069859326312196
2012-05-03,0.0011093035685812228,0.0011093035685812228
2012-05-04,0.0010018163055976262,0.0010018163055976262
2012-05-07,-0.0016445188382703463,-0.0016445188382703463
2012-05-08,0.0021811007223101544,0.0021811007223101544
2012-05-09,0.00016917973411981918,0.00016917973411981918
2012-05-10,-0.000189565286978853,-0.000189565286978853
2012-05-11,0.0010953246797617902,0.0010953246797617902
2012-05-14,-0.0004120821792317417,-0.0004120821792317417
2012-05-15,0.0004998035381826099,0.0004998035381826099
2012-05-16,0.001275247074487597,0.001275247074487597
2012-05-17,0.0023748297165456025,0.0023748297165456025
2012-05-18,0.002424100689168214,0.002424100689168214
2012-05-21,-0.001545704051841422,-0.001545704051841422
2012-05-22,0.0018345214863756192,0.0018345214863756192
2012-05-23,0.000264343546331765,0.000264343546331765
2012-05-24,-0.001074150444867826,-0.001074150444867826
2012-05-25,-0.0011287389036096704,-0.0011287389036096704
2012-05-28,-0.0007665562906620169,-0.0007665562906620169
2012-05-29,-0.0005726295087342334,-0.0005726295087342334
2012-05-30,0.0034232278063872426,0.0034232278063872426
2012-05-31,0.0007002568747790166,0.0007002568747790166
2012-06-01,0.004667232013180154,0.004442232013180154
2012-06-04,-0.002772545532989658,-0.002772545532989658
2012-06-05,-0.001456294741307836,-0.001456294741307836
2012-06-06,-0.005312287977773908,-0.005312287977773908
2012-06-07,-0.002311990371455204,-0.002311990371455204
2012-06-08,-0.001224193552974308,-0.001224193552974308
2012-06-11,0.0038634071959113654,0.0038634071959113654
2012-06-12,-0.0031113551050499693,-0.0031113551050499693
2012-06-13,0.0017387960057921965,0.0017387960057921965
2012-06-14,-0.0019656463002085582,-0.0019656463002085582
2012-06-15,-0.002129189271567124,-0.002129189271567124
2012-06-18,0.00105703135703412,0.00105703135703412
2012-06-19,-0.001705503058419146,-0.001705503058419146
2012-06-20,-0.0005738188688861516,-0.0005738188688861516
2012-06-21,0.0019865922159669853,0.0019865922159669853
2012-06-22,-0.0019121187214301465,-0.0019121187214301465
2012-06-25,0.0035985427383297226,0.0035985427383297226
2012-06-26,-0.0016693774815238942,-0.0016693774815238942
2012-06-27,0.0005487665801820569,0.0005487665801820569
2012-06-28,0.004060161955598811,0.004060161955598811
2012-06-29,-0.008057947561264035,-0.008057947561264035
2012-07-02,0.0008479326982232835,0.0008479326982232835
2012-07-03,-0.0024741190858834886,-0.0024741190858834886
2012-07-04,0.0017037519077112459,0.0017037519077112459
2012-07-05,0.0013234941225195613,0.0013234941225195613
2012-07-06,0.0033289815316368846,0.0033289815316368846
2012-07-09,-0.001185578005023416,-0.001185578005023416
2012-07-10,0.00160714577584756,0.00160714577584756
2012-07-11,-0.0014960926953379555,-0.0014960926953379555
2012-07-12,0.0024530182681533367,0.0024530182681533367
2012-07-13,-0.0035480459349707645,-0.0035480459349707645
2012-07-16,0.0006770093045406241,0.0006770093045406241
2012-07-17,-0.002276271682355888,-0.002276271682355888
2012-07-18,0.0007076606116140389,0.0007076606116140389
2012-07-19,-0.0015077321057064522,-0.0015077321057064522
2012-07-20,0.004303513312715615,0.004303513312715615
2012-07-23,0.002804430013345408,0.002804430013345408
2012-07-24,0.00199970957153284,0.00199970957153284
2012-07-25,-0.0014111483414851716,-0.0014111483414851716
2012-07-26,-0.005410596752919019,-0.005410596752919019
2012-07-27,-0.0026026890231667906,-0.0026026890231667906
2012-07-30,0.0007862108650593422,0.0007862108650593422
2012-07-31,0.0011149958160831836,0.0011149958160831836
2012-08-01,0.0020042351612236608,0.0018917351612236608
2012-08-02,0.0008000940593755834,0.0008000940593755834
2012-08-03,-0.0014196774004520741,-0.0014196774004520741
2012-08-06,0.0011801955214732981,0.0011801955214732981
2012-08-07,-0.0018372746817575726,-0.0018372746817575726
2012-08-08,-0.0009569524740062396,-0.0009569524740062396
2012-08-09,9.013182514494014e-05,9.013182514494014e-05
2012-08-10,-0.0010338520320081258,-0.0010338520320081258
2012-08-13,-0.0007728292333184838,-0.0007728292333184838
2012-08-14,-0.0007477202293181606,-0.0007477202293181606
2012-08-15,-0.0005071570852946183,-0.0005071570852946183
2012-08-16,-0.0008858619890600494,-0.0008858619890600494
2012-08-17,-0.000813116563574362,-0.000813116563574362
2012-08-20,4.870797470531985e-05,4.870797470531985e-05
2012-08-21,-0.00036929977352582197,-0.00036929977352582197
2012-08-22,-0.0004607559838099353,-0.0004607559838099353
2012-08-23,-0.0005238352365493692,-0.0005238352365493692
2012-08-24,-0.0002468336325074427,-0.0002468336325074427
2012-08-27,-0.0011955749011292927,-0.0011955749011292927
2012-08-28,-0.0008977636704784242,-0.0008977636704784242
2012-08-29,-0.00041822154530474773,-0.00041822154530474773
2012-08-30,-5.5305877773947996e-05,-5.5305877773947996e-05
2012-08-31,-0.003019661434293975,-0.003019661434293975
2012-09-03,-0.0011835417892258225,-0.0012960417892258224
2012-09-04,0.00059301648128261,0.00059301648128261
2012-09-05,-0.0024291465013173584,-0.0024291465013173584
2012-09-06,0.0012708050112264894,0.0012708050112264894
2012-09-07,-0.0025192285899430953,-0.0025192285899430953
2012-09-10,0.000270544445978749,0.000270544445978749
2012-09-11,-0.0006547610285166537,-0.0006547610285166537
2012-09-12,-0.0006826891311341898,-0.0006826891311341898
2012-09-13,-0.0008016027024582318,-0.0008016027024582318
2012-09-14,-0.003346445228565048,-0.003346445228565048
2012-09-17,-0.0016630825798629898,-0.0016630825798629898
2012-09-18,0.000786068201738832,0.000786068201738832
2012-09-19,0.00041356694808559753,0.00041356694808559753
2012-09-20,0.0009073887957852356,0.0009073887957852356
2012-09-21,-6.213393862325319e-06,-6.213393862325319e-06
2012-09-24,0.0003949321474749192,0.0003949321474749192
2012-09-25,-0.00017276638923778825,-0.00017276638923778825
2012-09-26,0.0008460858255873007,0.0008460858255873007
2012-09-27,0.00013773077242566485,0.00013773077242566485
2012-09-28,0.001740345592471254,0.001740345592471254
2012-10-01,-0.001450223879912709,-0.001450223879912709
2012-10-02,-0.003004928726514349,-0.003004928726514349
2012-10-03,-0.0002927472246875111,-0.0002927472246875111
2012-10-04,-0.0028756019344506156,-0.0028756019344506156
2012-10-05,-0.000968945730916531,-0.000968945730916531
2012-10-08,0.003455470143959239,0.003455470143959239
2012-10-09,0.0022517195881912484,0.0022517195881912484
2012-10-10,0.0007040047244403942,0.0007040047244403942
2012-10-11,-0.0012112269597929597,-0.0012112269597929597
2012-10-12,-0.0010808795832281774,-0.0010808795832281774
2012-10-15,0.00024305892366978735,0.00024305892366978735
2012-10-16,-0.0024514628565981238,-0.0024514628565981238
2012-10-17,0.001452874448885106,0.001452874448885106
2012-10-18,0.0020698750581905796,0.0020698750581905796
2012-10-19,0.00017110777640457278,0.00017110777640457278
2012-10-22,-0.0005252534281808656,-0.0005252534281808656
2012-10-23,0.0013893104992909644,0.0013893104992909644
2012-10-24,0.0007663412645807675,0.0007663412645807675
2012-10-25,-0.0006741946953355384,-0.0006741946953355384
2012-10-26,0.0006937443233269898,0.0006937443233269898
2012-10-29,0.0010141510870839319,0.0010141510870839319
2012-10-30,-0.001075263885717475,-0.001075263885717475
2012-10-31,-0.0007088894038387687,-0.0007088894038387687
2012-11-01,0.0012570245351218312,0.0012570245351218312
2012-11-02,0.002410463642027516,0.002410463642027516
2012-11-05,0.002009595263974151,0.002009595263974151
2012-11-06,0.000995469371905061,0.000995469371905061
2012-11-07,0.0004851988776696513,0.0004851988776696513
2012-11-08,0.00031580192872074353,0.00031580192872074353
2012-11-09,0.0016050404881767786,0.0016050404881767786
2012-11-12,0.0013195231501738902,0.0013195231501738902
2012-11-13,0.00044511180836062636,0.00044511180836062636
2012-11-14,-0.0017046367178608637,-0.0017046367178608637
2012-11-15,-0.0020083041846668537,-0.0020083041846668537
2012-11-16,0.0003804498065837214,0.0003804498065837214
2012-11-19,0.001023065141970647,0.001023065141970647
2012-11-20,-0.0016514413876472511,-0.0016514413876472511
2012-11-21,-0.001807465215072607,-0.001807465215072607
2012-11-22,0.00020192831681517518,0.00020192831681517518
2012-11-23,-0.0011960913907152761,-0.0011960913907152761
2012-11-26,-0.00015374551323013585,-0.00015374551323013585
2012-11-27,0.0004571799131314612,0.0004571799131314612
2012-11-28,0.0005997287930795957,0.0005997287930795957
2012-11-29,-0.001852772625885152,-0.001852772625885152
2012-11-30,-0.00022142538515726464,-0.00022142538515726464
2012-12-03,-0.0008869172988395339,-0.001011917298839534
2012-12-04,0.0,0.0
2012-12-05,-0.00040734611716512406,-0.00040734611716512406
2012-12-06,0.0025809831219020425,0.0025809831219020425
2012-12-07,0.00018518265970142792,0.00018518265970142792
2012-12-10,-0.0005820667287957485,-0.0005820667287957485
2012-12-11,-0.0003600642266691039,-0.0003600642266691039
2012-12-12,-0.001140478052209664,-0.001140478052209664
2012-12-13,-0.0006457033883606571,-0.0006457033883606571
2012-12-14,-0.0007004545026119237,-0.0007004545026119237
2012-12-17,-0.0006470998688269773,-0.0006470998688269773
2012-12-18,-0.0013182777748437617,-0.0013182777748437617
2012-12-19,-2.0165657388753725e-05,-2.0165657388753725e-05
2012-12-20,-0.0006053971010568475,-0.0006053971010568475
2012-12-21,0.0006389333044337817,0.0006389333044337817
2012-12-24,-0.0009223015542024029,-0.0009223015542024029
2012-12-25,-0.0001853322035385955,-0.0001853322035385955
2012-12-26,-0.0003763086109042738,-0.0003763086109042738
2012-12-27,-0.00012188801544050701,-0.00012188801544050701
2012-12-28,0.0009084372329981225,0.0009084372329981225
2012-12-31,8.597338414938563e-05,8.597338414938563e-05
2013-01-01,0.000389053438799113,0.000389053438799113
2013-01-02,0.000666726811701439,0.000666726811701439
2013-01-03,0.0026145085262912525,0.0026145085262912525
2013-01-04,-0.00024231735083237837,-0.00024231735083237837
2013-01-07,-0.0007915776347029403,-0.0007915776347029403
2013-01-08,0.0011108565456889642,0.0011108565456889642
2013-01-09,0.000646387979182821,0.000646387979182821
2013-01-10,-0.003501973752794952,-0.003501973752794952
2013-01-11,-0.0023335128848400956,-0.0023335128848400956
2013-01-14,0.00015361380106010858,0.00015361380106010858
2013-01-15,0.0015176150947015564,0.0015176150947015564
2013-01-16,0.0006191276741719699,0.0006191276741719699
2013-01-17,-0.0018856795011362127,-0.0018856795011362127
2013-01-18,0.00165102923370528,0.00165102923370528
2013-01-21,0.0005698657143743725,0.0005698657143743725
2013-01-22,0.000862028840729061,0.000862028840729061
2013-01-23,0.0014989644513780144,0.0014989644513780144
2013-01-24,-0.0026264892627947357,-0.0026264892627947357
2013-01-25,-0.0011935379874347353,-0.0011935379874347353
2013-01-28,0.000127044012187998,0.000127044012187998
2013-01-29,-0.0008454417145042037,-0.0008454417145042037
2013-01-30,-0.0023738372919539187,-0.0023738372919539187
2013-01-31,-0.001816331065824207,-0.001816331065824207
2013-02-01,-0.0007964321734070113,-0.0007964321734070113
2013-02-04,0.003115461089835194,0.003115461089835194
2013-02-05,-0.0030626411358944264,-0.0030626411358944264
2013-02-06,-0.0005866737917323427,-0.0005866737917323427
2013-02-07,0.0021544261969340525,0.0021544261969340525
2013-02-08,0.0028730183138031685,0.0028730183138031685
2013-02-11,-0.0016661995217783644,-0.0016661995217783644
2013-02-12,2.7369291274877985e-05,2.7369291274877985e-05
2013-02-13,0.000724602472375948,0.000724602472375948
2013-02-14,0.0012790782989327977,0.0012790782989327977
2013-02-15,0.0005491681099043379,0.0005491681099043379
2013-02-18,0.0012285073416884583,0.0012285073416884583
2013-02-19,0.00013274759687865946,0.00013274759687865946
2013-02-20,0.001165407102558038,0.001165407102558038
2013-02-21,0.002773744364182442,0.002773744364182442
2013-02-22,0.0012129039609509306,0.0012129039609509306
2013-02-25,0.0026770668391019733,0.0026770668391019733
2013-02-26,-0.0009061706593640896,-0.0009061706593640896
2013-02-27,-0.0021484139746689866,-0.0021484139746689866
2013-02-28,0.0031722751328089735,0.0031722751328089735
2013-03-01,-0.002168782095034309,-0.0022937820950343093
2013-03-04,0.001039987791833492,0.001039987791833492
2013-03-05,-6.688696445798943e-05,-6.688696445798943e-05
2013-03-06,0.00035882050295478344,0.00035882050295478344
2013-03-07,-0.002747250575867681,-0.002747250575867681
2013-03-08,0.00012035148088872076,0.00012035148088872076
2013-03-11,-0.001380560790101586,-0.001380560790101586
2013-03-12,-6.11307742608857e-05,-6.11307742608857e-05
2013-03-13,0.0021817984505549514,0.0021817984505549514
2013-03-14,0.00029914649510577465,0.00029914649510577465
2013-03-15,0.002836428338696169,0.002836428338696169
2013-03-18,-0.0013881228168863714,-0.0013881228168863714
2013-03-19,0.0026660940289533874,0.0026660940289533874
2013-03-20,-0.0018246199362906713,-0.0018246199362906713
2013-03-21,0.001804143877500454,0.001804143877500454
2013-03-22,-0.001773565528162312,-0.001773565528162312
2013-03-25,0.001906871261688549,0.001906871261688549
2013-03-26,-0.00152566762315111,-0.00152566762315111
2013-03-27,0.0009346327353172268,0.0009346327353172268
2013-03-28,0.00033521413222299516,0.00033521413222299516
2013-03-29,0.0004503859532537913,0.0004503859532537913
2013-04-01,-0.0005473867429000854,-0.0005473867429000854
2013-04-02,-0.0018869356857232897,-0.0018869356857232897
2013-04-03,-7.536366764604438e-05,-7.536366764604438e-05
2013-04-04,-0.00038863184645415694,-0.00038863184645415694
2013-04-05,0.001751723584207943,0.001751723584207943
2013-04-08,-0.0022119024829314045,-0.0022119024829314045
2013-04-09,-0.00012674190082473367,-0.00012674190082473367
2013-04-10,0.0001803520241103197,0.0001803520241103197
2013-04-11,-0.0011960181075223728,-0.0011960181075223728
2013-04-12,0.0008291063921418708,0.0008291063921418708
2013-04-15,0.0019627578566188968,0.0019627578566188968
2013-04-16,-0.001640140127192935,-0.001640140127192935
2013-04-17,0.001869306981844232,0.001869306981844232
2013-04-18,0.00016643834324464604,0.00016643834324464604
2013-04-19,-0.0009980601341860182,-0.0009980601341860182
2013-04-22,0.0010805261124811618,0.0010805261124811618
2013-04-23,0.0005123450662510578,0.0005123450662510578
2013-04-24,-6.081016654596583e-05,-6.081016654596583e-05
2013-04-25,0.001514510428372612,0.001514510428372612
2013-04-26,-0.0007185730013344326,-0.0007185730013344326
2013-04-29,-0.0021362424754423626,-0.0021362424754423626
2013-04-30,-0.0019213709882031358,-0.0019213709882031358
2013-05-01,0.00040592541777877367,0.00040592541777877367
2013-05-02,0.002525563208081715,0.002525563208081715
2013-05-03,-0.0010762939749383422,-0.0010762939749383422
2013-05-06,-1.6792895904572003e-05,-1.6792895904572003e-05
2013-05-07,-0.0014866797536004066,-0.0014866797536004066
2013-05-08,-0.0011712052540379496,-0.0011712052540379496
2013-05-09,0.0019085600768544869,0.0019085600768544869
2013-05-10,0.0009131413647697369,0.0009131413647697369
2013-05-13,-0.0014483672525350936,-0.0014483672525350936
2013-05-14,0.00161872597568809,0.00161872597568809
2013-05-15,0.0005980346136336575,0.0005980346136336575
2013-05-16,0.001324809493154932,0.001324809493154932
2013-05-17,0.0017082212639517756,0.0017082212639517756
2013-05-20,-0.0006244631304141272,-0.0006244631304141272
2013-05-21,-0.0017834711161389242,-0.0017834711161389242
2013-05-22,0.0021922093462066637,0.0021922093462066637
2013-05-23,-0.0020360678870261885,-0.0020360678870261885
2013-05-24,0.0003639267406364439,0.0003639267406364439
2013-05-27,0.0003281645273543627,0.0003281645273543627
2013-05-28,0.0018027329858073145,0.0018027329858073145
2013-05-29,-0.0016454254410864628,-0.0016454254410864628
2013-05-30,-0.0013333598465515132,-0.0013333598465515132
2013-05-31,0.0019125287618680258,0.0019125287618680258
2013-06-03,-0.0014159844988117511,-0.0014159844988117511
2013-06-04,0.0012781767415807332,0.0012781767415807332
2013-06-05,0.0010950615835712827,0.0010950615835712827
2013-06-06,-0.0012986930350677164,-0.0012986930350677164
2013-06-07,-0.0022112877263691932,-0.0022112877263691932
2013-06-10,-0.0005119410772465583,-0.0005119410772465583
2013-06-11,-0.00025301073408789964,-0.00025301073408789964
2013-06-12,0.0007716215560923943,0.0007716215560923943
2013-06-13,-0.001218396487853296,-0.001218396487853296
2013-06-14,0.0006925251147081589,0.0006925251147081589
2013-06-17,0.00018755587800919893,0.00018755587800919893
2013-06-18,-0.0010573729560411917,-0.0010573729560411917
2013-06-19,0.0008243043621112554,0.0008243043621112554
2013-06-20,0.0039717608629007695,0.0039717608629007695
2013-06-21,0.002947513477653235,0.002947513477653235
2013-06-24,0.0008547484846594955,0.0008547484846594955
2013-06-25,0.000909175645368909,0.000909175645368909
2013-06-26,-0.0013480942014307553,-0.0013480942014307553
2013-06-27,-0.0012856652479121269,-0.0012856652479121269
2013-06-28,0.00037616754672792346,0.00037616754672792346
2013-07-01,-0.0012022985450581458,-0.0012022985450581458
2013-07-02,0.001836364552554408,0.001836364552554408
2013-07-03,0.00031763477304748043,0.00031763477304748043
2013-07-04,-0.001402128454996422,-0.001402128454996422
2013-07-05,4.615815210890959e-05,4.615815210890959e-05
2013-07-08,5.427348425339094e-05,5.427348425339094e-05
2013-07-09,-0.00045511256847154504,-0.00045511256847154504
2013-07-10,-0.006100037749609728,-0.006100037749609728
2013-07-11,0.001487225453341383,0.001487225453341383
2013-07-12,-8.763006989050528e-05,-8.763006989050528e-05
2013-07-15,0.0009839235813895275,0.0009839235813895275
2013-07-16,-0.0024973078019321538,-0.0024973078019321538
2013-07-17,0.002566658895173972,0.002566658895173972
2013-07-18,-0.00040096695634407977,-0.00040096695634407977
2013-07-19,-0.0005412721852712421,-0.0005412721852712421
2013-07-22,0.0002961926672665582,0.0002961926672665582
2013-07-23,-0.0015615105179995381,-0.0015615105179995381
2013-07-24,0.00023770885013034036,0.00023770885013034036
2013-07-25,-0.0011938116577624625,-0.0011938116577624625
2013-07-26,-0.00046334425206194903,-0.00046334425206194903
2013-07-29,-0.0005847714252651304,-0.0005847714252651304
2013-07-30,-0.0006973086768548197,-0.0006973086768548197
2013-07-31,-0.0022117759481293142,-0.0022117759481293142
2013-08-01,0.0008260420102737202,0.0007135420102737202
2013-08-02,0.004732688376611333,0.004732688376611333
2013-08-05,8.634664686915129e-05,8.634664686915129e-05
2013-08-06,-0.001907782488591003,-0.001907782488591003
2013-08-07,0.0032423470533724744,0.0032423470533724744
2013-08-08,-0.0045672715914277014,-0.0045672715914277014
2013-08-09,-0.003583015627074115,-0.003583015627074115
2013-08-12,0.001669168802000848,0.001669168802000848
2013-08-13,0.00109861480899936,0.00109861480899936
2013-08-14,-0.000544406465272906,-0.000544406465272906
2013-08-15,0.0015987975040060668,0.0015987975040060668
2013-08-16,-0.0013916996692351132,-0.0013916996692351132
2013-08-19,0.002949941766493708,0.002949941766493708
2013-08-20,0.0028904370239526914,0.0028904370239526914
2013-08-21,0.003885359021813495,0.003885359021813495
2013-08-22,-0.0009108501017049461,-0.0009108501017049461
2013-08-23,-0.0008845051064572725,-0.0008845051064572725
2013-08-26,0.0003528923404457987,0.0003528923404457987
2013-08-27,0.0010465901453068586,0.0010465901453068586
2013-08-28,-0.00034356615975556474,-0.00034356615975556474
2013-08-29,0.0013311024766806626,0.0013311024766806626
2013-08-30,-0.0002634575015916015,-0.0002634575015916015
2013-09-02,-0.0009181790004414731,-0.0009181790004414731
2013-09-03,-0.001713836515631952,-0.001713836515631952
2013-09-04,-0.00319984396421605,-0.00319984396421605
2013-09-05,0.0009879332571423021,0.0009879332571423021
2013-09-06,-0.0034769300902334228,-0.0034769300902334228
2013-09-09,-0.0009978934285897485,-0.0009978934285897485
2013-09-10,-0.0017847825584749472,-0.0017847825584749472
2013-09-11,-0.000552703144733659,-0.000552703144733659
2013-09-12,0.0019205531418585702,0.0019205531418585702
2013-09-13,0.00010813657205724158,0.00010813657205724158
2013-09-16,-0.0003133034159019683,-0.0003133034159019683
2013-09-17,-0.0014133936702155642,-0.0014133936702155642
2013-09-18,-0.0020361182370868276,-0.0020361182370868276
2013-09-19,0.0009091433146916888,0.0009091433146916888
2013-09-20,0.0015759636239963664,0.0015759636239963664
2013-09-23,-0.0005712802480520881,-0.0005712802480520881
2013-09-24,0.0008480497469134633,0.0008480497469134633
2013-09-25,0.0020173103524513108,0.0020173103524513108
2013-09-26,-0.0006438754218267024,-0.0006438754218267024
2013-09-27,0.0036024484889367304,0.0036024484889367304
2013-09-30,2.108233103761774e-05,2.108233103761774e-05
2013-10-01,-0.0003097741305095289,-0.0003597741305095289
2013-10-02,0.0020433178205859527,0.0020433178205859527
2013-10-03,-0.0014559403369230025,-0.0014559403369230025
2013-10-04,-0.0037648186794897974,-0.0037648186794897974
2013-10-07,0.003520604646152701,0.003520604646152701
2013-10-09,-0.003226045568382098,-0.003226045568382098
2013-10-10,-0.0011985944649428278,-0.0011985944649428278
2013-10-11,-0.0013615971608775498,-0.0013615971608775498
2013-10-14,-0.002898020166049616,-0.002898020166049616
2013-10-15,0.0002926470111759319,0.0002926470111759319
2013-10-16,-0.0029094186562637313,-0.0029094186562637313
2013-10-17,0.0029693942768613014,0.0029693942768613014
2013-10-18,-0.000756962905063576,-0.000756962905063576
2013-10-21,-0.0008030342070722803,-0.0008030342070722803
2013-10-22,7.6221961808101385e-06,7.6221961808101385e-06
2013-10-23,0.004431119800214021,0.004431119800214021
2013-10-24,0.0020603520069251186,0.0020603520069251186
2013-10-25,0.00023073605282672796,0.00023073605282672796
2013-10-28,0.0008230966022849432,0.0008230966022849432
2013-10-29,-0.000589008739133364,-0.000589008739133364
2013-10-30,-0.0007338015124500016,-0.0007338015124500016
2013-10-31,-0.00022989087292052033,-0.00022989087292052033
2013-11-01,-0.0032576212015044273,-0.0032576212015044273
2013-11-04,-0.00022641447159881103,-0.00022641447159881103
2013-11-05,0.002625312535145903,0.002625312535145903
2013-11-06,-0.0013883052611998333,-0.0013883052611998333
2013-11-07,0.003903018692399575,0.003903018692399575
2013-11-08,-0.0008816000698504285,-0.0008816000698504285
2013-11-11,-0.0003826064537696279,-0.0003826064537696279
2013-11-12,-0.0006369302760811255,-0.0006369302760811255
2013-11-13,0.0007715674306345414,0.0007715674306345414
2013-11-14,-0.0004626367790507164,-0.0004626367790507164
2013-11-15,-0.00177205642078017,-0.00177205642078017
2013-11-18,0.0010865891850391342,0.0010865891850391342
2013-11-19,-0.0018007993395478135,-0.0018007993395478135
2013-11-20,0.0022578152732771325,0.0022578152732771325
2013-11-21,0.0027935334442381185,0.0027935334442381185
2013-11-22,0.003022250568021175,0.003022250568021175
2013-11-25,-0.0022645512503763495,-0.0022645512503763495
2013-11-26,0.0031162486809236797,0.0031162486809236797
2013-11-27,0.0009193448264470511,0.0009193448264470511
2013-11-28,0.0005139280433865538,0.0005139280433865538
2013-11-29,-0.00010032640723690986,-0.00010032640723690986
2013-12-02,-0.0007732551928728659,-0.0007732551928728659
2013-12-03,0.0013013837677865925,0.0013013837677865925
2013-12-04,0.0033377139711155603,0.0033377139711155603
2013-12-05,-0.0007505725027687849,-0.0007505725027687849
2013-12-06,-0.004419016194653105,-0.004419016194653105
2013-12-09,0.001107676870159382,0.001107676870159382
2013-12-10,-0.0007014944700937198,-0.0007014944700937198
2013-12-11,0.0018530171957436745,0.0018530171957436745
2013-12-12,0.001476579923367546,0.001476579923367546
2013-12-13,-0.00193439245515876,-0.00193439245515876
2013-12-16,0.0009078644445147577,0.0009078644445147577
2013-12-17,0.0013772856748742368,0.0013772856748742368
2013-12-18,0.0025013471111222842,0.0025013471111222842
2013-12-19,-0.0019809245065923273,-0.0019809245065923273
2013-12-20,-0.00227177772667401,-0.00227177772667401
2013-12-23,-0.0009474481896660869,-0.0009474481896660869
2013-12-24,0.0004420425412788499,0.0004420425412788499
2013-12-25,-0.0004580534737636621,-0.0004580534737636621
2013-12-26,0.0012546760106338839,0.0012546760106338839
2013-12-27,0.002197411056565837,0.002197411056565837
2013-12-30,-0.0021936528874305725,-0.0021936528874305725
2013-12-31,-0.0003258113113848249,-0.0003258113113848249
2014-01-01,0.001406313750724994,0.001406313750724994
2014-01-02,-0.0006876105713096796,-0.0006876105713096796
2014-01-03,-0.0033083034685569912,-0.0033083034685569912
2014-01-06,0.0023893158531370835,0.0023893158531370835
2014-01-07,0.0025085187946735843,0.0025085187946735843
2014-01-08,0.0022725307502546787,0.0022725307502546787
2014-01-09,0.0008116014732904493,0.0008116014732904493
2014-01-10,0.0004267198786876067,0.0004267198786876067
2014-01-13,-0.0011305503288768029,-0.0011305503288768029
2014-01-14,0.002008971055075046,0.002008971055075046
2014-01-15,-0.00048723282351682254,-0.00048723282351682254
2014-01-16,0.002530938605798858,0.002530938605798858
2014-01-17,0.0031512888592619337,0.0031512888592619337
2014-01-20,-0.0010476573515299597,-0.0010476573515299597
2014-01-21,0.0010677836580643058,0.0010677836580643058
2014-01-22,0.002249682230547354,0.002249682230547354
2014-01-23,0.00672544555418155,0.00672544555418155
2014-01-24,0.0017207241083448319,0.0017207241083448319
2014-01-27,-0.00012483494520469087,-0.00012483494520469087
2014-01-28,-0.0023877020100087163,-0.0023877020100087163
2014-01-29,0.003962091352355721,0.003962091352355721
2014-01-30,-0.003965025290985755,-0.003965025290985755
2014-01-31,0.0007965859457847364,0.0007965859457847364
2014-02-03,0.0004112227516308838,0.0004112227516308838
2014-02-04,-0.006269000617947608,-0.006269000617947608
2014-02-05,-5.809151312097396e-05,-5.809151312097396e-05
2014-02-06,-0.002315027921281383,-0.002315027921281383
2014-02-07,-0.0004951091860434811,-0.0004951091860434811
2014-02-10,0.001369769552282933,0.001369769552282933
2014-02-11,-0.003553405373993764,-0.003553405373993764
2014-02-12,0.002127347657847721,0.002127347657847721
2014-02-13,0.0021604231510313197,0.0021604231510313197
2014-02-14,0.0008125946266306903,0.0008125946266306903
2014-02-17,-0.0017033237344497591,-0.0017033237344497591
2014-02-18,-0.0007708412284307702,-0.0007708412284307702
2014-02-19,0.003161979841824951,0.003161979841824951
2014-02-20,0.00022595312623435574,0.00022595312623435574
2014-02-21,0.00014183626039187956,0.00014183626039187956
2014-02-24,-0.0024667134905645167,-0.0024667134905645167
2014-02-25,0.0024200655657004005,0.0024200655657004005
2014-02-26,0.0019270219476984747,0.0019270219476984747
2014-02-27,0.0005555653838529003,0.0005555653838529003
2014-02-28,0.0027934671768542457,0.0027934671768542457
2014-03-03,-0.0014582334958411622,-0.0014582334958411622
2014-03-04,-0.0025528624012214193,-0.0025528624012214193
2014-03-05,-0.001727581808794689,-0.001727581808794689
2014-03-06,-0.00582942591064893,-0.00582942591064893
2014-03-07,0.0030808529263141463,0.0030808529263141463
2014-03-10,9.83638360598036e-06,9.83638360598036e-06
2014-03-11,0.0021486769762324867,0.0021486769762324867
2014-03-12,-0.0005979382050555057,-0.0005979382050555057
2014-03-13,0.0006813354924293949,0.0006813354924293949
2014-03-14,0.0017553256222454109,0.0017553256222454109
2014-03-17,-0.003730997172419883,-0.003730997172419883
2014-03-18,0.0006135927756028706,0.0006135927756028706
2014-03-19,0.0020163335613676983,0.0020163335613676983
2014-03-20,-0.000662639246975418,-0.000662639246975418
2014-03-21,-0.0017887179992092791,-0.0017887179992092791
2014-03-24,-0.0014411567950164536,-0.0014411567950164536
2014-03-25,-0.001301057062641788,-0.001301057062641788
2014-03-26,-0.0014384608560665387,-0.0014384608560665387
2014-03-27,-0.0030315631906717563,-0.0030315631906717563
2014-03-28,-0.0006548451601922486,-0.0006548451601922486
2014-03-31,-0.000666023007231272,-0.000666023007231272
2014-04-01,-0.0012768539588647423,-0.0012768539588647423
2014-04-02,-0.0008887200160802678,-0.0008887200160802678
2014-04-03,-1.9982197921024716e-05,-1.9982197921024716e-05
2014-04-04,-0.0017226687486949599,-0.0017226687486949599
2014-04-07,0.0015776129440626294,0.0015776129440626294
2014-04-08,0.0014489290640889337,0.0014489290640889337
2014-04-09,-0.0015054224796502526,-0.0015054224796502526
2014-04-10,0.0021261631933197807,0.0021261631933197807
2014-04-11,0.00041476477763326516,0.00041476477763326516
2014-04-14,-0.002068056077695068,-0.002068056077695068
2014-04-15,0.0021791978333997775,0.0021791978333997775
2014-04-16,0.00011778586212498156,0.00011778586212498156
2014-04-17,0.0001940997991464921,0.0001940997991464921
2014-04-18,2.753900932701413e-06,2.753900932701413e-06
2014-04-21,-0.0004600516143830159,-0.0004600516143830159
2014-04-22,-8.27615762452707e-05,-8.27615762452707e-05
2014-04-23,0.001972020840284406,0.001972020840284406
2014-04-24,0.0010427813386715734,0.0010427813386715734
2014-04-25,0.0005963161540089477,0.0005963161540089477
2014-04-28,-0.000650492052398737,-0.000650492052398737
2014-04-29,-0.0021360090381954792,-0.0021360090381954792
2014-04-30,0.0016510629420133825,0.0016510629420133825
2014-05-01,0.00039597635307702707,0.00034597635307702704
2014-05-02,4.273122873076952e-05,4.273122873076952e-05
2014-05-05,-0.0007555710840166148,-0.0007555710840166148
2014-05-06,-0.0018720184664358427,-0.0018720184664358427
2014-05-07,0.0005860478398265706,0.0005860478398265706
2014-05-08,-0.003099304492812654,-0.003099304492812654
2014-05-09,0.0006609972137163971,0.0006609972137163971
2014-05-12,0.00016875071841900894,0.00016875071841900894
2014-05-13,-0.0005480703685089623,-0.0005480703685089623
2014-05-14,-0.0015807724365428707,-0.0015807724365428707
2014-05-15,0.00044669193385246165,0.00044669193385246165
2014-05-16,-0.00013628912310065748,-0.00013628912310065748
2014-05-19,0.0009320301058559859,0.0009320301058559859
2014-05-20,0.0037908526529288004,0.0037908526529288004
2014-05-21,0.0009351223731296714,0.0009351223731296714
2014-05-22,-0.000713874535221209,-0.000713874535221209
2014-05-23,-0.0014192633397744675,-0.0014192633397744675
2014-05-26,-0.0006250725661322061,-0.0006250725661322061
2014-05-27,-0.0007779674723483781,-0.0007779674723483781
2014-05-28,-0.0001441722732080426,-0.0001441722732080426
2014-05-29,-0.0028377181304526985,-0.0028377181304526985
2014-05-30,0.0008790373673641611,0.0008790373673641611
2014-06-02,0.0028620265250395103,0.0028620265250395103
2014-06-03,-0.00045575975864710827,-0.00045575975864710827
2014-06-04,0.00020164874782861237,0.00020164874782861237
2014-06-05,-0.0008670300356759164,-0.0008670300356759164
2014-06-06,-0.0002817488861863358,-0.0002817488861863358
2014-06-09,-0.000675388363496445,-0.000675388363496445
2014-06-10,-0.0017120249711458277,-0.0017120249711458277
2014-06-11,-0.00043012360151133616,-0.00043012360151133616
2014-06-12,0.0010092540253174664,0.0010092540253174664
2014-06-13,0.0011869731610237668,0.0011869731610237668
2014-06-16,-0.0002739530408174449,-0.0002739530408174449
2014-06-17,0.0015327005943218208,0.0015327005943218208
2014-06-18,-0.0017693502442428421,-0.0017693502442428421
2014-06-19,0.0001642971790148753,0.0001642971790148753
2014-06-20,-0.0014351822669569823,-0.0014351822669569823
2014-06-23,-0.0013671526696063994,-0.0013671526696063994
2014-06-24,0.0010133978337346452,0.0010133978337346452
2014-06-25,-0.001474552470256759,-0.001474552470256759
2014-06-26,-0.00025364432660564745,-0.00025364432660564745
2014-06-27,-0.0007216371984917389,-0.0007216371984917389
2014-06-30,0.0008814395162025734,0.0008814395162025734
2014-07-01,-0.0004997358304424987,-0.0006122358304424987
2014-07-02,0.002382216642906521,0.002382216642906521
2014-07-03,0.0029616589037981212,0.0029616589037981212
2014-07-04,-0.0004907841843851173,-0.0004907841843851173
2014-07-07,-0.0013570583829892228,-0.0013570583829892228
2014-07-08,-0.0017825021422782689,-0.0017825021422782689
2014-07-09,0.00019370677758989217,0.00019370677758989217
2014-07-10,-0.00017632015657504313,-0.00017632015657504313
2014-07-11,0.00017145922339114667,0.00017145922339114667
2014-07-14,-0.0004461303262405009,-0.0004461303262405009
2014-07-15,0.0019611283198380184,0.0019611283198380184
2014-07-16,-0.0002490020873865733,-0.0002490020873865733
2014-07-17,-0.0012343412332301346,-0.0012343412332301346
2014-07-18,-0.001007720896339525,-0.001007720896339525
2014-07-21,0.0006197968457184684,0.0006197968457184684
2014-07-22,-0.0005317914095638636,-0.0005317914095638636
2014-07-23,-0.0016487903186787106,-0.0016487903186787106
2014-07-24,0.0004829687236035336,0.0004829687236035336
2014-07-25,0.0002066363137378186,0.0002066363137378186
2014-07-28,-9.228165260239334e-05,-9.228165260239334e-05
2014-07-29,0.0007655446916080506,0.0007655446916080506
2014-07-30,0.002908704371532034,0.002908704371532034
2014-07-31,0.00016899130884084416,0.00016899130884084416
2014-08-01,-0.001724553017703551,-0.001724553017703551
2014-08-04,-4.832346621011554e-05,-4.832346621011554e-05
2014-08-05,0.000993807806217994,0.000993807806217994
2014-08-06,-0.0026483906058696882,-0.0026483906058696882
2014-08-07,0.001801972827828152,0.001801972827828152
2014-08-08,-0.001089993715628124,-0.001089993715628124
2014-08-11,0.0006500788610499515,0.0006500788610499515
2014-08-12,0.000294693582111621,0.000294693582111621
2014-08-13,-0.002457988504540515,-0.002457988504540515
2014-08-14,-8.523062313892151e-05,-8.523062313892151e-05
2014-08-15,0.0002472312998362809,0.0002472312998362809
2014-08-18,0.00035391692388972397,0.00035391692388972397
2014-08-19,-0.00014130417978622278,-0.00014130417978622278
2014-08-20,0.001859296294399348,0.001859296294399348
2014-08-21,-0.0003898639457358693,-0.0003898639457358693
2014-08-22,0.0004737291244552018,0.0004737291244552018
2014-08-25,0.0005450366063077801,0.0005450366063077801
2014-08-26,-0.0013606743500501897,-0.0013606743500501897
2014-08-27,-0.0006129966325866825,-0.0006129966325866825
2014-08-28,-0.0007748045954527332,-0.0007748045954527332
2014-08-29,0.0018386603735250358,0.0018386603735250358
2014-09-01,0.0006041725433679418,0.0006041725433679418
2014-09-02,0.0013972631914367587,0.0013972631914367587
2014-09-03,-0.002605132623561746,-0.002605132623561746
2014-09-04,-0.0007834280508277394,-0.0007834280508277394
2014-09-05,-0.002951640054254085,-0.002951640054254085
2014-09-08,0.0027701238888473917,0.0027701238888473917
2014-09-09,0.002261211550808267,0.002261211550808267
2014-09-10,0.004190547747120598,0.004190547747120598
2014-09-11,0.002989078982588816,0.002989078982588816
2014-09-12,0.002918255850201967,0.002918255850201967
2014-09-15,-0.0015251878721704085,-0.0015251878721704085
2014-09-16,-0.0007872859632816814,-0.0007872859632816814
2014-09-17,0.006691939348894887,0.006691939348894887
2014-09-18,0.0025559163029253646,0.0025559163029253646
2014-09-19,-0.00032056403669995017,-0.00032056403669995017
2014-09-22,0.002115961763586937,0.002115961763586937
2014-09-23,0.00045204050672600313,0.00045204050672600313
2014-09-24,0.0005892142538989837,0.0005892142538989837
2014-09-25,1.4848824237739507e-05,1.4848824237739507e-05
2014-09-26,0.00236274369862518,0.00236274369862518
2014-09-29,0.0005360191347481219,0.0005360191347481219
2014-09-30,-0.00043217492454975567,-0.00043217492454975567
2014-10-01,-0.0017049320123845575,-0.0018174320123845575
2014-10-02,-0.002551212904473382,-0.002551212904473382
2014-10-03,0.003014350126146981,0.003014350126146981
2014-10-06,-0.0030286488442268496,-0.0030286488442268496
2014-10-07,-0.0020405418161811846,-0.0020405418161811846
2014-10-08,-0.00020261670985363643,-0.00020261670985363643
2014-10-09,-0.00024383081170453692,-0.00024383081170453692
2014-10-10,-0.0006292673302582814,-0.0006292673302582814
2014-10-13,-0.0027057971816625555,-0.0027057971816625555
2014-10-14,-0.00047091830035111927,-0.00047091830035111927
2014-10-15,-0.005132982992992863,-0.005132982992992863
2014-10-16,0.0029683728570544525,0.0029683728570544525
2014-10-17,0.002750885936198711,0.002750885936198711
2014-10-20,-0.0003994031092776347,-0.0003994031092776347
2014-10-21,0.0011561328747550508,0.0011561328747550508
2014-10-22,0.0006547797125719961,0.0006547797125719961
2014-10-23,0.0018772141168944272,0.0018772141168944272
2014-10-24,0.0006416220923036457,0.0006416220923036457
2014-10-27,-0.0008186205907632911,-0.0008186205907632911
2014-10-28,0.0001799604037850127,0.0001799604037850127
2014-10-29,0.0016483324387579494,0.0016483324387579494
2014-10-30,0.001159654564345886,0.001159654564345886
2014-10-31,0.010066504013655692,0.010066504013655692
2014-11-03,0.002015708888697717,0.002015708888697717
2014-11-04,-0.0010660738489874787,-0.0010660738489874787
2014-11-05,0.003386768537826087,0.003386768537826087
2014-11-06,0.001210065790677575,0.001210065790677575
2014-11-07,-0.002342290299172809,-0.002342290299172809
2014-11-10,0.0006158555143101897,0.0006158555143101897
2014-11-11,0.002336517319685163,0.002336517319685163
2014-11-12,-0.0018700013437720074,-0.0018700013437720074
2014-11-13,-0.0014286643714935686,-0.0014286643714935686
2014-11-14,0.0008949874869770137,0.0008949874869770137
2014-11-17,0.00045092885913282333,0.00045092885913282333
2014-11-18,-0.0014083796117620871,-0.0014083796117620871
2014-11-19,0.0033099037909812413,0.0033099037909812413
2014-11-20,0.0004470773288872822,0.0004470773288872822
2014-11-21,0.0016160832546875527,0.0016160832546875527
2014-11-24,0.0011098618276824813,0.0011098618276824813
2014-11-25,-0.0019475087997629236,-0.0019475087997629236
2014-11-26,0.0002163468105062929,0.0002163468105062929
2014-11-27,0.00031088289450782703,0.00031088289450782703
2014-11-28,0.000860933275405248,0.000860933275405248
2014-12-01,0.00015490120730807244,0.00015490120730807244
2014-12-02,0.002115518658168003,0.002115518658168003
2014-12-03,0.003614859380947799,0.003614859380947799
2014-12-04,-0.001766064082134006,-0.001766064082134006
2014-12-05,0.003720876791850902,0.003720876791850902
2014-12-08,-0.0009157781969728331,-0.0009157781969728331
2014-12-09,-0.00374603945166116,-0.00374603945166116
2014-12-10,-0.004069037983400192,-0.004069037983400192
2014-12-11,0.003955546616896982,0.003955546616896982
2014-12-12,-0.003061332842495157,-0.003061332842495157
2014-12-15,-0.0018054841164071025,-0.0018054841164071025
2014-12-16,-0.0021688408940533093,-0.0021688408940533093
2014-12-17,0.005413228982513951,0.005413228982513951
2014-12-18,0.0028378684870343784,0.0028378684870343784
2014-12-19,0.0018459230003544935,0.0018459230003544935
2014-12-22,0.0005869340749222739,0.0005869340749222739
2014-12-23,0.0012338521695338667,0.0012338521695338667
2014-12-24,-0.0003170036549278167,-0.0003170036549278167
2014-12-25,-0.00041530764494804317,-0.00041530764494804317
2014-12-26,0.0008110825726435621,0.0008110825726435621
2014-12-29,0.000159262605558541,0.000159262605558541
2014-12-30,-0.0017486454377942666,-0.0017486454377942666
2014-12-31,0.0019489048815869157,0.0019489048815869157
2015-01-01,0.0005873025929825589,0.0005873025929825589
2015-01-02,-0.0005928461826501851,-0.0005928461826501851
2015-01-05,-0.002369310392106865,-0.002369310392106865
2015-01-06,-0.0022081105159231828,-0.0022081105159231828
2015-01-07,0.0016287252503785995,0.0016287252503785995
2015-01-08,0.0015780369522683476,0.0015780369522683476
2015-01-09,-0.003192091287202441,-0.003192091287202441
2015-01-12,0.000760600923492056,0.000760600923492056
2015-01-13,3.5500639098916525e-06,3.5500639098916525e-06
2015-01-14,3.8205797943775214e-05,3.8205797943775214e-05
2015-01-15,-0.00040062265026813903,-0.00040062265026813903
2015-01-16,0.0039722532319949,0.0039722532319949
2015-01-19,-0.0012221552464345468,-0.0012221552464345468
2015-01-20,0.004045206677247082,0.004045206677247082
2015-01-21,-0.0031802257713858294,-0.0031802257713858294
2015-01-22,0.005502768145194703,0.005502768145194703
2015-01-23,0.0016656166304813377,0.0016656166304813377
2015-01-26,0.0012198742427864072,0.0012198742427864072
2015-01-27,-0.002525504549120626,-0.002525504549120626
2015-01-28,0.0007526863812545535,0.0007526863812545535
2015-01-29,-0.0008434672257822454,-0.0008434672257822454
2015-01-30,-0.0015274433963060933,-0.0015274433963060933
2015-02-02,-0.000860812291973038,-0.000860812291973038
2015-02-03,-0.0004968106009010304,-0.0004968106009010304
2015-02-04,0.0028952512725245534,0.0028952512725245534
2015-02-05,-0.000450523734452111,-0.000450523734452111
2015-02-06,0.005073885553701814,0.005073885553701814
2015-02-09,-0.0015044494266933587,-0.0015044494266933587
2015-02-10,0.0025471004623246547,0.0025471004623246547
2015-02-11,0.001609927690446274,0.001609927690446274
2015-02-12,-0.0021892951761754357,-0.0021892951761754357
2015-02-13,-0.0004984232183381989,-0.0004984232183381989
2015-02-16,0.0005704790255170531,0.0005704790255170531
2015-02-17,-9.010168341193987e-05,-9.010168341193987e-05
2015-02-18,0.0004124193333154909,0.0004124193333154909
2015-02-19,0.0010566615113680531,0.0010566615113680531
2015-02-20,-0.0006347539685773655,-0.0006347539685773655
2015-02-23,0.0017345967168831762,0.0017345967168831762
2015-02-24,-4.3275470922302965e-05,-4.3275470922302965e-05
2015-02-25,0.0004448442434300056,0.0004448442434300056
2015-02-26,0.002870020561085908,0.002870020561085908
2015-02-27,0.0017209361019796885,0.0017209361019796885
2015-03-02,-0.00035331171762865044,-0.00035331171762865044
2015-03-03,-0.001121148127900211,-0.001121148127900211
2015-03-04,0.0006204223999098879,0.0006204223999098879
2015-03-05,0.0016703582098811743,0.0016703582098811743
2015-03-06,0.002553521135820714,0.002553521135820714
2015-03-09,0.0024617143779949403,0.0024617143779949403
2015-03-10,0.00174407607645793,0.00174407607645793
2015-03-11,0.0020383113689529343,0.0020383113689529343
2015-03-12,-0.002676459393120949,-0.002676459393120949
2015-03-13,0.0011401171319212157,0.0011401171319212157
2015-03-16,-0.0009374799908982756,-0.0009374799908982756
2015-03-17,-0.0020105513217257053,-0.0020105513217257053
2015-03-18,-0.004887437217909163,-0.004887437217909163
2015-03-19,0.0022827845536981203,0.0022827845536981203
2015-03-20,-0.002136566216445317,-0.002136566216445317
2015-03-23,-0.003159687119461967,-0.003159687119461967
2015-03-24,-0.0009010872621999833,-0.0009010872621999833
2015-03-25,-0.0011719153324855668,-0.0011719153324855668
2015-03-26,0.0006749752937547881,0.0006749752937547881
2015-03-27,0.0006396707560488392,0.0006396707560488392
2015-03-30,0.0015725381417247232,0.0015725381417247232
2015-03-31,0.0024947008562998486,0.0024947008562998486
2015-04-01,-0.002146276451004196,-0.0022587764510041963
2015-04-02,-0.0034084106731433346,-0.0034084106731433346
2015-04-03,-0.003040959347097681,-0.003040959347097681
2015-04-06,0.0008324229006324969,0.0008324229006324969
2015-04-07,0.0019991966887244043,0.0019991966887244043
2015-04-08,0.002570871280053995,0.002570871280053995
2015-04-09,0.0006563387239798948,0.0006563387239798948
2015-04-10,-2.584707967358404e-05,-2.584707967358404e-05
2015-04-13,0.0017836111112259205,0.0017836111112259205
2015-04-14,-0.0021308774687526662,-0.0021308774687526662
2015-04-15,-0.0033381788739062653,-0.0033381788739062653
2015-04-16,-0.002354264931183002,-0.002354264931183002
2015-04-17,-0.00030050516436756915,-0.00030050516436756915
2015-04-20,0.0007268984766354693,0.0007268984766354693
2015-04-21,0.001457882731365974,0.001457882731365974
2015-04-22,0.0015782446274550236,0.0015782446274550236
2015-04-23,-0.003779692498772706,-0.003779692498772706
2015-04-24,0.0012844721110482752,0.0012844721110482752
2015-04-27,-0.0009990485098598386,-0.0009990485098598386
2015-04-28,-0.001427194792283247,-0.001427194792283247
2015-04-29,-0.0021945703965257786,-0.0021945703965257786
2015-04-30,-0.002187187376272147,-0.002187187376272147
2015-05-01,-0.003295572054787749,-0.003358072054787749
2015-05-04,-0.0005672672314855033,-0.0005672672314855033
2015-05-05,0.002520188550878548,0.002520188550878548
2015-05-06,-0.0023295207610263225,-0.0023295207610263225
2015-05-07,0.004527295525788099,0.004527295525788099
2015-05-08,0.0020413024343638496,0.0020413024343638496
2015-05-11,0.002683241413614483,0.002683241413614483
2015-05-12,0.0008044081224544463,0.0008044081224544463
2015-05-13,0.00106062384465797,0.00106062384465797
2015-05-14,-0.0008733550489375642,-0.0008733550489375642
2015-05-15,-0.0018974994779295219,-0.0018974994779295219
2015-05-18,0.002462435340604645,0.002462435340604645
2015-05-19,0.0010821958909166588,0.0010821958909166588
2015-05-20,-0.0003613213966056029,-0.0003613213966056029
2015-05-21,0.00225448336223769,0.00225448336223769
2015-05-22,-0.0011411911694201257,-0.0011411911694201257
2015-05-25,0.0014538946608984625,0.0014538946608984625
2015-05-26,0.00020617562071931672,0.00020617562071931672
2015-05-27,-0.0007360764576943802,-0.0007360764576943802
2015-05-28,-0.004937744225523312,-0.004937744225523312
2015-05-29,-0.00021447764816972647,-0.00021447764816972647
2015-06-01,-0.0002560642583634841,-0.0002560642583634841
2015-06-02,-0.00019222676547671347,-0.00019222676547671347
2015-06-03,-0.0014093461445431475,-0.0014093461445431475
2015-06-04,-0.0002674752012136887,-0.0002674752012136887
2015-06-05,-0.0022472119505481257,-0.0022472119505481257
2015-06-08,-0.0013425655269982272,-0.0013425655269982272
2015-06-09,-0.00090896736131306,-0.00090896736131306
2015-06-10,0.001382493677890742,0.001382493677890742
2015-06-11,0.002738326955556688,0.002738326955556688
2015-06-12,0.0011733289329717144,0.0011733289329717144
2015-06-15,0.0002218472288120908,0.0002218472288120908
2015-06-16,0.0007298895068603563,0.0007298895068603563
2015-06-17,-0.00153758820616938,-0.00153758820616938
2015-06-18,0.002551732187314206,0.002551732187314206
2015-06-19,0.00023588450007798402,0.00023588450007798402
2015-06-22,-0.00072591023742262,-0.00072591023742262
2015-06-23,0.0031664143569727766,0.0031664143569727766
2015-06-24,-0.001079244591602455,-0.001079244591602455
2015-06-25,0.00041467306950630735,0.00041467306950630735
2015-06-26,0.0011971263342967354,0.0011971263342967354
2015-06-29,-0.0022613105365371505,-0.0022613105365371505
2015-06-30,0.003270800481875099,0.003270800481875099
2015-07-01,0.0015771998738256907,0.0015771998738256907
2015-07-02,-0.0020877899673917458,-0.0020877899673917458
2015-07-03,-0.0024737855318251343,-0.0024737855318251343
2015-07-06,0.00024414552615227277,0.00024414552615227277
2015-07-07,-0.0008769493982300649,-0.0008769493982300649
2015-07-08,-0.003832813174416044,-0.003832813174416044
2015-07-09,0.0011922890902860525,0.0011922890902860525
2015-07-10,-0.0006348631438340027,-0.0006348631438340027
2015-07-13,0.0026599213011081865,0.0026599213011081865
2015-07-14,0.003578184136935236,0.003578184136935236
2015-07-15,0.0027353563278997126,0.0027353563278997126
2015-07-16,0.00320503403547413,0.00320503403547413
2015-07-17,-8.277797799237678e-05,-8.277797799237678e-05
2015-07-20,-0.00013970753924448816,-0.00013970753924448816
2015-07-21,-0.0020132992247201722,-0.0020132992247201722
2015-07-22,0.0014616691747987407,0.0014616691747987407
2015-07-23,-0.003979345810810265,-0.003979345810810265
2015-07-24,-0.0018409921602631943,-0.0018409921602631943
2015-07-27,-0.002054497785045867,-0.002054497785045867
2015-07-28,0.0016689003579645864,0.0016689003579645864
2015-07-29,0.00045416316372469097,0.00045416316372469097
2015-07-30,0.0020497563324613052,0.0020497563324613052
2015-07-31,0.002106589111849949,0.002106589111849949
2015-08-03,0.0006134419611154081,0.0005009419611154082
2015-08-04,0.0011718235458216047,0.0011718235458216047
2015-08-05,-0.0010805751461779249,-0.0010805751461779249
2015-08-06,-0.0030824508552674485,-0.0030824508552674485
2015-08-07,0.00028571670646510624,0.00028571670646510624
2015-08-10,-0.0028817404045243457,-0.0028817404045243457
2015-08-11,0.00020515790071632474,0.00020515790071632474
2015-08-12,-0.0028954336474040993,-0.0028954336474040993
2015-08-13,0.0015131655777855307,0.0015131655777855307
2015-08-14,0.002771987766080986,0.002771987766080986
2015-08-17,-0.0010038225007036822,-0.0010038225007036822
2015-08-18,0.0017963676682302761,0.0017963676682302761
2015-08-19,0.0005149939755355386,0.0005149939755355386
2015-08-20,-0.002485358447178198,-0.002485358447178198
2015-08-21,0.002823462569215347,0.002823462569215347
2015-08-24,0.003927677047850277,0.003927677047850277
2015-08-25,0.001504935761843496,0.001504935761843496
2015-08-26,-0.002900866478309748,-0.002900866478309748
2015-08-27,-0.0030995170612945428,-0.0030995170612945428
2015-08-28,0.0011424975700021552,0.0011424975700021552
2015-08-31,-0.0025327527130807265,-0.0025327527130807265
2015-09-01,0.0039886945191078445,0.003938694519107845
2015-09-02,-0.0015332308861442765,-0.0015332308861442765
2015-09-03,-0.0011155773148132484,-0.0011155773148132484
2015-09-04,0.002526999316221679,0.002526999316221679
2015-09-07,0.0012473922988868072,0.0012473922988868072
2015-09-08,-0.001318424055860201,-0.001318424055860201
2015-09-09,0.0003913016600504862,0.0003913016600504862
2015-09-10,-0.00018462902010911138,-0.00018462902010911138
2015-09-11,-1.8182543723277065e-05,-1.8182543723277065e-05
2015-09-14,0.0006316970564300864,0.0006316970564300864
2015-09-15,-0.0016161003965071527,-0.0016161003965071527
2015-09-16,0.0012018819648324415,0.0012018819648324415
2015-09-17,0.0019444460683516076,0.0019444460683516076
2015-09-18,0.0002850329035193502,0.0002850329035193502
2015-09-21,-0.0008006154722068446,-0.0008006154722068446
2015-09-22,-0.0011664271376404629,-0.0011664271376404629
2015-09-23,-0.0009282094214146772,-0.0009282094214146772
2015-09-24,-0.00023081204115175632,-0.00023081204115175632
2015-09-25,-0.0007732365422109085,-0.0007732365422109085
2015-09-28,0.0016758426946874463,0.0016758426946874463
2015-09-29,0.00025217137268983595,0.00025217137268983595
2015-09-30,-0.0024569466565037665,-0.0024569466565037665
2015-10-01,-0.000985546847907845,-0.000985546847907845
2015-10-02,-0.0009626384943752925,-0.0009626384943752925
2015-10-05,-0.003208874498200051,-0.003208874498200051
2015-10-06,0.0008867737247137548,0.0008867737247137548
2015-10-07,0.0025513702471595817,0.0025513702471595817
2015-10-08,-0.0007192380860455844,-0.0007192380860455844
2015-10-09,-0.0019127018255443023,-0.0019127018255443023
2015-10-12,0.001769632306495808,0.001769632306495808
2015-10-13,-0.0005591024821484242,-0.0005591024821484242
2015-10-14,0.0036152813090028347,0.0036152813090028347
2015-10-15,-0.0018898482396615263,-0.0018898482396615263
2015-10-16,0.00023383008803680438,0.00023383008803680438
2015-10-19,0.0020572752377055886,0.0020572752377055886
2015-10-20,-0.0016098297342066331,-0.0016098297342066331
2015-10-21,0.0023217413173146767,0.0023217413173146767
2015-10-22,-0.0033076109085066335,-0.0033076109085066335
2015-10-23,-0.0007141954233425146,-0.0007141954233425146
2015-10-26,0.001069068624237987,0.001069068624237987
2015-10-27,0.002411716885260387,0.002411716885260387
2015-10-28,-0.0029540939169804964,-0.0029540939169804964
2015-10-29,-4.4652369078315604e-05,-4.4652369078315604e-05
2015-10-30,0.0013253852848201931,0.0013253852848201931
2015-11-02,-0.0005032432586248514,-0.0005032432586248514
2015-11-03,-0.0012587043450521184,-0.0012587043450521184
2015-11-04,0.00044301537259525776,0.00044301537259525776
2015-11-05,-0.0031596868969710136,-0.0031596868969710136
2015-11-06,-0.0031467262823240074,-0.0031467262823240074
2015-11-09,0.0007797977529888158,0.0007797977529888158
2015-11-10,0.00020363751617764165,0.00020363751617764165
2015-11-11,0.0019217327010709671,0.0019217327010709671
2015-11-12,0.00110430694544595,0.00110430694544595
2015-11-13,0.0008410549928192302,0.0008410549928192302
2015-11-16,-0.0018681414768932304,-0.0018681414768932304
2015-11-17,-0.0003483557802336434,-0.0003483557802336434
2015-11-18,-0.00019506865164502945,-0.00019506865164502945
2015-11-19,0.0019754927727208336,0.0019754927727208336
2015-11-20,-0.0004855588694540546,-0.0004855588694540546
2015-11-23,-0.0009093753341473875,-0.0009093753341473875
2015-11-24,-0.0009512112381594374,-0.0009512112381594374
2015-11-25,0.0001576244019587459,0.0001576244019587459
2015-11-26,-0.0003515898559163721,-0.0003515898559163721
2015-11-27,-4.205559977176637e-05,-4.205559977176637e-05
2015-11-30,-0.0007976669835102689,-0.0007976669835102689
2015-12-01,0.0011373276937647855,0.0011373276937647855
2015-12-02,-0.0029993803432404632,-0.0029993803432404632
2015-12-03,0.004251310768059732,0.004251310768059732
2015-12-04,-0.0006976888867671097,-0.0006976888867671097
2015-12-07,0.0010320152518344082,0.0010320152518344082
2015-12-08,0.0013895987987134167,0.0013895987987134167
2015-12-09,0.005130533330425926,0.005130533330425926
2015-12-10,0.0008139358359883183,0.0008139358359883183
2015-12-11,0.00419124816675184,0.00419124816675184
2015-12-14,-0.0012049195313271791,-0.0012049195313271791
2015-12-15,-0.0031124956738689293,-0.0031124956738689293
2015-12-16,-0.0015933930511073983,-0.0015933930511073983
2015-12-17,0.0016469420135491984,0.0016469420135491984
2015-12-18,0.002382389788294661,0.002382389788294661
2015-12-21,0.00010505179696365296,0.00010505179696365296
2015-12-22,-0.0014614546528747034,-0.0014614546528747034
2015-12-23,-0.00010606493211687642,-0.00010606493211687642
2015-12-24,0.0017629506538314706,0.0017629506538314706
2015-12-25,0.00034077926346883967,0.00034077926346883967
2015-12-28,0.00014299431683539496,0.00014299431683539496
2015-12-29,-0.0026584613167791628,-0.0026584613167791628
2015-12-30,0.0007960308766421472,0.0007960308766421472
2015-12-31,-0.0005305726329636366,-0.0005305726329636366
2016-01-01,-0.0007054439478934396,-0.0007054439478934396
2016-01-04,0.002619999365264516,0.002619999365264516
2016-01-05,0.0009707288923183531,0.0009707288923183531
2016-01-06,0.0017750762362025072,0.0017750762362025072
2016-01-07,0.0028129930115021367,0.0028129930115021367
2016-01-08,0.0006866326947074419,0.0006866326947074419
2016-01-11,-0.00022254269188238596,-0.00022254269188238596
2016-01-12,-0.0016563150299129614,-0.0016563150299129614
2016-01-13,0.00205058663079379,0.00205058663079379
2016-01-14,-0.0014384516809846182,-0.0014384516809846182
2016-01-15,0.003979388750140941,0.003979388750140941
2016-01-18,-0.0017859297416369469,-0.0017859297416369469
2016-01-19,-0.0013074632187038504,-0.0013074632187038504
2016-01-20,-0.0003160511250602882,-0.0003160511250602882
2016-01-21,-0.004717370015466385,-0.004717370015466385
2016-01-22,-0.003072426178818181,-0.003072426178818181
2016-01-25,0.003171158429690587,0.003171158429690587
2016-01-26,-0.0016795839150535543,-0.0016795839150535543
2016-01-27,-0.0022356467609811557,-0.0022356467609811557
2016-01-28,-7.064011677782945e-05,-7.064011677782945e-05
2016-01-29,-0.008183352301817087,-0.008183352301817087
2016-02-01,0.0038113502046493854,0.0038113502046493854
2016-02-02,0.0036797896784099417,0.0036797896784099417
2016-02-03,0.0019548006094143727,0.0019548006094143727
2016-02-04,0.0018640033334558904,0.0018640033334558904
2016-02-05,0.0009572483950528036,0.0009572483950528036
2016-02-08,0.0021836933379234947,0.0021836933379234947
2016-02-09,0.0007945990677167416,0.0007945990677167416
2016-02-10,0.005967781773110596,0.005967781773110596
2016-02-11,0.0007829308917289416,0.0007829308917289416
2016-02-12,-0.0034209591397025424,-0.0034209591397025424
2016-02-15,-0.002718394454620868,-0.002718394454620868
2016-02-16,-0.0013762263384612815,-0.0013762263384612815
2016-02-17,-0.004216719243855874,-0.004216719243855874
2016-02-18,0.004259012026407674,0.004259012026407674
2016-02-19,0.0014334043433659877,0.0014334043433659877
2016-02-22,-0.00469913231413939,-0.00469913231413939
2016-02-23,0.0017474538758644601,0.0017474538758644601
2016-02-24,-0.0036975727425898747,-0.0036975727425898747
2016-02-25,-0.004508533390477201,-0.004508533390477201
2016-02-26,-0.003016943457023955,-0.003016943457023955
2016-02-29,0.0037160517820887386,0.0037160517820887386
2016-03-01,-9.680556528409053e-06,-0.00012218055652840905
2016-03-02,0.005849245046433342,0.005849245046433342
2016-03-03,0.0036509124347902195,0.0036509124347902195
2016-03-04,0.001130008462707092,0.001130008462707092
2016-03-07,0.001716999020239261,0.001716999020239261
2016-03-08,0.0006095102826720136,0.0006095102826720136
2016-03-09,-0.001912872705435655,-0.001912872705435655
2016-03-10,0.0028421910621979165,0.0028421910621979165
2016-03-11,0.0031036718018202054,0.0031036718018202054
2016-03-14,-0.0023750473132374455,-0.0023750473132374455
2016-03-15,-0.002574916438716564,-0.002574916438716564
2016-03-16,0.00012068896443407761,0.00012068896443407761
2016-03-17,0.004816069824373085,0.004816069824373085
2016-03-18,-0.0006705870219068286,-0.0006705870219068286
2016-03-21,-0.0016436755765433428,-0.0016436755765433428
2016-03-22,-0.0017060621358814714,-0.0017060621358814714
2016-03-23,-0.0016606846391404766,-0.0016606846391404766
2016-03-24,0.0007981893552369925,0.0007981893552369925
2016-03-25,-0.0002767486105395754,-0.0002767486105395754
2016-03-28,0.0022440730147444505,0.0022440730147444505
2016-03-29,0.0028075149443386556,0.0028075149443386556
2016-03-30,-0.001160919672294388,-0.001160919672294388
2016-03-31,0.0004539820774441352,0.0004539820774441352
2016-04-01,-0.0016255802381390401,-0.0016255802381390401
2016-04-04,-0.000734016104202528,-0.000734016104202528
2016-04-05,-0.002426503802100843,-0.002426503802100843
2016-04-06,0.0007354700950204633,0.0007354700950204633
2016-04-07,-0.003498071892552762,-0.003498071892552762
2016-04-08,-5.915117113476859e-05,-5.915117113476859e-05
2016-04-11,0.001490696088574534,0.001490696088574534
2016-04-12,0.0008437598515308293,0.0008437598515308293
2016-04-13,-0.0010611942853051722,-0.0010611942853051722
2016-04-14,0.000716021249241095,0.000716021249241095
2016-04-15,0.0014289335933495967,0.0014289335933495967
2016-04-18,0.0023064601493399516,0.0023064601493399516
2016-04-19,0.001151890941169254,0.001151890941169254
2016-04-20,-0.00168331172154561,-0.00168331172154561
2016-04-21,-0.00060074403569309,-0.00060074403569309
2016-04-22,7.748498090491334e-05,7.748498090491334e-05
2016-04-25,0.0010815684588560807,0.0010815684588560807
2016-04-26,0.0011782429715948399,0.0011782429715948399
2016-04-27,-0.0057040633130454755,-0.0057040633130454755
2016-04-28,0.0015890652459839398,0.0015890652459839398
2016-04-29,-0.0008797350783710406,-0.0008797350783710406
2016-05-02,0.002342687459077166,0.002342687459077166
2016-05-03,-0.003886387139903922,-0.003886387139903922
2016-05-04,0.0013648687121039968,0.0013648687121039968
2016-05-05,-0.0001267027041618277,-0.0001267027041618277
2016-05-06,-0.0029103414726087498,-0.0029103414726087498
2016-05-09,-0.0017088416442673877,-0.0017088416442673877
2016-05-10,0.0017756024353951147,0.0017756024353951147
2016-05-11,-0.0018171995964850565,-0.0018171995964850565
2016-05-12,-0.0015889915341218233,-0.0015889915341218233
2016-05-13,-0.0009035518910060305,-0.0009035518910060305
2016-05-16,0.0010929046135218687,0.0010929046135218687
2016-05-17,0.001260050400974507,0.001260050400974507
2016-05-18,0.001669916097113107,0.001669916097113107
2016-05-19,0.0014891349852685551,0.0014891349852685551
2016-05-20,-0.001294604671175518,-0.001294604671175518
2016-05-23,0.00011850268728518442,0.00011850268728518442
2016-05-24,0.0007417720006900516,0.0007417720006900516
2016-05-25,-0.00039589211838815053,-0.00039589211838815053
2016-05-26,-0.0003062728237102167,-0.0003062728237102167
2016-05-27,-0.000696368351830188,-0.000696368351830188
2016-05-30,0.0003858387971005425,0.0003858387971005425
2016-05-31,-0.0004300691361876866,-0.0004300691361876866
2016-06-01,-0.0006416243418348987,-0.0006416243418348987
2016-06-02,-0.0005158269081262911,-0.0005158269081262911
2016-06-03,0.0010733021380688618,0.0010733021380688618
2016-06-06,-0.0005820450129881117,-0.0005820450129881117
2016-06-07,0.002817984846904405,0.002817984846904405
2016-06-08,-0.00013621407184557827,-0.00013621407184557827
2016-06-09,-0.002700406849629076,-0.002700406849629076
2016-06-10,-0.005137349699513126,-0.005137349699513126
2016-06-13,0.0014686331417680964,0.0014686331417680964
2016-06-14,-0.0016613943039975021,-0.0016613943039975021
2016-06-15,0.004253424441139244,0.004253424441139244
2016-06-16,0.0009668732911622147,0.0009668732911622147
2016-06-17,0.005241602908970468,0.005241602908970468
2016-06-20,0.0015774140460995422,0.0015774140460995422
2016-06-21,-0.0002298709031792167,-0.0002298709031792167
2016-06-22,0.004307934732546261,0.004307934732546261
2016-06-23,-0.002849325525507094,-0.002849325525507094
2016-06-24,-0.0187679318793903,-0.0187679318793903
2016-06-27,-0.005623438609982987,-0.005623438609982987
2016-06-28,0.002940083201733031,0.002940083201733031
2016-06-29,0.0027245430084482398,0.0027245430084482398
2016-06-30,-0.0027803870589705165,-0.0027803870589705165
2016-07-01,-0.0011174556779603713,-0.0011174556779603713
2016-07-04,0.0011991143058392448,0.0011991143058392448
2016-07-05,-0.006226766906628489,-0.006226766906628489
2016-07-06,0.0010381687031174318,0.0010381687031174318
2016-07-07,-0.00029443003403534197,-0.00029443003403534197
2016-07-08,0.0036987118557450798,0.0036987118557450798
2016-07-11,0.0014857349735948049,0.0014857349735948049
2016-07-12,0.006733844813153644,0.006733844813153644
2016-07-13,-0.004870345456301828,-0.004870345456301828
2016-07-14,0.0038889477513167907,0.0038889477513167907
2016-07-15,-0.0022627441248213305,-0.0022627441248213305
2016-07-18,0.0002850358261280443,0.0002850358261280443
2016-07-19,-0.003921628820005574,-0.003921628820005574
2016-07-20,0.002574757615444068,0.002574757615444068
2016-07-21,0.0009721304482597786,0.0009721304482597786
2016-07-22,-0.0020290277948111775,-0.0020290277948111775
2016-07-25,0.0012603781604387247,0.0012603781604387247
2016-07-26,0.0013281714974650864,0.0013281714974650864
2016-07-27,0.0009333662710394323,0.0009333662710394323
2016-07-28,-0.0013051699049067551,-0.0013051699049067551
2016-07-29,0.0017720803518460064,0.0017720803518460064
2016-08-01,-0.0013025174705280525,-0.0013025174705280525
2016-08-02,0.0049460597053733015,0.0049460597053733015
2016-08-03,-0.0011814410385352246,-0.0011814410385352246
2016-08-04,-0.003111733422139706,-0.003111733422139706
2016-08-05,0.0014183144309204254,0.0014183144309204254
2016-08-08,0.00012198758454224924,0.00012198758454224924
2016-08-09,-0.001072817688590094,-0.001072817688590094
2016-08-10,0.000759893286710678,0.000759893286710678
2016-08-11,-0.0032558398684800925,-0.0032558398684800925
2016-08-12,-0.0026304925038175995,-0.0026304925038175995
2016-08-15,-0.0004587296815625084,-0.0004587296815625084
2016-08-16,0.0024856038650404146,0.0024856038650404146
2016-08-17,-0.0013449905428165763,-0.0013449905428165763
2016-08-18,0.0014929382053657906,0.0014929382053657906
2016-08-19,-0.0021249308415645816,-0.0021249308415645816
2016-08-22,0.0032261479753067203,0.0032261479753067203
2016-08-23,0.00020184527835971367,0.00020184527835971367
2016-08-24,0.0008532845749159414,0.0008532845749159414
2016-08-25,-0.0006402474438541748,-0.0006402474438541748
2016-08-26,-0.0018958985128478992,-0.0018958985128478992
2016-08-29,0.0006225103997904548,0.0006225103997904548
2016-08-30,-0.0005935860509167386,-0.0005935860509167386
2016-08-31,0.001109486781381075,0.001109486781381075
2016-09-01,0.0035019294494565124,0.0035019294494565124
2016-09-02,-0.0011380297550305802,-0.0011380297550305802
2016-09-05,5.7999424299652255e-05,5.7999424299652255e-05
2016-09-06,0.003543879476114868,0.003543879476114868
2016-09-07,-0.0014345195886852923,-0.0014345195886852923
2016-09-08,-0.0003810563219486827,-0.0003810563219486827
2016-09-09,-0.0016828988172731007,-0.0016828988172731007
2016-09-12,0.0016352002527637278,0.0016352002527637278
2016-09-13,-0.003476755523787347,-0.003476755523787347
2016-09-14,0.002447250176697,0.002447250176697
2016-09-15,7.1272840875989e-05,7.1272840875989e-05
2016-09-16,-0.003979331358228312,-0.003979331358228312
2016-09-19,0.0018027301985585312,0.0018027301985585312
2016-09-20,-0.0008300436864819036,-0.0008300436864819036
2016-09-21,0.0015662657429142393,0.0015662657429142393
2016-09-22,0.0008623908380116764,0.0008623908380116764
2016-09-23,-0.0011471770114614165,-0.0011471770114614165
2016-09-26,0.0018544245939096909,0.0018544245939096909
2016-09-27,0.0016304140083386021,0.0016304140083386021
2016-09-28,-0.0013844555506337419,-0.0013844555506337419
2016-09-29,-0.0018922652885354238,-0.0018922652885354238
2016-09-30,-0.00047186307169910986,-0.00047186307169910986
2016-10-03,-0.0005312018487845802,-0.0005312018487845802
2016-10-04,-0.0031689612206260995,-0.0031689612206260995
2016-10-05,0.0005055146741618489,0.0005055146741618489
2016-10-06,-0.007585917596265481,-0.007585917596265481
2016-10-07,0.001977837801267728,0.001977837801267728
2016-10-10,-0.0034650726333895774,-0.0034650726333895774
2016-10-11,-0.001297330876530779,-0.001297330876530779
2016-10-12,-0.0011274598433257687,-0.0011274598433257687
2016-10-13,-0.0004755633347169894,-0.0004755633347169894
2016-10-14,-0.0008477038765138953,-0.0008477038765138953
2016-10-17,0.001682355699996334,0.001682355699996334
2016-10-18,0.002743933918884166,0.002743933918884166
2016-10-19,0.0018668631580577846,0.0018668631580577846
2016-10-20,-0.0018962827909768953,-0.0018962827909768953
2016-10-21,0.000622772004493315,0.000622772004493315
2016-10-24,-0.00036502778063657413,-0.00036502778063657413
2016-10-25,0.0010683202326314803,0.0010683202326314803
2016-10-26,0.0016237074076430038,0.0016237074076430038
2016-10-27,-0.003003176442172296,-0.003003176442172296
2016-10-28,0.001465899586737345,0.001465899586737345
2016-10-31,0.0010551810426354382,0.0010551810426354382
2016-11-01,-0.0004464759646169831,-0.000558975964616983
2016-11-02,-8.272881972549778e-05,-8.272881972549778e-05
2016-11-03,0.0036176592521205576,0.0036176592521205576
2016-11-04,0.0029622008620979355,0.0029622008620979355
2016-11-07,0.00015001859572976112,0.00015001859572976112
2016-11-08,0.0020467881192073483,0.0020467881192073483
2016-11-09,-0.0004922726292243664,-0.0004922726292243664
2016-11-10,0.003718787446590338,0.003718787446590338
2016-11-11,-0.0014864413857646037,-0.0014864413857646037
2016-11-14,0.0027823982117641975,0.0027823982117641975
2016-11-15,8.321507090762697e-05,8.321507090762697e-05
2016-11-16,-0.002794810626209382,-0.002794810626209382
2016-11-17,-0.0004753947761827306,-0.0004753947761827306
2016-11-18,-0.0026123933036295956,-0.0026123933036295956
2016-11-21,0.00454769162155118,0.00454769162155118
2016-11-22,0.0005505187678434159,0.0005505187678434159
2016-11-23,0.0025512929582735154,0.0025512929582735154
2016-11-24,0.0034135323427363245,0.0034135323427363245
2016-11-25,0.00014046507393299318,0.00014046507393299318
2016-11-28,-0.0018686048140449222,-0.0018686048140449222
2016-11-29,0.0030469257301148516,0.0030469257301148516
2016-11-30,0.0022623625699223653,0.0022623625699223653
2016-12-01,0.0008435054706599184,0.0008435054706599184
2016-12-02,0.0014403048977990017,0.0014403048977990017
2016-12-05,0.0030248788921896884,0.0030248788921896884
2016-12-06,-0.0007752872505618385,-0.0007752872505618385
2016-12-07,-0.0011154267451733738,-0.0011154267451733738
2016-12-08,-0.0009310042715209612,-0.0009310042715209612
2016-12-09,0.0028162020926009966,0.0028162020926009966
2016-12-12,0.0023262778884620937,0.0023262778884620937
2016-12-13,0.0001478132547326169,0.0001478132547326169
2016-12-14,-0.0009379625066309495,-0.0009379625066309495
2016-12-15,-0.0015075282121850032,-0.0015075282121850032
2016-12-16,-0.002234561719692083,-0.002234561719692083
2016-12-19,-0.004948212752644985,-0.004948212752644985
2016-12-20,0.0019436468255845626,0.0019436468255845626
2016-12-21,-0.0019545622179678347,-0.0019545622179678347
2016-12-22,-0.002001822171097904,-0.002001822171097904
2016-12-23,-0.0018608759812358579,-0.0018608759812358579
2016-12-26,-0.0004616414829617424,-0.0004616414829617424
2016-12-27,0.0009861255163476042,0.0009861255163476042
2016-12-28,-0.002078852216331643,-0.002078852216331643
2016-12-29,0.0012879448468635331,0.0012879448468635331
2016-12-30,0.0015233922565520103,0.0015233922565520103
2017-01-02,-0.0002968288553353575,-0.0002968288553353575
2017-01-03,0.0007693948999611117,0.0007693948999611117
2017-01-04,0.0024843699159367567,0.0024843699159367567
2017-01-05,-0.00017140805174906213,-0.00017140805174906213
2017-01-06,-0.0001059984953039059,-0.0001059984953039059
2017-01-09,-0.0026201947512475014,-0.0026201947512475014
2017-01-10,-0.00015830208314457418,-0.00015830208314457418
2017-01-11,0.002070655418822536,0.002070655418822536
2017-01-12,-0.0005492009746093933,-0.0005492009746093933
2017-01-13,-0.003213807624622895,-0.003213807624622895
2017-01-16,-0.000956382369615289,-0.000956382369615289
2017-01-17,0.007033722690952758,0.007033722690952758
2017-01-18,0.00022037822092887873,0.00022037822092887873
2017-01-19,0.004001227371497718,0.004001227371497718
2017-01-20,-0.001320197743698987,-0.001320197743698987
2017-01-23,0.000681135668194637,0.000681135668194637
2017-01-24,0.003000595407793904,0.003000595407793904
2017-01-25,0.00021975183104097564,0.00021975183104097564
2017-01-26,0.0004735627317671849,0.0004735627317671849
2017-01-27,0.0010743521601248025,0.0010743521601248025
2017-01-30,-0.0036411744902409286,-0.0036411744902409286
2017-01-31,0.00030332722522560763,0.00030332722522560763
2017-02-01,0.00243931652250074,0.00231431652250074
2017-02-02,-0.003592165914415462,-0.003592165914415462
2017-02-03,-0.000816100884610837,-0.000816100884610837
2017-02-06,-0.0034040164529922307,-0.0034040164529922307
2017-02-07,-0.00020173104066505913,-0.00020173104066505913
2017-02-08,0.0005105617695006842,0.0005105617695006842
2017-02-09,0.002955039486554629,0.002955039486554629
2017-02-10,0.0010727774244491178,0.0010727774244491178
2017-02-13,0.001194733564411638,0.001194733564411638
2017-02-14,7.32201360943766e-05,7.32201360943766e-05
2017-02-15,-0.00016888558638641308,-0.00016888558638641308
2017-02-16,-0.0015222228123556666,-0.0015222228123556666
2017-02-17,-0.0022255407058993587,-0.0022255407058993587
2017-02-20,0.0012832825635827388,0.0012832825635827388
2017-02-21,0.0003481416132180065,0.0003481416132180065
2017-02-22,-0.0015695357847929853,-0.0015695357847929853
2017-02-23,0.0016502888488623196,0.0016502888488623196
2017-02-24,-0.004572359541823189,-0.004572359541823189
2017-02-27,0.0007543407783166592,0.0007543407783166592
2017-02-28,-0.002854888968402352,-0.002854888968402352
2017-03-01,-0.0005965433937306064,-0.0005965433937306064
2017-03-02,-0.00022767468143283613,-0.00022767468143283613
2017-03-03,-0.0003678617668029776,-0.0003678617668029776
2017-03-06,-0.0013737015373177213,-0.0013737015373177213
2017-03-07,-0.000936039271029086,-0.000936039271029086
2017-03-08,-0.0009022211677880681,-0.0009022211677880681
2017-03-09,0.000814817496957056,0.000814817496957056
2017-03-10,0.00027578169727307707,0.00027578169727307707
2017-03-13,0.001243465979306609,0.001243465979306609
2017-03-14,-0.0019485915281366156,-0.0019485915281366156
2017-03-15,0.0031250290043396156,0.0031250290043396156
2017-03-16,0.0007380353157577253,0.0007380353157577253
2017-03-17,-0.0009911122094307095,-0.0009911122094307095
2017-03-20,-0.0006666213938721893,-0.0006666213938721893
2017-03-21,-0.00035072493550994177,-0.00035072493550994177
2017-03-22,-3.9651334013427895e-05,-3.9651334013427895e-05
2017-03-23,-0.00025437781741882536,-0.00025437781741882536
2017-03-24,-0.0006548700654610811,-0.0006548700654610811
2017-03-27,0.00015904591017210264,0.00015904591017210264
2017-03-28,-0.001484952140709315,-0.001484952140709315
2017-03-29,0.0010859324145940947,0.0010859324145940947
2017-03-30,0.0021332261620481147,0.0021332261620481147
2017-03-31,0.00022863894111227646,0.00022863894111227646
2017-04-03,-0.0033226704706456386,-0.0033226704706456386
2017-04-04,-0.0009681110718282092,-0.0009681110718282092
2017-04-05,-0.0007633080646431477,-0.0007633080646431477
2017-04-06,0.001055961791912774,0.001055961791912774
2017-04-07,-0.0009251867071954133,-0.0009251867071954133
2017-04-10,0.0014475079742258202,0.0014475079742258202
2017-04-11,-0.0012658316065558893,-0.0012658316065558893
2017-04-12,0.0011456564792295622,0.0011456564792295622
2017-04-13,-0.0021560264174379003,-0.0021560264174379003
2017-04-14,-0.000800995562336598,-0.000800995562336598
2017-04-17,0.0020361499943387044,0.0020361499943387044
2017-04-18,0.0033233878845348123,0.0033233878845348123
2017-04-19,-0.002409526069438483,-0.002409526069438483
2017-04-20,0.0017562755479505145,0.0017562755479505145
2017-04-21,0.0017189939496970953,0.0017189939496970953
2017-04-24,-0.00295979000192762,-0.00295979000192762
2017-04-25,0.003832773593720579,0.003832773593720579
2017-04-26,-0.00020580286176236627,-0.00020580286176236627
2017-04-27,0.0008041897007470212,0.0008041897007470212
2017-04-28,0.0006471371083784318,0.0006471371083784318
2017-05-01,-6.805260805519862e-05,-6.805260805519862e-05
2017-05-02,0.0005711105179092605,0.0005711105179092605
2017-05-03,8.738045691231546e-05,8.738045691231546e-05
2017-05-04,5.06243141618107e-05,5.06243141618107e-05
2017-05-05,0.0025640271639585967,0.0025640271639585967
2017-05-08,0.00036856459317261394,0.00036856459317261394
2017-05-09,0.0008880023436118639,0.0008880023436118639
2017-05-10,0.0009690765433478005,0.0009690765433478005
2017-05-11,-0.0017678784040979464,-0.0017678784040979464
2017-05-12,-0.0015311769471955355,-0.0015311769471955355
2017-05-15,0.002762831926633295,0.002762831926633295
2017-05-16,-0.0016323582611130166,-0.0016323582611130166
2017-05-17,-0.0020989849682801444,-0.0020989849682801444
2017-05-18,0.00030450135955887133,0.00030450135955887133
2017-05-19,0.002376728392748277,0.002376728392748277
2017-05-22,-0.0007610885471381018,-0.0007610885471381018
2017-05-23,0.0011125216189166213,0.0011125216189166213
2017-05-24,0.001490274147132518,0.001490274147132518
2017-05-25,-0.0017603872897237987,-0.0017603872897237987
2017-05-26,-0.0028073410680627096,-0.0028073410680627096
2017-05-29,-0.0005619116158976606,-0.0005619116158976606
2017-05-30,-0.0007960656937892568,-0.0007960656937892568
2017-05-31,0.000822536257386795,0.000822536257386795
2017-06-01,0.0011888756789712736,0.0009638756789712736
2017-06-02,-0.0005991458239406895,-0.0005991458239406895
2017-06-05,-0.0018057911944337483,-0.0018057911944337483
2017-06-06,-0.000468780315067891,-0.000468780315067891
2017-06-07,-0.00039121978066217265,-0.00039121978066217265
2017-06-08,-0.005748610094542695,-0.005748610094542695
2017-06-09,0.0006129904961243153,0.0006129904961243153
2017-06-12,-0.0021046142763464235,-0.0021046142763464235
2017-06-13,0.0021682556111020925,0.0021682556111020925
2017-06-14,-0.0014866981194767432,-0.0014866981194767432
2017-06-15,-0.0013740889315382039,-0.0013740889315382039
2017-06-16,0.0005809014626320934,0.0005809014626320934
2017-06-19,-0.0014068379037128773,-0.0014068379037128773
2017-06-20,-0.0016391249888366714,-0.0016391249888366714
2017-06-21,0.002337612887134771,0.002337612887134771
2017-06-22,-6.336042671328872e-05,-6.336042671328872e-05
2017-06-23,0.0014928349543863175,0.0014928349543863175
2017-06-26,-0.001290754418975832,-0.001290754418975832
2017-06-27,0.005109628417841821,0.005109628417841821
2017-06-28,0.0018148110231841204,0.0018148110231841204
2017-06-29,0.00099963115414095,0.00099963115414095
2017-06-30,-0.00043351225812896026,-0.00043351225812896026
2017-07-03,-0.001743435540517459,-0.001743435540517459
2017-07-04,0.0012224977133840004,0.0012224977133840004
2017-07-05,-1.6182865881515958e-05,-1.6182865881515958e-05
2017-07-06,0.00319028465627693,0.00319028465627693
2017-07-07,-0.002910532384500765,-0.002910532384500765
2017-07-10,-0.00021926392463334648,-0.00021926392463334648
2017-07-12,-0.0018793432233219012,-0.0018793432233219012
2017-07-13,-0.001318512269222978,-0.001318512269222978
2017-07-14,0.0019718041362117513,0.0019718041362117513
2017-07-17,-6.910843440744601e-05,-6.910843440744601e-05
2017-07-18,-0.0027473325211385476,-0.0027473325211385476
2017-07-19,-0.0019278907956867058,-0.0019278907956867058
2017-07-20,0.0012426493124213995,0.0012426493124213995
2017-07-21,0.002576453404214328,0.002576453404214328
2017-07-24,-0.0005162861449386285,-0.0005162861449386285
2017-07-25,-0.00013084213221940135,-0.00013084213221940135
2017-07-26,0.001310208408169998,0.001310208408169998
2017-07-27,-0.0007645055985482723,-0.0007645055985482723
2017-07-28,0.0021420030402832455,0.0021420030402832455
2017-07-31,0.002165406201775931,0.002165406201775931
2017-08-01,0.0012689555446594582,0.0012689555446594582
2017-08-02,0.001229470441862931,0.001229470441862931
2017-08-03,-0.0010576802416357865,-0.0010576802416357865
2017-08-04,-0.003204633548909666,-0.003204633548909666
2017-08-07,0.0007174456494076633,0.0007174456494076633
2017-08-08,-0.0014189088981021586,-0.0014189088981021586
2017-08-09,0.0008651915940261348,0.0008651915940261348
2017-08-10,0.0002312471816689612,0.0002312471816689612
2017-08-11,0.000514896137791251,0.000514896137791251
2017-08-14,-0.00026885204649028426,-0.00026885204649028426
2017-08-15,-0.0017746260386932305,-0.0017746260386932305
2017-08-16,-0.0022401949174159635,-0.0022401949174159635
2017-08-17,-4.301117884496393e-07,-4.301117884496393e-07
2017-08-18,-0.0006512627860574415,-0.0006512627860574415
2017-08-21,0.0013081758217794305,0.0013081758217794305
2017-08-22,-0.001750403123121122,-0.001750403123121122
2017-08-23,0.000810695058987412,0.000810695058987412
2017-08-24,5.347138676572668e-06,5.347138676572668e-06
2017-08-25,0.0038377762232560814,0.0038377762232560814
2017-08-28,0.001150045518850853,0.001150045518850853
2017-08-29,-0.0009162332799389637,-0.0009162332799389637
2017-08-30,-0.0001929879692160884,-0.0001929879692160884
2017-08-31,-0.0002969260627023883,-0.0002969260627023883
2017-09-01,-0.0009436729986632777,-0.0009436729986632777
2017-09-04,9.553101950268792e-06,9.553101950268792e-06
2017-09-05,0.0009404502534241996,0.0009404502534241996
2017-09-06,8.880875861110604e-05,8.880875861110604e-05
2017-09-07,0.0016778333230394935,0.0016778333230394935
2017-09-08,0.0017060528769905687,0.0017060528769905687
2017-09-11,-0.0009081005826136273,-0.0009081005826136273
2017-09-12,0.002671098118590862,0.002671098118590862
2017-09-13,-0.0020856702899703728,-0.0020856702899703728
2017-09-14,0.0035814525079746395,0.0035814525079746395
2017-09-15,0.003736762507049871,0.003736762507049871
2017-09-18,0.0001588912179166153,0.0001588912179166153
2017-09-19,-0.0004445315500602535,-0.0004445315500602535
2017-09-20,-0.003356796861402508,-0.003356796861402508
2017-09-21,0.0058720627572869865,0.0058720627572869865
2017-09-22,-0.002831368893398281,-0.002831368893398281
2017-09-25,-0.001192280787570257,-0.001192280787570257
2017-09-26,-0.0001833930319097368,-0.0001833930319097368
2017-09-27,-0.0008629356857468653,-0.0008629356857468653
2017-09-28,0.0013791538513388743,0.0013791538513388743
2017-09-29,-0.00013801048794499204,-0.00013801048794499204
2017-10-02,-0.0032098761542935276,-0.0032098761542935276
2017-10-03,-0.0006758170366648103,-0.0006758170366648103
2017-10-04,-0.000791710586899646,-0.000791710586899646
2017-10-05,-0.000990665934167694,-0.000990665934167694
2017-10-06,0.000427612367412617,0.000427612367412617
2017-10-09,0.001750189957590765,0.001750189957590765
2017-10-10,0.0019237603570053893,0.0019237603570053893
2017-10-11,0.001005346943884234,0.001005346943884234
2017-10-12,-0.0010181134002132713,-0.0010181134002132713
2017-10-13,-0.0017913460744094548,-0.0017913460744094548
2017-10-16,0.00019827265809446238,0.00019827265809446238
2017-10-17,-0.00184320198101579,-0.00184320198101579
2017-10-18,0.0011022393079615173,0.0011022393079615173
2017-10-19,-0.0011270510955507288,-0.0011270510955507288
2017-10-20,0.0008847771832280701,0.0008847771832280701
2017-10-23,0.00022990301108496484,0.00022990301108496484
2017-10-24,-0.0002577066279579646,-0.0002577066279579646
2017-10-25,0.006149473966341907,0.006149473966341907
2017-10-26,-0.005045557965359498,-0.005045557965359498
2017-10-27,-0.0009328109204710716,-0.0009328109204710716
2017-10-30,0.0015390621841100635,0.0015390621841100635
2017-10-31,0.0026849959343176696,0.0026849959343176696
2017-11-01,-0.0017716740552486728,-0.0017716740552486728
2017-11-02,-0.004331842805829577,-0.004331842805829577
2017-11-03,0.0015032095629642587,0.0015032095629642587
2017-11-06,0.00048103959930217467,0.00048103959930217467
2017-11-07,0.0007992540877780013,0.0007992540877780013
2017-11-08,-0.0020110379873627734,-0.0020110379873627734
2017-11-09,0.0015203880354258351,0.0015203880354258351
2017-11-10,0.0009771352869786204,0.0009771352869786204
2017-11-13,0.001159489402879627,0.001159489402879627
2017-11-14,0.0028372485093163488,0.0028372485093163488
2017-11-15,0.001893127326265837,0.001893127326265837
2017-11-17,0.00014399047616991435,0.00014399047616991435
2017-11-20,0.0009159734728290351,0.0009159734728290351
2017-11-21,-0.0010686172347781125,-0.0010686172347781125
2017-11-22,0.0020142056900769537,0.0020142056900769537
2017-11-23,0.00022297345908083916,0.00022297345908083916
2017-11-24,0.002283497955578662,0.002283497955578662
2017-11-27,-0.000362775918882568,-0.000362775918882568
2017-11-28,-0.000358244904806659,-0.000358244904806659
2017-11-29,0.0023028446339997625,0.0023028446339997625
2017-11-30,0.003151906076942263,0.003151906076942263
2017-12-01,-0.0023843318069899986,-0.0023843318069899986
2017-12-04,-0.0006718454254683655,-0.0006718454254683655
2017-12-05,-0.00189514513120801,-0.00189514513120801
2017-12-06,0.00017647607645520573,0.00017647607645520573
2017-12-07,0.0028207518293359097,0.0028207518293359097
2017-12-08,-0.0016574574007755867,-0.0016574574007755867
2017-12-11,-0.00138009279260582,-0.00138009279260582
2017-12-12,-0.002232280422277001,-0.002232280422277001
2017-12-13,0.0011190369245286037,0.0011190369245286037
2017-12-14,-0.001932325316018952,-0.001932325316018952
2017-12-15,-0.0023948091494892863,-0.0023948091494892863
2017-12-18,0.001546942924441596,0.001546942924441596
2017-12-19,0.0016954644459228278,0.0016954644459228278
2017-12-20,-0.00014416950608506858,-0.00014416950608506858
2017-12-21,-0.001468637331736639,-0.001468637331736639
2017-12-22,-0.0005763889024592635,-0.0005763889024592635
2017-12-25,0.0001760106251675546,0.0001760106251675546
2017-12-26,-0.0005225713664596462,-0.0005225713664596462
2017-12-27,-1.6662501495990538e-05,-1.6662501495990538e-05
2017-12-28,0.0008921927308726199,0.0008921927308726199
2017-12-29,0.00243994380561554,0.00243994380561554
2018-01-01,5.340326806053434e-05,5.340326806053434e-05
2018-01-02,0.001564397403417692,0.001564397403417692
2018-01-03,-0.002515393326604323,-0.002515393326604323
2018-01-04,0.0008225984000807072,0.0008225984000807072
2018-01-05,-0.0001693099294804347,-0.0001693099294804347
2018-01-08,-0.0010963987952073897,-0.0010963987952073897
2018-01-09,-0.0004169843249976681,-0.0004169843249976681
2018-01-10,-0.0010046991982111033,-0.0010046991982111033
2018-01-11,0.0010773384507076853,0.0010773384507076853
2018-01-12,0.005883983624516096,0.005883983624516096
2018-01-15,0.001007765773511424,0.001007765773511424
2018-01-16,-0.00022641110018749815,-0.00022641110018749815
2018-01-17,-0.0013197914000381197,-0.0013197914000381197
2018-01-18,0.0012104430657306018,0.0012104430657306018
2018-01-19,0.00041251687178965086,0.00041251687178965086
2018-01-22,0.0014673125973301369,0.0014673125973301369
2018-01-23,0.0017715377825038101,0.0017715377825038101
2018-01-24,0.0038512508098514455,0.0038512508098514455
2018-01-25,-0.0006366592056342072,-0.0006366592056342072
2018-01-26,-0.0020581633736443308,-0.0020581633736443308
2018-01-29,-0.0016168985671347526,-0.0016168985671347526
2018-01-30,0.0017924658955133042,0.0017924658955133042
2018-01-31,0.002168630721856449,0.002168630721856449
2018-02-01,0.0037829164297237196,0.00360791642972372
2018-02-02,0.0008427769019191062,0.0008427769019191062
2018-02-05,-0.004820280798644722,-0.004820280798644722
2018-02-06,0.0014999970659743895,0.0014999970659743895
2018-02-07,-0.002067994126779083,-0.002067994126779083
2018-02-08,-0.001240667693962783,-0.001240667693962783
2018-02-09,-0.0005264276152141874,-0.0005264276152141874
2018-02-12,-0.00027009383543417155,-0.00027009383543417155
2018-02-13,-0.0014212953128059152,-0.0014212953128059152
2018-02-14,-0.0004829568675906509,-0.0004829568675906509
2018-02-15,-0.0008626056053160696,-0.0008626056053160696
2018-02-16,-0.001987676694128588,-0.001987676694128588
2018-02-19,0.0006732374925051904,0.0006732374925051904
2018-02-20,-0.0004191108544789662,-0.0004191108544789662
2018-02-21,0.0009254095042859284,0.0009254095042859284
2018-02-22,-0.002418726840597774,-0.002418726840597774
2018-02-23,0.0010809063425996296,0.0010809063425996296
2018-02-26,-0.000511437578074903,-0.000511437578074903
2018-02-27,-0.0008311732713209347,-0.0008311732713209347
2018-02-28,-0.002956311010484414,-0.002956311010484414
2018-03-01,0.001280995895827058,0.001168495895827058
2018-03-02,-0.00023392341846603703,-0.00023392341846603703
2018-03-05,-0.002804794305078962,-0.002804794305078962
2018-03-06,0.0007180403506033267,0.0007180403506033267
2018-03-07,-0.0006540489843974712,-0.0006540489843974712
2018-03-08,0.0009778633548805924,0.0009778633548805924
2018-03-09,-0.0015624488828065721,-0.0015624488828065721
2018-03-12,-0.0012419583897506086,-0.0012419583897506086
2018-03-13,-0.0018754424202551418,-0.0018754424202551418
2018-03-14,-0.0009379984353062592,-0.0009379984353062592
2018-03-15,0.00017344243629383005,0.00017344243629383005
2018-03-16,0.0008993593745539313,0.0008993593745539313
2018-03-19,0.00012593070929950388,0.00012593070929950388
2018-03-20,-0.00067973449054537,-0.00067973449054537
2018-03-21,6.078121098959622e-05,6.078121098959622e-05
2018-03-22,0.0020374085583795827,0.0020374085583795827
2018-03-23,0.000477711854917961,0.000477711854917961
2018-03-26,-0.00021960184955166528,-0.00021960184955166528
2018-03-27,0.001469514768997648,0.001469514768997648
2018-03-28,-0.00018110407770036174,-0.00018110407770036174
2018-03-29,0.0005140611663650979,0.0005140611663650979
2018-03-30,3.1027652363429565e-05,3.1027652363429565e-05
2018-04-02,-0.00022763308159020126,-0.00022763308159020126
2018-04-03,0.0006276569127979907,0.0006276569127979907
2018-04-04,-0.0004218067029573176,-0.0004218067029573176
2018-04-05,0.002057016404096234,0.002057016404096234
2018-04-06,-0.0017354594727026391,-0.0017354594727026391
2018-04-09,0.0011279681951385893,0.0011279681951385893
2018-04-10,7.611845317627083e-05,7.611845317627083e-05
2018-04-11,0.0005182207717257074,0.0005182207717257074
2018-04-12,-0.001913807421478942,-0.001913807421478942
2018-04-13,-0.0009243579748593363,-0.0009243579748593363
2018-04-16,0.00013532171744061114,0.00013532171744061114
2018-04-17,0.0008760237079039994,0.0008760237079039994
2018-04-18,-0.0003393461701583396,-0.0003393461701583396
2018-04-19,0.00270805492092031,0.00270805492092031
2018-04-20,7.029761413982968e-05,7.029761413982968e-05
2018-04-23,0.0001304853512765318,0.0001304853512765318
2018-04-24,-5.839681534242774e-06,-5.839681534242774e-06
2018-04-25,0.00039998401468456166,0.00039998401468456166
2018-04-26,-0.0011349329611242305,-0.0011349329611242305
2018-04-27,0.0029041773581410905,0.0029041773581410905
2018-04-30,0.000677873397942768,0.000677873397942768
2018-05-01,0.0027358063706514053,0.0026733063706514053
2018-05-02,-0.00032888745892714676,-0.00032888745892714676
2018-05-03,-0.0005729794313552588,-0.0005729794313552588
2018-05-04,0.0001615413471054977,0.0001615413471054977
2018-05-07,-0.0009807701538803175,-0.0009807701538803175
2018-05-08,0.0012337490877471205,0.0012337490877471205
2018-05-09,-0.0006161288352830868,-0.0006161288352830868
2018-05-10,-0.00037078760507108875,-0.00037078760507108875
2018-05-11,-0.0006727420129601375,-0.0006727420129601375
2018-05-14,0.0002261878993674299,0.0002261878993674299
2018-05-15,0.0007389669450403587,0.0007389669450403587
2018-05-16,-0.0026275416116718913,-0.0026275416116718913
2018-05-17,0.00051589994835835,0.00051589994835835
2018-05-18,-0.0005023684668200862,-0.0005023684668200862
2018-05-21,-0.0005590425055866106,-0.0005590425055866106
2018-05-22,-0.00013836600777153486,-0.00013836600777153486
2018-05-23,1.4344651483393827e-05,1.4344651483393827e-05
2018-05-24,-0.00012744715209606127,-0.00012744715209606127
2018-05-25,0.0011630623418401869,0.0011630623418401869
2018-05-28,-0.0011543652731040028,-0.0011543652731040028
2018-05-29,0.0014566539104234602,0.0014566539104234602
2018-05-30,-0.0007884803847774684,-0.0007884803847774684
2018-05-31,0.0007368333779049212,0.0007368333779049212
2018-06-01,-0.002016968677189153,-0.002016968677189153
2018-06-04,-0.0013895756316668686,-0.0013895756316668686
2018-06-05,-0.00018191671217696742,-0.00018191671217696742
2018-06-06,-0.0003821016503684285,-0.0003821016503684285
2018-06-07,0.0019168663101710379,0.0019168663101710379
2018-06-08,0.0002641649827743939,0.0002641649827743939
2018-06-11,0.00042887214704653154,0.00042887214704653154
2018-06-12,0.0004247554541289487,0.0004247554541289487
2018-06-13,0.0012338860715503872,0.0012338860715503872
2018-06-14,0.0007165473734788079,0.0007165473734788079
2018-06-15,0.001133641761919428,0.001133641761919428
2018-06-18,0.0022717031278244523,0.0022717031278244523
2018-06-19,0.0012124934475126678,0.0012124934475126678
2018-06-20,0.00022921890037352205,0.00022921890037352205
2018-06-21,-0.0009747422932659747,-0.0009747422932659747
2018-06-22,-0.001097427347857706,-0.001097427347857706
2018-06-25,0.001542974631708792,0.001542974631708792
2018-06-26,0.0005554621504619481,0.0005554621504619481
2018-06-27,0.001674625015010027,0.001674625015010027
2018-06-28,0.0007299802586638246,0.0007299802586638246
2018-06-29,-0.0018206928315709706,-0.0018206928315709706
2018-07-02,0.002435010200763993,0.002435010200763993
2018-07-03,-0.0019449708340168567,-0.0019449708340168567
2018-07-04,-0.0007142270521527491,-0.0007142270521527491
2018-07-05,0.0006101281903362512,0.0006101281903362512
2018-07-06,-0.0018499782120377617,-0.0018499782120377617
2018-07-09,-0.00026242103091093623,-0.00026242103091093623
2018-07-10,0.001212156090895106,0.001212156090895106
2018-07-11,0.0014335414572935082,0.0014335414572935082
2018-07-12,-0.0010728537758937337,-0.0010728537758937337
2018-07-13,-0.0011044459168687124,-0.0011044459168687124
2018-07-16,0.0006922014030615767,0.0006922014030615767
2018-07-17,0.002509153371807615,0.002509153371807615
2018-07-18,-0.00036799748054387434,-0.00036799748054387434
2018-07-19,0.0024701143402577506,0.0024701143402577506
2018-07-20,-0.0029150537592250282,-0.0029150537592250282
2018-07-23,0.00159908189735149,0.00159908189735149
2018-07-24,-0.00270001120913933,-0.00270001120913933
2018-07-25,-0.0009148894297655972,-0.0009148894297655972
2018-07-26,0.0023558398143881556,0.0023558398143881556
2018-07-27,-0.0003951166085969346,-0.0003951166085969346
2018-07-30,0.00032934762754887063,0.00032934762754887063
2018-07-31,-0.0005383779866975744,-0.0005383779866975744
2018-08-01,-0.00014064720230139567,-0.00014064720230139567
2018-08-02,0.0018799307333388598,0.0018799307333388598
2018-08-03,-0.0014575409779919487,-0.0014575409779919487
2018-08-06,0.0013756833418057904,0.0013756833418057904
2018-08-07,-0.0003873319218022128,-0.0003873319218022128
2018-08-08,0.001304041295664661,0.001304041295664661
2018-08-09,0.001015619119753837,0.001015619119753837
2018-08-10,0.0014042299498883096,0.0014042299498883096
2018-08-13,0.0007760690433010435,0.0007760690433010435
2018-08-14,0.0007300998497805315,0.0007300998497805315
2018-08-15,0.0005055273378821405,0.0005055273378821405
2018-08-16,-0.0007116492407160152,-0.0007116492407160152
2018-08-17,-0.0008665037945526406,-0.0008665037945526406
2018-08-20,-0.0009255645498730021,-0.0009255645498730021
2018-08-21,-0.0009234131586778642,-0.0009234131586778642
2018-08-22,0.0010921545769733937,0.0010921545769733937
2018-08-23,0.003979101771785228,0.003979101771785228
2018-08-24,-0.002184524066426195,-0.002184524066426195
2018-08-27,-0.00011476192816187563,-0.00011476192816187563
2018-08-28,0.0009746907616139072,0.0009746907616139072
2018-08-29,-0.0018898348625864577,-0.0018898348625864577
2018-08-30,0.001226127411263152,0.001226127411263152
2018-08-31,0.00267349862555832,0.00267349862555832
2018-09-03,0.0008256872164213676,0.0008256872164213676
2018-09-04,0.0004369183844284369,0.0004369183844284369
2018-09-05,-0.0004982929399127471,-0.0004982929399127471
2018-09-06,-0.00034639098784703336,-0.00034639098784703336
2018-09-07,0.0011562350954558104,0.0011562350954558104
2018-09-10,-0.0008294185249469781,-0.0008294185249469781
2018-09-11,0.0001729101160579066,0.0001729101160579066
2018-09-12,-0.0019732008840736334,-0.0019732008840736334
2018-09-13,-0.0005328464484055433,-0.0005328464484055433
2018-09-14,0.0008392951616013562,0.0008392951616013562
2018-09-17,-0.000541291620113548,-0.000541291620113548
2018-09-18,-0.0030006176597684227,-0.0030006176597684227
2018-09-19,-0.0007625201048976121,-0.0007625201048976121
2018-09-20,-0.0012357176078340078,-0.0012357176078340078
2018-09-21,0.003323452637723429,0.003323452637723429
2018-09-24,0.00019843238503882744,0.00019843238503882744
2018-09-25,-0.0008382488282240912,-0.0008382488282240912
2018-09-26,-0.0004909967605708548,-0.0004909967605708548
2018-09-27,0.0012293898761738206,0.0012293898761738206
2018-09-28,-0.0005880861022099831,-0.0005880861022099831
2018-10-01,-0.0008548200701889864,-0.0008548200701889864
2018-10-02,0.002036746802743113,0.002036746802743113
2018-10-03,0.0023321313334858504,0.0023321313334858504
2018-10-04,-0.00017545999022188018,-0.00017545999022188018
2018-10-05,-0.0008917758822351719,-0.0008917758822351719
2018-10-08,-0.0007121750815864559,-0.0007121750815864559
2018-10-09,-0.0024066025296977803,-0.0024066025296977803
2018-10-10,0.0014064125694751147,0.0014064125694751147
2018-10-11,-0.001426291229307778,-0.001426291229307778
2018-10-12,0.0021966335945671064,0.0021966335945671064
2018-10-15,-0.0012523836129589995,-0.0012523836129589995
2018-10-16,-0.0009300894425059026,-0.0009300894425059026
2018-10-17,0.0009401148384017698,0.0009401148384017698
2018-10-18,0.0011197826208592797,0.0011197826208592797
2018-10-19,-0.0002837276196108884,-0.0002837276196108884
2018-10-22,0.002419813282255919,0.002419813282255919
2018-10-23,-0.00084154597808768,-0.00084154597808768
2018-10-24,0.0011686243724522004,0.0011686243724522004
2018-10-25,0.00011565596230424182,0.00011565596230424182
2018-10-26,-0.0002586768798460571,-0.0002586768798460571
2018-10-29,0.0012683795470955347,0.0012683795470955347
2018-10-30,-0.00010769747058510335,-0.00010769747058510335
2018-10-31,-0.0012843892300665053,-0.0012843892300665053
2018-11-01,-0.006984874644756561,-0.006984874644756561
2018-11-02,7.073475412485718e-05,7.073475412485718e-05
2018-11-05,-0.0011862499911684033,-0.0011862499911684033
2018-11-06,-0.0015506222887782862,-0.0015506222887782862
2018-11-07,-0.0015231308891772764,-0.0015231308891772764
2018-11-08,4.754887023744061e-05,4.754887023744061e-05
2018-11-09,0.0028647998282271773,0.0028647998282271773
2018-11-12,0.0013040839095322056,0.0013040839095322056
2018-11-13,-0.003252206027756782,-0.003252206027756782
2018-11-14,0.00042481009230893054,0.00042481009230893054
2018-11-15,0.003239448782369864,0.003239448782369864
2018-11-16,-0.0009370300473720615,-0.0009370300473720615
2018-11-19,0.0011601771684593366,0.0011601771684593366
2018-11-20,0.0022516077332194132,0.0022516077332194132
2018-11-21,-0.001001818997755649,-0.001001818997755649
2018-11-22,-0.001200635051645088,-0.001200635051645088
2018-11-23,0.0003541059761346056,0.0003541059761346056
2018-11-26,0.00026223382097977934,0.00026223382097977934
2018-11-27,0.0003583019361657003,0.0003583019361657003
2018-11-28,-0.0025609487846406428,-0.0025609487846406428
2018-11-29,0.0006377850895933292,0.0006377850895933292
2018-11-30,-0.002257873980265423,-0.002257873980265423
2018-12-03,-0.000274807737169213,-0.000399807737169213
2018-12-04,0.0009248398554917333,0.0009248398554917333
2018-12-05,0.0019746971022590494,0.0019746971022590494
2018-12-06,0.0001947402460338762,0.0001947402460338762
2018-12-07,0.00046217631829869135,0.00046217631829869135
2018-12-10,0.0034871243753938803,0.0034871243753938803
2018-12-11,0.0002568890936011822,0.0002568890936011822
2018-12-12,-0.002210729583103515,-0.002210729583103515
2018-12-13,-0.0007210383597075591,-0.0007210383597075591
2018-12-14,0.0008669961246500109,0.0008669961246500109
2018-12-17,0.0008249309710592797,0.0008249309710592797
2018-12-18,0.0006161545827567013,0.0006161545827567013
2018-12-19,0.001177707350576502,0.001177707350576502
2018-12-20,0.0010822342883177079,0.0010822342883177079
2018-12-21,0.000371883671597812,0.000371883671597812
2018-12-24,-0.00030932019240288353,-0.00030932019240288353
2018-12-25,0.00028257100689839745,0.00028257100689839745
2018-12-26,-0.0006409364435452196,-0.0006409364435452196
2018-12-27,0.002430634565449969,0.002430634565449969
2018-12-28,-0.0006884697866121996,-0.0006884697866121996
2018-12-31,-0.0038957107015964547,-0.0038957107015964547
2019-01-01,0.0031978483515714058,0.0031478483515714056
2019-01-02,0.006577583371755339,0.006577583371755339
2019-01-03,-0.004199521453116592,-0.004199521453116592
2019-01-04,-0.005391001767262657,-0.005391001767262657
2019-01-07,-0.001100798529953381,-0.001100798529953381
2019-01-08,-0.0008905936939332198,-0.0008905936939332198
2019-01-09,0.0015961565289299901,0.0015961565289299901
2019-01-10,0.00016349513974275057,0.00016349513974275057
2019-01-11,-0.0028262548239668477,-0.0028262548239668477
2019-01-14,0.0004042571222136666,0.0004042571222136666
2019-01-15,-0.002415596016232155,-0.002415596016232155
2019-01-16,-0.0016239120515578825,-0.0016239120515578825
2019-01-17,-0.0019136333746817362,-0.0019136333746817362
2019-01-18,0.0006295225390578668,0.0006295225390578668
2019-01-21,-0.0003340125777736097,-0.0003340125777736097
2019-01-22,0.0004409732455691514,0.0004409732455691514
2019-01-23,-0.002488354092069581,-0.002488354092069581
2019-01-24,-0.0024866473993366083,-0.0024866473993366083
2019-01-25,-0.0014581973299345546,-0.0014581973299345546
2019-01-28,0.002334813941692457,0.002334813941692457
2019-01-29,0.0014394801077728867,0.0014394801077728867
2019-01-30,-0.0010470515764780613,-0.0010470515764780613
2019-01-31,-0.0006836704535015475,-0.0006836704535015475
2019-02-01,-0.0011672699160215818,-0.0011672699160215818
2019-02-04,-0.0004171346216147642,-0.0004171346216147642
2019-02-05,0.0009997888677560716,0.0009997888677560716
2019-02-06,0.0010688495449297872,0.0010688495449297872
2019-02-07,0.0014369384037947828,0.0014369384037947828
2019-02-08,-0.0009245803588518088,-0.0009245803588518088
2019-02-11,-0.00047431670020380533,-0.00047431670020380533
2019-02-12,-0.0009425535788290162,-0.0009425535788290162
2019-02-13,-0.0012275393771433352,-0.0012275393771433352
2019-02-14,0.003365086865503389,0.003365086865503389
2019-02-15,-0.003211864385186161,-0.003211864385186161
2019-02-18,-0.00023382766612125246,-0.00023382766612125246
2019-02-19,-0.002427656289274929,-0.002427656289274929
2019-02-20,-0.0008170071473829388,-0.0008170071473829388
2019-02-21,0.0011503198871145126,0.0011503198871145126
2019-02-22,-0.0024377645998563315,-0.0024377645998563315
2019-02-25,-0.00023559923319615116,-0.00023559923319615116
2019-02-26,-0.0012932662422260235,-0.0012932662422260235
2019-02-27,-0.0024627066049433734,-0.0024627066049433734
2019-02-28,7.648149137707595e-05,7.648149137707595e-05
2019-03-01,0.0014612011401616716,0.0014612011401616716
2019-03-04,0.0011737677018716247,0.0011737677018716247
2019-03-05,0.0002984253036522217,0.0002984253036522217
2019-03-06,0.001863328036118816,0.001863328036118816
2019-03-07,-0.0008744085858405198,-0.0008744085858405198
2019-03-08,0.0034650179854855854,0.0034650179854855854
2019-03-11,-0.005464223011177116,-0.005464223011177116
2019-03-12,0.0034081702803625434,0.0034081702803625434
2019-03-13,-0.0041630944840869,-0.0041630944840869
2019-03-14,-0.0007111157574181241,-0.0007111157574181241
2019-03-15,0.00023181798573492185,0.00023181798573492185
2019-03-18,0.0012984824114130483,0.0012984824114130483
2019-03-19,-9.25063558400834e-05,-9.25063558400834e-05
2019-03-20,0.0038130672649149154,0.0038130672649149154
2019-03-21,0.0013540861694620204,0.0013540861694620204
2019-03-22,-0.00042195706260934646,-0.00042195706260934646
2019-03-25,-0.00033625711577390854,-0.00033625711577390854
2019-03-26,-0.002204188595343698,-0.002204188595343698
2019-03-27,0.0013259620077966821,0.0013259620077966821
2019-03-28,0.001335475671240554,0.001335475671240554
2019-03-29,-0.0018834560133559448,-0.0018834560133559448
2019-04-01,-0.0030175699483211086,-0.0030175699483211086
2019-04-02,-0.000263255645412708,-0.000263255645412708
2019-04-03,-0.00022545604401343937,-0.00022545604401343937
2019-04-04,0.001235256490572328,0.001235256490572328
2019-04-05,0.0005747707449661241,0.0005747707449661241
2019-04-08,-0.0001915071605329224,-0.0001915071605329224
2019-04-09,0.0013779087715767632,0.0013779087715767632
2019-04-10,-0.0005390619682284439,-0.0005390619682284439
2019-04-11,0.00014493414204331243,0.00014493414204331243
2019-04-12,-0.0013369434469345468,-0.0013369434469345468
2019-04-15,0.00046485641139679644,0.00046485641139679644
2019-04-16,0.0003345152334879917,0.0003345152334879917
2019-04-17,6.717021351446663e-05,6.717021351446663e-05
2019-04-18,0.00010890666498289929,0.00010890666498289929
2019-04-19,0.00044472168607554395,0.00044472168607554395
2019-04-22,-0.00017708262356258027,-0.00017708262356258027
2019-04-23,0.0016980658497599884,0.0016980658497599884
2019-04-24,-0.00031310845360512664,-0.00031310845360512664
2019-04-25,0.0008101754832217143,0.0008101754832217143
2019-04-26,-0.0006495448801033202,-0.0006495448801033202
2019-04-29,0.00023299260469703502,0.00023299260469703502
2019-04-30,-0.0020240482527399354,-0.0020240482527399354
2019-05-01,-0.0007401738704292924,-0.0008526738704292924
2019-05-02,0.0001576123373843742,0.0001576123373843742
2019-05-03,-0.0010414152266248452,-0.0010414152266248452
2019-05-06,0.0008121580684943587,0.0008121580684943587
2019-05-07,0.002753973941260731,0.002753973941260731
2019-05-08,0.0011755216224823863,0.0011755216224823863
2019-05-09,0.000127725677412901,0.000127725677412901
2019-05-10,-0.0002324471603788158,-0.0002324471603788158
2019-05-13,0.0013227836382601079,0.0013227836382601079
2019-05-14,-0.0006420183569731928,-0.0006420183569731928
2019-05-15,0.0008066922108482557,0.0008066922108482557
2019-05-16,-0.0007878386435070915,-0.0007878386435070915
2019-05-17,0.0007078291208930411,0.0007078291208930411
2019-05-20,0.0005067355977452527,0.0005067355977452527
2019-05-21,-0.0004570827687464783,-0.0004570827687464783
2019-05-23,0.002976140802471968,0.002976140802471968
2019-05-24,-0.0003470483589481631,-0.0003470483589481631
2019-05-27,0.00016696668303134662,0.00016696668303134662
2019-05-28,0.0019555452732747418,0.0019555452732747418
2019-05-29,0.000313728380269387,0.000313728380269387
2019-05-30,0.0005975348526863513,0.0005975348526863513
2019-05-31,0.002783346774369896,0.002783346774369896
2019-06-03,3.961403443541621e-06,3.961403443541621e-06
2019-06-04,-0.0015549649423513391,-0.0015549649423513391
2019-06-05,-7.68366922241473e-05,-7.68366922241473e-05
2019-06-06,-0.001567935976377233,-0.001567935976377233
2019-06-07,-0.0013432689893872866,-0.0013432689893872866
2019-06-10,-0.0004907501832685905,-0.0004907501832685905
2019-06-11,-0.0006575927835373145,-0.0006575927835373145
2019-06-12,0.00046846606478011493,0.00046846606478011493
2019-06-13,-9.207206876872293e-05,-9.207206876872293e-05
2019-06-14,0.0013477765740619481,0.0013477765740619481
2019-06-17,0.0002698081103124525,0.0002698081103124525
2019-06-18,-0.0002966903131921942,-0.0002966903131921942
2019-06-19,-0.002512759869485748,-0.002512759869485748
2019-06-20,0.0006212843171691123,0.0006212843171691123
2019-06-21,0.00018242471956166322,0.00018242471956166322
2019-06-24,0.0005761066159103044,0.0005761066159103044
2019-06-25,0.001138558837576203,0.001138558837576203
2019-06-26,-0.0016975607286028429,-0.0016975607286028429
2019-06-27,0.00048599864397959585,0.00048599864397959585
2019-06-28,-0.001198144898374093,-0.001198144898374093
2019-07-01,-0.00028222493770364355,-0.00028222493770364355
2019-07-02,0.0026322018946219787,0.0026322018946219787
2019-07-03,0.0008773126892352344,0.0008773126892352344
2019-07-04,-0.000463470968873151,-0.000463470968873151
2019-07-05,-0.0014098744044224822,-0.0014098744044224822
2019-07-08,-0.0002074499013730392,-0.0002074499013730392
2019-07-09,-0.0005667454323085941,-0.0005667454323085941
2019-07-10,0.0006098973985515976,0.0006098973985515976
2019-07-11,-0.0006254414074378468,-0.0006254414074378468
2019-07-12,0.0017209854282038048,0.0017209854282038048
2019-07-15,0.0019988637185950806,0.0019988637185950806
2019-07-16,0.00129481545139167,0.00129481545139167
2019-07-17,-0.0007273562829545145,-0.0007273562829545145
2019-07-18,0.0007751802916318631,0.0007751802916318631
2019-07-19,-0.00092357166928562,-0.00092357166928562
2019-07-22,0.0015456653850824031,0.0015456653850824031
2019-07-23,-0.0010292054293002484,-0.0010292054293002484
2019-07-24,-0.0014310872749383286,-0.0014310872749383286
2019-07-25,-0.001148257125440486,-0.001148257125440486
2019-07-26,0.00016095338599655053,0.00016095338599655053
2019-07-29,0.0023164318300201905,0.0023164318300201905
2019-07-30,0.0006502085068578656,0.0006502085068578656
2019-07-31,-0.0006264579479783407,-0.0006264579479783407
2019-08-01,0.00260941991200123,0.00260941991200123
2019-08-02,0.0008055591454232997,0.0008055591454232997
2019-08-05,0.0012961342904793433,0.0012961342904793433
2019-08-06,-0.0007788555353514762,-0.0007788555353514762
2019-08-07,0.0014438341732468981,0.0014438341732468981
2019-08-08,0.0009728430071038222,0.0009728430071038222
2019-08-09,0.0021732164862964015,0.0021732164862964015
2019-08-12,-0.0015539815767257005,-0.0015539815767257005
2019-08-13,-0.0015428730735022283,-0.0015428730735022283
2019-08-14,0.0018904863587652406,0.0018904863587652406
2019-08-15,-0.0002312097619352984,-0.0002312097619352984
2019-08-16,-0.002694664776949264,-0.002694664776949264
2019-08-19,0.00026867253905696743,0.00026867253905696743
2019-08-20,0.000530680042292457,0.000530680042292457
2019-08-21,-0.00033821506504952013,-0.00033821506504952013
2019-08-22,-0.003076297558676218,-0.003076297558676218
2019-08-23,0.0021313087576900524,0.0021313087576900524
2019-08-26,-0.0007239563689109788,-0.0007239563689109788
2019-08-27,-0.0006387579017492998,-0.0006387579017492998
2019-08-28,0.00038027116354425323,0.00038027116354425323
2019-08-29,-0.0008545210617778535,-0.0008545210617778535
2019-08-30,0.0016483965991061264,0.0016483965991061264
2019-09-02,0.0014729498493046972,0.0014729498493046972
2019-09-03,0.0022919105336938893,0.0022919105336938893
2019-09-04,-0.00517487072118876,-0.00517487072118876
2019-09-05,-0.0027957350667117266,-0.0027957350667117266
2019-09-06,0.0012391984678872126,0.0012391984678872126
2019-09-09,-0.0015020392029865407,-0.0015020392029865407
2019-09-10,-0.0015053952635886295,-0.0015053952635886295
2019-09-11,0.0007095866766938106,0.0007095866766938106
2019-09-12,-0.00011321404748691722,-0.00011321404748691722
2019-09-13,-0.0018564725132991095,-0.0018564725132991095
2019-09-16,0.00035211994496529863,0.00035211994496529863
2019-09-17,-0.0012476652204072706,-0.0012476652204072706
2019-09-18,-0.0005910047237437791,-0.0005910047237437791
2019-09-19,-0.002117258383293727,-0.002117258383293727
2019-09-20,0.001235450808276903,0.001235450808276903
2019-09-23,0.0009810674078090805,0.0009810674078090805
2019-09-24,0.0004885105763191152,0.0004885105763191152
2019-09-25,-2.9056799144485952e-05,-2.9056799144485952e-05
2019-09-26,0.0005522426020541236,0.0005522426020541236
2019-09-27,-3.1624464738269306e-05,-3.1624464738269306e-05
2019-09-30,-0.00039377089060373084,-0.00039377089060373084
2019-10-01,-0.0014090149938105387,-0.0014090149938105387
2019-10-02,0.0032093299467097305,0.0032093299467097305
2019-10-03,0.001487555246485315,0.001487555246485315
2019-10-04,0.00043219696251834783,0.00043219696251834783
2019-10-07,-0.0014721415332737595,-0.0014721415332737595
2019-10-08,0.0022475910889349455,0.0022475910889349455
2019-10-09,-0.0005024645559349357,-0.0005024645559349357
2019-10-10,-0.005404696580335868,-0.005404696580335868
2019-10-11,-0.005502049440793624,-0.005502049440793624
2019-10-14,-7.0705838656389135e-06,-7.0705838656389135e-06
2019-10-15,-0.005190784459952126,-0.005190784459952126
2019-10-16,-0.0008508240181202186,-0.0008508240181202186
2019-10-17,0.000672295470878002,0.000672295470878002
2019-10-18,0.0005111578061041492,0.0005111578061041492
2019-10-21,-0.001874635905888424,-0.001874635905888424
2019-10-22,0.0017347360956534812,0.0017347360956534812
2019-10-23,-0.001929725282647334,-0.001929725282647334
2019-10-24,0.00039794449787828673,0.00039794449787828673
2019-10-25,-2.4685208430093807e-05,-2.4685208430093807e-05
2019-10-28,-0.0006093187864392908,-0.0006093187864392908
2019-10-29,0.00124600803243217,0.00124600803243217
2019-10-30,0.0024898396343730014,0.0024898396343730014
2019-10-31,0.000935096382770876,0.000935096382770876
2019-11-01,-0.00010984844609889367,-0.00010984844609889367
2019-11-04,-0.0010015785025078339,-0.0010015785025078339
2019-11-05,-0.000832973306013719,-0.000832973306013719
2019-11-06,0.0011476371015390716,0.0011476371015390716
2019-11-07,0.0008434816093547779,0.0008434816093547779
2019-11-08,-0.0003711177999649219,-0.0003711177999649219
2019-11-11,-0.000959942776351409,-0.000959942776351409
2019-11-12,7.990248490667305e-05,7.990248490667305e-05
2019-11-13,0.0005227612215851317,0.0005227612215851317
2019-11-14,-0.001766888753861402,-0.001766888753861402
2019-11-15,-0.0007556849347043662,-0.0007556849347043662
2019-11-18,-0.0011927936111533377,-0.0011927936111533377
2019-11-19,0.00284014688361368,0.00284014688361368
2019-11-20,-0.00041481380239981715,-0.00041481380239981715
2019-11-21,-0.0009260912597037941,-0.0009260912597037941
2019-11-22,0.001364726261020115,0.001364726261020115
2019-11-25,-0.0019039049786615425,-0.0019039049786615425
2019-11-26,0.00027221908151357386,0.00027221908151357386
2019-11-27,-0.0024653097346781683,-0.0024653097346781683
2019-11-28,-6.182369130471444e-05,-6.182369130471444e-05
2019-11-29,-0.00014365986603355875,-0.00014365986603355875
2019-12-02,0.0029743504649530532,0.0029743504649530532
2019-12-03,0.0006132114754131457,0.0006132114754131457
2019-12-04,-0.0044429279335825396,-0.0044429279335825396
2019-12-05,-0.001619659858108645,-0.001619659858108645
2019-12-06,0.00208313221525246,0.00208313221525246
2019-12-09,-0.0005371670561449647,-0.0005371670561449647
2019-12-10,-0.0008813867027229293,-0.0008813867027229293
2019-12-11,0.0002362299597445563,0.0002362299597445563
2019-12-12,-0.0055354001958363526,-0.0055354001958363526
2019-12-13,0.0009726507657465866,0.0009726507657465866
2019-12-16,0.0006917039458532903,0.0006917039458532903
2019-12-17,0.002090898942834947,0.002090898942834947
2019-12-18,-0.00021484983767143127,-0.00021484983767143127
2019-12-19,0.0032728378037144195,0.0032728378037144195
2019-12-20,0.0007916161495525499,0.0007916161495525499
2019-12-23,0.0022193046522657927,0.0022193046522657927
2019-12-24,0.0003562484001444945,0.0003562484001444945
2019-12-25,-0.0007961732974631029,-0.0007961732974631029
2019-12-26,-0.0010749019500488999,-0.0010749019500488999
2019-12-27,-0.0008216979195830687,-0.0008216979195830687
2019-12-30,0.0012636383546584986,0.0012636383546584986
2019-12-31,-0.002990274023467225,-0.002990274023467225
2020-01-01,-0.0003244582836981156,-0.0003244582836981156
2020-01-02,0.0011879952679498865,0.0011879952679498865
2020-01-03,0.0013012575172590183,0.0013012575172590183
2020-01-06,-0.0034418285214503305,-0.0034418285214503305
2020-01-07,-6.227984166145683e-05,-6.227984166145683e-05
2020-01-08,-0.0010695134630490607,-0.0010695134630490607
2020-01-09,-0.0006897545854748175,-0.0006897545854748175
2020-01-10,0.0021045796371445594,0.0021045796371445594
2020-01-13,-0.00013497686176424748,-0.00013497686176424748
2020-01-14,-0.00025746228546194105,-0.00025746228546194105
2020-01-15,-0.000557893386483844,-0.000557893386483844
2020-01-16,-0.0016249966540656754,-0.0016249966540656754
2020-01-17,0.0011155543204430008,0.0011155543204430008
2020-01-20,-0.0005105018330895336,-0.0005105018330895336
2020-01-21,-0.0007627078328922241,-0.0007627078328922241
2020-01-22,-0.0003489209626780462,-0.0003489209626780462
2020-01-23,0.0005140554611467776,0.0005140554611467776
2020-01-24,0.002027396633238814,0.002027396633238814
2020-01-27,-0.0011849007918896212,-0.0011849007918896212
2020-01-28,-0.00017731447198931588,-0.00017731447198931588
2020-01-29,0.0005490908120331697,0.0005490908120331697
2020-01-30,-0.002404142298640217,-0.002404142298640217
2020-01-31,-0.0006195888172462702,-0.0006195888172462702
2020-02-03,0.004389473300979242,0.004339473300979242
2020-02-04,0.0006479334734689991,0.0006479334734689991
2020-02-05,0.0014622708763772875,0.0014622708763772875
2020-02-06,0.000622769041564243,0.000622769041564243
2020-02-07,-0.0010594498048213984,-0.0010594498048213984
2020-02-10,0.00028954786859555336,0.00028954786859555336
2020-02-11,-8.549213393377764e-05,-8.549213393377764e-05
2020-02-12,-0.0009538481202224823,-0.0009538481202224823
2020-02-13,-0.0012463860399327996,-0.0012463860399327996
2020-02-14,-0.0003205219328990304,-0.0003205219328990304
2020-02-17,0.00013079831886289147,0.00013079831886289147
2020-02-18,-0.00011172209142060614,-0.00011172209142060614
2020-02-19,0.00034693671236679224,0.00034693671236679224
2020-02-20,-0.001010052174458963,-0.001010052174458963
2020-02-21,-0.0017546484267979877,-0.0017546484267979877
2020-02-24,0.0013666204215007872,0.0013666204215007872
2020-02-25,-0.0018964025832642105,-0.0018964025832642105
2020-02-26,0.0008797240166247512,0.0008797240166247512
2020-02-27,0.0024015999425481783,0.0024015999425481783
2020-02-28,-0.0004479580035227958,-0.0004479580035227958
2020-03-02,0.0004528601692126884,0.0004528601692126884
2020-03-03,0.001265224117822556,0.001265224117822556
2020-03-04,0.0007797698607003475,0.0007797698607003475
2020-03-05,-0.0017212013827913146,-0.0017212013827913146
2020-03-06,0.0013284180280481901,0.0013284180280481901
2020-03-09,0.0005323160380627698,0.0005323160380627698
2020-03-10,0.000776328070101074,0.000776328070101074
2020-03-11,0.0017711422438413844,0.0017711422438413844
2020-03-12,4.631586292037221e-06,4.631586292037221e-06
2020-03-13,-0.003047396359373244,-0.003047396359373244
2020-03-16,0.0033816129615378172,0.0033816129615378172
2020-03-17,0.0026457789534909022,0.0026457789534909022
2020-03-18,0.006246113461730197,0.006246113461730197
2020-03-19,0.0008649818282177765,0.0008649818282177765
2020-03-20,-0.003007518718999524,-0.003007518718999524
2020-03-23,0.006258064144489723,0.006258064144489723
2020-03-24,-0.0006767055385641477,-0.0006767055385641477
2020-03-25,-0.007908511108729126,-0.007908511108729126
2020-03-26,-0.0032894307104037006,-0.0032894307104037006
2020-03-27,-0.0008259093307276636,-0.0008259093307276636
2020-03-30,0.003520682037478174,0.003520682037478174
2020-03-31,-0.00380998239721057,-0.00380998239721057
2020-04-01,-0.0011248895437824713,-0.0012373895437824713
2020-04-02,0.00020017463226072333,0.00020017463226072333
2020-04-03,0.0009608811106651225,0.0009608811106651225
2020-04-06,0.0036584171176128155,0.0036584171176128155
2020-04-07,-0.001377504867955477,-0.001377504867955477
2020-04-08,0.003831808423994786,0.003831808423994786
2020-04-09,0.002769338213348026,0.002769338213348026
2020-04-10,-0.0007185540656197599,-0.0007185540656197599
2020-04-13,-0.0007374835496501877,-0.0007374835496501877
2020-04-14,0.00024433785665962536,0.00024433785665962536
2020-04-15,0.000609646831913095,0.000609646831913095
2020-04-16,0.001353595207927809,0.001353595207927809
2020-04-17,-0.0011963994575656567,-0.0011963994575656567
2020-04-20,0.001673093161767013,0.001673093161767013
2020-04-21,-0.0008450351849375217,-0.0008450351849375217
2020-04-22,0.0003335158048121221,0.0003335158048121221
2020-04-23,0.0006683213559515551,0.0006683213559515551
2020-04-24,0.0011912534143040763,0.0011912534143040763
2020-04-27,0.0002629837964189072,0.0002629837964189072
2020-04-28,-0.00012039322417832933,-0.00012039322417832933
2020-04-29,-0.00022599867786636941,-0.00022599867786636941
2020-04-30,0.0007425040905524691,0.0007425040905524691
2020-05-01,-0.0010883359885122705,-0.0013633359885122705
2020-05-04,0.0034650920325270647,0.0034650920325270647
2020-05-05,0.002492240367952506,0.002492240367952506
2020-05-06,0.0021616015578017596,0.0021616015578017596
2020-05-07,0.002091993920474847,0.002091993920474847
2020-05-08,-0.0009092435338114184,-0.0009092435338114184
2020-05-11,-0.0011340253835999984,-0.0011340253835999984
2020-05-12,0.0005907374548237396,0.0005907374548237396
2020-05-13,0.001270048616760719,0.001270048616760719
2020-05-14,0.00016332111337790962,0.00016332111337790962
2020-05-15,0.0013044494242142577,0.0013044494242142577
2020-05-18,-0.001034841618854007,-0.001034841618854007
2020-05-19,-0.0018944348849462582,-0.0018944348849462582
2020-05-20,0.00162898489084409,0.00162898489084409
2020-05-21,-9.689706013785417e-05,-9.689706013785417e-05
2020-05-22,0.00074906342708633,0.00074906342708633
2020-05-25,-3.1153554102883224e-05,-3.1153554102883224e-05
2020-05-26,-0.0002979838535757699,-0.0002979838535757699
2020-05-27,-0.0010639261594668518,-0.0010639261594668518
2020-05-28,-0.0017290127939899617,-0.0017290127939899617
2020-05-29,-0.0005875489952103822,-0.0005875489952103822
2020-06-01,0.002129708908332822,0.002129708908332822
2020-06-02,-0.0015229330842186201,-0.0015229330842186201
2020-06-03,-0.0008108708028902575,-0.0008108708028902575
2020-06-04,-0.002894496595304814,-0.002894496595304814
2020-06-05,-0.0007629292258475981,-0.0007629292258475981
2020-06-08,0.003704919288107305,0.003704919288107305
2020-06-09,-0.001605659909699892,-0.001605659909699892
2020-06-10,0.002085572223679654,0.002085572223679654
2020-06-11,-0.00018150651083205304,-0.00018150651083205304
2020-06-12,0.0007544541955224627,0.0007544541955224627
2020-06-15,4.201028265689511e-05,4.201028265689511e-05
2020-06-16,0.0004985045425641587,0.0004985045425641587
2020-06-17,0.001641610667918752,0.001641610667918752
2020-06-18,0.0022844222798669867,0.0022844222798669867
2020-06-19,0.00149045210676123,0.00149045210676123
2020-06-22,-0.001574302931673805,-0.001574302931673805
2020-06-23,0.0002270327546056598,0.0002270327546056598
2020-06-24,-0.0008506626373264003,-0.0008506626373264003
2020-06-25,0.0012763930170370968,0.0012763930170370968
2020-06-26,0.000492887986097689,0.000492887986097689
2020-06-29,-0.00033579134907447776,-0.00033579134907447776
2020-06-30,-0.0011781101356099339,-0.0011781101356099339
2020-07-01,-1.3885848025221165e-05,-1.3885848025221165e-05
2020-07-02,0.0001824315694042601,0.0001824315694042601
2020-07-03,0.0004773329288298746,0.0004773329288298746
2020-07-06,-0.00031525275872395706,-0.00031525275872395706
2020-07-07,-0.001864175604185444,-0.001864175604185444
2020-07-08,-0.0004532588973460114,-0.0004532588973460114
2020-07-09,0.00033046249070576097,0.00033046249070576097
2020-07-10,-0.0004809070425074688,-0.0004809070425074688
2020-07-13,-0.0005025726919778949,-0.0005025726919778949
2020-07-14,5.1553959551174045e-05,5.1553959551174045e-05
2020-07-15,0.0009162737312119232,0.0009162737312119232
2020-07-16,-0.0007778859553383108,-0.0007778859553383108
2020-07-17,6.0832895727867234e-05,6.0832895727867234e-05
2020-07-20,-0.001641741912327601,-0.001641741912327601
2020-07-21,0.0017493329082677901,0.0017493329082677901
2020-07-22,-0.0013521554895315722,-0.0013521554895315722
2020-07-23,-0.0012427648737562379,-0.0012427648737562379
2020-07-24,-0.0005837024606034323,-0.0005837024606034323
2020-07-27,-0.0004653844571846056,-0.0004653844571846056
2020-07-28,0.0008261790832566653,0.0008261790832566653
2020-07-29,-0.0019208098841600985,-0.0019208098841600985
2020-07-30,-0.0025545284265088525,-0.0025545284265088525
2020-07-31,-0.0025902850379736185,-0.0025902850379736185
2020-08-03,-0.000514324899440878,-0.000676824899440878
2020-08-04,0.0037704223877571153,0.0037704223877571153
2020-08-05,0.0005716329757411863,0.0005716329757411863
2020-08-06,-0.00011553270124149543,-0.00011553270124149543
2020-08-07,-0.00220621192287594,-0.00220621192287594
2020-08-10,0.00016639180069187728,0.00016639180069187728
2020-08-11,0.0008733294771196708,0.0008733294771196708
2020-08-12,0.001997082583707359,0.001997082583707359
2020-08-13,-0.0005383644864993665,-0.0005383644864993665
2020-08-14,0.00021377352439659744,0.00021377352439659744
2020-08-17,0.0014487125249453435,0.0014487125249453435
2020-08-18,-9.312117032651661e-05,-9.312117032651661e-05
2020-08-19,-0.0008453877963139186,-0.0008453877963139186
2020-08-20,-0.0007066018218080792,-0.0007066018218080792
2020-08-21,0.0006922316462884425,0.0006922316462884425
2020-08-24,-1.7410073162206366e-05,-1.7410073162206366e-05
2020-08-25,0.0005485527674450195,0.0005485527674450195
2020-08-26,0.0007762082096236398,0.0007762082096236398
2020-08-27,0.0015539820289564178,0.0015539820289564178
2020-08-28,0.001360928907748903,0.001360928907748903
2020-08-31,0.0009870682451679923,0.0009870682451679923
2020-09-01,6.265429720803828e-05,-0.0002873457027919617
2020-09-02,-0.001756843446714694,-0.001756843446714694
2020-09-03,-0.0021197529244459876,-0.0021197529244459876
2020-09-04,0.00010148692043463609,0.00010148692043463609
2020-09-07,-0.0018642603399400756,-0.0018642603399400756
2020-09-08,-0.00556609098618121,-0.00556609098618121
2020-09-09,0.001974324460545747,0.001974324460545747
2020-09-10,-0.0035016413702934554,-0.0035016413702934554
2020-09-11,0.0003536008761638524,0.0003536008761638524
2020-09-14,0.0003995592028884845,0.0003995592028884845
2020-09-15,-0.0006509130532586713,-0.0006509130532586713
2020-09-16,-0.00016679037793822932,-0.00016679037793822932
2020-09-17,0.0003767358133049749,0.0003767358133049749
2020-09-18,-0.0012702042134209376,-0.0012702042134209376
2020-09-21,-0.0034453247271085054,-0.0034453247271085054
2020-09-22,-0.0019414471868202596,-0.0019414471868202596
2020-09-23,-0.0009476302298721194,-0.0009476302298721194
2020-09-24,0.0013993386758055018,0.0013993386758055018
2020-09-25,-0.00029550502639762855,-0.00029550502639762855
2020-09-28,0.0026841331431031804,0.0026841331431031804
2020-09-29,0.0017608778161372976,0.0017608778161372976
2020-09-30,0.00014238749308202042,0.00014238749308202042
2020-10-01,9.503337232329905e-06,9.503337232329905e-06
2020-10-02,0.00026471939159456934,0.00026471939159456934
2020-10-05,0.0031863711560061285,0.0031863711560061285
2020-10-06,-0.003428889525891838,-0.003428889525891838
2020-10-07,0.0020646059902519436,0.0020646059902519436
2020-10-08,0.0005530612993098309,0.0005530612993098309
2020-10-09,0.0019059229692991002,0.0019059229692991002
2020-10-12,-6.0161309834372984e-05,-6.0161309834372984e-05
2020-10-13,-0.0037554173678569953,-0.0037554173678569953
2020-10-14,0.0007383097162116209,0.0007383097162116209
2020-10-15,-0.0023832728750155137,-0.0023832728750155137
2020-10-16,0.0008301733548918382,0.0008301733548918382
2020-10-19,0.0016400352193801755,0.0016400352193801755
2020-10-20,0.00141037480933005,0.00141037480933005
2020-10-21,0.0020400347421480163,0.0020400347421480163
2020-10-22,-0.0012678175207560712,-0.0012678175207560712
2020-10-23,-0.00031150086335103924,-0.00031150086335103924
2020-10-26,-0.0012181967852168858,-0.0012181967852168858
2020-10-27,-0.0009163233710662196,-0.0009163233710662196
2020-10-28,-0.0021124673576164883,-0.0021124673576164883
2020-10-29,-0.0020368440795695726,-0.0020368440795695726
2020-10-30,-0.0008261417854013471,-0.0008261417854013471
2020-11-02,0.00030043061410362924,0.00030043061410362924
2020-11-03,0.005956008726798172,0.005956008726798172
2020-11-04,-0.0038417353686975757,-0.0038417353686975757
2020-11-05,0.0031310393038610036,0.0031310393038610036
2020-11-06,0.0015304849710285162,0.0015304849710285162
2020-11-09,0.0029675405993794908,0.0029675405993794908
2020-11-10,0.0018503456079394618,0.0018503456079394618
2020-11-11,-0.0011561863581198608,-0.0011561863581198608
2020-11-12,-0.0022251547737843396,-0.0022251547737843396
2020-11-13,0.001779870313751329,0.001779870313751329
2020-11-16,9.438226469358092e-07,9.438226469358092e-07
2020-11-17,-7.830343246447292e-05,-7.830343246447292e-05
2020-11-18,-0.0010819144976125696,-0.0010819144976125696
2020-11-19,8.986164127948034e-05,8.986164127948034e-05
2020-11-20,0.001029367857978146,0.001029367857978146
2020-11-23,0.0016486177264288069,0.0016486177264288069
2020-11-24,0.0018267403124517623,0.0018267403124517623
2020-11-25,0.0005482853136600616,0.0005482853136600616
2020-11-26,-0.0010457515664587427,-0.0010457515664587427
2020-11-27,0.00035081120895706235,0.00035081120895706235
2020-11-30,-8.663296894133722e-05,-8.663296894133722e-05
2020-12-01,0.0020830123266320994,0.0018955123266320994
2020-12-02,0.0034080883461508555,0.0034080883461508555
2020-12-03,-0.0017505597968607072,-0.0017505597968607072
2020-12-04,0.000846294934532304,0.000846294934532304
2020-12-07,-5.747033747400339e-06,-5.747033747400339e-06
2020-12-08,-9.720047348730278e-05,-9.720047348730278e-05
2020-12-09,0.0004426211647407746,0.0004426211647407746
2020-12-10,0.005289450877081736,0.005289450877081736
2020-12-11,-0.00016129311514018804,-0.00016129311514018804
2020-12-14,-0.00014547023854580906,-0.00014547023854580906
2020-12-15,-0.0023843832977095197,-0.0023843832977095197
2020-12-16,-6.78321541138844e-05,-6.78321541138844e-05
2020-12-17,0.0007086242410610171,0.0007086242410610171
2020-12-18,0.0020197348983101377,0.0020197348983101377
2020-12-21,-0.0011528563526283571,-0.0011528563526283571
2020-12-22,-0.00040660684229021983,-0.00040660684229021983
2020-12-23,-0.0009154354076733102,-0.0009154354076733102
2020-12-24,0.00013444138036641193,0.00013444138036641193
2020-12-25,-8.419910334695529e-05,-8.419910334695529e-05
2020-12-28,0.0019518871561755241,0.0019518871561755241
2020-12-29,0.0003470219311255068,0.0003470219311255068
2020-12-30,8.22961513193771e-05,8.22961513193771e-05
2020-12-31,-0.0025135954320145764,-0.0025135954320145764
2021-01-01,0.000691270962873374,0.0005787709628733741
2021-01-04,-0.0007142421965641141,-0.0007142421965641141
2021-01-05,0.003025096501702062,0.003025096501702062
2021-01-06,0.002746928623269184,0.002746928623269184
2021-01-07,0.0009824807732777433,0.0009824807732777433
2021-01-08,-0.0009056907891868811,-0.0009056907891868811
2021-01-11,-0.0011454070005601066,-0.0011454070005601066
2021-01-12,-0.00013806799845279632,-0.00013806799845279632
2021-01-13,-0.00014605192926685028,-0.00014605192926685028
2021-01-14,0.0012671763666100445,0.0012671763666100445
2021-01-15,-0.0029352280637226897,-0.0029352280637226897
2021-01-18,-0.00033536131670420876,-0.00033536131670420876
2021-01-19,0.0006120141351984734,0.0006120141351984734
2021-01-20,0.0020570852366223625,0.0020570852366223625
2021-01-21,-0.0014712716773390541,-0.0014712716773390541
2021-01-22,-0.0015560720710737063,-0.0015560720710737063
2021-01-25,-5.506107076395735e-05,-5.506107076395735e-05
2021-01-26,0.0004408750108655538,0.0004408750108655538
2021-01-27,-0.0030820435549763054,-0.0030820435549763054
2021-01-28,-0.00034006390633257804,-0.00034006390633257804
2021-01-29,0.0003838103344094172,0.0003838103344094172
2021-02-01,0.0004365297351318863,0.0004365297351318863
2021-02-02,0.0010274143540036041,0.0010274143540036041
2021-02-03,0.001044878567648978,0.001044878567648978
2021-02-04,-0.0009620014457576475,-0.0009620014457576475
2021-02-05,0.002212929706058321,0.002212929706058321
2021-02-08,0.0008640026764916389,0.0008640026764916389
2021-02-09,-0.0010693356687279433,-0.0010693356687279433
2021-02-10,-0.0006353659003683665,-0.0006353659003683665
2021-02-11,0.0015426417525224122,0.0015426417525224122
2021-02-12,0.00022574126953447526,0.00022574126953447526
2021-02-15,0.0017444205523965096,0.0017444205523965096
2021-02-16,-0.0008243108226852246,-0.0008243108226852246
2021-02-17,0.0006734109081635531,0.0006734109081635531
2021-02-18,-0.0016416869268865472,-0.0016416869268865472
2021-02-19,0.0040327019056525205,0.0040327019056525205
2021-02-22,-0.001320389803560228,-0.001320389803560228
2021-02-23,-4.142360251708089e-05,-4.142360251708089e-05
2021-02-24,0.00487100764331216,0.00487100764331216
2021-02-25,-0.001847190293564537,-0.001847190293564537
2021-02-26,-0.004513952468316156,-0.004513952468316156
2021-03-01,0.0032923097694657465,0.0032923097694657465
2021-03-02,0.0011544322840556349,0.0011544322840556349
2021-03-03,-0.0016329382872255376,-0.0016329382872255376
2021-03-04,0.0011748163906639807,0.0011748163906639807
2021-03-05,0.0024994387196604745,0.0024994387196604745
2021-03-08,-0.0004718663248971124,-0.0004718663248971124
2021-03-09,0.0002512779643617908,0.0002512779643617908
2021-03-10,-0.00015733878271907882,-0.00015733878271907882
2021-03-11,0.0027907889781268853,0.0027907889781268853
2021-03-12,0.002823632386505665,0.002823632386505665
2021-03-15,4.7159834850525124e-05,4.7159834850525124e-05
2021-03-16,0.00021517629541174615,0.00021517629541174615
2021-03-17,0.001595745438989838,0.001595745438989838
2021-03-18,-0.002931794900663769,-0.002931794900663769
2021-03-19,-0.0001229175224972004,-0.0001229175224972004
2021-03-22,2.885913033721745e-05,2.885913033721745e-05
2021-03-23,-0.004133213164893722,-0.004133213164893722
2021-03-24,0.001195277601304152,0.001195277601304152
2021-03-25,-0.0006050093358481049,-0.0006050093358481049
2021-03-26,0.002417746855181769,0.002417746855181769
2021-03-29,0.00039395132902110357,0.00039395132902110357
2021-03-30,-7.857010005384219e-05,-7.857010005384219e-05
2021-03-31,0.0009256011631938851,0.0009256011631938851
2021-04-01,-9.686871254760627e-06,-9.686871254760627e-06
2021-04-02,-7.82611202641728e-05,-7.82611202641728e-05
2021-04-05,-0.0004787762905521134,-0.0004787762905521134
2021-04-06,-0.0001735888265324729,-0.0001735888265324729
2021-04-07,-0.0008356139905268848,-0.0008356139905268848
2021-04-08,0.0014672249736086937,0.0014672249736086937
2021-04-09,0.0007856176816621426,0.0007856176816621426
2021-04-12,-0.0019948826992555904,-0.0019948826992555904
2021-04-13,-4.947649613472614e-05,-4.947649613472614e-05
2021-04-14,0.0025148990265069612,0.0025148990265069612
2021-04-15,-0.0002557432651521421,-0.0002557432651521421
2021-04-16,-0.0012223413437746245,-0.0012223413437746245
2021-04-19,-0.0029650111415121696,-0.0029650111415121696
2021-04-20,-0.0021188792235993683,-0.0021188792235993683
2021-04-21,0.0030367026289422447,0.0030367026289422447
2021-04-22,-6.208139689546952e-05,-6.208139689546952e-05
2021-04-23,0.0008201004532521592,0.0008201004532521592
2021-04-26,0.0038940987548129026,0.0038940987548129026
2021-04-27,-3.3042441403941176e-05,-3.3042441403941176e-05
2021-04-28,0.0015703404602742499,0.0015703404602742499
2021-04-29,0.0007740234717408642,0.0007740234717408642
2021-04-30,0.0014400935952464773,0.0014400935952464773
2021-05-03,-0.0012957161324915502,-0.0014082161324915502
2021-05-04,-0.0005360718308840017,-0.0005360718308840017
2021-05-05,-0.00011989692493697085,-0.00011989692493697085
2021-05-06,0.0033762622025902385,0.0033762622025902385
2021-05-07,-0.000719798816621794,-0.000719798816621794
2021-05-10,-0.0011823440717308475,-0.0011823440717308475
2021-05-11,-0.00040690634027415684,-0.00040690634027415684
2021-05-12,0.001637584764804937,0.001637584764804937
2021-05-13,-0.0011225466382568685,-0.0011225466382568685
2021-05-14,0.0015419982916577122,0.0015419982916577122
2021-05-17,-6.871488887169814e-05,-6.871488887169814e-05
2021-05-18,-0.00040742549212241747,-0.00040742549212241747
2021-05-19,8.77241375270817e-05,8.77241375270817e-05
2021-05-20,0.00015988194111687688,0.00015988194111687688
2021-05-21,-7.117267477868782e-05,-7.117267477868782e-05
2021-05-24,0.0006064486204703767,0.0006064486204703767
2021-05-25,0.0005092490167141451,0.0005092490167141451
2021-05-26,-0.0011912928620247977,-0.0011912928620247977
2021-05-27,0.0011536880892239728,0.0011536880892239728
2021-05-28,0.0004084291895167213,0.0004084291895167213
2021-05-31,-0.0005326223040834932,-0.0005326223040834932
2021-06-01,0.0007398256426796928,0.0007398256426796928
2021-06-02,0.0004468889304863673,0.0004468889304863673
2021-06-03,-0.00038664182260705264,-0.00038664182260705264
2021-06-04,-0.0010650802299556278,-0.0010650802299556278
2021-06-07,-0.0007100946766274924,-0.0007100946766274924
2021-06-08,-2.4519864079774285e-05,-2.4519864079774285e-05
2021-06-09,0.0011029758150392429,0.0011029758150392429
2021-06-10,-0.001234566305316536,-0.001234566305316536
2021-06-11,-0.0010464985139137177,-0.0010464985139137177
2021-06-14,0.0015162051869989986,0.0015162051869989986
2021-06-15,-0.0002214072143179529,-0.0002214072143179529
2021-06-16,-0.0014405474601817895,-0.0014405474601817895
2021-06-17,-0.0031589821907956834,-0.0031589821907956834
2021-06-18,-0.001059923206552065,-0.001059923206552065
2021-06-21,0.0008523849329258656,0.0008523849329258656
2021-06-22,0.0019098148667615396,0.0019098148667615396
2021-06-23,0.0005518576674118155,0.0005518576674118155
2021-06-24,0.0002497608674359503,0.0002497608674359503
2021-06-25,0.0010297656523172779,0.0010297656523172779
2021-06-28,-0.0013438610656712972,-0.0013438610656712972
2021-06-29,-0.0013298838856283738,-0.0013298838856283738
2021-06-30,0.0006954795114105857,0.0006954795114105857
2021-07-01,-0.00018659118285845088,-0.0002490911828584509
2021-07-02,0.0014517979631559342,0.0014517979631559342
2021-07-05,-0.0005372119459598899,-0.0005372119459598899
2021-07-06,-0.00393419890223147,-0.00393419890223147
2021-07-07,-0.001061049865705058,-0.001061049865705058
2021-07-08,-0.0016584138128037528,-0.0016584138128037528
2021-07-09,0.003081536414719185,0.003081536414719185
2021-07-12,-8.237034811452195e-05,-8.237034811452195e-05
2021-07-13,-0.0026057874533917252,-0.0026057874533917252
2021-07-14,-4.471344135161014e-05,-4.471344135161014e-05
2021-07-15,-0.0023952120232893647,-0.0023952120232893647
2021-07-16,-0.0002930719565178572,-0.0002930719565178572
2021-07-19,-0.003762373753158424,-0.003762373753158424
2021-07-20,0.002061391062769299,0.002061391062769299
2021-07-21,0.003035324858364094,0.003035324858364094
2021-07-22,-0.0005911064132901742,-0.0005911064132901742
2021-07-23,0.0008580822025962966,0.0008580822025962966
2021-07-26,0.0007248679911684566,0.0007248679911684566
2021-07-27,-0.0018238174084663637,-0.0018238174084663637
2021-07-28,0.0020918648840110156,0.0020918648840110156
2021-07-29,0.001297990617858943,0.001297990617858943
2021-07-30,-0.00022038044512380538,-0.00022038044512380538
2021-08-02,-0.0015293446686931171,-0.0015293446686931171
2021-08-03,-0.0013937059456762828,-0.0013937059456762828
2021-08-04,0.0003219765500541422,0.0003219765500541422
2021-08-05,0.0013404083082942382,0.0013404083082942382
2021-08-06,-0.0020620949715557117,-0.0020620949715557117
2021-08-09,-0.00018981961008321437,-0.00018981961008321437
2021-08-10,0.001425038561229441,0.001425038561229441
2021-08-11,0.00012933072113088768,0.00012933072113088768
2021-08-12,-0.0003221500231885559,-0.0003221500231885559
2021-08-13,-0.0004437268153029422,-0.0004437268153029422
2021-08-16,-0.002132500350563588,-0.002132500350563588
2021-08-17,-0.002076714820804099,-0.002076714820804099
2021-08-18,-0.00017000711504935916,-0.00017000711504935916
2021-08-19,-0.004063484671484929,-0.004063484671484929
2021-08-20,0.0007119137014145177,0.0007119137014145177
2021-08-23,0.0040425589627972325,0.0040425589627972325
2021-08-24,0.0013836170140960609,0.0013836170140960609
2021-08-25,0.0011546814789639977,0.0011546814789639977
2021-08-26,-0.0021327854987358012,-0.0021327854987358012
2021-08-27,0.0019426401878712136,0.0019426401878712136
2021-08-30,0.00017293133479501187,0.00017293133479501187
2021-08-31,0.00039141257028990574,0.00039141257028990574
2021-09-01,0.0006238271905177376,0.0006238271905177376
2021-09-02,0.001788418817900709,0.001788418817900709
2021-09-03,0.00021138509187210524,0.00021138509187210524
2021-09-06,-0.0001852453364659909,-0.0001852453364659909
2021-09-07,-0.0018198978439464238,-0.0018198978439464238
2021-09-08,-0.0016386230029540004,-0.0016386230029540004
2021-09-09,-0.00023292264957288842,-0.00023292264957288842
2021-09-10,-0.0003281855129399178,-0.0003281855129399178
2021-09-13,0.0007964163043430209,0.0007964163043430209
2021-09-14,-0.0016071777940131168,-0.0016071777940131168
2021-09-15,0.0009644944136044977,0.0009644944136044977
2021-09-16,-0.0016491486392481124,-0.0016491486392481124
2021-09-17,-0.0018084922158751703,-0.0018084922158751703
2021-09-20,-0.0019646305403216123,-0.0019646305403216123
2021-09-21,-0.0011769173521177752,-0.0011769173521177752
2021-09-22,0.0014667165237463066,0.0014667165237463066
2021-09-23,0.004689667739401413,0.004689667739401413
2021-09-24,0.0008705540434818006,0.0008705540434818006
2021-09-27,0.00034556244165229535,0.00034556244165229535
2021-09-28,3.696950975554461e-05,3.696950975554461e-05
2021-09-29,-0.0024171012245314503,-0.0024171012245314503
2021-09-30,-0.0002815473719423277,-0.0002815473719423277
2021-10-01,0.0007134063153828021,0.0007134063153828021
2021-10-04,0.0009807875015100656,0.0009807875015100656
2021-10-05,0.0008243621390749125,0.0008243621390749125
2021-10-06,-0.0011183196320282982,-0.0011183196320282982
2021-10-07,0.0014281131384812898,0.0014281131384812898
2021-10-08,0.002745768330185332,0.002745768330185332
2021-10-11,0.0022932652233563773,0.0022932652233563773
2021-10-12,-5.642864839680646e-05,-5.642864839680646e-05
2021-10-13,0.001723717955597475,0.001723717955597475
2021-10-14,0.0022478800228568343,0.0022478800228568343
2021-10-15,0.001208525223816175,0.001208525223816175
2021-10-18,0.00030332408729369305,0.00030332408729369305
2021-10-19,0.0013171677108611273,0.0013171677108611273
2021-10-20,0.0007535892460783503,0.0007535892460783503
2021-10-21,-0.0027502270361252088,-0.0027502270361252088
2021-10-22,-0.00011608959038564366,-0.00011608959038564366
2021-10-25,-0.0005477077332058385,-0.0005477077332058385
2021-10-26,0.00038451702180816656,0.00038451702180816656
2021-10-27,-0.0004282478317101386,-0.0004282478317101386
2021-10-28,0.00192004879375987,0.00192004879375987
2021-10-29,-0.0021014048676082373,-0.0021014048676082373
2021-11-01,0.0007937696443217602,0.0007937696443217602
2021-11-02,-0.0014175577594675603,-0.0014175577594675603
2021-11-03,0.0016243360579498967,0.0016243360579498967
2021-11-04,-0.003294235145343718,-0.003294235145343718
2021-11-05,-0.000504003558665591,-0.000504003558665591
2021-11-08,0.00017040931712488996,0.00017040931712488996
2021-11-09,-0.0005485369331894884,-0.0005485369331894884
2021-11-10,-0.001184946990061666,-0.001184946990061666
2021-11-11,-0.002508803586482091,-0.002508803586482091
2021-11-12,0.000516666679868547,0.000516666679868547
2021-11-15,-0.000692668518831182,-0.000692668518831182
2021-11-16,-0.0003432255184091259,-0.0003432255184091259
2021-11-17,-0.002463839610471671,-0.002463839610471671
2021-11-18,0.0013919324388929322,0.0013919324388929322
2021-11-19,-0.003349989129238675,-0.003349989129238675
2021-11-22,-0.00026623890952559787,-0.00026623890952559787
2021-11-23,0.0013210912241490547,0.0013210912241490547
2021-11-24,-7.80178476229042e-05,-7.80178476229042e-05
2021-11-25,-0.0006304579050530356,-0.0006304579050530356
2021-11-26,-0.002280966797988284,-0.002280966797988284
2021-11-29,-7.196502660320123e-05,-7.196502660320123e-05
2021-11-30,-0.0010111469755471358,-0.0010111469755471358
2021-12-01,-0.0012687033905304467,-0.0013312033905304467
2021-12-02,0.0005746558280699577,0.0005746558280699577
2021-12-03,0.0024872398826722756,0.0024872398826722756
2021-12-06,0.0004718495259390435,0.0004718495259390435
2021-12-07,-0.0004096459405029348,-0.0004096459405029348
2021-12-08,8.634231879479007e-05,8.634231879479007e-05
2021-12-09,-0.0019539795766933495,-0.0019539795766933495
2021-12-10,-0.00040314587437850324,-0.00040314587437850324
2021-12-13,-0.0009969890245922995,-0.0009969890245922995
2021-12-14,-0.0003836669854816409,-0.0003836669854816409
2021-12-15,-2.0392459847635384e-05,-2.0392459847635384e-05
2021-12-16,0.0007079699027816068,0.0007079699027816068
2021-12-17,-0.0026039896682643567,-0.0026039896682643567
2021-12-20,0.0006036652942668687,0.0006036652942668687
2021-12-21,-0.00014752324561120384,-0.00014752324561120384
2021-12-22,0.00026187523787427535,0.00026187523787427535
2021-12-23,0.0005647603416114356,0.0005647603416114356
2021-12-24,-8.689116614118522e-05,-8.689116614118522e-05
2021-12-27,0.0014551994389483448,0.0014551994389483448
2021-12-28,-0.0007877810476436219,-0.0007877810476436219
2021-12-29,0.0011150096498103769,0.0011150096498103769
2021-12-30,0.0005287482542719092,0.0005287482542719092
2021-12-31,0.0022810240368569866,0.0022810240368569866
2022-01-03,-0.00057702803540669,-0.00057702803540669
2022-01-04,0.0009216731520968972,0.0009216731520968972
2022-01-05,8.571607272191964e-05,8.571607272191964e-05
2022-01-06,0.0016647516093625195,0.0016647516093625195
2022-01-07,0.001787034842395974,0.001787034842395974
2022-01-10,-0.001679791389116647,-0.001679791389116647
2022-01-11,0.0016323598247346917,0.0016323598247346917
2022-01-12,-0.0007734898734236325,-0.0007734898734236325
2022-01-13,-0.0010048792032551265,-0.0010048792032551265
2022-01-14,0.0009657935755356065,0.0009657935755356065
2022-01-17,0.0013003423108821025,0.0013003423108821025
2022-01-18,-0.0006416831328603708,-0.0006416831328603708
2022-01-19,-0.0014451721592863894,-0.0014451721592863894
2022-01-20,-0.0012213464357455405,-0.0012213464357455405
2022-01-21,-4.873722667784195e-05,-4.873722667784195e-05
2022-01-24,-1.093838828023462e-05,-1.093838828023462e-05
2022-01-25,-0.0006935803583114405,-0.0006935803583114405
2022-01-26,0.0009114294729517195,0.0009114294729517195
2022-01-27,0.0005753527034571774,0.0005753527034571774
2022-01-28,0.0009918567290817474,0.0009918567290817474
2022-01-31,-0.0002708537992202661,-0.0002708537992202661
2022-02-01,-0.0016287872909162794,-0.0016287872909162794
2022-02-02,0.0003281251255676289,0.0003281251255676289
2022-02-03,0.0035651584573561704,0.0035651584573561704
2022-02-04,0.0019489613777650175,0.0019489613777650175
2022-02-07,-0.000809146519180094,-0.000809146519180094
2022-02-08,-0.0008032748067515426,-0.0008032748067515426
2022-02-09,-0.0003681272856516603,-0.0003681272856516603
2022-02-10,0.00027369039334910073,0.00027369039334910073
2022-02-11,-0.001348036711615065,-0.001348036711615065
2022-02-14,-0.001053715215024199,-0.001053715215024199
2022-02-15,0.0008284723187191356,0.0008284723187191356
2022-02-16,-0.0011638711563786385,-0.0011638711563786385
2022-02-17,-0.0013297004259434596,-0.0013297004259434596
2022-02-18,-0.0012852360290165022,-0.0012852360290165022
2022-02-21,-0.0013691036559439719,-0.0013691036559439719
2022-02-22,-0.0002022137926573307,-0.0002022137926573307
2022-02-23,-0.00033757566246452996,-0.00033757566246452996
2022-02-24,-0.00022024626775051892,-0.00022024626775051892
2022-02-25,-4.5370967355929824e-05,-4.5370967355929824e-05
2022-02-28,-0.0012076551284983207,-0.0012076551284983207
2022-03-01,-0.0018859563526659332,-0.0020109563526659333
2022-03-02,0.0013883613078988352,0.0013883613078988352
2022-03-03,-0.000750260405471063,-0.000750260405471063
2022-03-04,-0.0037587482063146526,-0.0037587482063146526
2022-03-07,0.0008785195712449475,0.0008785195712449475
2022-03-08,4.223086221734275e-05,4.223086221734275e-05
2022-03-09,0.004530609884741646,0.004530609884741646
2022-03-10,0.0016164741839624205,0.0016164741839624205
2022-03-11,0.002449741578447586,0.002449741578447586
2022-03-14,0.0007655647056541001,0.0007655647056541001
2022-03-15,0.0011001206167425134,0.0011001206167425134
2022-03-16,0.0022035364488397343,0.0022035364488397343
2022-03-17,0.0016639419609930225,0.0016639419609930225
2022-03-18,0.0008632567151761047,0.0008632567151761047
2022-03-21,0.0003099805459076254,0.0003099805459076254
2022-03-22,0.0021645388662347017,0.0021645388662347017
2022-03-23,0.0006293733310605141,0.0006293733310605141
2022-03-24,0.0035486395920097244,0.0035486395920097244
2022-03-25,0.00024120274569074048,0.00024120274569074048
2022-03-28,0.0038620468267630955,0.0038620468267630955
2022-03-29,0.0017228469481249528,0.0017228469481249528
2022-03-30,-0.0012138305914178452,-0.0012138305914178452
2022-03-31,-0.003034617665181636,-0.003034617665181636
2022-04-01,0.0014447531892038666,0.0014447531892038666
2022-04-04,-0.0006174808877174876,-0.0006174808877174876
2022-04-05,0.0008834999420783406,0.0008834999420783406
2022-04-06,-0.0015459614117857025,-0.0015459614117857025
2022-04-07,-0.0004204623573970125,-0.0004204623573970125
2022-04-08,0.001962856272457124,0.001962856272457124
2022-04-11,0.0008982794850264915,0.0008982794850264915
2022-04-12,-0.0007784035282054082,-0.0007784035282054082
2022-04-13,0.0006300195295994557,0.0006300195295994557
2022-04-14,8.560823535688647e-05,8.560823535688647e-05
2022-04-15,0.0007328113946479794,0.0007328113946479794
2022-04-18,0.0013765935188500542,0.0013765935188500542
2022-04-19,0.004541274053734277,0.004541274053734277
2022-04-20,-1.202163653681379e-06,-1.202163653681379e-06
2022-04-21,-0.0008180835603281437,-0.0008180835603281437
2022-04-22,0.0009524875893310008,0.0009524875893310008
2022-04-25,-0.0024338662433694715,-0.0024338662433694715
2022-04-26,-0.0009101990820054321,-0.0009101990820054321
2022-04-27,0.0008146638392794711,0.0008146638392794711
2022-04-28,0.005234350561880317,0.005234350561880317
2022-04-29,-0.003929436381699127,-0.003929436381699127
2022-05-02,0.0006474341057559339,0.0006474341057559339
2022-05-03,0.0012063493075522846,0.0012063493075522846
2022-05-04,3.938389479357651e-05,3.938389479357651e-05
2022-05-05,0.003461342755908703,0.003461342755908703
2022-05-06,-0.0003975590183858959,-0.0003975590183858959
2022-05-09,-0.0019087106631793527,-0.0019087106631793527
2022-05-10,-0.000667545314646717,-0.000667545314646717
2022-05-11,0.0007505612295095886,0.0007505612295095886
2022-05-12,-0.005542936067716053,-0.005542936067716053
2022-05-13,0.00330130625974015,0.00330130625974015
2022-05-16,-0.0003132751249372292,-0.0003132751249372292
2022-05-17,0.0012134400907158338,0.0012134400907158338
2022-05-18,-0.0034678107232773148,-0.0034678107232773148
2022-05-19,0.0012713719583902217,0.0012713719583902217
2022-05-20,-0.0007732778272085684,-0.0007732778272085684
2022-05-23,0.0017568728253674892,0.0017568728253674892
2022-05-24,-0.0010348648220499803,-0.0010348648220499803
2022-05-25,-0.0012266674519689493,-0.0012266674519689493
2022-05-26,0.001170854034959229,0.001170854034959229
2022-05-27,0.0011817201661580012,0.0011817201661580012
2022-05-30,0.002933686508306832,0.002933686508306832
2022-05-31,0.0020180408573188258,0.0020180408573188258
2022-06-01,0.0028032511006374095,0.0028032511006374095
2022-06-02,0.0018425800522141207,0.0018425800522141207
2022-06-03,0.002364257266130503,0.002364257266130503
2022-06-06,0.0014760315482070126,0.0014760315482070126
2022-06-07,0.0010258856876662775,0.0010258856876662775
2022-06-08,0.004051088949313708,0.004051088949313708
2022-06-09,-0.0043768155210419215,-0.0043768155210419215
2022-06-10,0.00019062170578492093,0.00019062170578492093
2022-06-13,-0.002030064225023926,-0.002030064225023926
2022-06-14,0.004260065508668437,0.004260065508668437
2022-06-15,-0.0037918734957363255,-0.0037918734957363255
2022-06-16,-0.0062579461977706865,-0.0062579461977706865
2022-06-17,0.005736647275082318,0.005736647275082318
2022-06-20,0.0002292976709977907,0.0002292976709977907
2022-06-21,0.0031267585253288597,0.0031267585253288597
2022-06-22,3.019366042344377e-06,3.019366042344377e-06
2022-06-23,-0.003869008889592419,-0.003869008889592419
2022-06-24,0.0027957075916547774,0.0027957075916547774
2022-06-27,0.001891177168312374,0.001891177168312374
2022-06-28,0.0012788927768526853,0.0012788927768526853
2022-06-29,0.0001569296763857969,0.0001569296763857969
2022-06-30,-0.001138270450904239,-0.001138270450904239
2022-07-01,-0.0020068510338072778,-0.0021693510338072776
2022-07-04,0.002443690793527675,0.002443690793527675
2022-07-05,-0.0029694105746402967,-0.0029694105746402967
2022-07-06,0.00029459194513988235,0.00029459194513988235
2022-07-07,0.0014288437489844595,0.0014288437489844595
2022-07-08,0.000488535996031175,0.000488535996031175
2022-07-11,-0.002256823531129254,-0.002256823531129254
2022-07-12,-7.685952508061406e-05,-7.685952508061406e-05
2022-07-13,0.000333922025295685,0.000333922025295685
2022-07-14,-0.0007100158561623275,-0.0007100158561623275
2022-07-15,0.0030704423351749386,0.0030704423351749386
2022-07-18,-0.0008867019177164872,-0.0008867019177164872
2022-07-19,0.004194926641204871,0.004194926641204871
2022-07-20,4.415547454313356e-05,4.415547454313356e-05
2022-07-21,0.0008781622164125588,0.0008781622164125588
2022-07-22,-0.0013686022306032112,-0.0013686022306032112
2022-07-25,0.001692602388105413,0.001692602388105413
2022-07-26,-0.00020375180615013228,-0.00020375180615013228
2022-07-27,0.00018944021038235209,0.00018944021038235209
2022-07-28,0.00019798633985017552,0.00019798633985017552
2022-07-29,-0.0010992801351215721,-0.0010992801351215721
2022-08-01,-0.00042774546718246946,-0.00042774546718246946
2022-08-02,-0.0033574393347225477,-0.0033574393347225477
2022-08-03,0.0025317518945196208,0.0025317518945196208
2022-08-04,-9.285451438886968e-06,-9.285451438886968e-06
2022-08-05,-0.0014427377474828835,-0.0014427377474828835
2022-08-08,0.004255311242395418,0.004255311242395418
2022-08-09,-0.0014405139404872233,-0.0014405139404872233
2022-08-10,0.0036531554024118425,0.0036531554024118425
2022-08-11,0.001438417664435612,0.001438417664435612
2022-08-12,0.0015598482688360365,0.0015598482688360365
2022-08-15,-0.004356610010506859,-0.004356610010506859
2022-08-16,0.0002524378871656377,0.0002524378871656377
2022-08-17,-0.003480449716924519,-0.003480449716924519
2022-08-18,0.001075391337286677,0.001075391337286677
2022-08-19,0.0001437961458748663,0.0001437961458748663
2022-08-22,0.00023234247035347196,0.00023234247035347196
2022-08-23,0.001930571826870561,0.001930571826870561
2022-08-24,8.940789060684888e-05,8.940789060684888e-05
2022-08-25,0.0019753217741991765,0.0019753217741991765
2022-08-26,-0.003135614981671811,-0.003135614981671811
2022-08-29,0.002031048513505243,0.002031048513505243
2022-08-30,-0.002169354026138218,-0.002169354026138218
2022-08-31,-0.0007251158944596189,-0.0007251158944596189
2022-09-01,-0.00021892051177670787,-0.00021892051177670787
2022-09-02,0.0014694466977539869,0.0014694466977539869
2022-09-05,-0.0008670831995397285,-0.0008670831995397285
2022-09-06,-0.002369516350830484,-0.002369516350830484
2022-09-07,0.0010729589628532068,0.0010729589628532068
2022-09-08,0.0014334596588540052,0.0014334596588540052
2022-09-09,0.001979878038301416,0.001979878038301416
2022-09-12,0.0010297197287218807,0.0010297197287218807
2022-09-13,-0.005066978655486573,-0.005066978655486573
2022-09-14,-0.00047619538861814223,-0.00047619538861814223
2022-09-15,-0.0020322947372575706,-0.0020322947372575706
2022-09-16,0.0016992558626334553,0.0016992558626334553
2022-09-19,0.00030840440255054083,0.00030840440255054083
2022-09-20,-0.0023550205500466803,-0.0023550205500466803
2022-09-21,-0.0025667421968769617,-0.0025667421968769617
2022-09-22,0.001293580288978976,0.001293580288978976
2022-09-23,0.004009711807094427,0.004009711807094427
2022-09-26,-0.003914403556505427,-0.003914403556505427
2022-09-27,-0.0006320036947303686,-0.0006320036947303686
2022-09-28,0.0017980604804189529,0.0017980604804189529
2022-09-29,-0.008239662185914228,-0.008239662185914228
2022-09-30,-0.004948458997632124,-0.004948458997632124
2022-10-03,-0.0007262753617045751,-0.0008387753617045751
2022-10-04,-0.0008885235060417881,-0.0008885235060417881
2022-10-05,0.0008474278569874708,0.0008474278569874708
2022-10-06,-0.0005812290808505031,-0.0005812290808505031
2022-10-07,-0.0005423008131233636,-0.0005423008131233636
2022-10-10,-0.003400120208488449,-0.003400120208488449
2022-10-11,0.0009442453433778425,0.0009442453433778425
2022-10-12,-0.004234014890927306,-0.004234014890927306
2022-10-13,-0.004511424175267807,-0.004511424175267807
2022-10-14,-0.0040517401313938045,-0.0040517401313938045
2022-10-17,-4.633383320642407e-05,-4.633383320642407e-05
2022-10-18,0.00046855967517445775,0.00046855967517445775
2022-10-19,-0.00021666269224459547,-0.00021666269224459547
2022-10-20,-0.000428696553071061,-0.000428696553071061
2022-10-21,0.00500809908125125,0.00500809908125125
2022-10-24,-0.0026945935651254633,-0.0026945935651254633
2022-10-25,0.0002803424141744951,0.0002803424141744951
2022-10-26,0.0034585321045162774,0.0034585321045162774
2022-10-27,-0.0003721694938860701,-0.0003721694938860701
2022-10-28,-0.005239833656295621,-0.005239833656295621
2022-10-31,0.0014834165546661674,0.0014834165546661674
2022-11-01,0.00035256787570255564,0.00035256787570255564
2022-11-02,3.6070960070163166e-06,3.6070960070163166e-06
2022-11-03,0.0018133733522204733,0.0018133733522204733
2022-11-04,0.004971419385616535,0.004971419385616535
2022-11-07,-0.002413880644976116,-0.002413880644976116
2022-11-08,0.0027910577403725185,0.0027910577403725185
2022-11-09,-0.0005094432485254572,-0.0005094432485254572
2022-11-10,0.007112300350038172,0.007112300350038172
2022-11-11,0.005063890446545252,0.005063890446545252
2022-11-14,-0.0003259823606217377,-0.0003259823606217377
2022-11-15,0.0021804290734700944,0.0021804290734700944
2022-11-16,-0.002532007547163992,-0.002532007547163992
2022-11-17,-0.0027142561701743533,-0.0027142561701743533
2022-11-18,-0.0005847115625860572,-0.0005847115625860572
2022-11-21,-0.004880732625379617,-0.004880732625379617
2022-11-22,0.0017844218683074815,0.0017844218683074815
2022-11-23,0.0030364656025147125,0.0030364656025147125
2022-11-24,0.0011550595479101948,0.0011550595479101948
2022-11-25,-0.0017179659027647203,-0.0017179659027647203
2022-11-28,0.00036256300759653656,0.00036256300759653656
2022-11-29,0.0013913971624638006,0.0013913971624638006
2022-11-30,0.004034991378238642,0.004034991378238642
2022-12-01,0.0006268921793815717,0.0006268921793815717
2022-12-02,0.000496160721734462,0.000496160721734462
2022-12-05,-0.005827864629169438,-0.005827864629169438
2022-12-06,0.0004047821964665188,0.0004047821964665188
2022-12-07,0.00028710340165354325,0.00028710340165354325
2022-12-08,0.0008782976562487386,0.0008782976562487386
2022-12-09,-0.00011350793356325063,-0.00011350793356325063
2022-12-12,-0.003156933640261689,-0.003156933640261689
2022-12-13,0.004959824366845045,0.004959824366845045
2022-12-14,-0.0003194134614901534,-0.0003194134614901534
2022-12-15,-0.005391303301869055,-0.005391303301869055
2022-12-16,0.0017803150173016256,0.0017803150173016256
2022-12-19,0.00029369025463056846,0.00029369025463056846
2022-12-20,0.0078043213794298395,0.0078043213794298395
2022-12-21,0.002394160129974443,0.002394160129974443
2022-12-22,-0.0006955084888389365,-0.0006955084888389365
2022-12-23,5.37704200869165e-06,5.37704200869165e-06
2022-12-26,0.0006928863312795239,0.0006928863312795239
2022-12-27,-0.0007782725924291135,-0.0007782725924291135
2022-12-28,-0.00046336579477980217,-0.00046336579477980217
2022-12-29,0.0021559186153726926,0.0021559186153726926
2022-12-30,0.004626902992851278,0.004626902992851278
2023-01-02,0.0005888780318269289,0.0005888780318269289
2023-01-03,-0.001840920444321036,-0.001840920444321036
2023-01-04,-2.0226604295336134e-05,-2.0226604295336134e-05
2023-01-05,-0.0017439080202866658,-0.0017439080202866658
2023-01-06,0.003491570814495954,0.003491570814495954
2023-01-09,-0.0006440696230050217,-0.0006440696230050217
2023-01-10,-0.0006674750988332638,-0.0006674750988332638
2023-01-11,0.0008006126698419775,0.0008006126698419775
2023-01-12,0.005979623305902055,0.005979623305902055
2023-01-13,0.0021859167445699274,0.0021859167445699274
2023-01-16,-0.0004957075767900602,-0.0004957075767900602
2023-01-17,-0.0007601950798967631,-0.0007601950798967631
2023-01-18,-0.003425308591139086,-0.003425308591139086
2023-01-19,-0.0017273481051898348,-0.0017273481051898348
2023-01-20,0.00025162932553508604,0.00025162932553508604
2023-01-23,-0.000251844202994666,-0.000251844202994666
2023-01-24,0.002273059719508764,0.002273059719508764
2023-01-25,0.002363791154609369,0.002363791154609369
2023-01-26,-0.0009971707700368476,-0.0009971707700368476
2023-01-27,-6.340023063460196e-05,-6.340023063460196e-05
2023-01-30,-0.0020688555676727388,-0.0020688555676727388
2023-01-31,0.001321789872340951,0.001321789872340951
2023-02-01,0.003895726814984121,0.003833226814984121
2023-02-02,0.0014011166474980877,0.0014011166474980877
2023-02-03,-0.00662803705989887,-0.00662803705989887
2023-02-06,-0.001253896096809207,-0.001253896096809207
2023-02-07,0.0041907256840233685,0.0041907256840233685
2023-02-08,-0.00127667430922879,-0.00127667430922879
2023-02-09,-0.0008345450266261409,-0.0008345450266261409
2023-02-10,-0.001411115514579678,-0.001411115514579678
2023-02-13,-0.002028115677101042,-0.002028115677101042
2023-02-14,-0.0009723338781962053,-0.0009723338781962053
2023-02-15,-0.0009526073993260139,-0.0009526073993260139
2023-02-16,0.0008952091645597595,0.0008952091645597595
2023-02-17,-0.0012006629171441882,-0.0012006629171441882
2023-02-20,0.0006020895393995219,0.0006020895393995219
2023-02-21,-0.002881102404542871,-0.002881102404542871
2023-02-22,-0.00033472918100408176,-0.00033472918100408176
2023-02-23,0.00103591768128011,0.00103591768128011
2023-02-24,-0.003774050594690218,-0.003774050594690218
2023-02-27,-0.0022820046517135514,-0.0022820046517135514
2023-02-28,0.0013306927566580885,0.0013306927566580885
2023-03-01,0.00036597071005715844,0.00036597071005715844
2023-03-02,-0.00018154630388921076,-0.00018154630388921076
2023-03-03,0.0007648107857052965,0.0007648107857052965
2023-03-06,-0.0008177241428513482,-0.0008177241428513482
2023-03-07,-0.001334678028330386,-0.001334678028330386
2023-03-08,0.0008242278174807739,0.0008242278174807739
2023-03-09,0.00039617199059634124,0.00039617199059634124
2023-03-10,-0.0003214606983285716,-0.0003214606983285716
2023-03-13,0.001923230161554892,0.001923230161554892
2023-03-14,-0.0017853803331927408,-0.0017853803331927408
2023-03-15,0.0031270100970418736,0.0031270100970418736
2023-03-16,-0.0008580320919703431,-0.0008580320919703431
2023-03-17,0.0020873206538372514,0.0020873206538372514
2023-03-20,-0.0007517564452961123,-0.0007517564452961123
2023-03-21,-0.0015876310037267892,-0.0015876310037267892
2023-03-22,0.0019861011343211134,0.0019861011343211134
2023-03-23,-0.0001445575668757726,-0.0001445575668757726
2023-03-24,-8.484193415729576e-05,-8.484193415729576e-05
2023-03-27,-0.0029973416806726863,-0.0029973416806726863
2023-03-28,0.00028082308097686294,0.00028082308097686294
2023-03-29,-0.004093451217454677,-0.004093451217454677
2023-03-30,-0.0021996232070852916,-0.0021996232070852916
2023-03-31,-0.0008276158370710417,-0.0008276158370710417
2023-04-03,0.0003974778370973084,0.0002849778370973084
2023-04-04,0.001142011675883313,0.001142011675883313
2023-04-05,0.0007066120695737243,0.0007066120695737243
2023-04-06,0.0001640029067133883,0.0001640029067133883
2023-04-07,-0.0007044488850839261,-0.0007044488850839261
2023-04-10,-0.002884927760592938,-0.002884927760592938
2023-04-11,-0.0007231181332144965,-0.0007231181332144965
2023-04-12,0.001124482354438232,0.001124482354438232
2023-04-13,-0.00020308377553483032,-0.00020308377553483032
2023-04-14,-0.0014292395594093575,-0.0014292395594093575
2023-04-17,-0.0012937867439575047,-0.0012937867439575047
2023-04-18,0.0007658647258700011,0.0007658647258700011
2023-04-19,-0.00044506858593271886,-0.00044506858593271886
2023-04-20,0.0016801122140896116,0.0016801122140896116
2023-04-21,0.0013856982664454884,0.0013856982664454884
2023-04-24,0.00014650498536910455,0.00014650498536910455
2023-04-25,0.002073870438098528,0.002073870438098528
2023-04-26,0.0010565454532807314,0.0010565454532807314
2023-04-27,-0.0021230932283366824,-0.0021230932283366824
2023-04-28,-0.007312520580245681,-0.007312520580245681
2023-05-01,-0.0017890968440920122,-0.0017890968440920122
2023-05-02,0.004241782807168967,0.004241782807168967
2023-05-03,0.003156918916510067,0.003156918916510067
2023-05-04,-0.002702233259240132,-0.002702233259240132
2023-05-05,-0.00563648497055683,-0.00563648497055683
2023-05-08,-0.00012530473923505866,-0.00012530473923505866
2023-05-09,-0.00135962563271436,-0.00135962563271436
2023-05-10,0.002502999868322721,0.002502999868322721
2023-05-11,0.0021524415060846748,0.0021524415060846748
2023-05-12,-0.0016085497282065135,-0.0016085497282065135
2023-05-15,-0.003116825477853389,-0.003116825477853389
2023-05-16,9.082432353326898e-05,9.082432353326898e-05
2023-05-17,-0.0030193352233610677,-0.0030193352233610677
2023-05-18,-0.0013509630333223038,-0.0013509630333223038
2023-05-19,0.0015530667404560455,0.0015530667404560455
2023-05-22,-0.0012968944443257397,-0.0012968944443257397
2023-05-23,-0.0006007835635539233,-0.0006007835635539233
2023-05-24,0.0009995111878026114,0.0009995111878026114
2023-05-25,-6.778560250001267e-05,-6.778560250001267e-05
2023-05-26,-0.0028221330812720252,-0.0028221330812720252
2023-05-29,0.00014988849495350566,0.00014988849495350566
2023-05-30,0.0004002478220113642,0.0004002478220113642
2023-05-31,-0.0010770776724637094,-0.0010770776724637094
2023-06-01,-0.0017033075649371388,-0.0017033075649371388
2023-06-02,-0.0024988346580702412,-0.0024988346580702412
2023-06-05,0.0020215711481781653,0.0020215711481781653
2023-06-06,-0.0014677545662797598,-0.0014677545662797598
2023-06-07,-0.0013626932739181628,-0.0013626932739181628
2023-06-08,0.001083335801515346,0.001083335801515346
2023-06-09,-0.002613632960738825,-0.002613632960738825
2023-06-12,0.0018526474426913144,0.0018526474426913144
2023-06-13,-0.003468011479701909,-0.003468011479701909
2023-06-14,0.0004869816097743129,0.0004869816097743129
2023-06-15,-0.0024372658962588376,-0.0024372658962588376
2023-06-16,-0.004325208991223349,-0.004325208991223349
2023-06-19,0.00038524431640199594,0.00038524431640199594
2023-06-20,0.0017193182383982999,0.0017193182383982999
2023-06-21,-0.00038541010545764423,-0.00038541010545764423
2023-06-22,-0.0029976463009694907,-0.0029976463009694907
2023-06-23,-0.0014468815109110178,-0.0014468815109110178
2023-06-26,0.00023222856558125063,0.00023222856558125063
2023-06-27,0.0005354930411206893,0.0005354930411206893
2023-06-28,0.0011401079333513155,0.0011401079333513155
2023-06-29,-0.0013173979849106499,-0.0013173979849106499
2023-06-30,-5.379025078239163e-05,-5.379025078239163e-05
2023-07-03,-0.0002922139459057576,-0.0002922139459057576
2023-07-04,-0.0013529600537226254,-0.0013529600537226254
2023-07-05,0.0005748614234125632,0.0005748614234125632
2023-07-06,0.002392074846095547,0.002392074846095547
2023-07-07,0.0012516754436888418,0.0012516754436888418
2023-07-10,0.0017846806359069752,0.0017846806359069752
2023-07-11,-2.9950471475222304e-05,-2.9950471475222304e-05
2023-07-12,0.004073831258323666,0.004073831258323666
2023-07-13,-0.0017395845086992116,-0.0017395845086992116
2023-07-14,0.0018040757522496662,0.0018040757522496662
2023-07-17,-2.392748367041782e-05,-2.392748367041782e-05
2023-07-18,-0.0007655519272445915,-0.0007655519272445915
2023-07-19,0.00014646699848239035,0.00014646699848239035
2023-07-20,-0.0005475269246192919,-0.0005475269246192919
2023-07-21,-0.0023910731649117462,-0.0023910731649117462
2023-07-24,-0.001201140294191329,-0.001201140294191329
2023-07-25,-0.0006272432175539204,-0.0006272432175539204
2023-07-26,0.001218469168827811,0.001218469168827811
2023-07-27,0.0033672564450831204,0.0033672564450831204
2023-07-28,-0.0031630853152411226,-0.0031630853152411226
2023-07-31,-0.004176386546618978,-0.004176386546618978
2023-08-01,0.001224991688463713,0.001224991688463713
2023-08-02,0.0007147669684627063,0.0007147669684627063
2023-08-03,0.001617649432269998,0.001617649432269998
2023-08-04,0.0021625192404554367,0.0021625192404554367
2023-08-07,-0.001899834796617315,-0.001899834796617315
2023-08-08,-0.0005997510579542325,-0.0005997510579542325
2023-08-09,-0.00011535346470017787,-0.00011535346470017787
2023-08-10,-0.00047088697797484196,-0.00047088697797484196
2023-08-11,-0.0014367914241472362,-0.0014367914241472362
2023-08-14,-0.0013791766309272629,-0.0013791766309272629
2023-08-15,-0.00022847038128567636,-0.00022847038128567636
2023-08-16,-0.001650271840340443,-0.001650271840340443
2023-08-17,0.0007098510566245792,0.0007098510566245792
2023-08-18,0.0007519730475143999,0.0007519730475143999
2023-08-21,-0.001493876781063273,-0.001493876781063273
2023-08-22,0.00026346691605644464,0.00026346691605644464
2023-08-23,0.0019712081353661665,0.0019712081353661665
2023-08-24,-0.0003342934704854124,-0.0003342934704854124
2023-08-25,-0.0007067653091437347,-0.0007067653091437347
2023-08-28,0.00040396333598696944,0.00040396333598696944
2023-08-29,0.00046878961695162764,0.00046878961695162764
2023-08-30,-0.0007197336314269368,-0.0007197336314269368
2023-08-31,-0.0007252694884286579,-0.0007252694884286579
2023-09-01,0.0005317847324566259,0.0005317847324566259
2023-09-04,-0.0010168597584239204,-0.0010168597584239204
2023-09-05,-0.0014520060664173543,-0.0014520060664173543
2023-09-06,0.0009147150337273323,0.0009147150337273323
2023-09-07,0.0012484144419680717,0.0012484144419680717
2023-09-08,-0.0005535576334660443,-0.0005535576334660443
2023-09-11,0.00016409232336372448,0.00016409232336372448
2023-09-12,-0.0009865076677552144,-0.0009865076677552144
2023-09-13,-0.0007567705105305845,-0.0007567705105305845
2023-09-14,-0.001497724058953269,-0.001497724058953269
2023-09-15,0.00022853490906179588,0.00022853490906179588
2023-09-18,0.0005841251002496836,0.0005841251002496836
2023-09-19,-0.0015658968843846367,-0.0015658968843846367
2023-09-20,0.00021121584497271295,0.00021121584497271295
2023-09-21,0.001993661384243945,0.001993661384243945
2023-09-22,-0.0006540568851681795,-0.0006540568851681795
2023-09-25,-0.0019427134182341036,-0.0019427134182341036
2023-09-26,0.0016613032499823664,0.0016613032499823664
2023-09-27,-0.0024511264202970776,-0.0024511264202970776
2023-09-28,-5.305570537781254e-05,-5.305570537781254e-05
2023-09-29,0.0014335261042489843,0.0014335261042489843
2023-10-02,0.001394535353369671,0.001394535353369671
2023-10-03,0.001695396174394433,0.001695396174394433
2023-10-04,0.0005643271942984156,0.0005643271942984156
2023-10-05,-1.5551122101191287e-05,-1.5551122101191287e-05
2023-10-06,-0.0022392306791301757,-0.0022392306791301757
2023-10-09,-0.0004771391873383251,-0.0004771391873383251
2023-10-10,-0.0007383644371077287,-0.0007383644371077287
2023-10-11,-0.0005989478820739286,-0.0005989478820739286
2023-10-12,0.0009543892710111874,0.0009543892710111874
2023-10-13,-0.00016819769018896872,-0.00016819769018896872
2023-10-16,-0.0010418797127107178,-0.0010418797127107178
2023-10-17,0.0014554905285726354,0.0014554905285726354
2023-10-18,0.0009858034591890014,0.0009858034591890014
2023-10-19,0.0011279365326116748,0.0011279365326116748
2023-10-20,-0.0008874561178295866,-0.0008874561178295866
2023-10-23,-3.142926577140285e-05,-3.142926577140285e-05
2023-10-24,0.0008205759549892182,0.0008205759549892182
2023-10-25,0.001181637745483995,0.001181637745483995
2023-10-26,-0.001070929899187027,-0.001070929899187027
2023-10-27,0.0023157099023357348,0.0023157099023357348
2023-10-30,0.0005172102572326159,0.0005172102572326159
2023-10-31,-0.0034238213600826773,-0.0034238213600826773
2023-11-01,-0.0022526697781808202,-0.00249016977818082
2023-11-02,-0.0014977228068192119,-0.0014977228068192119
2023-11-03,0.0004006036846995087,0.0004006036846995087
2023-11-06,0.00021063041415374608,0.00021063041415374608
2023-11-07,0.0017790125475814667,0.0017790125475814667
2023-11-08,0.0004413898006582936,0.0004413898006582936
2023-11-09,-0.00025955620846408376,-0.00025955620846408376
2023-11-10,-0.00026915609549447625,-0.00026915609549447625
2023-11-13,0.00014252438082300678,0.00014252438082300678
2023-11-14,-0.00027653513973758767,-0.00027653513973758767
2023-11-15,-0.003437070018512355,-0.003437070018512355
2023-11-16,0.0034718150501850576,0.0034718150501850576
2023-11-17,-0.0002313642506882698,-0.0002313642506882698
2023-11-20,0.0018476898704932365,0.0018476898704932365
2023-11-21,0.0007827269892693066,0.0007827269892693066
2023-11-22,-0.0028607470303332982,-0.0028607470303332982
2023-11-23,-7.702356394624255e-05,-7.702356394624255e-05
2023-11-24,-0.000585484694086851,-0.000585484694086851
2023-11-27,0.0008903962866024139,0.0008903962866024139
2023-11-28,0.0012744999069454377,0.0012744999069454377
2023-11-29,0.0016912673526941653,0.0016912673526941653
2023-11-30,-0.0031047884011752114,-0.0031047884011752114
2023-12-01,0.00015496068128510732,0.00015496068128510732
2023-12-04,0.00020422976143573413,0.00020422976143573413
2023-12-05,0.0027347489405351727,0.0027347489405351727
2023-12-06,-0.0006072897724993949,-0.0006072897724993949
2023-12-07,0.003991056246648347,0.003991056246648347
2023-12-08,-0.0017227782403585053,-0.0017227782403585053
2023-12-11,-0.0014325960357369635,-0.0014325960357369635
2023-12-12,0.0018023979225496173,0.0018023979225496173
2023-12-13,7.370001275554283e-05,7.370001275554283e-05
2023-12-14,0.0004811308448041255,0.0004811308448041255
2023-12-15,-0.0023714978708352513,-0.0023714978708352513
2023-12-18,-0.001039962001875991,-0.001039962001875991
2023-12-19,-0.003883748230478115,-0.003883748230478115
2023-12-20,0.0001078518044707738,0.0001078518044707738
2023-12-21,-0.0001485231101279324,-0.0001485231101279324
2023-12-22,-0.0016269346382017241,-0.0016269346382017241
2023-12-25,0.0006801120260723352,0.0006801120260723352
2023-12-26,-0.0016944071833185775,-0.0016944071833185775
2023-12-27,0.0022669950966220237,0.0022669950966220237
2023-12-28,0.00015838562419794033,0.00015838562419794033
2023-12-29,0.0011209355150546135,0.0011209355150546135
2024-01-01,4.638600902630005e-05,4.638600902630005e-05
2024-01-02,-0.0007846688929257939,-0.0007846688929257939
2024-01-03,0.0010688398087738246,0.0010688398087738246
2024-01-04,-0.0017061860137158496,-0.0017061860137158496
2024-01-05,0.0004325041493615898,0.0004325041493615898
2024-01-08,0.0010020188740760935,0.0010020188740760935
2024-01-09,0.0010499958063547418,0.0010499958063547418
2024-01-10,-0.0025884528742301685,-0.0025884528742301685
2024-01-11,0.0020099915736675297,0.0020099915736675297
2024-01-12,-0.00012147949051323785,-0.00012147949051323785
2024-01-15,0.00038658187771485315,0.00038658187771485315
2024-01-16,-0.0007359426754935286,-0.0007359426754935286
2024-01-17,0.0008739400550480224,0.0008739400550480224
2024-01-18,-0.0008903096838876082,-0.0008903096838876082
2024-01-19,-0.0017173839038888863,-0.0017173839038888863
2024-01-22,0.0018687453413788026,0.0018687453413788026
2024-01-23,-0.001523053168299332,-0.001523053168299332
2024-01-24,0.0032543036132712637,0.0032543036132712637
2024-01-25,-0.0017012292027797807,-0.0017012292027797807
2024-01-26,-0.00111892604692711,-0.00111892604692711
2024-01-29,-0.000742283921034498,-0.000742283921034498
2024-01-30,0.00033053838565323397,0.00033053838565323397
2024-01-31,0.0021489797821146847,0.0021489797821146847
2024-02-01,0.000757351301168727,0.000757351301168727
2024-02-02,-0.0017158942674031978,-0.0017158942674031978
2024-02-05,0.00029866054149794465,0.00029866054149794465
2024-02-06,-0.00011670167740367686,-0.00011670167740367686
2024-02-07,-0.00025027032161325206,-0.00025027032161325206
2024-02-08,-0.0012995464099893519,-0.0012995464099893519
2024-02-09,-0.0006717890157991093,-0.0006717890157991093
2024-02-12,-0.0008049272587077518,-0.0008049272587077518
2024-02-13,0.0019666503956599166,0.0019666503956599166
2024-02-14,-0.0024426896669062417,-0.0024426896669062417
2024-02-15,-0.0008152843820933755,-0.0008152843820933755
2024-02-16,-0.000288903076403604,-0.000288903076403604
2024-02-19,-0.0001566213090870207,-0.0001566213090870207
2024-02-20,0.0008728652630240006,0.0008728652630240006
2024-02-21,-0.0009708848392769222,-0.0009708848392769222
2024-02-22,-0.00026045457505706986,-0.00026045457505706986
2024-02-23,0.000351414374594192,0.000351414374594192
2024-02-26,0.0009543503567805787,0.0009543503567805787
2024-02-27,0.00041927966789907263,0.00041927966789907263
2024-02-28,0.0020509682660192017,0.0020509682660192017
2024-02-29,-6.330492137834005e-05,-6.330492137834005e-05
2024-03-01,-0.0008923417747750419,-0.0008923417747750419
2024-03-04,0.0011222669196027366,0.0011222669196027366
2024-03-05,0.0013822872284679753,0.0013822872284679753
2024-03-06,-0.001958319257300363,-0.001958319257300363
2024-03-07,0.000663236624034085,0.000663236624034085
2024-03-08,0.0030720173464501826,0.0030720173464501826
2024-03-11,-0.0004517740354200452,-0.0004517740354200452
2024-03-12,-0.0014169042389717847,-0.0014169042389717847
2024-03-13,-0.001185634973207257,-0.001185634973207257
2024-03-14,0.0008659162077744298,0.0008659162077744298
2024-03-15,-0.00046818393257724996,-0.00046818393257724996
2024-03-18,-0.0006295775858643229,-0.0006295775858643229
2024-03-19,-0.0014682714999595956,-0.0014682714999595956
2024-03-20,-0.0026310876828223315,-0.0026310876828223315
2024-03-21,-0.0022350704730134136,-0.0022350704730134136
2024-03-22,0.003020627977216638,0.003020627977216638
2024-03-25,-0.0007385625032885493,-0.0007385625032885493
2024-03-26,-0.0005541977211653849,-0.0005541977211653849
2024-03-27,0.0008696522635056035,0.0008696522635056035
2024-03-28,-0.0008225924601152914,-0.0008225924601152914
2024-03-29,-0.000634511163846664,-0.000634511163846664
2024-04-01,0.0005256090381066577,0.0005256090381066577
2024-04-02,-0.0005404813036687753,-0.0005404813036687753
2024-04-03,-0.0014594459815734742,-0.0014594459815734742
2024-04-04,-0.00012201511450025493,-0.00012201511450025493
2024-04-05,0.0007717839672274813,0.0007717839672274813
2024-04-08,-0.001565888783264089,-0.001565888783264089
2024-04-09,-0.0004079451499310419,-0.0004079451499310419
2024-04-10,0.0019201748866361956,0.0019201748866361956
2024-04-11,-0.001355501220894904,-0.001355501220894904
2024-04-12,0.0017368159014760818,0.0017368159014760818
2024-04-15,-3.4653970290186246e-05,-3.4653970290186246e-05
2024-04-16,0.0005750851694218314,0.0005750851694218314
2024-04-17,-0.0009100934158733734,-0.0009100934158733734
2024-04-18,-0.0002558634070371583,-0.0002558634070371583
2024-04-19,-0.0019324457869953995,-0.0019324457869953995
2024-04-22,-0.0025810140427910506,-0.0025810140427910506
2024-04-23,3.3315677314201485e-05,3.3315677314201485e-05
2024-04-24,-0.0002612801372606315,-0.0002612801372606315
2024-04-25,-0.0014404681097594054,-0.0014404681097594054
2024-04-26,-0.004968366216325385,-0.004968366216325385
2024-04-29,0.003378313227078757,0.003378313227078757
2024-04-30,0.0015360411210731855,0.0015360411210731855
2024-05-01,0.0010839937358208245,0.0010839937358208245
2024-05-02,0.0017087702101963574,0.0017087702101963574
2024-05-03,-0.0018513960586716296,-0.0018513960586716296
2024-05-06,-0.0016953310063010391,-0.0016953310063010391
2024-05-07,0.0004197274593943075,0.0004197274593943075
2024-05-08,-0.0009243161072325385,-0.0009243161072325385
2024-05-09,-0.0019223728273968527,-0.0019223728273968527
2024-05-10,-4.54163199858932e-05,-4.54163199858932e-05
2024-05-13,-0.0005823311722327491,-0.0005823311722327491
2024-05-14,-0.0007303995512974189,-0.0007303995512974189
2024-05-15,0.0017290877679488597,0.0017290877679488597
2024-05-16,-0.00117986796837319,-0.00117986796837319
2024-05-17,-0.0007420195389623314,-0.0007420195389623314
2024-05-20,0.0003661742765420623,0.0003661742765420623
2024-05-21,0.0007021097883701515,0.0007021097883701515
2024-05-22,0.002116140350070487,0.002116140350070487
2024-05-23,0.00045730706404442477,0.00045730706404442477
2024-05-24,-0.0011033825923245106,-0.0011033825923245106
2024-05-27,-0.001158874353736324,-0.001158874353736324
2024-05-28,-0.00037823042301069094,-0.00037823042301069094
2024-05-29,0.0008186719638153524,0.0008186719638153524
2024-05-30,0.0003965657435362461,0.0003965657435362461
2024-05-31,-0.002319029310210165,-0.002319029310210165
2024-06-03,0.0019562196686307536,0.0019562196686307536
2024-06-04,0.003274173380584288,0.003274173380584288
2024-06-05,-0.0010926006248061955,-0.0010926006248061955
2024-06-06,-0.0005354330627826039,-0.0005354330627826039
2024-06-07,0.0018090925569832041,0.0018090925569832041
2024-06-10,-0.001383736931140956,-0.001383736931140956
2024-06-11,6.941248188420052e-05,6.941248188420052e-05
2024-06-12,-0.001145840745547373,-0.001145840745547373
2024-06-13,0.00010247125927893489,0.00010247125927893489
2024-06-14,-0.0014964735258779956,-0.0014964735258779956
2024-06-17,-0.0003394035645132195,-0.0003394035645132195
2024-06-18,-0.001900252384977697,-0.001900252384977697
2024-06-19,-0.0006072446713440323,-0.0006072446713440323
2024-06-20,-0.002624075533578258,-0.002624075533578258
2024-06-21,-0.0006554692066010233,-0.0006554692066010233
2024-06-24,-0.0004153766111802301,-0.0004153766111802301
2024-06-25,0.00040079689280471045,0.00040079689280471045
2024-06-26,-0.001931791014750845,-0.001931791014750845
2024-06-27,2.082834472092937e-05,2.082834472092937e-05
2024-06-28,-0.0016877068098059174,-0.0016877068098059174
2024-07-01,0.0008835983886073812,0.0008835983886073812
2024-07-02,-0.0007671568898915966,-0.0007671568898915966
2024-07-03,-0.0014788995028281466,-0.0014788995028281466
2024-07-04,-0.00033408972236076477,-0.00033408972236076477
2024-07-05,0.0016926516802500675,0.0016926516802500675
2024-07-08,-0.0002307240118698268,-0.0002307240118698268
2024-07-09,-0.0012445836145721651,-0.0012445836145721651
2024-07-10,0.00018790989600120313,0.00018790989600120313
2024-07-11,0.006128684732313205,0.006128684732313205
2024-07-12,0.0008864315366503833,0.0008864315366503833
2024-07-15,0.001167101748564297,0.001167101748564297
2024-07-16,0.0008193163068317959,0.0008193163068317959
2024-07-17,0.004958897437320808,0.004958897437320808
2024-07-18,-0.0020976708188942266,-0.0020976708188942266
2024-07-19,-0.0003945428809152003,-0.0003945428809152003
2024-07-22,0.0038803306579895383,0.0038803306579895383
2024-07-23,0.0026574712780262906,0.0026574712780262906
2024-07-24,0.004797850495128292,0.004797850495128292
2024-07-25,0.0008146917390625668,0.0008146917390625668
2024-07-26,-0.0008317048678604674,-0.0008317048678604674
2024-07-29,0.0009448434209730343,0.0009448434209730343
2024-07-30,0.0016635989850716508,0.0016635989850716508
2024-07-31,0.004113752239543578,0.004113752239543578
2024-08-01,-0.0002413381361862641,-0.0003038381361862641
2024-08-02,0.007221409124893997,0.007221409124893997
2024-08-05,-0.0017802448342811579,-0.0017802448342811579
2024-08-06,-0.0006004781904731523,-0.0006004781904731523
2024-08-07,-0.003108232784523795,-0.003108232784523795
2024-08-08,-0.0017131131915485982,-0.0017131131915485982
2024-08-09,0.001086437827646281,0.001086437827646281
2024-08-12,0.0005856453162125524,0.0005856453162125524
2024-08-13,0.0012420940136475549,0.0012420940136475549
2024-08-14,-0.0011385554589256326,-0.0011385554589256326
2024-08-15,-0.002460178044566968,-0.002460178044566968
2024-08-16,0.00277859867972996,0.00277859867972996
2024-08-19,0.0020342195680057855,0.0020342195680057855
2024-08-20,0.002896430992039512,0.002896430992039512
2024-08-21,0.0008410750982063292,0.0008410750982063292
2024-08-22,-0.00145720119424339,-0.00145720119424339
2024-08-23,0.004163885129186556,0.004163885129186556
2024-08-26,-0.0018125095241721396,-0.0018125095241721396
2024-08-27,0.0015026767060867812,0.0015026767060867812
2024-08-28,-0.001496034973094806,-0.001496034973094806
2024-08-29,-0.001128168538795798,-0.001128168538795798
2024-08-30,-0.0033315420800731628,-0.0033315420800731628
2024-09-02,-0.00021004882555692716,-0.00021004882555692716
2024-09-03,0.0026176269071250175,0.0026176269071250175
2024-09-04,0.0033853420250388373,0.0033853420250388373
2024-09-05,0.0003164707487070456,0.0003164707487070456
2024-09-06,0.0018544393390521798,0.0018544393390521798
2024-09-09,-0.002394845244637214,-0.002394845244637214
2024-09-10,0.002619336766440847,0.002619336766440847
2024-09-11,-0.0020157388325435593,-0.0020157388325435593
2024-09-12,0.0036066308486650185,0.0036066308486650185
2024-09-13,0.001357933412393089,0.001357933412393089
2024-09-16,0.0015047396679855245,0.0015047396679855245
2024-09-17,-0.002925948161267075,-0.002925948161267075
2024-09-18,-0.00027884792430355756,-0.00027884792430355756
2024-09-19,0.00034869909935888197,0.00034869909935888197
2024-09-20,-0.001409785328375776,-0.001409785328375776
2024-09-23,0.0006322367929565614,0.0006322367929565614
2024-09-24,0.0005823476636424214,0.0005823476636424214
2024-09-25,-0.003982128523046366,-0.003982128523046366
2024-09-26,0.0010029789708207366,0.0010029789708207366
2024-09-27,0.0039589255064734685,0.0039589255064734685
2024-09-30,-0.0014541063824685201,-0.0014541063824685201
2024-10-01,-0.0025888186976821092,-0.0025888186976821092
2024-10-02,-0.00494146266012475,-0.00494146266012475
2024-10-03,-0.0022318295737827443,-0.0022318295737827443
2024-10-04,-0.002927142814656235,-0.002927142814656235
2024-10-07,0.001041608717856819,0.001041608717856819
2024-10-08,0.0007624191894335564,0.0007624191894335564
2024-10-09,-0.0011791551993459535,-0.0011791551993459535
2024-10-10,0.0012775518950696907,0.0012775518950696907
2024-10-11,-0.0006977155169039338,-0.0006977155169039338
2024-10-14,0.00015103187318101348,0.00015103187318101348
2024-10-15,0.0004965487516237666,0.0004965487516237666
2024-10-16,-0.0027546866107955688,-0.0027546866107955688
2024-10-17,0.0003223018624171249,0.0003223018624171249
2024-10-18,0.0015785805276658138,0.0015785805276658138
2024-10-21,-0.0024323074049489675,-0.0024323074049489675
2024-10-22,-0.001233626092110095,-0.001233626092110095
2024-10-23,-0.0036900272302044616,-0.0036900272302044616
2024-10-24,0.0030351235475585174,0.0030351235475585174
2024-10-25,-0.0014866072658617602,-0.0014866072658617602
2024-10-28,-0.00019049125075852212,-0.00019049125075852212
2024-10-29,0.0009840384796938229,0.0009840384796938229
2024-10-30,-0.0010515401161697124,-0.0010515401161697124
2024-10-31,0.0012602346551639399,0.0012602346551639399
2024-11-01,0.0016516412354730772,0.001489141235473077
2024-11-04,-0.0005625765898970743,-0.0005625765898970743
2024-11-05,0.001317597895247862,0.001317597895247862
2024-11-06,0.000835442507751204,0.000835442507751204
2024-11-07,0.00323125639922132,0.00323125639922132
2024-11-08,-0.0020946939417545336,-0.0020946939417545336
2024-11-11,0.0003715179249810622,0.0003715179249810622
2024-11-12,-0.0028948283214611965,-0.0028948283214611965
2024-11-13,7.03529285653973e-05,7.03529285653973e-05
2024-11-14,-0.00013836176570149552,-0.00013836176570149552
2024-11-15,-0.00031113515952853685,-0.00031113515952853685
2024-11-18,0.0003112212379939407,0.0003112212379939407
2024-11-19,0.00019406589193644483,0.00019406589193644483
2024-11-20,-0.00011674160391480034,-0.00011674160391480034
2024-11-21,0.0005261854916262347,0.0005261854916262347
2024-11-22,0.00024612974340605307,0.00024612974340605307
2024-11-25,-0.0002687536606984127,-0.0002687536606984127
2024-11-26,-0.0006457865944847659,-0.0006457865944847659
2024-11-27,0.000765675043192592,0.000765675043192592
2024-11-28,0.00044176350704345704,0.00044176350704345704
2024-11-29,0.0004505279825451173,0.0004505279825451173
2024-12-02,-0.0002782223231854292,-0.0002782223231854292
2024-12-03,0.0009140301285751768,0.0009140301285751768
2024-12-04,-0.0014165228202646768,-0.0014165228202646768
2024-12-05,-0.00078086727956529,-0.00078086727956529
2024-12-06,0.0006238817944870685,0.0006238817944870685
2024-12-09,0.0021805978225401972,0.0021805978225401972
2024-12-10,-0.0011973819174511242,-0.0011973819174511242
2024-12-11,0.00024226558198510667,0.00024226558198510667
2024-12-12,-7.413260846806996e-05,-7.413260846806996e-05
2024-12-13,-0.001969949979051461,-0.001969949979051461
2024-12-16,0.001622967472001929,0.001622967472001929
2024-12-17,0.0008992771295342644,0.0008992771295342644
2024-12-18,-0.0020127594393279497,-0.0020127594393279497
2024-12-19,-0.0015930184860701417,-0.0015930184860701417
2024-12-20,-0.00014132913546450803,-0.00014132913546450803
2024-12-23,-0.00011559076174287366,-0.00011559076174287366
2024-12-24,-0.0003063210601771233,-0.0003063210601771233
2024-12-25,0.00033074091539890766,0.00033074091539890766
2024-12-26,-0.0006905142085447244,-0.0006905142085447244
2024-12-27,0.0008230742989118351,0.0008230742989118351
2024-12-30,-0.001138405234868229,-0.001138405234868229
2024-12-31,0.00013523922737661504,0.00013523922737661504
2025-01-02,3.524043005716964e-05,3.524043005716964e-05
2025-01-03,0.0014884993613277983,0.0014884993613277983
2025-01-06,-0.0012346182888439763,-0.0012346182888439763
2025-01-07,0.0006294769259381702,0.0006294769259381702
2025-01-08,-0.00229796196715349,-0.00229796196715349
2025-01-09,-0.0012321659217080574,-0.0012321659217080574
2025-01-10,-0.0017688671728842214,-0.0017688671728842214
2025-01-13,0.0007079475846400661,0.0007079475846400661
2025-01-14,-0.0016044999292810294,-0.0016044999292810294
2025-01-15,0.0022512918951313396,0.0022512918951313396
2025-01-16,-5.466438905241816e-05,-5.466438905241816e-05
2025-01-17,4.4148595344538355e-05,4.4148595344538355e-05
2025-01-20,0.0003276820758902556,0.0003276820758902556
2025-01-21,0.00041175077002752347,0.00041175077002752347
2025-01-22,0.0009056778977242151,0.0009056778977242151
2025-01-23,0.0007614971240638077,0.0007614971240638077
2025-01-24,0.0014271812836724395,0.0014271812836724395
2025-01-27,-0.0002863975358504758,-0.0002863975358504758
2025-01-28,-0.0003525453207216602,-0.0003525453207216602
2025-01-29,-0.0002109781401738521,-0.0002109781401738521
2025-01-30,0.000710595578473687,0.000710595578473687
2025-01-31,0.001986331846625632,0.001986331846625632
2025-02-03,-0.004143085416342546,-0.004205585416342546
2025-02-04,-0.0015894011667719312,-0.0015894011667719312
2025-02-05,-0.0004494264492151511,-0.0004494264492151511
2025-02-06,-0.0010941225583924298,-0.0010941225583924298
2025-02-07,0.0013437096066414467,0.0013437096066414467
2025-02-10,-0.0002619828692973058,-0.0002619828692973058
2025-02-11,-0.000563685680142545,-0.000563685680142545
2025-02-12,-0.0003639040941850301,-0.0003639040941850301
2025-02-13,-0.0012765690922299066,-0.0012765690922299066
2025-02-14,-0.00035489677743592564,-0.00035489677743592564
2025-02-17,0.0008847256774485336,0.0008847256774485336
2025-02-18,0.0010760302840818914,0.0010760302840818914
2025-02-19,0.0007655495301704841,0.0007655495301704841
2025-02-20,-0.0012918222578156948,-0.0012918222578156948
2025-02-21,0.0008699607401657818,0.0008699607401657818
2025-02-24,0.0008544107170667559,0.0008544107170667559
2025-02-25,8.838310657168213e-05,8.838310657168213e-05
2025-02-26,0.0016453917705467782,0.0016453917705467782
2025-02-27,0.002496717967825068,0.002496717967825068
2025-02-28,-0.00035900137463805155,-0.00035900137463805155
2025-03-03,0.0011085263609237864,0.0011085263609237864
2025-03-04,-0.003125664686316423,-0.003125664686316423
2025-03-05,-0.0030232781678890016,-0.0030232781678890016
2025-03-06,-0.0007590493743603906,-0.0007590493743603906
2025-03-07,0.0006501198913810819,0.0006501198913810819
2025-03-10,0.0004436377029154141,0.0004436377029154141
2025-03-11,-0.0002820386941426751,-0.0002820386941426751
2025-03-12,-0.00017367245691507775,-0.00017367245691507775
2025-03-13,0.0017408164740482484,0.0017408164740482484
2025-03-14,-0.0020723072594134614,-0.0020723072594134614
2025-03-17,-0.0010662352172592679,-0.0010662352172592679
2025-03-18,-5.996950606274319e-05,-5.996950606274319e-05
2025-03-19,0.0012017472650930588,0.0012017472650930588
2025-03-20,0.0005446592450639137,0.0005446592450639137
2025-03-21,-0.00014462229186046625,-0.00014462229186046625
2025-03-24,0.00048222614223025474,0.00048222614223025474
2025-03-25,2.3877056174234483e-05,2.3877056174234483e-05
2025-03-26,0.00020514170828222757,0.00020514170828222757
2025-03-27,0.00032652933427662335,0.00032652933427662335
2025-03-28,-0.0007321651915968592,-0.0007321651915968592
2025-03-31,0.0012415057471513973,0.0012415057471513973
2025-04-01,-0.0018363589884523353,-0.0019363589884523354
2025-04-02,-0.0020764706717098288,-0.0020764706717098288
2025-04-03,-0.004294321585756383,-0.004294321585756383
2025-04-04,-0.0018692084600185946,-0.0018692084600185946
2025-04-07,0.0006399510868381705,0.0006399510868381705
2025-04-08,-0.0018702044979945543,-0.0018702044979945543
2025-04-09,0.0007276127145792398,0.0007276127145792398
2025-04-10,-0.005559401886387405,-0.005559401886387405
2025-04-11,0.00037372045840280456,0.00037372045840280456
2025-04-14,0.0014013189073047942,0.0014013189073047942
2025-04-15,0.0020784007811422093,0.0020784007811422093
2025-04-16,-0.003823073621912426,-0.003823073621912426
2025-04-17,0.0004930425000053645,0.0004930425000053645
2025-04-22,0.0015072362025817746,0.0015072362025817746
2025-04-23,0.0013136893265351338,0.0013136893265351338
2025-04-24,0.0003234626660802933,0.0003234626660802933
2025-04-25,0.0012876919417551484,0.0012876919417551484
2025-04-28,-0.0008248783484130825,-0.0008248783484130825
2025-04-29,-0.00026759818665398314,-0.00026759818665398314
2025-04-30,-0.000993438032841609,-0.000993438032841609
2025-05-01,0.003611381103684065,0.003548881103684065
2025-05-02,0.00022111102448289045,0.00022111102448289045
2025-05-05,-0.000635996007110583,-0.000635996007110583
2025-05-06,0.0009624656923722455,0.0009624656923722455
2025-05-07,-0.0012758589348691944,-0.0012758589348691944
2025-05-08,0.002698463264677077,0.002698463264677077
2025-05-09,0.001809711435336904,0.001809711435336904
2025-05-12,0.0012244763656125486,0.0012244763656125486
2025-05-13,0.0043300415343094706,0.0043300415343094706
2025-05-14,-0.003060787172338951,-0.003060787172338951
2025-05-15,-0.0022338587388087906,-0.0022338587388087906
2025-05-16,-0.00039462254679197717,-0.00039462254679197717
2025-05-19,0.002378672643421821,0.002378672643421821
2025-05-20,-0.002370991009790345,-0.002370991009790345
2025-05-21,-0.0011467196224691709,-0.0011467196224691709
2025-05-22,-0.0007280355213581045,-0.0007280355213581045
2025-05-23,0.0018806682375151545,0.0018806682375151545
2025-05-26,-0.0005845708175065622,-0.0005845708175065622
2025-05-27,0.001799891511628106,0.001799891511628106
2025-05-28,0.0010609077099869928,0.0010609077099869928
2025-05-29,-0.001999415128690306,-0.001999415128690306
2025-05-30,-0.0020267704813722517,-0.0020267704813722517
2025-06-02,0.001193954699269817,0.001193954699269817
2025-06-03,0.0008428395109928825,0.0008428395109928825
2025-06-04,-0.0011975248617033137,-0.0011975248617033137
2025-06-05,0.0025050645091659164,0.0025050645091659164
2025-06-06,0.0013256514222443174,0.0013256514222443174
2025-06-09,0.0009644966295820183,0.0009644966295820183
2025-06-10,-0.0005451544290753116,-0.0005451544290753116
2025-06-11,-0.0006822639207488986,-0.0006822639207488986
2025-06-12,-0.0011504296943772193,-0.0011504296943772193
2025-06-13,-0.0009891222475224724,-0.0009891222475224724
2025-06-16,0.0015570805398121394,0.0015570805398121394
2025-06-17,-0.000525483109896324,-0.000525483109896324
2025-06-18,0.00035998478919375726,0.00035998478919375726
2025-06-19,0.0008947128248613771,0.0008947128248613771
2025-06-20,0.00019800107543975227,0.00019800107543975227
2025-06-23,0.002584009692051259,0.002584009692051259
2025-06-24,0.00032939477732245055,0.00032939477732245055
2025-06-25,0.002143636719301495,0.002143636719301495
2025-06-26,-8.567395248303394e-05,-8.567395248303394e-05
2025-06-27,-0.0001526541999061935,-0.0001526541999061935
2025-06-30,-0.0006693870324808334,-0.0006693870324808334
2025-07-01,0.0007406677070296959,0.000628167707029696
2025-07-02,-0.0026858172163781897,-0.0026858172163781897
2025-07-03,0.0015056421806767914,0.0015056421806767914
2025-07-04,0.0001561148045250811,0.0001561148045250811
2025-07-07,0.0021272267738558052,0.0021272267738558052
2025-07-08,0.0007643928490783485,0.0007643928490783485
2025-07-09,-0.0006566344585746571,-0.0006566344585746571
2025-07-10,-0.0010360174834871286,-0.0010360174834871286
2025-07-11,0.00023406228500950574,0.00023406228500950574
2025-07-14,-0.00030935207519593486,-0.00030935207519593486
2025-07-15,-3.0194773990178307e-05,-3.0194773990178307e-05
2025-07-16,-0.000799509701693391,-0.000799509701693391
2025-07-17,0.0015827565260254745,0.0015827565260254745
2025-07-18,-0.00018932338782164432,-0.00018932338782164432
2025-07-21,0.00016683266973625474,0.00016683266973625474
2025-07-22,-0.0007907636674143632,-0.0007907636674143632
2025-07-23,0.0010522187619009633,0.0010522187619009633
2025-07-24,0.00020000806121046552,0.00020000806121046552
2025-07-25,0.0012615009872372735,0.0012615009872372735
2025-07-28,-0.003163594025207845,-0.003163594025207845
2025-07-29,-0.000426808709886362,-0.000426808709886362
2025-07-30,-0.0021507207822292103,-0.0021507207822292103
2025-07-31,0.0021665000461631827,0.0021665000461631827
2025-08-01,-0.001999180631085675,-0.001999180631085675
2025-08-04,-0.0010066843324919052,-0.0010066843324919052
2025-08-05,0.001310291473492595,0.001310291473492595
2025-08-06,0.001744193768958039,0.001744193768958039
2025-08-07,0.0013400476608055579,0.0013400476608055579
2025-08-08,0.001055800803686555,0.001055800803686555
2025-08-11,0.00038320297630339606,0.00038320297630339606
2025-08-12,0.001875755052916509,0.001875755052916509
2025-08-13,0.0008966998568418739,0.0008966998568418739
2025-08-14,-0.0002135980348785282,-0.0002135980348785282
2025-08-15,0.0009969328040109172,0.0009969328040109172
2025-08-18,-0.0008060488032879144,-0.0008060488032879144
2025-08-19,-7.923836149503977e-05,-7.923836149503977e-05
2025-08-20,-0.0007311379844783274,-0.0007311379844783274
2025-08-21,0.0006327438158380248,0.0006327438158380248
2025-08-22,0.0005525151293358206,0.0005525151293358206
2025-08-25,-0.0014045655529544314,-0.0014045655529544314
2025-08-26,-0.00013106864094217474,-0.00013106864094217474
2025-08-27,-0.0005124422291954445,-0.0005124422291954445
2025-08-28,-0.0005838985885090764,-0.0005838985885090764
2025-08-29,0.0004252897774122387,0.0004252897774122387
2025-09-01,0.0015001089819686882,0.0015001089819686882
2025-09-02,-0.0015496452277030518,-0.0015496452277030518
2025-09-03,0.0008368108579375907,0.0008368108579375907
2025-09-04,0.0010689240994717782,0.0010689240994717782
2025-09-05,0.002425345596156052,0.002425345596156052
2025-09-08,-2.0407333988738206e-05,-2.0407333988738206e-05
2025-09-09,-0.0009907528553443194,-0.0009907528553443194
2025-09-10,0.00044257791315062563,0.00044257791315062563
2025-09-11,0.0008027536808560983,0.0008027536808560983
2025-09-12,0.00027014540466184663,0.00027014540466184663
2025-09-15,0.00011261057241622593,0.00011261057241622593
2025-09-16,0.0009356328184344661,0.0009356328184344661
2025-09-17,1.6715935507354137e-05,1.6715935507354137e-05
2025-09-18,0.00012352461513683152,0.00012352461513683152
2025-09-19,-0.0027312839082300603,-0.0027312839082300603
2025-09-22,0.00247876187292677,0.00247876187292677
2025-09-23,0.0005532434572895638,0.0005532434572895638
2025-09-24,0.00017256210765361065,0.00017256210765361065
2025-09-25,-0.0011950316598750414,-0.0011950316598750414
2025-09-26,0.0015346523807538855,0.0015346523807538855
2025-09-29,-0.0006868300074672055,-0.0006868300074672055
2025-09-30,-0.0006401642413422073,-0.0006401642413422073
2025-10-01,-0.0008863069826077662,-0.0009488069826077662
2025-10-02,-0.0006868950257440562,-0.0006868950257440562
2025-10-03,0.0036764323878388065,0.0036764323878388065
2025-10-06,0.002127013104744873,0.002127013104744873
2025-10-07,0.0004988260565311035,0.0004988260565311035
2025-10-08,0.0001950296065150836,0.0001950296065150836
2025-10-09,-0.0027293742650066795,-0.0027293742650066795
2025-10-10,-0.00010980440510201619,-0.00010980440510201619
2025-10-13,-0.00019980954042557832,-0.00019980954042557832
2025-10-14,-0.0005820319653264583,-0.0005820319653264583
2025-10-15,0.0012684553818318558,0.0012684553818318558
2025-10-16,0.0005075455292118493,0.0005075455292118493
2025-10-17,4.4215763374915156e-05,4.4215763374915156e-05
2025-10-20,-0.0008619465478312447,-0.0008619465478312447
2025-10-21,0.00017655919892121583,0.00017655919892121583
2025-10-22,3.583042628186781e-05,3.583042628186781e-05
2025-10-23,0.0008275604181463659,0.0008275604181463659
2025-10-24,0.0009620422074941672,0.0009620422074941672
2025-10-27,0.0001892611050519457,0.0001892611050519457
2025-10-28,-0.0025862404369906733,-0.0025862404369906733
2025-10-29,-0.0011046840085874763,-0.0011046840085874763
2025-10-30,0.0005869961100748548,0.0005869961100748548
2025-10-31,-0.0009318230432898599,-0.0009318230432898599
2025-11-03,-0.0001564615063138008,-0.0001564615063138008
2025-11-04,-0.003927480808259589,-0.003927480808259589
2025-11-05,0.0016896896917733195,0.0016896896917733195
2025-11-06,0.0010193324732207995,0.0010193324732207995
2025-11-07,0.0013498911303043626,0.0013498911303043626
2025-11-10,0.0014120234638619533,0.0014120234638619533
2025-11-11,0.00017016933692098112,0.00017016933692098112
2025-11-12,0.0006727844545928096,0.0006727844545928096
2025-11-13,0.0012042514297911843,0.0012042514297911843
2025-11-14,-0.00027134571511331577,-0.00027134571511331577
2025-11-17,0.0005158666807242783,0.0005158666807242783
2025-11-18,8.782775017859075e-05,8.782775017859075e-05
2025-11-19,-0.00017076973691988132,-0.00017076973691988132
2025-11-20,0.0009213579892113833,0.0009213579892113833
2025-11-21,-0.0014344417101686624,-0.0014344417101686624
2025-11-24,0.0008700142932062872,0.0008700142932062872
2025-11-25,0.0008564208327666775,0.0008564208327666775
2025-11-26,0.0024722264670759197,0.0024722264670759197
2025-11-27,-3.737222097319965e-05,-3.737222097319965e-05
2025-11-28,-0.0005491282915287909,-0.0005491282915287909
2025-12-01,-0.00102615468119332,-0.00102615468119332
2025-12-02,0.001039250835558675,0.001039250835558675
2025-12-03,0.002169815309708006,0.002169815309708006
2025-12-04,-0.0009552251950907199,-0.0009552251950907199
2025-12-05,0.0003261611443859169,0.0003261611443859169
2025-12-08,0.0008883274943162267,0.0008883274943162267
2025-12-09,0.0008859769938738049,0.0008859769938738049
2025-12-10,0.0015004087586328373,0.0015004087586328373
2025-12-11,0.0005079799464937694,0.0005079799464937694
2025-12-12,6.302104608638668e-05,6.302104608638668e-05
2025-12-15,-0.0007879685257672575,-0.0007879685257672575
2025-12-16,0.00034814489135826513,0.00034814489135826513
2025-12-17,7.66532129236662e-05,7.66532129236662e-05
2025-12-18,3.168757915594767e-06,3.168757915594767e-06
2025-12-19,0.0028371684455549885,0.0028371684455549885
2025-12-22,0.001713929304546452,0.001713929304546452
2025-12-23,0.0003319213420883481,0.0003319213420883481
2025-12-24,-0.0004291426627227535,-0.0004291426627227535
2025-12-26,0.00012338858162575515,0.00012338858162575515
2025-12-29,-0.0004522895239963909,-0.0004522895239963909
2025-12-30,-0.0007029904664832499,-0.0007029904664832499
2025-12-31,0.0007051608455518388,0.0007051608455518388
2026-01-02,-0.0012148474208894607,-0.0012148474208894607
2026-01-05,0.001437922617587926,0.001437922617587926
2026-01-06,-0.0010914612108694562,-0.0010914612108694562
2026-01-07,-0.000917800250064584,-0.000917800250064584
2026-01-08,-0.0005533653558675097,-0.0005533653558675097
2026-01-09,0.0004854036996392512,0.0004854036996392512
2026-01-12,0.0020157406742634314,0.0020157406742634314
2026-01-13,0.0006520319561480119,0.0006520319561480119
2026-01-14,-0.0008332310815968654,-0.0008332310815968654
2026-01-15,-0.0016257411910704585,-0.0016257411910704585
2026-01-16,-0.0008907601982329556,-0.0008907601982329556
2026-01-19,0.001595807229946448,0.001595807229946448
2026-01-20,0.0023119191470202176,0.0023119191470202176
2026-01-21,-0.0010948910664832852,-0.0010948910664832852
2026-01-22,0.0033549980405775874,0.0033549980405775874
2026-01-23,-5.648755218865681e-05,-5.648755218865681e-05
2026-01-26,-0.0006738661414828003,-0.0006738661414828003
2026-01-27,0.0026164446806312344,0.0026164446806312344
2026-01-28,0.0002520608631235359,0.0002520608631235359
2026-01-29,-0.00047536157813813566,-0.00047536157813813566
2026-01-30,-0.0014003261655557223,-0.0014003261655557223
2026-02-02,-0.0007775810545885052,-0.0007775810545885052
2026-02-03,0.0013954040809926126,0.0013954040809926126
2026-02-04,0.0005302140660238485,0.0005302140660238485
2026-02-05,-0.0029751060898983777,-0.0029751060898983777
2026-02-06,0.0033885879779122162,0.0033885879779122162
2026-02-09,0.001263510505977611,0.001263510505977611
2026-02-10,-0.0038298520875898806,-0.0038298520875898806
2026-02-11,-0.0024334047131148507,-0.0024334047131148507
2026-02-12,-0.0009510188103660556,-0.0009510188103660556
2026-02-13,0.00042394926282953696,0.00042394926282953696
2026-02-16,0.0006282826500084381,0.0006282826500084381
2026-02-17,-0.0018584777110537466,-0.0018584777110537466
2026-02-18,-6.558767767795301e-05,-6.558767767795301e-05
2026-02-19,-0.00029743211657143906,-0.00029743211657143906
2026-02-20,0.0014189336999027526,0.0014189336999027526
2026-02-23,-0.001047509739861513,-0.001047509739861513
2026-02-24,0.001636872798990657,0.001636872798990657
2026-02-25,0.002491308902836853,0.002491308902836853
2026-02-26,-0.0020218103618090733,-0.0020218103618090733
2026-02-27,-0.001245084083821879,-0.001245084083821879
2026-03-02,-0.0002443483458728008,-0.0002443483458728008
2026-03-03,-0.002050931051675635,-0.002050931051675635
2026-03-04,-0.0004433339070433124,-0.0004433339070433124
2026-03-05,6.610592100220907e-05,6.610592100220907e-05
2026-03-06,-0.0014556516777445223,-0.0014556516777445223
2026-03-09,0.003462114458760053,0.003462114458760053
2026-03-10,0.00019059071293143386,0.00019059071293143386
2026-03-11,-0.0006312990995519447,-0.0006312990995519447
2026-03-12,-0.0008014956458331707,-0.0008014956458331707
2026-03-13,-0.0032650017167165854,-0.0032650017167165854
2026-03-16,0.0019492140146079933,0.0019492140146079933
2026-03-17,0.0013850318205981054,0.0013850318205981054
2026-03-18,-0.001959407427065178,-0.001959407427065178
2026-03-19,0.0025740231989102094,0.0025740231989102094
2026-03-20,-4.729710594555264e-05,-4.729710594555264e-05
2026-03-23,0.0015764776552624554,0.0015764776552624554
2026-03-24,0.00039976383153548405,0.00039976383153548405
2026-03-25,-0.0010700566326438327,-0.0010700566326438327
2026-03-26,-0.0005847502634325969,-0.0005847502634325969
2026-03-27,-0.0019199478232524642,-0.0019199478232524642
2026-03-30,-0.0025398770939363755,-0.0025398770939363755
2026-03-31,0.0018627924426333003,0.0018627924426333003
2026-04-01,0.0017787541436068057,0.0016662541436068057
2026-04-02,-0.000816197042474218,-0.000816197042474218
2026-04-03,-0.0008836703012362699,-0.0008836703012362699
2026-04-06,0.001375694014760084,0.001375694014760084
2026-04-07,0.002912637669167264,0.002912637669167264
2026-04-08,-0.00040446511067163983,-0.00040446511067163983
2026-04-09,0.0019235846696812246,0.0019235846696812246
2026-04-10,-0.0006652585691399123,-0.0006652585691399123
2026-04-13,0.0031175653820124574,0.0031175653820124574
2026-04-14,0.0007995225295989642,0.0007995225295989642
2026-04-15,0.0006382021143052555,0.0006382021143052555
2026-04-16,0.00030366782278048153,0.00030366782278048153
2026-04-17,-0.000899663714308144,-0.000899663714308144
2026-04-20,0.0014938014515198574,0.0014938014515198574
2026-04-21,0.00019449202365159045,0.00019449202365159045
2026-04-22,-0.00020358985948061039,-0.00020358985948061039
2026-04-23,-0.0007388688885683978,-0.0007388688885683978
2026-04-24,0.0010553602349148618,0.0010553602349148618
2026-04-27,0.001090247186639295,0.001090247186639295
2026-04-28,-0.000993370171663963,-0.000993370171663963
2026-04-29,0.00047734644156176807,0.00047734644156176807
2026-04-30,-0.001202932631739187,-0.001202932631739187
2026-05-01,-0.0008542633762696774,-0.0010292633762696774
2026-05-04,0.0007693622624420903,0.0007693622624420903
2026-05-05,0.0003168312125344784,0.0003168312125344784
2026-05-06,-0.0028882529613731846,-0.0028882529613731846
2026-05-07,0.0006410828929423172,0.0006410828929423172
2026-05-08,-0.0005661167738942887,-0.0005661167738942887
2026-05-11,0.0005818998677778729,0.0005818998677778729
2026-05-12,-0.0003138086053482994,-0.0003138086053482994
2026-05-13,-0.0008704138519951567,-0.0008704138519951567
2026-05-14,0.0007315332635628158,0.0007315332635628158
2026-05-15,0.0019227502764736213,0.0019227502764736213
2026-05-18,-0.00019653719328435862,-0.00019653719328435862
2026-05-19,0.0013880589427462942,0.0013880589427462942
2026-05-20,-0.001390471125261029,-0.001390471125261029
2026-05-21,-0.00035231787733955435,-0.00035231787733955435
2026-05-22,-0.0004597287768615412,-0.0004597287768615412
2026-05-25,-0.0005995652089377814,-0.0005995652089377814
2026-05-26,0.0003447729137136245,0.0003447729137136245
2026-05-27,0.0007614567533818216,0.0007614567533818216
2026-05-28,0.00027170143195911925,0.00027170143195911925
2026-05-29,-0.0007796250249090266,-0.0007796250249090266
2026-06-01,-7.294844600971807e-05,-7.294844600971807e-05
2026-06-02,-0.0002216024439417314,-0.0002216024439417314
2026-06-03,0.0001689144862820907,0.0001689144862820907
2026-06-04,-1.6037569561366328e-05,-1.6037569561366328e-05
2026-06-05,0.000989716484738196,0.000989716484738196
2026-06-08,-0.00023421543857055034,-0.00023421543857055034
2026-06-09,0.001124245204096847,0.001124245204096847
2026-06-10,0.0013676783362919502,0.0013676783362919502
2026-06-11,-0.0021382643880009373,-0.0021382643880009373
2026-06-12,-0.0005136320036316084,-0.0005136320036316084
2026-06-15,-0.000173693775855382,-0.000173693775855382
2026-06-16,0.0007837583008731279,0.0007837583008731279
2026-06-17,-0.0021394095990529822,-0.0021394095990529822
2026-06-18,-0.0005358273551602783,-0.0005358273551602783
2026-06-19,6.888598905868725e-05,6.888598905868725e-05
2026-06-22,-4.479335976692101e-06,-4.479335976692101e-06
2026-06-23,0.0009083157670665981,0.0009083157670665981
2026-06-24,-0.00020473583515151446,-0.00020473583515151446
2026-06-25,0.000803553402339841,0.000803553402339841
2026-06-26,0.0008285307880493979,0.0008285307880493979
2026-06-29,0.0011568391744109512,0.0011568391744109512
2026-06-30,-0.00015948076818325603,-0.00015948076818325603
2026-07-01,0.0004039892461952199,0.0003539892461952199
2026-07-02,-0.0020674371288950714,-0.0020674371288950714
2026-07-03,-0.0009979718778234158,-0.0009979718778234158
2026-07-06,0.0002634856302304266,0.0002634856302304266
2026-07-07,0.0016764781542841453,0.0016764781542841453
2026-07-08,0.0004200948868350551,0.0004200948868350551
2026-07-09,-0.00048014898089477243,-0.00048014898089477243
2026-07-10,-0.000683725724636407,-0.000683725724636407
2026-07-13,0.0019631553945187686,0.0019631553945187686
2026-07-14,-0.0007475415357388097,-0.0007475415357388097
2026-07-15,-0.0010521574959465644,-0.0010521574959465644
2026-07-16,0.0007825116344062588,0.0007825116344062588
2026-07-17,0.001254693952197762,0.001254693952197762
2026-07-20,-0.0017450220328397202,-0.0017450220328397202
2026-07-21,0.00047599850949880485,0.00047599850949880485
2026-07-22,0.0005843819289668383,0.0005843819289668383
2026-07-23,0.001968046233454141,0.001968046233454141
2026-07-24,-0.0013403461348134075,-0.0013403461348134075
2026-07-27,-0.0001655725435249268,-0.0001655725435249268
2026-07-28,0.0009143023789871484,0.0009143023789871484
2026-07-29,0.000935916431238799,0.000935916431238799
2026-07-30,-0.0066998223182060425,-0.0066998223182060425
2026-07-31,-0.0048264496090012245,-0.0048264496090012245
2026-08-03,0.0010360019769382334,0.0010360019769382334
2026-08-04,-0.0018358940073297803,-0.0018358940073297803
2026-08-05,0.00046223082786553404,0.00046223082786553404
2026-08-06,0.0020687771591477166,0.0020687771591477166
2026-08-07,-0.0007654288895961592,-0.0007654288895961592
2026-08-10,0.002604242500117815,0.002604242500117815
2026-08-11,0.00012633242839357736,0.00012633242839357736
2026-08-12,-0.00028424672633065034,-0.00028424672633065034
2026-08-13,0.0004042367376103362,0.0004042367376103362
2026-08-14,-8.70873253975003e-05,-8.70873253975003e-05
2026-08-17,-0.0005869499925609811,-0.0005869499925609811
2026-08-18,0.0007615057058057427,0.0007615057058057427
2026-08-19,-0.00195817407366794,-0.00195817407366794
2026-08-20,0.0016831276156315245,0.0016831276156315245
2026-08-21,-0.0019984409667770653,-0.0019984409667770653
2026-08-24,7.909433452837889e-05,7.909433452837889e-05
2026-08-25,-0.0001508807686371183,-0.0001508807686371183
2026-08-26,-0.0012137819718748555,-0.0012137819718748555
2026-08-27,5.4884180076986144e-05,5.4884180076986144e-05
2026-08-28,0.0015143590966376907,0.0015143590966376907
2026-08-31,-6.799610950422585e-05,-6.799610950422585e-05
2026-09-01,0.0008287533456096673,0.0008287533456096673
2026-09-02,-0.0016772584350274455,-0.0016772584350274455
2026-09-03,-0.005446990673221269,-0.005446990673221269
2026-09-04,-0.00011377127062042747,-0.00011377127062042747
2026-09-07,-0.003730531474576943,-0.003730531474576943
2026-09-08,-9.77855356093793e-05,-9.77855356093793e-05
2026-09-09,-0.0003566376209720723,-0.0003566376209720723
2026-09-10,0.0031756811236637317,0.0031756811236637317
2026-09-11,-0.002144016995948572,-0.002144016995948572
2026-09-14,0.001473791836056948,0.001473791836056948
2026-09-15,0.0014219546155146146,0.0014219546155146146
2026-09-16,0.0013651953534866423,0.0013651953534866423
2026-09-17,-0.0008182420964189807,-0.0008182420964189807
2026-09-18,0.0011873822278113677,0.0011873822278113677
2026-09-21,-8.457025851874023e-05,-8.457025851874023e-05
2026-09-22,-0.0001917325433736794,-0.0001917325433736794
2026-09-23,0.003320647095791884,0.003320647095791884
2026-09-24,0.001060524172367544,0.001060524172367544
2026-09-25,-0.002315498632987939,-0.002315498632987939
2026-09-28,-0.0008149668053628323,-0.0008149668053628323
2026-09-29,0.0016530774025583506,0.0016530774025583506
