Date,net_ret,ew_ret,nifty_ret
2011-01-03,0.005663245600248976,0.006910002361906407,0.0037656039866738045
2011-01-04,-0.006932233612532902,-0.0011623224753495416,-0.001827010494605208
2011-01-05,-0.01245339311475208,-0.008874069269722756,-0.010827611820245497
2011-01-06,-0.010194041440552266,-0.009050083164982346,-0.0051892834798894505
2011-01-07,-0.022090206872830028,-0.020927641984319144,-0.02375065553569211
2011-01-10,-0.020083507976323984,-0.02133825828719084,-0.024006706238457354
2011-01-11,0.000503086090721623,-0.0003967952896821548,-0.0015183459315658565
2011-01-12,0.018059063550468022,0.013034203617764481,0.01896906562126177
2011-01-13,-0.006852864594148993,-0.009393533763150556,-0.018991190492687493
2011-01-14,-0.013793786932723361,-0.011326785751271443,-0.016924859491484257
2011-01-17,-0.010942102199086578,-0.006657437138495481,3.540428847825794e-05
2011-01-18,0.018374674125040225,0.011400841350128945,0.012255149155577127
2011-01-19,0.0035557602023175336,0.0008313843476595848,-0.00576514899869951
2011-01-20,0.0036159499984004806,0.0034556977582545973,0.003610984558916286
2011-01-21,-0.0005023692460971896,-0.0027683307634098512,-0.002643759611679841
2011-01-24,0.006899900027976286,0.005590329791238296,0.008206793645220811
2011-01-25,-0.010891365678753203,-0.004579093590483987,-0.009724476151351635
2011-01-27,-0.01957981204353797,-0.016587706110538943,-0.014611263333532243
2011-01-28,-0.025523425409390222,-0.020541919031482482,-0.0164427146218471
2011-01-31,0.002025751607033813,0.0036695110139310576,-0.0011338588591980336
2011-02-01,-0.017763811637930376,-0.016473039651888587,-0.016109938176226635
2011-02-02,-0.002186951997284795,-0.0012962546413398492,0.0027320025389325764
2011-02-03,0.0047555117346943674,0.009515215195826673,0.017442930780559696
2011-02-04,-0.018774052925534922,-0.01706497540791626,-0.02370289953408422
2011-02-07,-0.005741890002216881,-0.002701460510465038,4.633276189602853e-05
2011-02-08,-0.020859645127742604,-0.01743720344083225,-0.015465195573109658
2011-02-09,-0.019954552903260668,-0.0183677024095131,-0.011105778236270236
2011-02-10,0.0041453840837886394,-0.00028509042008405,-0.005282142747602747
2011-02-11,0.02712894082042282,0.01906055662657806,0.016112403547677623
2011-02-14,0.038095332875239994,0.03243958910138262,0.027495291902071672
2011-02-15,0.003292276619404063,0.0025835018256211467,0.004582111436950198
2011-02-16,0.0033709151936442043,0.0026115700634211656,0.00012774955528183085
2011-02-17,0.008009797803773021,0.008456153765019394,0.011812028694194066
2011-02-18,-0.012789392664941003,-0.012776181540968077,-0.01577585607348453
2011-02-21,0.010530642010184275,0.006664101890075976,0.010926991492791194
2011-02-22,-0.005104623504964954,-0.00859921497464281,-0.00895152782763331
2011-02-23,-0.00552811582666651,-0.003184357506361953,-0.005823538455137944
2011-02-24,-0.02902430951677598,-0.024823386046183716,-0.03212040777345426
2011-02-25,0.003984115040724526,0.004000883924741731,0.007762100795972504
2011-02-28,0.014271953455727827,0.004764175322324403,0.005600059659334189
2011-03-01,0.03428994134396836,0.03103599492696949,0.03544739224441007
2011-03-03,0.010414289628100206,0.0043732717579540665,0.0025171379889952217
2011-03-04,0.0016350886386338084,0.0027445046996644315,0.00046056945152717077
2011-03-07,-0.014796528882044998,-0.01092901656378345,-0.013649306730986188
2011-03-08,0.009953215091519118,0.011330924211221062,0.010552502379445494
2011-03-09,0.004873090602532552,0.002990155386182601,0.0018475937678159582
2011-03-10,-0.003251802875995454,-0.0028524640523609757,-0.006617265893373747
2011-03-11,-0.00996360514657586,-0.006247572395691076,-0.00890901789117493
2011-03-14,0.009627170509596066,0.01159365086673263,0.015802147040399506
2011-03-15,-0.016179088197096556,-0.014230522925519625,-0.014797088973379724
2011-03-16,0.023420754517682132,0.014194198496481738,0.011285128604967998
2011-03-17,-0.0043214899950150525,-0.006689842775549337,-0.011703546654132868
2011-03-18,-0.006824586388468009,-0.005631494014079881,-0.013393500287187332
2011-03-21,2.6250134365764515e-05,-0.0033568720490544384,-0.0016655553877581442
2011-03-22,0.008341335950844037,0.00657880820603044,0.009152355218090324
2011-03-23,0.005523002918132786,0.008714874997988066,0.012264820995412373
2011-03-24,0.006307313746301361,0.007368398290081105,0.00769123714132558
2011-03-25,0.008378791450237955,0.012467273307594258,0.023875507023729314
2011-03-28,0.004768277343136125,0.005829015690369269,0.005836317814033709
2011-03-29,0.009064902588404491,0.009177704375370646,0.008633363691810558
2011-03-30,0.018312779750750408,0.015340234861862366,0.00894293476063468
2011-03-31,0.007610743529660973,0.005750955479194426,0.00796525332978093
2011-04-01,-0.002024204321957982,0.00227577482496706,-0.0013199392007713362
2011-04-04,0.016689323955066105,0.011150636614703582,0.014143440819661901
2011-04-05,-0.0015505959597409223,0.00230662919014542,0.0002707324801127786
2011-04-06,0.002819215141877707,0.0010381477197085572,-0.003096387558863878
2011-04-07,0.0025881588456702223,0.0037960897174835685,-0.001026826441634543
2011-04-08,-0.006546377657806348,-0.006849379507702453,-0.007424808240709235
2011-04-11,-0.0045180894039273615,-0.006672308137549459,-0.009637077146097184
2011-04-13,0.009312166493914418,0.012935000826061353,0.0217432290718107
2011-04-15,-0.0033148458500152213,-0.005431803596926109,-0.014708651833291064
2011-04-18,-0.008232542151852412,-0.011687469159432848,-0.016387482334588976
2011-04-19,0.0023636442577005465,0.0008816617869713626,0.002033461127431746
2011-04-20,0.017220364036260507,0.017778593219575912,0.019318016346949518
2011-04-21,-0.001446255381341118,0.004087196774268189,0.005648029789942166
2011-04-25,0.002979405057959554,0.0005114183443049478,-0.0017333415422973175
2011-04-26,0.0010997730037913306,0.001979082225057649,-0.0010384028693931624
2011-04-27,0.0032418672566700574,-0.0008925359420779233,-0.00587894495503305
2011-04-28,-0.00779245960562196,-0.007452153440123795,-0.00830485744395193
2011-04-29,-0.006498493643174479,-0.004336011765178019,-0.006213897639569588
2011-05-02,-0.010414284517486654,-0.007260478649989659,-0.008383371651882743
2011-05-03,-0.01894715477543077,-0.017974488282134212,-0.02386294517885945
2011-05-04,-0.009910221320768896,-0.005879608281904429,-0.0050492067124118245
2011-05-05,-0.006684440433704544,-0.009411934234179615,-0.0139602152823749
2011-05-06,0.014234216219228825,0.013021197272930744,0.016777035269809115
2011-05-09,0.008181197538964347,0.0021924002656232198,-6.306418033719119e-05
2011-05-10,-0.00027265060918805947,-7.527276035480883e-05,-0.0017744406483336528
2011-05-11,0.003178099923828248,0.005789040096453878,0.004295024531919767
2011-05-12,-0.004372610327206105,-0.008930017999679494,-0.014177753140195093
2011-05-13,0.007409037602241012,0.009411513471337767,0.010681461261424108
2011-05-16,-0.005282398486294289,-0.005460471262714799,-0.00825104828892198
2011-05-17,-0.002091733539176377,-0.005460196687131786,-0.010920131785324583
2011-05-18,-0.0012108994419388211,-0.0023958362952678936,-0.00337383079405007
2011-05-19,-0.0029323044392515203,-0.005275211094312263,0.0013836106454787611
2011-05-20,0.005596727836196477,0.008602007264841003,0.010731194884403772
2011-05-23,-0.011093112283084017,-0.011464744993627513,-0.018190653383819644
2011-05-24,0.0035442058875269,0.0037426384693232794,0.0015409294018828845
2011-05-25,-0.0029606324708211828,-0.005973915286514709,-0.008508095964277262
2011-05-26,0.0016829569225947434,0.005736354634587194,0.011852774849036685
2011-05-27,0.008647703695100574,0.010384816452384694,0.011778617208743736
2011-05-30,0.007428776830812086,0.0045234017315816544,-0.0005478351283760841
2011-05-31,0.01723830009210044,0.017138011562146328,0.0
2011-06-01,0.006387701848558343,0.006347687229598485,0.021724415819594833
2011-06-02,-0.0055645592091398775,-0.0050987086945941925,-0.007448122736722129
2011-06-03,-0.002749305313365746,-0.0036131793910951864,-0.0060536897790354205
2011-06-06,0.002468580737500533,0.0009369697933015111,0.0027733365999003112
2011-06-07,0.003911919597167468,0.004186994107361325,0.004356449870684287
2011-06-08,0.002088417897729615,-0.0013045497651063102,-0.005273400682573426
2011-06-09,-0.0007433168493489074,-0.0022818662225914743,-0.0010494753550869262
2011-06-10,-0.0032796365232294496,-0.003996670813134851,-0.0063846553186446275
2011-06-13,0.001488999992479737,0.002823664611973172,-0.0005468664746818286
2011-06-14,0.004177720466333143,0.0061209447763554805,0.003228313260200899
2011-06-15,-0.007437290877572177,-0.006592668730968268,-0.009635487682937871
2011-06-16,-0.008919612815433369,-0.007684220931298768,-0.009316200091785243
2011-06-17,-0.00515078108919917,-0.0037475625734122837,-0.005623773133135668
2011-06-20,-0.01758384792866678,-0.019471346388870183,-0.020218396313068876
2011-06-21,-0.0008451786134395636,0.0007381833289747106,0.003413947706478515
2011-06-22,-0.006246192463964832,-0.00390243284711121,0.00046432460852874335
2011-06-23,0.00563550455131887,0.0019373017566758927,0.007900308215813556
2011-06-24,0.02254754561192005,0.024037023711849095,0.0284304511278195
2011-06-27,0.006811771619907448,0.009642156594141041,0.010116536012108712
2011-06-28,0.00688604241010282,0.005322288363342583,0.0033835824378138923
2011-06-29,0.008834960552157642,0.007598816302877793,0.009945429925787064
2011-06-30,0.004310705109734737,0.00352614852431423,0.008383202313011706
2011-07-01,0.006138674189821204,0.004338380167537475,-0.003576815416040713
2011-07-04,0.008286735582956726,0.008435728112526237,0.0041405679341048884
2011-07-05,0.0005384485391620106,0.0007553581649459728,-0.003256331712901517
2011-07-06,0.0013276907540104015,-0.0009625704881584668,-0.001180714516511805
2011-07-07,0.01243674869414779,0.014548828640552135,0.018398527478963977
2011-07-08,-0.010454785503176037,-0.008539834678953454,-0.011921956142092904
2011-07-11,-0.004979535495966091,-0.004463664804953695,-0.007870086554735423
2011-07-12,-0.00846536636992476,-0.009226296199068604,-0.016016487197234697
2011-07-13,0.00822860179779364,0.01031238020090844,0.01073085131903495
2011-07-14,0.005024909520882126,0.004403642849816732,0.0
2011-07-15,0.0001641958482963557,-0.0010574848761488584,-0.0007788266843558045
2011-07-18,0.002556555642227165,0.0006865202745413722,-0.002517477329362028
2011-07-19,0.010495423209659988,0.009122030068332933,0.008352718519034408
2011-07-20,-0.0063670403887392465,-0.008506724158689374,-0.008283528536821905
2011-07-21,-0.0014815221725511787,-0.006387906197511619,-0.004571489015568253
2011-07-22,0.012462213469945653,0.012609188516013024,0.016664879462397142
2011-07-25,0.004676507424139642,0.005115679008390707,0.008226840452647766
2011-07-26,-0.009566220612906202,-0.010899207767700992,-0.018564109405674434
2011-07-27,-0.001144351077004399,-0.00017722256509721863,-0.0050315779756199275
2011-07-28,-0.00411985829854431,-0.007901380190813585,-0.010645742908838685
2011-07-29,-0.0011634259342450288,-0.006065406131833909,-0.0010477882556603202
2011-08-01,-0.002215912112855845,0.0006350644396076793,0.006348012529642455
2011-08-02,-0.006926666852605109,-0.005258805075720223,-0.010921186581540843
2011-08-03,-0.0061809867955832905,-0.005163374139897583,-0.009484014964097565
2011-08-04,-0.007272681844473779,-0.006518959152000302,-0.01350651321750862
2011-08-05,-0.017971689479085635,-0.0157216308748028,-0.022609589463865043
2011-08-08,-0.015274096618693282,-0.00978895944030229,-0.017798033101463218
2011-08-09,-0.0073131337687624455,-0.007212075963176931,-0.008918609425368706
2011-08-10,0.022158235772937178,0.018129918906802264,0.017376800151156946
2011-08-11,0.0007407700022796582,-0.005227815608602001,-0.00439841025237353
2011-08-12,-0.006298355231031368,-0.00494626180926632,-0.012718138656561795
2011-08-16,0.0011418764666351242,-0.007282670128241322,-0.007323231885723591
2011-08-17,-0.0007932079368811321,-0.003272626457320594,0.004130484486176034
2011-08-18,-0.018478533567720883,-0.01605694420780812,-0.02223830106015723
2011-08-19,-0.015068203630948358,-0.012885952009338382,-0.019922535106248862
2011-08-22,0.0067332475323081415,0.009356062639496138,0.010968580771393066
2011-08-23,0.011518995639347317,0.00705099620541779,0.010227014708441562
2011-08-24,-0.00870191045856829,-0.006421723432714341,-0.012123906561857245
2011-08-25,-0.0060009050478113226,-0.006204247631220427,-0.010084028241990728
2011-08-26,-0.018358890976343606,-0.016082886297898183,-0.01896856994717555
2011-08-29,0.023937211777843196,0.024116738791196298,0.036185243699435654
2011-08-30,0.01433261682004477,0.012826515840331048,0.016546040476446366
2011-09-02,0.0034901525085747355,0.009112941763826791,0.007798440311937549
2011-09-05,0.0017218328157909758,0.002436543732393815,-0.004523770771329372
2011-09-06,0.00632873079261228,0.0049289543948017305,0.009387628067742737
2011-09-07,0.017638367458025616,0.014886953607756537,0.01191677033030114
2011-09-08,-0.00176932448218452,-0.0007683346006576478,0.005580888099920633
2011-09-09,-0.007997865997793778,-0.010003150047577129,-0.018202067566584157
2011-09-12,-0.015992165158395258,-0.015514707233502978,-0.022265342334898075
2011-09-13,-0.0011111395699060283,0.0006898602644562766,-0.0011825037612108735
2011-09-14,0.0058792386039473125,0.006982799689668646,0.014491060736237849
2011-09-15,0.010768289611056223,0.010367484511334077,0.012598456491333954
2011-09-16,-0.0061988880303528926,-0.0021022958247093643,0.0016844581749324572
2011-09-19,-0.002255756578353285,-0.004258504457439474,-0.010286631201750551
2011-09-20,0.013608978633360332,0.013088998733243304,0.021512534066978617
2011-09-21,0.006746685399072654,0.0031702977274523036,-0.0013521254130992588
2011-09-22,-0.026109265087610814,-0.027700694639053773,-0.04083185070983297
2011-09-23,-0.002348581409975037,-0.0037869661178965134,-0.011353346288317634
2011-09-26,-0.011345271281674466,-0.012260500267668532,-0.006645800966822435
2011-09-27,0.01551998814082006,0.016709187535350608,0.02809490433054007
2011-09-28,-0.003639119962518389,-0.006397026488953047,-0.005099340740507885
2011-09-29,0.004130544434198634,0.004485010989366986,0.014062212002267094
2011-09-30,-0.005036398797264523,-0.007702202642506406,-0.014395556231418527
2011-10-03,-0.010181276821246596,-0.016779070270203332,-0.018965255651646196
2011-10-04,-0.010011133292027297,-0.010924390800049536,-0.015950118085627407
2011-10-05,-0.0025367034946662333,-0.004959130294827607,-0.0043691204347980905
2011-10-07,0.005373701887932269,0.014102938778479315,0.02878159779879308
2011-10-10,0.007765617437787926,0.010087614258219848,0.01872941083393953
2011-10-11,0.002529539900124751,0.0014269306526571656,-0.0010543015296491376
2011-10-12,0.008644989224310501,0.01645998954277832,0.02513892312212196
2011-10-13,-0.004479650895901902,-0.002632566551790728,-0.004225949150917785
2011-10-14,0.0077572483444527645,0.004369679498513244,0.010722984330786334
2011-10-17,0.001121944446759112,-0.0009780769415670743,-0.0027375261037299037
2011-10-18,-0.011152418409838718,-0.011177191341563926,-0.015776876862208744
2011-10-19,0.01299238082995818,0.01455874730424097,0.02017864066377162
2011-10-20,-0.003619928512411297,-0.003997007684529139,-0.00919412760823557
2011-10-21,-0.003217583742735385,-0.005708011866838368,-0.008238517613423868
2011-10-24,0.006210947227067051,0.004920611850411447,0.009584233600694825
2011-10-25,0.00869459430147599,0.00945644415555497,0.018290230802876284
2011-10-28,0.018221171071181232,0.02558845756369797,0.03257186502723708
2011-10-31,0.006746220874393452,-0.0011496851359001968,-0.0063611275418961055
2011-11-01,-0.002493716401257073,-0.003620271316168068,-0.012888127714704267
2011-11-02,-0.000282087915489726,0.0004212498541719151,9.509409207519859e-05
2011-11-03,0.0010316457141528919,0.004347476955860021,0.0013882045881137284
2011-11-04,0.007259672911978857,0.008474211248296904,0.0035038114822198985
2011-11-08,-0.0025713099677238858,-0.00176835592224262,0.0009745850182432125
2011-11-09,-0.007171963535423275,-0.013655354010095839,-0.012912794900646563
2011-11-11,-0.0026791016556518424,-0.008266130664123827,-0.009997933171291495
2011-11-14,-0.0015068881109866555,-0.005651147384498733,-0.003966065877842984
2011-11-15,-0.012460404954345437,-0.018094381430048476,-0.015509842209954106
2011-11-16,-0.006401466469792534,-0.01007357009281494,-0.0075071134827858765
2011-11-17,-0.0075161763813293685,-0.014266691484056262,-0.019024181056732425
2011-11-18,-0.0046526001502228366,-0.004062858519461068,-0.0058665981686002455
2011-11-21,-0.009861852215242162,-0.01863334981039727,-0.025979394207947815
2011-11-22,-0.004016115705033174,0.003744592749084469,0.007115426727873464
2011-11-23,-0.010419121719197977,-0.017743947811355434,-0.022005859963373453
2011-11-24,0.009013609020655598,0.01046884582654059,0.0
2011-11-25,0.00041609190283814143,-8.629461993492522e-05,0.0007648247034643951
2011-11-28,0.00963157776707074,0.01882452489961793,0.02998906717704486
2011-11-29,-0.002085555339384711,-0.007331218475902002,-0.00952316057371061
2011-11-30,0.0017256362755382528,7.653958198690368e-05,0.005608563085791829
2011-12-01,0.0009339109344378124,0.011147405602629069,0.021688578802951275
2011-12-02,0.013608743961745143,0.02186027289292032,0.022949816673852208
2011-12-05,-0.004009011220117591,-0.000371886205822586,-0.0021781531662842246
2011-12-07,-0.0018283596618504502,0.0008725238486546138,0.004653601454005729
2011-12-08,-0.009876878943466994,-0.015363287668872721,-0.023495870307348232
2011-12-09,-0.012110660503613856,-0.009776017137681735,-0.01556536335527492
2011-12-12,-0.010466319452038655,-0.01908203824693503,-0.02097932758516552
2011-12-13,-0.0016399378290072658,0.0022882867178025544,0.007555723305657569
2011-12-14,-0.006505453315859725,-0.009807616115798034,-0.0077802976495553455
2011-12-15,-0.009283498537496802,-0.005527579535807418,-0.003547977188631757
2011-12-16,-0.007670148527588509,-0.015001561413819278,-0.01996270777555742
2011-12-19,-0.012394627590545,-0.01668075747099981,-0.008276721814370669
2011-12-20,-0.010812261443489386,-0.017445353254962746,-0.014935705032447788
2011-12-21,0.018012770607909605,0.022885529467174027,0.0327779808611639
2011-12-22,0.0026498570069706535,0.007848910427013906,0.008672255555309372
2011-12-23,0.0017461698788844996,0.0005105155919936573,-0.004193224805761786
2011-12-26,0.008599248670803935,0.008235366177763232,0.0
2011-12-27,0.0026930454069366144,-0.00476390026357926,0.0077428935086973905
2011-12-28,-0.006184368668744805,-0.01007127493746161,-0.009409576952426058
2011-12-29,-0.00687463722784051,-0.0049650806169795544,-0.012654555476028118
2011-12-30,0.004633850765629832,-0.0005165409006726737,-0.004724282015065917
2012-01-02,-0.010853728193712633,-0.003266952533563564,0.0
2012-01-03,0.015792756207654718,0.02533775202663992,0.030491102643706913
2012-01-04,-0.006775137804210444,-0.003515844678540116,-0.0032841380364684314
2012-01-05,0.000995515124817847,-0.0027463004595878544,6.322423229598861e-05
2012-01-06,-0.004294411919786063,-0.003024772139574548,0.0008736728119476123
2012-01-09,0.001790161922347285,0.005280463252272052,-0.0023769573077186967
2012-01-10,0.009316728960895323,0.020770222061657816,0.022507802225701035
2012-01-11,0.00017043578867164842,0.007527104403730646,0.002350814216606434
2012-01-12,0.001791041234022891,0.001444504787590818,-0.0061099567202190785
2012-01-13,0.0029278916034639947,0.007439287414241157,0.007192755498059533
2012-01-16,-0.0014315771742323712,-0.00018153208257532641,0.0016234900007705555
2012-01-17,0.01775287146755448,0.020944883455983398,0.019163278732670763
2012-01-18,-0.0057443639751123205,-0.006850281332171593,-0.0023151411133163213
2012-01-19,0.008173998871985288,0.014494504346423357,0.012631684112227148
2012-01-20,0.003905360451596959,0.004967181976007652,0.006017893332573188
2012-01-23,0.0018218099367196833,0.00011680582248008669,-0.0004654949116174034
2012-01-24,0.003433903251639007,0.012195252155068887,0.016071359456279355
2012-01-25,0.00627135872152916,0.007254961944914065,0.00603619929237853
2012-01-27,0.005700024227134567,0.006194384251518045,0.008995287668784657
2012-01-30,-0.009954204992354604,-0.014691103886844315,-0.02255660964501549
2012-01-31,0.014587215279871665,0.022054092203679716,0.022005818333990845
2012-02-01,0.002962281142855138,0.006180343074511755,0.007010664098187291
2012-02-02,0.01088861818620698,0.010692649941863017,0.0065320216504889395
2012-02-03,0.011970007638670488,0.009213060538921763,0.010616937010059058
2012-02-06,0.013359701221155417,0.012187477179087969,0.006721894914626825
2012-02-07,-0.0019486997273512694,-0.0074068422736129425,-0.004942508459647055
2012-02-08,0.004924744734474886,0.00985080775785885,0.006185393213694601
2012-02-09,-0.0008050811908777138,0.006464292535281806,0.008233785590302078
2012-02-10,-0.0032694379522028028,0.0010183259022211574,-0.00568145065362935
2012-02-13,0.006717487164919012,0.001163887548526194,0.0015980558756112373
2012-02-14,0.003906283808556987,0.0030750227028222485,0.004795667774543766
2012-02-15,0.015910007916854773,0.020866047689323628,0.021399432206973046
2012-02-16,-0.002947327318871192,0.0016986002179576842,-0.0018076807720491805
2012-02-17,0.0015772555993691178,0.004424242000048862,0.007669321141460017
2012-02-21,0.004467398188247726,0.007097089661593302,0.007700896637552246
2012-02-22,-0.01425974394119231,-0.02198599414804629,-0.018155356368294795
2012-02-23,-0.0025564329648314088,-0.0029524298040228872,-0.004005248090968361
2012-02-24,-0.0019372929105294832,-0.0066806553920055025,-0.00984808453366659
2012-02-27,-0.011944409306886781,-0.021795573941345212,-0.027277846997348587
2012-02-28,0.01442503773784734,0.01989325839509215,0.01785575270772699
2012-02-29,0.004696958376624164,0.008455113137885596,0.001804519637708113
2012-03-01,0.0004368298218712874,-0.004647960887470115,-0.008439833927076923
2012-03-02,0.002989294549553175,0.0020503948196114626,0.0036706021173744663
2012-03-05,-0.008072566303527168,-0.013828656348994604,-0.014740593273529279
2012-03-06,-0.00014804601710493404,-0.007344544637006852,-0.010974688087106554
2012-03-07,0.0009620862847337171,-0.0012348975522075037,-0.0003733354526096466
2012-03-09,0.017978829719331024,0.019765829677721346,0.02166472337511305
2012-03-12,0.005185153176235287,0.005516704879722009,0.004874802139683609
2012-03-13,0.010413334367482003,0.01027760684918475,0.013051505790900864
2012-03-14,0.0064465246138695675,0.006367148073205104,0.006335740370890575
2012-03-15,-0.009175591952637688,-0.012151192894480892,-0.015263804944152692
2012-03-16,-0.003518020924742363,-0.009865816414949193,-0.011634624599247245
2012-03-19,-0.0022825310861857902,-0.008505898642887257,-0.011442505269689596
2012-03-20,0.007237457856869075,0.005581471585608932,0.003385985225568655
2012-03-21,0.012328098979642516,0.015580915126711534,0.01708107263489511
2012-03-22,-0.011948434328283495,-0.01905801854759177,-0.025442920256606216
2012-03-23,0.0065449730162305654,0.004204192103054225,0.009515247949497985
2012-03-26,-0.005645203579935137,-0.015112299547879291,-0.01779966500625274
2012-03-27,0.005689795815272159,0.006532316803281465,0.011361315975068731
2012-03-28,-0.002543561182139599,-0.0057239281601493604,-0.009231073542664614
2012-03-29,0.004624542615836793,0.003905922041729614,-0.0030607637217864303
2012-03-30,0.023072747874669782,0.025211216996288737,0.022533903246989784
2012-04-02,0.010921892095219012,0.006038056656659806,0.004220543377094987
2012-04-03,0.008549552557350121,0.006527030578401171,0.0076346111062295385
2012-04-04,-0.000545219137171371,-0.0025486914239144396,-0.006643668499813349
2012-04-09,-0.008130202752278078,-0.011758356022704206,-0.016626275455796646
2012-04-10,0.003999844698046311,-0.00010473054014350749,0.001757640891820289
2012-04-11,-0.004524883803682878,-0.004591020621019987,-0.0031943702204687563
2012-04-12,0.007985460071480106,0.010782219712844605,0.00956599081010956
2012-04-13,-0.0007100578053729949,-0.006671581928751234,-0.01315176687974795
2012-04-16,0.003032217701677565,0.0039571154618742305,0.003600610528522674
2012-04-17,0.008992231290176515,0.009236801006959597,0.01215031908975761
2012-04-18,0.011045603579822073,0.007113598508995112,0.0019471433743309952
2012-04-19,0.007877760701109106,0.005776250440828148,0.0061131891214623035
2012-04-20,-0.0031266348382290293,-0.006119508713129084,-0.0077919521132009395
2012-04-23,-0.012201470765402655,-0.017175159883016735,-0.01705775033013679
2012-04-24,-0.0029731882765181164,0.0010058513142696748,0.004239857761306753
2012-04-25,0.0008681116954179792,-0.0020667004897693773,-0.003953912808607574
2012-04-26,-0.006368030695943317,-0.006186694468143278,-0.002499038831218714
2012-04-27,0.003106743532148204,0.0015887283272306397,0.0003083633949219067
2012-04-30,0.008750321326918529,0.011470908744331808,0.011087312373281533
2012-05-02,0.00031520403128091387,-0.002805083992615406,-0.0017148900407705225
2012-05-03,-0.003547604574748091,-0.010608499331346543,-0.009686685997912892
2012-05-04,-0.020613510603126783,-0.01715012886154635,-0.019572470626565863
2012-05-07,0.009052135475765914,0.00978170241502302,0.005366740549338722
2012-05-08,-0.01050087080041934,-0.013793158808200041,-0.02233014464024874
2012-05-09,-0.001518343858983133,-0.008187331506262269,-0.005030128229792874
2012-05-10,0.007400484163359821,0.0021553815457678064,-0.0018291408161642542
2012-05-11,-0.006534341275384659,-0.00937993570028028,-0.00741089705808029
2012-05-14,-0.002500779990738943,-0.002457587894237354,-0.004280893926495999
2012-05-15,0.006117939076713092,0.0050530115504802174,0.007131505235109747
2012-05-16,-0.005811938356145097,-0.011574491408131262,-0.017105650244486403
2012-05-17,0.0031733131503367054,-0.00023753196308910667,0.002459773645345553
2012-05-18,-0.0044642231099867235,-0.0015493921208038905,0.004363270327255364
2012-05-21,0.004177660238747471,0.005155896902353937,0.0
2012-05-22,-0.00412303647962785,-0.005810742700519067,-0.00632740681734012
2012-05-23,-0.00401850145757876,-0.005078319310728566,-0.00511266282404077
2012-05-24,0.007448462692292379,0.010429374047406232,0.017732880115749916
2012-05-25,0.002726835344998498,0.004349173869230222,-0.0002031942170608314
2012-05-28,0.013054084097819909,0.011136258073995176,0.013261117245555454
2012-05-29,-0.0027292691796013823,-0.0006998825164682288,0.0008926008443568278
2012-05-30,-0.013633539465833499,-0.010058951050296179,-0.007885632930435982
2012-05-31,0.008514703352734614,0.005250607770680044,-0.005352724334696801
2012-06-01,-0.015973893289154946,-0.016675070337799438,-0.016784262038635367
2012-06-04,-0.007057059307255904,-0.0027621624359291524,0.001352818191380667
2012-06-05,0.0029805758870614985,0.0030386461345728827,0.0031248832335868393
2012-06-06,0.01874083464175854,0.019684431892578104,0.02751224443119593
2012-06-07,0.00456924748042287,0.005676900966125352,0.010516060046935394
2012-06-08,0.005332369347962144,0.0035036661965670733,0.003703265706365144
2012-06-11,-0.0032590517307939343,-0.004358809282612072,-0.002811565840053043
2012-06-12,0.008512676534770206,0.008197036388499333,0.01222765744512233
2012-06-13,0.0017831690996990594,-0.0006162122415816023,0.00108491039205183
2012-06-14,-0.00930523901522742,-0.011283216051119397,-0.013023693049587504
2012-06-15,0.007805283104677105,0.010608240193734568,0.016677344020475715
2012-06-18,-0.009238888888782945,-0.012344261361681376,-0.014555181897492497
2012-06-19,0.0036230759434056074,0.003980274831432285,0.00781953846201322
2012-06-20,0.005294982726418584,0.006688543826395221,0.0032719822705840063
2012-06-21,0.00529089532119863,0.009026620504551702,0.008680746601040568
2012-06-22,0.002263409300409803,0.0010011936287330956,-0.0036689632744433265
2012-06-25,-0.0050707018789179084,-0.006260552210354605,-0.00610174862962809
2012-06-26,0.003092096417278233,0.004109452427015432,0.0012024092481739412
2012-06-27,0.003248078004232639,0.004378603041105408,0.004120469157363971
2012-06-28,0.004956483676633961,0.0026536735753967893,0.0014099846628081725
2012-06-29,0.01786092913195673,0.020971726284003882,0.02519833418346229
2012-07-02,-8.597602089369973e-05,0.0032529876830865896,-5.679302374472783e-05
2012-07-03,0.0037230475846070535,0.0056880403890143235,0.0017713214646439823
2012-07-04,0.00040637869508786876,0.005097120905040118,0.0027609203634220147
2012-07-05,0.002252615023963201,0.004609583881644412,0.004667565777151328
2012-07-06,-0.005610415590508496,-0.005796919461535099,-0.0019427495644028792
2012-07-09,-0.00880036749630802,-0.00944836641018637,-0.007861704818224902
2012-07-10,0.007694781950810973,0.009685722238750987,0.013307715726013747
2012-07-11,0.0011336384404804039,-0.0016753346699322196,-0.00730546966154233
2012-07-12,-0.002712300813231331,-0.005087591301597126,-0.013389707951430796
2012-07-13,-4.197975653664751e-05,-0.0013369197578711823,-0.001528102764910888
2012-07-16,-0.001095423329303328,-0.0030076080529650028,-0.005739155387632144
2012-07-17,-0.004054010743502522,-0.003925222495169094,-0.0008465827781518609
2012-07-18,0.007523707786039061,0.00571397628990698,0.004515768140858523
2012-07-19,0.006501965694299535,0.0031360472299786593,0.005061133679715946
2012-07-20,-4.706963061417918e-05,-0.0018798390779516897,-0.007171895446142051
2012-07-23,-0.006040627285583801,-0.01400423558349013,-0.016743175099167007
2012-07-24,0.009036132550041884,0.005633343669370059,0.0020027549329002525
2012-07-25,0.0006201091020844392,-0.004551297121864943,-0.003627022531852764
2012-07-26,-0.008627792198484622,-0.012860545245444863,-0.013034307261501565
2012-07-27,0.0030267999765070594,0.002172135436088765,0.01127307111962117
2012-07-30,0.008866489634333551,0.01522537720751207,0.01959855782372588
2012-07-31,0.004538979921934923,0.004584966630838388,0.005615638372495901
2012-08-01,0.0019629394475419704,0.003699992829207512,0.002199273283610692
2012-08-02,0.0028832788983346254,0.0012929301629094631,-0.0024329739528671235
2012-08-03,0.002819291346643452,-0.00019502310981440028,-0.0023049695734302933
2012-08-06,0.0019767114311014153,0.0056762744337377985,0.012816996159993987
2012-08-07,0.0040781405294582004,0.00636088282707711,0.010250805506263116
2012-08-08,0.0023452711637374168,0.0005234774337554108,0.00024355962297484268
2012-08-09,0.008859596155987637,0.002391976955010611,-0.0028193714289059812
2012-08-10,0.0018211316500206364,-0.0004811734111785232,-0.0004791126866067197
2012-08-13,0.004519050153240216,0.00701587176773715,0.00516878439680557
2012-08-14,0.0013241919811258214,0.0034924721259830594,0.006067838947074966
2012-08-16,0.001036740717114115,8.705532787106171e-05,-0.0032339721445505676
2012-08-17,0.0031527355861199445,-0.0018282309577378965,0.0006245833455489347
2012-08-21,0.0069214932707705994,0.006201256986161473,0.010193279783719644
2012-08-22,0.0006020537728607779,-0.00012674771595284516,-0.0015033946400572207
2012-08-23,-0.0011540650761395577,-0.0010480965889962594,0.00046186388961388936
2012-08-24,-0.0037872474135598683,-0.004205036665159646,-0.0052904986431348
2012-08-27,0.001618586248312067,-0.005975123437636264,-0.006766702060793883
2012-08-28,-0.0029648438835617637,-0.00506667487606751,0.0
2012-08-29,-0.00566003232254155,-0.007763663763383692,-0.011672388264567068
2012-08-30,0.007307365268349722,0.004533382918020833,0.00515337210305189
2012-08-31,-0.004615092277673111,-0.005132157432633065,-0.010639562518798384
2012-09-03,0.001271874071713338,0.0014736189667850035,-0.0009032994199866806
2012-09-04,0.0011035248386316264,0.004169589289572619,0.003854389721627438
2012-09-05,-0.0016199398783492158,-0.007694962570738365,-0.00915809721037164
2012-09-06,0.004313057539036373,0.00450950501023959,0.0024302402657239153
2012-09-07,0.006757849621279769,0.012905545275332907,0.01979615860677275
2012-09-10,0.0027951454066101116,0.006857535135334597,0.0039965738690701524
2012-09-11,0.00025385565504162336,0.0010035127208504503,0.00495013540178002
2012-09-12,0.003505945786764486,0.0034089591623842593,0.007606679035250474
2012-09-13,0.0007978507612177259,-0.00018695706648737265,0.0008009754476616671
2012-09-14,0.005040249196766851,0.015814511848916194,0.026180430355141393
2012-09-17,-0.004790633051569652,0.007045886626198146,0.005799951273861126
2012-09-18,-0.0019916191726004557,0.003222107116198425,-0.0017736533533868615
2012-09-20,-0.0005054478799165318,-0.004606370794212016,-0.008178463814583092
2012-09-21,0.007342163882409999,0.018231556518964964,0.024647774648917542
2012-09-24,-0.0017314004459401192,0.00039553188401451975,-0.0037865466658373315
2012-09-25,0.005404093264278691,0.0016888251889884069,0.0007583964677293498
2012-09-26,0.008614034665022675,0.0036417270450607663,-0.0018417150832945595
2012-09-27,0.0061819655260962015,0.000945904434394542,-0.0024631973146062025
2012-09-28,0.01262016107584726,0.013182002065097788,0.00952293206257182
2012-10-01,0.011590345206987948,0.007240215059576954,0.0027177249190477593
2012-10-03,0.009777273717792167,0.007093743287789391,0.002177064373243942
2012-10-04,-0.0016613900801816014,0.005634025871066484,0.009832078107960829
2012-10-05,-0.010441425687713658,-0.006229350874868115,-0.007023619748747212
2012-10-08,-0.002463832230171485,-0.008551517636277378,-0.012345712578189838
2012-10-09,0.007684031801440897,0.0034987294432722816,0.00503877689504062
2012-10-10,-0.004344140339342554,-0.009100438911570594,-0.009194368477125958
2012-10-11,0.0029726517900319407,0.007287089646162419,0.009890024735644376
2012-10-12,0.0030177999202273477,0.0006725709450232972,-0.005606117867738569
2012-10-15,-2.78159862943549e-05,-0.00038830267041306196,0.001973237673716488
2012-10-16,-0.0022399304000000047,-0.0063652130324509055,-0.006901402259440026
2012-10-17,0.0017002300555711096,0.001162205478576494,0.0021689093484418276
2012-10-18,0.009380346118065033,0.00933928718591563,0.010326433516629097
2012-10-19,-0.004766232884235374,-0.0053781167929781845,-0.00602413033310234
2012-10-22,0.006081806395279476,0.0040050309399538445,0.005787905588907849
2012-10-23,-0.001574764176740891,-0.0038306483632081227,-0.004503992450756611
2012-10-25,0.002786697066293061,0.0018809864466385216,0.0024422642200956357
2012-10-29,-0.010398638635737034,-0.009646995885786934,-0.006958391038211942
2012-10-30,-0.007055418539609068,-0.010946026710107512,-0.01194934237248868
2012-10-31,0.004554816783376622,0.006252500017040979,0.0038943699153359823
2012-11-01,0.007301657249235812,0.008707412286183328,0.0045108472861496995
2012-11-02,0.0013355178019043774,0.005640732212541354,0.009326824819380741
2012-11-05,0.002438515132463641,-0.0013381879275469262,0.0011408111654149788
2012-11-06,0.008415249621651424,0.005593142099990744,0.003541198825358416
2012-11-07,0.010436513355085254,0.006822315666981677,0.0062364956888989465
2012-11-08,-0.002083321619060689,-0.00014744256438068044,-0.0037065497637683853
2012-11-09,-0.006217613734341753,-0.008347746848572054,-0.009148333696362476
2012-11-12,0.004650553246118768,0.0014182918058905983,-0.00044841586062871475
2012-11-15,-0.00755372360401483,-0.005279646202684678,-0.009272163115845444
2012-11-16,-0.009244362415650067,-0.008470254810688591,-0.010113691229355348
2012-11-19,-0.008389211731457031,-0.005941013506574217,-0.00047539983254574203
2012-11-20,0.0007497282447013235,-0.0027722826582186203,2.6905687327660743e-05
2012-11-21,0.007188546667269322,0.004573183357295064,0.007762651598952397
2012-11-22,0.005345018892658906,0.003497516124069768,0.002306439367916191
2012-11-23,0.003423047717660019,0.0004463914907427465,-0.00020432719004037647
2012-11-26,0.004730805141899223,0.004865252765220454,0.001652828444547394
2012-11-27,0.010571896954582275,0.01155041616962741,0.016244130405985047
2012-11-29,0.010424161792530666,0.011914439940579651,0.0170319778192638
2012-11-30,0.009850825948595383,0.011934967735768584,0.009416325777896972
2012-12-03,0.001324332987706678,0.005128403931103752,-0.001513627421776853
2012-12-04,-0.0004055658984914339,0.0015594515750441953,0.00311700901535672
2012-12-05,-0.00030004135529478927,0.0031703273002637845,0.001910260219892157
2012-12-06,0.0012832306082140514,0.005193379001022448,0.005152089203245502
2012-12-07,-0.005183431715990237,-0.003109803584941829,-0.0039622992103969246
2012-12-10,0.003936098875264626,0.0009081420965282893,0.0002539188178889429
2012-12-11,-0.0019747183800029044,-0.004304348030898694,-0.001709302547542535
2012-12-12,0.002030979158176094,-0.0009416679104893093,-0.001830847807196001
2012-12-13,-0.006093092259825256,-0.006035407494596485,-0.006199048913043459
2012-12-14,0.0046013553476226664,0.005628938842252993,0.004802204162394297
2012-12-17,-0.0014223911258649555,0.0035567628664314025,-0.0036907604177280895
2012-12-18,0.004005032139118107,0.0059256426074286335,0.006640588434805084
2012-12-19,0.007859469603030803,0.008456217612749716,0.00556238876257531
2012-12-20,0.0003940949831506766,-0.0003929326316078815,-0.002226152707619833
2012-12-21,-0.011203572229234146,-0.013518006689723847,-0.011611741627545302
2012-12-24,0.0016801041383296671,0.0017980496471463024,0.001376576161334686
2012-12-26,0.01017568268580105,0.008614652667685381,0.008513016719677191
2012-12-27,-0.006497718498581085,-0.0047181258129518015,-0.006011243466026217
2012-12-28,0.0031212015986341974,0.005926151236883474,0.006516072871614487
2012-12-31,0.006513838058516552,0.005182335106361926,-0.0005500689610944409
2013-01-01,0.006553495274910729,0.007767810949895389,0.0
2013-01-02,0.004227603577703915,0.006892304449309532,0.014927757512313233
2013-01-03,0.002670163686829667,0.0035201260475316194,0.0027113836399281777
2013-01-04,0.0007414907252280257,0.002021346595006795,0.0011065649960479984
2013-01-07,-0.0052424480407237675,2.1103529606570175e-05,-0.004612584535034436
2013-01-08,-0.0009271675039546259,-0.0009487812738393945,0.0022210094826073945
2013-01-09,-0.0011999868427826374,-0.0026233380012470383,-0.005031940005281732
2013-01-10,0.003259676280315161,-0.0019635026155377672,-0.00047728337205898974
2013-01-11,-0.010478658322538513,-0.008840018206238247,-0.0029068713930493484
2013-01-14,0.0037866251528534144,0.007784312993161133,0.01222422031951731
2013-01-15,0.0072249422603609895,0.003991276127328542,0.005403390414106646
2013-01-16,-0.008305926184193086,-0.009576799302209464,-0.00903972511263984
2013-01-17,-0.0023093332109502267,0.0036378669841059803,0.0062230973863934835
2013-01-18,0.0011455620600474632,0.003413236137998443,0.0041726894648748125
2013-01-21,0.002780525679552136,0.0012825913830277378,0.002951636210011932
2013-01-22,-0.0024966998923968767,-0.005777846503979082,-0.00555707639755787
2013-01-23,-0.0018885735766948672,-0.0041714030531812335,0.0009588831425146882
2013-01-24,-0.0022367642293676417,-0.01046445445597544,-0.005772708349228162
2013-01-25,0.003731933415767111,0.010057758208500146,0.009187005871120979
2013-01-28,0.000441827746560064,-2.0771205201894547e-05,2.467670502159791e-05
2013-01-29,0.0018010868176886353,-0.003294960677563513,-0.004098884431473215
2013-01-30,0.006378050515955937,0.0023856082076180968,0.0009669742889437671
2013-01-31,0.003013993476475311,0.004796662814995751,-0.003467778557569301
2013-02-01,0.004100377186622406,-0.0010375226959118682,-0.005940610241724986
2013-02-04,0.0007617580266233753,-0.004911880297641519,-0.0019420064567502449
2013-02-05,-0.0075975162152171144,-0.0030981328401487917,-0.00506912149254668
2013-02-06,-0.00087806967561378,0.0015604976978896442,0.0003861560554081489
2013-02-07,-0.004122645645825666,-0.006356886153159562,-0.0034233437300943415
2013-02-08,-0.005422396409846451,-0.008914377852356154,-0.005943929051058117
2013-02-11,-0.0007753524529338346,0.0004344684846983314,-0.0009570428294656264
2013-02-12,0.004273921128107745,0.00318671204644243,0.004179472508727411
2013-02-13,0.004312545274378717,-0.0015343124603846932,0.0017644905550864287
2013-02-14,-0.006575159118921059,-0.008868494855244165,-0.006067807551872417
2013-02-15,-0.0009988559575616286,-0.0010931011666091936,-0.0016195308850228685
2013-02-18,0.0012190874252080428,0.0028576969812853592,0.0018344758548591855
2013-02-19,0.012399692217458971,0.0104084645852836,0.007036044662061647
2013-02-20,0.0053759717891204515,0.003714507429293587,0.0005639357652500454
2013-02-21,-0.014226805634804949,-0.014668077899142254,-0.015278317980085387
2013-02-22,-0.002056654124020628,0.0012657646543851333,-0.0003332385514118741
2013-02-25,-0.004448280008598681,-0.004813615860096731,0.0007606781636959603
2013-02-26,-0.010430209303845446,-0.014209254828908141,-0.01595284211003889
2013-02-27,0.008101599291604174,0.007248040071734612,0.006170394800684376
2013-02-28,-0.01496594434622078,-0.019173290786051837,-0.017914764685562745
2013-03-01,0.009465104014410393,0.008800147705112685,0.004681215084936907
2013-03-04,-0.01048835329274038,-0.00822088472616508,-0.0037065221232879253
2013-03-05,0.012821368234900503,0.014327093864604474,0.01504781960164947
2013-03-06,0.002727622719624335,0.0048245850699890885,0.005938556883995361
2013-03-07,0.00898464408365242,0.004952235770851608,0.007682209858219213
2013-03-08,0.010299346796693282,0.01068762024005619,0.014053586439350063
2013-03-11,-0.0016425110158156393,0.0004814338925933765,-0.0005634488026979856
2013-03-12,-0.004238207636128959,-0.005235004747111535,-0.00475401138198539
2013-03-13,-0.0090143360138266,-0.009855290920455317,-0.01063558298052436
2013-03-14,0.005868160182580655,0.0043943133770248995,0.009869769974075515
2013-03-15,-0.0024960346797007395,-0.002440129754903252,-0.006151701479069183
2013-03-18,-0.0023578906305941616,-0.00513324381793817,-0.0063600614779059095
2013-03-19,-0.007484173094598707,-0.013148277553440127,-0.015303509650400615
2013-03-20,-0.010524351768231029,-0.01157928323760355,-0.008971587155559457
2013-03-21,-0.0053530027832989725,-0.009302387561274491,-0.00626051962544405
2013-03-22,-0.003070228906583954,-0.001363483449766083,-0.0013076920421912774
2013-03-25,-0.004574504465840542,-0.005200331620583678,-0.003096605182407286
2013-03-26,0.0013104284138454473,-0.0016046373064847609,0.0013756134553923882
2013-03-28,0.01033144868086505,0.012227910041562762,0.007258527070761689
2013-04-01,0.004913545270385682,0.0054407420250404525,0.0038451220679536213
2013-04-02,0.010402448834727008,0.011996795678703995,0.007660787472937303
2013-04-03,-0.00541914176022477,-0.008410390004699729,-0.013082617566656962
2013-04-04,-0.018556894684870606,-0.01622741430043735,-0.017301539606436434
2013-04-05,0.0006359395664427447,0.003202922403467435,-0.003856675187228098
2013-04-08,0.0007824012680552481,0.0016184658236649318,-0.001854734558591864
2013-04-09,-0.008226949463420861,-0.010419777932290953,-0.008632604654596254
2013-04-10,0.006111167231955776,0.006998030996132866,0.01157396526468668
2013-04-11,0.004180695875160623,0.0023114979852460866,0.006350370310898912
2013-04-12,-0.0020644994612838818,0.0009090007574439551,-0.011700070667232776
2013-04-15,-0.007230745110063048,-0.001036091658023509,0.007208056192685941
2013-04-16,0.009634047091093695,0.01506574943743432,0.0216490006254777
2013-04-17,0.0021694801867125878,0.0017203844452464035,-4.394483892755652e-05
2013-04-18,0.010088584380632334,0.011874902305981459,0.0165942832462036
2013-04-22,0.010595270984424822,0.011059851014131782,0.008870640974775856
2013-04-23,-0.0013844667963269185,-0.0014221689089948457,0.0004284930827240796
2013-04-25,0.010229659213514408,0.009596894939912552,0.013603094737305366
2013-04-26,-0.007776225331125274,-0.00755539696046722,-0.007580685708230228
2013-04-29,0.0070399503929632614,0.008154021307191716,0.005560790138323224
2013-04-30,0.00574116063727722,0.005994200129424913,0.004420673298985989
2013-05-02,0.01329675889761204,0.008324469437072733,0.011660635402900743
2013-05-03,0.000573301680852193,-0.0016251292734621864,-0.009226015610903193
2013-05-06,0.007771700826271911,0.006712870686626114,0.004550774678246938
2013-05-07,0.010093634695196061,0.0080653546746905,0.012141918485269576
2013-05-08,0.006245910247990838,0.0031175396125981136,0.004260740927464202
2013-05-09,-0.0012626646819791534,-0.0008888790468534421,-0.0031552078427498076
2013-05-10,0.00610019608431348,0.005106116431113523,0.007371734316693912
2013-05-13,-0.006285845567888416,-0.011859174192346951,-0.01875381347676275
2013-05-14,0.0067848609420091705,0.0033474252293476036,0.002499762817683493
2013-05-15,0.017002853844160656,0.018794807825556214,0.025244370704460284
2013-05-16,0.002269470758999249,0.005332742776490347,0.0037662020325781587
2013-05-17,-0.001012035595920461,0.005709548497706109,0.0028201271688605978
2013-05-20,-0.0015985920905483564,-0.005249691377167878,-0.004913274498306808
2013-05-21,-0.010330756190782418,-0.00810698121467795,-0.006951518680887947
2013-05-22,0.0010952455883835558,-0.005508196734522913,-0.0032057207672742116
2013-05-23,-0.009022584481213623,-0.016049626044662608,-0.020912330020920522
2013-05-24,0.0023009309054470113,0.005364857212746069,0.0027651855674202253
2013-05-27,0.013793559748864431,0.012647601556507322,0.016645653651653936
2013-05-28,0.003542052917484069,0.005234565608895467,0.004619333422216654
2013-05-29,0.0019423188686780767,-0.0031728463548345207,-0.0011372788402536083
2013-05-30,0.005490676664461998,0.001361896413282081,0.0032354243126841986
2013-05-31,-0.008117399468596166,-0.013122782776304015,-0.022550373328005135
2013-06-03,-0.0070738130678467785,-0.004298365361329862,-0.007793314194550316
2013-06-04,-0.0023415522478416827,-0.001095215444373166,-0.0033420790375549014
2013-06-05,-0.0023816774542171383,0.0002778444571753934,0.0007432957789279548
2013-06-06,-0.001864619806889156,-0.000618213480686267,-0.0004136153467944048
2013-06-07,-0.0009421665492732674,-0.006204911934614628,-0.006822694465840606
2013-06-10,-0.0037206073581854014,-0.006233310526071897,-0.0005101173269852488
2013-06-11,-0.015430246759058028,-0.017108286675410176,-0.01517526289766924
2013-06-12,-0.0034430467979869005,-0.005822325765584081,-0.004940507590509791
2013-06-13,-0.013290422042973718,-0.011243646249043117,-0.010607287174840163
2013-06-14,0.012068168199409198,0.015404110182019334,0.019178432176063964
2013-06-17,0.009706946279485484,0.004514897042003116,0.007170632711935632
2013-06-18,-0.0008043626675530307,-0.0006590201084528452,-0.006230666105106253
2013-06-19,0.000334952948261865,0.0034699575660957086,0.0014878736408507898
2013-06-20,-0.01928644404195596,-0.021781905522295652,-0.028571445344368618
2013-06-21,-0.0031634426708828703,-0.003012410325060178,0.002077476653207899
2013-06-24,-0.018754740794933937,-0.01746304786078761,-0.013656436737869537
2013-06-25,-0.002616694309750429,-0.0017189493413749387,0.0033719596898618143
2013-06-26,0.004627729694045905,0.0005721326859036669,-0.003636929630169039
2013-06-27,0.013939456420669887,0.009411070634518478,0.01675700951400083
2013-06-28,0.016362665678786407,0.024271855068507868,0.02813098364392963
2013-07-01,0.008419082122148938,0.014510809914867162,0.009696672563395348
2013-07-02,-0.002262898173465415,-0.004300164616183217,-0.007001414222266744
2013-07-03,-0.006704680150911109,-0.016464040500923257,-0.01479285797525931
2013-07-04,0.010063633099989724,0.007297345934362992,0.011445406104154454
2013-07-05,0.002766286005113376,0.004163818462889403,0.005302376411589815
2013-07-08,-0.00031029931156857345,-0.005669490396381112,-0.009603111606205639
2013-07-09,0.00792947921247511,0.008723975376708938,0.008164809200159828
2013-07-10,0.004461562519494132,-0.0037443416086778477,-0.007219628722904936
2013-07-11,0.011920298957114774,0.014222224318813316,0.02035516673855131
2013-07-12,0.002461067084851221,0.005480358816831376,0.012451332096813816
2013-07-15,0.011813118374254094,0.008638142958914439,0.0036278589927609683
2013-07-16,-0.011579332641562724,-0.008875417496908058,-0.012527327574159974
2013-07-17,0.0073687987419622835,0.0019164507413999728,0.003030906290667934
2013-07-18,0.008741505085073752,0.009578605553387878,0.010839904594975858
2013-07-19,-0.004903807641471762,-0.0040314474394440155,-0.0014656403410467922
2013-07-22,0.004567517862014001,-0.00072938980571571,0.00043116985516933326
2013-07-23,0.004948903457675384,0.004836778271196217,0.007626247801568509
2013-07-24,-0.01664242625982118,-0.013630312755823902,-0.014363718367322642
2013-07-25,-0.011891707300074734,-0.00970163525104819,-0.013855270845505419
2013-07-26,-0.0054591992087407205,-0.0071988367982176085,-0.003605553057553945
2013-07-29,-0.008751351067321847,-0.009166652691270332,-0.009267488559460024
2013-07-30,-0.01714263286013896,-0.019433518322997764,-0.013135235986211136
2013-07-31,-0.009044220840859403,-0.0004326101660064762,-0.0022675398355147536
2013-08-01,0.0005302105106540933,-0.008850409970872804,-0.0024642811465952486
2013-08-02,-6.788156020555092e-05,-0.01073607118536027,-0.008720583545463012
2013-08-05,0.0013508458819411172,0.005461940404112358,0.0013209109228755622
2013-08-06,-0.026600096380246227,-0.0264355268380772,-0.025178510712102753
2013-08-07,-0.009765490970417725,0.0038960058452836505,-0.00417698630407326
2013-08-08,0.00926510999164419,0.012294418510737166,0.008434310641922904
2013-08-12,0.01962157583956751,0.014354721644593463,0.008399737824025477
2013-08-13,0.02222662881504907,0.014413934760237211,0.01548355495969922
2013-08-14,0.004984015976494719,0.007404554320593184,0.007544786460370823
2013-08-16,-0.03577583719792482,-0.034098625127960976,-0.04082853821736476
2013-08-19,-0.026035065165492425,-0.018784322843753865,-0.016903164756765454
2013-08-20,-0.013037045679509831,-0.0018118672628680754,-0.002456217680871675
2013-08-21,-0.008113894316205125,-0.013215224035953535,-0.018309969924526603
2013-08-22,0.005482870873436309,0.014624184264466076,0.01997159753810962
2013-08-23,0.015046802980739791,0.008211389223189982,0.011703871238818442
2013-08-26,0.001119252940411116,0.002495586486599472,0.0008680952163384603
2013-08-27,-0.027641079260584744,-0.024758820583401772,-0.03452018710627225
2013-08-28,-0.016054862825798905,-0.009426174625822412,-0.00046339827742913897
2013-08-29,0.018453163068114613,0.018702973713146963,0.023472053867076736
2013-08-30,0.004003586654166202,0.004124078277496784,0.011600928493137763
2013-09-02,0.013366345201626821,0.011296174804116972,0.014428560643769517
2013-09-03,-0.024695854781756735,-0.026088186544381647,-0.03770658103634639
2013-09-04,0.01287691848517942,0.014235615044947142,0.01996646948750791
2013-09-05,0.0273407109216649,0.01987796509344344,0.026587268049381718
2013-09-06,0.0052703884846873736,0.00995903059520682,0.015635702800382845
2013-09-10,0.029835058980591973,0.025991880217301994,0.03808712438836981
2013-09-11,0.009783809965762693,0.01295264102594814,0.0027811764690295337
2013-09-12,-0.005394968044846997,-0.008571385094675801,-0.01056115743091468
2013-09-13,-0.002236032611262084,0.005576173446599701,-1.7108662708431588e-05
2013-09-16,0.0037033838540006868,0.0004810938493362951,-0.0017178225824691085
2013-09-17,0.0008914168382637779,0.000909351255108728,0.0016523085921216207
2013-09-18,0.012086640168013698,0.008789609704650389,0.008418515325246734
2013-09-19,0.025960093445483955,0.03065713808318606,0.03663046592828345
2013-09-20,-0.007343990492899653,-0.009879156532515103,-0.01691584736207319
2013-09-23,-0.012866227186051883,-0.014232706367894985,-0.020350642149811637
2013-09-24,0.003890174651143885,0.001344227099890349,0.00045845669383259846
2013-09-25,-0.002355516582157779,-9.82698554364086e-05,-0.0031565981959502665
2013-09-26,-0.0026631509710460656,-0.0006547370671209395,0.0014300505127124996
2013-09-27,0.0004687058070737039,-0.0006634866440844708,-0.008338612722597616
2013-09-30,-0.0031955034951789262,-0.005766206675808217,-0.016783307163651173
2013-10-01,-0.0007529097002430824,0.004911235694736498,0.007802556365654301
2013-10-03,0.010072014209995046,0.018361878568769516,0.022430670150948462
2013-10-04,0.006664158510279742,0.004465108313614489,-0.00040617807091192226
2013-10-07,0.006442926177034922,0.005932873339139414,-0.00019465786091266146
2013-10-08,0.0013764882547007181,0.0005750124199170242,0.003767259613774776
2013-10-09,0.009728012631776285,0.010314304604243067,0.013334170142182522
2013-10-10,0.0024359321499080083,0.0021724665288673627,0.0022472096415437903
2013-10-11,0.0029941107977467436,0.004822204287231693,0.012498027314456817
2013-10-14,0.002465680310844509,-0.00017471481155754482,0.002706604027322923
2013-10-15,-0.0014698340069151234,-0.005428635538532585,-0.0038690578417597266
2013-10-17,-0.005801993004440453,-0.0021131777379340536,-0.007094654899684638
2013-10-18,0.009893643405599058,0.0167999098914266,0.02373528911271383
2013-10-21,0.0016108731623367455,0.007880892799777927,0.002520474267913464
2013-10-22,0.007574287115954999,0.0053224789488463655,-0.0003465604972340275
2013-10-23,-0.0010277333809973381,-0.0006481111666405025,-0.003941721126123232
2013-10-24,-0.0005788205775003432,-9.85097777945487e-05,-0.0022659771263707773
2013-10-25,-0.004330814708192925,-0.005886129341897737,-0.0031552710349620483
2013-10-28,-0.007067573759368729,-0.0069797860620627785,-0.007127830458360185
2013-10-29,0.014104440966762825,0.018390544729437488,0.019635771052751938
2013-10-30,0.007367647198029675,0.004699712727213966,0.004951099270564585
2013-10-31,0.006427119310119363,0.01083557001571934,0.0075898884381608855
2013-11-01,0.0004146631868773984,0.0047773747493806895,0.0012779967286942195
2013-11-05,0.0017275751961855373,0.004799472674159666,-0.008569617468131119
2013-11-06,0.0025079214992810035,-0.002480946662715043,-0.00607693731854364
2013-11-07,-0.0015763959381889163,-0.006769683991222595,-0.004489015193861801
2013-11-08,0.0014499256362999087,-0.0021894187131312076,-0.007515455169905816
2013-11-11,0.0006505952596099873,-0.007531049557676949,-0.010088376063591586
2013-11-12,-0.005200067579191161,-0.006101106113787162,-0.009993749087304105
2013-11-13,-0.004163164200715205,-0.0053130773904884,-0.004727396408233497
2013-11-14,0.0019407516043403296,0.011045890347065728,0.011110892814620632
2013-11-18,0.010604983990496548,0.01313280628533564,0.02193639520132029
2013-11-19,-0.003273456374415192,0.00235918473432406,0.0023186456061157212
2013-11-20,-0.0040706541904796355,-0.005835413083783281,-0.01296883039744856
2013-11-21,-0.011366139836950765,-0.01682435627263145,-0.020227359524339406
2013-11-22,-0.0027736850129246836,0.002437895842071969,-0.0006000299201028847
2013-11-25,0.009254983437144908,0.01780365863918086,0.019998481921756683
2013-11-26,0.004535390784448204,-0.0032478364412988747,-0.009198165125747781
2013-11-27,0.0016734178678196826,0.0011617286223535228,-0.00033008202006323817
2013-11-28,0.007239239928255645,0.00947473122769803,0.00573706880185898
2013-11-29,0.005779634602991431,0.009737416183853907,0.01382995291240241
2013-12-02,0.011354133788831423,0.010445609429098304,0.006759929298400413
2013-12-03,-0.0020889979226393833,-0.0006566442870227702,-0.0025732366893230774
2013-12-04,-0.008173803902562997,-0.006364022874268579,-0.006594790538263173
2013-12-05,-0.003558048929235351,0.008771733627018032,0.013009341059879276
2013-12-06,0.0022561151681766943,0.006143887988987844,0.0030122581585512176
2013-12-09,0.0026120228422150263,0.010280091472250544,0.01661368418384157
2013-12-10,0.005802510403850633,-0.00322092381195391,-0.004879052965001018
2013-12-11,0.00310571944707729,-0.003567586169557493,-0.003939805131615848
2013-12-12,-0.0031382684965532465,-0.006458749644959242,-0.011231962896228742
2013-12-13,-0.006967715953023443,-0.012736436333025406,-0.011006790789477972
2013-12-16,0.004181247297536005,0.0010531545829304556,-0.0022209498813532402
2013-12-17,0.00651693031754654,0.0030730265182340234,-0.0025428355774208544
2013-12-18,0.013458135845495522,0.017304647376210694,0.012721854381539055
2013-12-19,0.007372859211748565,-0.003223688260480662,-0.00812269300133206
2013-12-20,0.008448382637621822,0.013999190885845454,0.017448711919798576
2013-12-23,-0.0030746135795146224,0.0063034905798782645,0.001633661393792174
2013-12-24,0.0006609702234328071,-7.709787898239304e-06,-0.0025618740800780193
2013-12-26,0.001228317494745579,0.003563038220518852,0.001675068624143572
2013-12-27,0.008062138805117646,0.006253140142084076,0.0055582829614344575
2013-12-30,-0.003420610396398874,-0.0024777977970666804,-0.0035952528957914343
2013-12-31,-0.0009090292534849609,0.0013397602127157955,0.00205050025329534
2014-01-01,0.0005128718480532469,0.002299476790514996,0.0
2014-01-02,-0.006370803838932067,-0.01433850929068696,-0.013142464729735126
2014-01-03,0.006479428345214972,-0.0010897636122655524,-0.001607419875260141
2014-01-06,0.006425027784929607,0.0010314858809020186,-0.0031716682644893357
2014-01-07,-0.002636373386235664,-0.005456986661439055,-0.00471621258208732
2014-01-08,0.004287513679098661,0.0021262717757745057,0.0020041539464075164
2014-01-09,-0.0011250683523423804,-0.002508625906616897,-0.0010122113013233403
2014-01-10,-0.0014924942466031888,-0.00599842620029395,0.0005025813397698808
2014-01-13,0.0024297673520038278,0.004336714839552207,0.01641426269054902
2014-01-14,-0.0013304511531205439,-0.0029487893132455136,-0.004926053540113995
2014-01-15,0.0025982093865936275,0.008202746450900208,0.012664483037998941
2014-01-16,0.004293835217792866,0.0013990526121208451,-0.0003164106426141178
2014-01-17,-0.009478957477196187,-0.0070844358436523945,-0.00906012136365153
2014-01-20,0.011407530954203613,0.006154765679392738,0.006755454812783057
2014-01-21,-0.002604869035165439,0.0002711803417453594,0.0015624503794975375
2014-01-22,0.002650459885985531,0.003571088861029956,0.003983400076500443
2014-01-23,-0.003854101376655328,-0.000591960296770898,0.0010569111327305425
2014-01-24,-0.015065926765316389,-0.015378480539265528,-0.012433699236166218
2014-01-27,-0.015728286426298872,-0.022489762118261643,-0.020888004522878645
2014-01-28,-0.0013653299923022813,0.00039436372036869336,-0.0015645912959830754
2014-01-29,0.009070671104012596,0.004019854128415006,-0.0009793919608243051
2014-01-30,-0.008170253736554176,-0.01061450887124872,-0.00760586653935702
2014-01-31,0.01761917744886776,0.013771641417317236,0.0026013474783779245
2014-02-03,-0.005003083533731899,-0.008776166931026914,-0.014401871305115388
2014-02-04,-0.005979936962574074,0.000993067439141023,-0.0001499387472150282
2014-02-05,0.00811544119125072,0.007337866887751482,0.003582795972251196
2014-02-06,0.0019907528105471894,0.0015640821521433024,0.0023080337687870767
2014-02-07,0.0022151885824012473,0.00563023898343656,0.00445643713788213
2014-02-10,0.000594828862292877,-0.00024162321174610812,-0.0016080616977710571
2014-02-11,0.004369762748420496,0.0010299371605848545,0.0015280542007536368
2014-02-12,0.003969283550492576,0.0035791949704208352,0.0035132538310187478
2014-02-13,-0.01070327845951968,-0.014880894581509128,-0.013625887959196281
2014-02-14,0.007910735340319056,0.003357798693290473,0.007873556386512215
2014-02-17,0.005510267321552567,0.003908509994313634,0.0
2014-02-18,0.0049959408723630645,0.008196722652254249,0.013020079646268501
2014-02-19,0.008839491282447914,0.004290107908573272,0.004186303787261814
2014-02-20,-0.0033652298424564,-0.004275653075343501,-0.009962992919832603
2014-02-21,0.01119945753264109,0.010987025698307928,0.01050652930713425
2014-02-24,0.0006682865152071873,0.0032128590917507287,0.00497931123983264
2014-02-25,0.00266671116102886,0.0022080033830603595,0.0022550082945691496
2014-02-26,0.0023169098467469024,0.00266639940830469,0.006249949794065124
2014-02-28,0.011948003564633356,0.006769802620376741,0.006115020808383109
2014-03-03,-0.0027664088564579572,-0.003377093607263383,-0.008841873564879643
2014-03-04,0.006501993127069324,0.013294903145493859,0.01229616851351456
2014-03-05,0.005198034506403604,0.007786510282333801,0.004874555383765911
2014-03-06,0.0038503178463102842,0.014578337244496083,0.011455839889823904
2014-03-07,-0.004797250911923812,0.011970327890608604,0.019605852372563293
2014-03-10,-0.0018459036962570783,0.0033648420776440846,0.001624125365211171
2014-03-11,-0.006240492117546525,-0.0048335733055821,-0.003877792291292259
2014-03-12,0.006496307480708757,0.0007927628224512125,0.000767825070253414
2014-03-13,-0.007182441224674867,-0.0018534314231604646,-0.0036520132339212807
2014-03-14,0.0010798036815331201,0.002287774851112631,0.0017095220294318647
2014-03-18,0.009383015877147977,0.008630508059808318,0.0019141026809448292
2014-03-19,-0.0006144021838010733,0.0012244665776857708,0.0011355378077144707
2014-03-20,0.0018035298136744014,-0.006310631820265642,-0.00627673121100758
2014-03-21,0.009309304966285936,0.007558502275376535,0.0015579117249633345
2014-03-24,0.004423902573322364,0.010541300745984628,0.013906825905766418
2014-03-25,0.002202466060627854,0.004191388969349154,0.0009493430546061443
2014-03-26,-0.0005429817516306927,0.00419170967501616,0.0017678822935240923
2014-03-27,0.0023916298750381016,0.008248867078413826,0.0061123546903929515
2014-03-28,0.005559916235014402,0.01714415311704164,0.00815295702845642
2014-03-31,0.00823502505587892,0.008293832673802461,0.001239608281157878
2014-04-01,-0.0024726694813156664,-0.0036862642684569948,0.0025132915014651758
2014-04-02,0.006558630152942523,0.005387633322324141,0.004686767828744776
2014-04-03,-0.002540565469016783,-0.002861695697052019,-0.0024360734103480164
2014-04-04,-0.004706694563899508,-0.0021278865803714825,-0.0061979482778954376
2014-04-07,-0.0037654520225257537,-0.0020583909812667625,0.00010452202544564138
2014-04-09,0.006111584763033225,0.012073089386291331,0.015108235722784302
2014-04-10,0.0033979824551629728,0.007060120431271602,2.9385101308232464e-05
2014-04-11,-0.0005162466098298507,-0.003257443818349628,-0.002957462472053529
2014-04-15,0.0016469578795752027,-0.00764850530507462,-0.006375117435236111
2014-04-16,-0.007472709440986966,-0.006136497735129507,-0.008584499284196023
2014-04-17,0.011369728991023792,0.013769488581213357,0.0155948198136584
2014-04-21,0.0067170462441430686,0.007472654248106217,0.005642092301823887
2014-04-22,-0.0014995288226548609,0.00013448502377208776,-0.0003373310041498989
2014-04-23,2.2543591322624313e-05,0.0013038511417655923,0.0037341745716044095
2014-04-24,0.0,0.0,0.0
2014-04-25,-0.00447162174341027,-0.0060697078914933675,-0.008485821299392904
2014-04-28,0.0031587918690481514,-0.0007491464510344522,-0.003169805757251898
2014-04-29,-0.002652314718953871,-0.007284420323413908,-0.006803475688667016
2014-04-30,-0.0006007147924008803,-0.004957878097663004,-0.0028070582117195597
2014-05-02,0.0052560416194200295,0.001198826275195799,-0.00023894893966680542
2014-05-05,-0.004497421304798295,0.0030939783226080703,0.0006796757336289261
2014-05-06,0.0020931238777829103,0.00043506219608909836,0.0023807842251488687
2014-05-07,-0.006893109085191835,-0.004000388991258692,-0.009344333361884782
2014-05-08,0.0041506000315896675,0.0015094976014817033,0.0010973676534682397
2014-05-09,0.014015290341613437,0.022155926439236164,0.029873000760372248
2014-05-12,0.013232506327834055,0.016332936510122468,0.022664343578924884
2014-05-13,0.015391588695698148,0.015908113953987304,0.013472573689275347
2014-05-14,-0.0006363430909553823,0.006797569692193567,0.0
2014-05-15,-0.007054262365533562,-0.00254497026740557,0.0020256588491296412
2014-05-16,-0.006498892408176399,0.01383167638355311,0.011209942055266486
2014-05-19,0.006140584346455721,0.023012549712746966,0.008406192515271416
2014-05-20,0.010143106278823404,0.005610068234990831,0.0016452279716989704
2014-05-21,0.006210014280029242,0.002248941238587607,-0.0031063291397498416
2014-05-22,0.006757055391200383,0.010830783687052165,0.0032400833206598367
2014-05-23,0.009861833948891598,0.014557564000905632,0.012464982206830788
2014-05-26,-0.0065118977672578345,-0.007853018800068421,-0.0010927356574551572
2014-05-27,0.0013150344280804711,-0.005102162585464693,-0.005578139267565785
2014-05-28,0.009361699859216583,0.0020017428288483887,0.0015919516731006667
2014-05-29,-0.0056041866165011224,-0.007192422591329787,-0.012824623447559524
2014-05-30,0.010641445050859092,0.006259093355506855,-0.0007877256512097697
2014-06-02,0.009476987571484038,0.01814112726368299,0.01833343261111775
2014-06-03,0.011277783093266847,0.010886122744745867,0.007246193230050935
2014-06-04,0.00019081242823559851,0.004291534940804556,-0.0018339229457386974
2014-06-05,0.013942000364292582,0.015568258164932418,0.009706521349083008
2014-06-06,0.01064901549010958,0.0160405514929935,0.014623807984826875
2014-06-09,0.006647247520981716,0.009746984986542712,0.009388954325156185
2014-06-10,0.004346786510802974,-0.0012500194478281916,0.0002351271999239124
2014-06-11,0.005170924918698731,-0.003471172859852891,-0.0038594907612459206
2014-06-12,0.007738063914618564,0.00413648010047262,0.0030221919130917207
2014-06-13,-0.010125990304192983,-0.018218516592975808,-0.014091662121549109
2014-06-16,-0.00034998874732308923,0.00027554830979725276,-0.0011336753501066665
2014-06-17,0.007934288712738907,0.01163007463900772,0.013028438540876097
2014-06-18,0.0009724744162288259,-0.004067952778183572,-0.009630881470572561
2014-06-19,0.0010098760244391747,-0.001388324076811206,-0.0023153660326241665
2014-06-20,-0.004357145735486828,-0.006047484627917202,-0.003878950129615588
2014-06-23,0.003432337939688904,0.003721055907231283,-0.002409667532315529
2014-06-24,0.007804343121276562,0.010537275688371662,0.011590289593357506
2014-06-25,0.006437202547656621,0.004418758219009544,-0.001444578643090666
2014-06-26,0.0034614873753551984,-0.004814555017658133,-0.010047204767645423
2014-06-27,0.020284632545382736,0.007622045058669266,0.0020818353932086087
2014-06-30,0.011039591727667029,0.015237499706314514,0.013657348129687996
2014-07-01,0.006392606266367392,0.005698937952223863,0.003067799714460584
2014-07-02,0.014918188087852129,0.012451093242400867,0.011847185183091247
2014-07-03,0.0020627875861608308,0.0005130174200463324,-0.0013397924683778983
2014-07-04,-0.0016800247404506398,0.0022587408140753735,0.0047700904625405105
2014-07-07,0.002403403600848704,0.0036733767532623317,0.004586124701950078
2014-07-08,-0.036575473486115145,-0.02691491771804731,-0.021053878387766067
2014-07-09,-0.0014492787534428435,-0.007171606052437309,-0.005011044487063243
2014-07-10,0.0035780893443579124,0.0004288224620520154,-0.0022742254449571453
2014-07-11,-0.02472616572967059,-0.017414672638718497,-0.014290892582835002
2014-07-14,0.002258757526494659,0.0008604296970090954,-0.000730628350199658
2014-07-15,0.02085978526643624,0.013950434637352162,0.009726125842626887
2014-07-16,0.01607260256613593,0.012204848855898393,0.012987185702574067
2014-07-17,0.01233526178911601,0.009657272482737457,0.002105122130833692
2014-07-18,-0.00212175061398278,-0.0018088333932242682,0.0030691525279016307
2014-07-21,-0.0007284322428704432,0.00016558072205640785,0.002648820212610259
2014-07-22,0.004311591723304693,0.006535631910275771,0.010885960831002128
2014-07-23,0.0029278417773836913,0.0012641140952153347,0.0035917148236637164
2014-07-24,-0.0007438773098854616,0.0009666666296211331,0.004470397031234974
2014-07-25,-0.013231579124215284,-0.00734574635255687,-0.005127308487604565
2014-07-28,0.0006879353236959502,-0.003774743765160657,-0.005359125461725012
2014-07-30,0.0014420397209139895,0.0068964885261850834,0.005510563830702919
2014-07-31,-0.002028384880825541,-0.002820719367324449,-0.00899711201258746
2014-08-01,-0.00927726776765445,-0.009512542751176183,-0.015373021386786312
2014-08-04,0.016656254910759793,0.010193857966351338,0.01066080073217135
2014-08-05,0.00658465167415864,0.008368640983106251,0.008186200977814417
2014-08-06,-0.0007426832953307635,-0.0034265483501588444,-0.009617184666510403
2014-08-07,0.0005364180008230541,-0.0005466665307609954,-0.0029718009225604414
2014-08-08,-0.017570654221483566,-0.013170654604470648,-0.010550079460404649
2014-08-11,0.012900165128018861,0.006769727244249945,0.007584067239598591
2014-08-12,0.012291361744493181,0.009466796270263015,0.013257313093540057
2014-08-13,-0.0014910994322786906,-0.002591000432634542,0.0016176937273546521
2014-08-14,0.007543647716097621,0.009664581666671935,0.006738168490551644
2014-08-18,0.014282951364583988,0.013904452351130659,0.010594581749585608
2014-08-19,0.011293644202507188,0.011613472318256506,0.0029526621583007007
2014-08-20,0.001256409239117084,0.0020469400346895595,-0.002811040875276949
2014-08-21,0.005204897746552412,0.0050880712213884115,0.0020063100276317414
2014-08-22,0.003335090375239935,0.002575521613280079,0.002800635828053233
2014-08-25,-0.00885273461127762,-0.004637139111792209,-0.0008720101166007632
2014-08-26,0.0019450300118998036,0.003371381769061255,-0.0001960214924535686
2014-08-27,0.0012376555482555228,0.006259554662194896,0.003959619809291937
2014-08-28,-0.0016611308371842401,-0.002190009186413438,0.002305970025281434
2014-09-01,0.026132896611140058,0.017288379701723235,0.009221381603238932
2014-09-02,0.0042470151428614725,0.005913500787021034,0.006894827662761838
2014-09-03,0.008578570103409537,0.005515047503191054,0.003903265936881173
2014-09-04,0.00199832870310133,-0.0005758191261450072,-0.0022983144109759435
2014-09-05,0.008866656432432509,0.005188895850775819,-0.0011240308347646444
2014-09-08,0.018810483453294228,0.015883795054173238,0.010764364818970584
2014-09-09,0.004550742437022859,0.003424869089605367,-0.002563000193486986
2014-09-10,-0.0019617894384815395,-0.003435336618736101,-0.007218257961404628
2014-09-11,0.009417071870582513,0.005552480068491672,-0.001037780882668149
2014-09-12,7.06158582238583e-05,0.002346696858114708,0.0024487433628788136
2014-09-15,-0.004295829753671211,-0.0039042274959181084,-0.007834186663376763
2014-09-16,-0.02875221642380111,-0.02230148162606256,-0.013566289188790104
2014-09-17,0.00622660387085483,0.0039528910533960515,0.005370053597129498
2014-09-18,0.02138336214283622,0.017860765252638657,0.01745972039370569
2014-09-19,0.0004504651001619485,-0.00011053916926410056,0.000825681051480398
2014-09-22,-0.0005410043849487253,-0.0006211334126178837,0.0030597502634865936
2014-09-23,-0.017552189939378404,-0.016166110789939115,-0.015804721540682243
2014-09-24,-0.009047835036434722,-0.004467463921089618,-0.0018895925454548435
2014-09-25,-0.013438528643710736,-0.013434365272784729,-0.011315331124726713
2014-09-26,0.013036280830348577,0.012536193475738835,0.007204383209546084
2014-09-29,0.001417684568576912,0.0025108911459033123,-0.0012486362763213243
2014-09-30,0.004283793077532994,0.003200978807456652,0.0007412962113033661
2014-10-01,-0.006124595672832545,-0.0027181163175810244,-0.002416884350146642
2014-10-07,-0.013916574801458382,-0.01300343445019064,-0.011723531364537632
2014-10-08,0.004494117405353573,0.0010995194824372936,-0.0012352538270948843
2014-10-09,0.010307501618868434,0.012402344127584163,0.01502666255755103
2014-10-10,-0.017749955568726203,-0.013812041944987252,-0.012637269013223484
2014-10-13,0.003838531362362489,0.000970917251107565,0.0030915977943464235
2014-10-14,-0.0035122923701803254,-0.004853913223558432,-0.002568411706883933
2014-10-15,0.0,0.0,0.0
2014-10-16,-0.021852897898449273,-0.02068474148759133,-0.014725305784270115
2014-10-17,0.0026189614625329056,0.0031845278068514866,0.0040654602625080916
2014-10-20,0.02097530282490344,0.014882581844635156,0.012815366213124957
2014-10-21,0.012097254483639828,0.010417385431808207,0.006136266499415566
2014-10-22,0.01236450995685576,0.010978785622589823,0.008596373793793965
2014-10-27,0.007947376222930723,0.0026777933874841844,-0.0005252325670084268
2014-10-28,0.0029445754918735138,0.0026476594105211146,0.00449214828714517
2014-10-29,0.016550660597747773,0.01169256578214826,0.007829251194837239
2014-10-30,0.009442106202975576,0.007766790259687751,0.009733698137790459
2014-10-31,0.014370440295271627,0.014007444128577944,0.018728883653480688
2014-11-03,0.007517088926686618,0.0024082141712635165,0.0002343365055792468
2014-11-05,0.004117989484376864,-0.0013612164590537266,0.0016998027904968627
2014-11-07,0.006344522779586121,0.0039598453857083585,-0.00015588365949248395
2014-11-10,-4.084804158747127e-05,0.0013200593255172201,0.000869617368358
2014-11-11,0.010278625727680226,0.005974608145569349,0.002205158117865702
2014-11-12,0.0028582926271775535,0.001785507367683303,0.0024692427756694
2014-11-13,-0.011357096195370349,-0.005654970329877623,-0.0030358207275695825
2014-11-14,0.010405026045554988,0.008344003892275584,0.0038348119131084157
2014-11-17,0.005353473614267926,0.005631777512988226,0.0048689027846677835
2014-11-18,0.001051752495103427,0.00048357348492434146,-0.0005752287014797464
2014-11-19,-0.002988555031611259,-0.00452387103219275,-0.005174590716264804
2014-11-20,-0.0028420801853894025,0.0013466745959470924,0.00233833033823716
2014-11-21,0.0036557236038818877,0.0029081229184092657,0.008980018238991194
2014-11-24,0.002626791279897378,0.0046183942693857095,0.006228453901630848
2014-11-25,-0.012897356150897113,-0.009725528831367859,-0.00786044538249775
2014-11-26,0.0023018355000136263,0.003180856786395004,0.0014947703806991175
2014-11-27,0.0032255143458771564,0.0028229019067855044,0.0021768215570894256
2014-11-28,0.013884211494661226,0.012420642872442735,0.0110722378240391
2014-12-01,0.0035154589868284414,0.0028228438437097373,-0.0037667288883066474
2014-12-02,0.005450304256823735,0.0020478085779139315,-0.003646629096650922
2014-12-03,0.021440855951774106,0.012537501167449094,0.0015191379187295961
2014-12-04,0.010852783251031776,0.005832917584364339,0.0031331805328282947
2014-12-05,0.0010741956347270596,-0.001636390725328774,-0.003047567225613501
2014-12-08,-0.01150561376181981,-0.009895082929927248,-0.0117177666486451
2014-12-09,-0.013499788585407065,-0.01293106904886331,-0.011560430739489869
2014-12-10,0.00039103090745564264,0.0027783372193672853,0.0017924388795202972
2014-12-11,-0.007153250360304933,-0.00693004914470591,-0.007509888167461565
2014-12-12,-0.007942692991741895,-0.007522838483374453,-0.008296347237907065
2014-12-15,-0.004844075290081443,-0.005196394402198299,-0.0005471723609561385
2014-12-16,-0.01977863776541734,-0.02196513156003279,-0.018492325531937692
2014-12-17,-0.006513450287640087,-0.007246846831879503,-0.004685444557388396
2014-12-18,0.027128157975885307,0.023898635838347188,0.01612742573288095
2014-12-19,0.00641058640129997,0.005131241458844289,0.008076721312181734
2014-12-22,0.003396051424796512,0.010603733984114239,0.012011841942012103
2014-12-23,-0.005064432882387785,-0.0036011298871650613,-0.006847669389716482
2014-12-24,-0.0038717787297187414,-0.007899475189716093,-0.01123743829003876
2014-12-26,0.007061232043861793,0.005218012986623419,0.0032541927965719086
2014-12-29,0.011285196505749604,0.009459142524643247,0.005560453167287482
2014-12-30,0.006494224248261881,0.0033283738544224156,0.00023649337990261365
2014-12-31,0.006567193213588239,0.00629460865304242,0.004176667209711216
2015-01-01,0.005900464376162707,0.0030321574069757636,0.0
2015-01-02,0.007584461073485391,0.008703136687861601,0.013612710510011006
2015-01-05,0.0006017010375900299,-0.0015028149244345804,-0.0020308386436523884
2015-01-06,-0.023021360133056282,-0.02473298762729339,-0.029963988501869876
2015-01-07,0.0076855243695278025,0.0016984828477483189,-0.0031067936900222026
2015-01-08,0.019732766796331555,0.018700385164771214,0.016353724358093125
2015-01-09,0.0007813391793040523,0.0016806932747025177,0.006059844193054609
2015-01-12,0.00020389883419238066,0.0012643879295229873,0.004647232784114941
2015-01-13,0.003961235089971839,0.003399575453070151,-0.002835469106692301
2015-01-14,0.0005570664348171618,-0.00013189871366558824,-0.0026327909136885097
2015-01-15,0.011547316503099942,0.01471143519678896,0.026167234392820093
2015-01-16,0.003293670676549206,0.004101276275961012,0.0023132877520259942
2015-01-19,-0.0028573420378902566,0.00279484667919418,0.004334185847861161
2015-01-20,0.003904825945198472,0.005676823114865335,0.016945912118627948
2015-01-21,0.002859638253942346,0.0029076272730465197,0.0038985684884169647
2015-01-22,0.005155105495689958,0.00425454031630043,0.0036543204794088346
2015-01-23,0.011268297910495184,0.009727158487154627,0.008468876599840858
2015-01-27,0.015815729647468777,0.008000647047496858,0.00847711461998868
2015-01-28,0.011714815333975535,0.006676588741069219,0.0004264412420740271
2015-01-29,0.0008988797853634667,0.001148951782126729,0.0042684008302582566
2015-01-30,-0.00659883372491386,-0.008470121560361291,-0.01602363904552817
2015-02-02,0.0024840082510015167,0.00033788741245373364,-0.0013054977908750764
2015-02-03,-0.00923019802252097,-0.005368063524127514,-0.004643483770618517
2015-02-04,-0.00535896825692608,-0.00033992085046817794,-0.003751432939651078
2015-02-05,-0.006458136261204064,-0.007217045088013279,-0.0013755630903555804
2015-02-06,-0.013189080430246294,-0.009850398815572434,-0.005814064934449137
2015-02-09,-0.014724031839625805,-0.014521288279469604,-0.01555240973670402
2015-02-10,0.015319470686908462,0.00975382230586506,0.0045975355349490155
2015-02-11,0.017193802506173052,0.01426865544545466,0.007220854159723844
2015-02-12,0.010878480980082044,0.009825393856366655,0.009753739278629103
2015-02-13,0.0113584345731528,0.01094218176754242,0.0107845558389561
2015-02-16,-0.0058681756783528155,-0.0023546231532477766,0.00043718237181300523
2015-02-18,0.013940867946393785,0.007764395833739404,0.006782566551384539
2015-02-19,0.0041400243863377265,0.005245046068780547,0.0029540986646272582
2015-02-20,-0.0019113515897498587,-0.0031660219403529346,-0.006936269340802492
2015-02-23,-0.012368414321142338,-0.009169502364642102,-0.008903438863023694
2015-02-24,-0.0007039489143639137,-0.001470043684202658,0.0008166139044774035
2015-02-25,-0.004350198528087839,-0.002297492152147878,0.0005878032497472763
2015-02-26,-0.011375408305613616,-0.00965004124804104,-0.00951271956713906
2015-02-27,0.020184799069432196,0.02049015760698764,0.018511375395821705
2015-03-02,0.023461187711266415,0.016372472989407538,0.01268009809128312
2015-03-03,0.009414588143502718,0.008930575444706627,0.004410081781896391
2015-03-04,-0.013093058158529644,-0.00930383694556479,-0.008181143184660233
2015-03-05,0.009055302506541123,0.005098223953714123,0.0016922784950608172
2015-03-09,-0.013345862926125909,-0.015760858669200222,-0.02025118178512486
2015-03-10,-0.005123754412355156,-0.00378113847454559,-0.005104655872612551
2015-03-11,-0.00540996955370294,-0.003082605434805611,-0.0013888361116221049
2015-03-12,0.014380763566715426,0.011721314326378412,0.008741406902360804
2015-03-13,-0.010710273180928615,-0.012135683699445917,-0.014613719234275346
2015-03-16,-0.0022775425033680833,-0.003173907244463432,-0.0016882552542568652
2015-03-17,0.011115654651077318,0.010455961225136177,0.010442238346779709
2015-03-18,0.004898074706376639,-0.001181951036482812,-0.004287301239194297
2015-03-19,-0.0028423948320226732,-0.0030499329322723544,-0.00590036699653107
2015-03-20,-0.010099153199255315,-0.012660078912317612,-0.0073830435647072035
2015-03-23,-0.007776200330101304,-0.005106240430239723,-0.002333477124745964
2015-03-24,-0.003443210002683131,-0.001025985139226119,-0.000929749494125387
2015-03-25,0.0004511151821556809,-0.0008744562220563141,-0.0014222710360253243
2015-03-26,-0.009233947233374987,-0.012149251055212255,-0.022113918786236364
2015-03-27,-0.0011222020843441448,-0.0016464133358549294,-8.990487642646094e-05
2015-03-30,0.017963112287743815,0.014300407846303018,0.018090417315550278
2015-03-31,0.006879516509616107,0.0040338454765515945,-0.0001530568535489385
2015-04-01,0.01165170964593147,0.009958188954973076,0.011217759981156483
2015-04-06,0.007528345338641473,0.01084328428473828,0.00857771327704171
2015-04-07,0.004443600404244515,0.006127632101442032,4.612224673294918e-05
2015-04-08,0.009339689490086558,0.007393384719421063,0.006246964557533818
2015-04-09,0.005128796035432963,0.002755750418150239,0.007332623152276119
2015-04-10,0.0010427051515698041,0.0016660740534489907,0.0002335081659441407
2015-04-13,-0.0016980490880368908,0.004068376798093319,0.006110279546012176
2015-04-15,-0.004034489393702818,-0.0069095527071562,0.0
2015-04-16,-0.0038890571010575885,-0.005891558440385963,-0.014410211080767454
2015-04-17,-0.016444527726465975,-0.011649873661541002,-0.01156582781691673
2015-04-20,-0.018295637951631014,-0.01659312866289439,-0.01834770981001632
2015-04-21,-0.008448698910800934,-0.009655582908771894,-0.008327270348106652
2015-04-22,-0.004174692168059882,0.0012884196971577695,0.006200972255378856
2015-04-23,0.0029790186033187664,-2.067309582074134e-06,-0.0037249712205020824
2015-04-24,-0.017877360753752243,-0.015278065030621561,-0.011079600258562361
2015-04-27,-0.019816513768898227,-0.016736263737512996,-0.011011130948797465
2015-04-28,0.017328734199840327,0.010915607757687648,0.008741362876475867
2015-04-29,0.011901697612661813,0.002528431845981189,-0.005533650132347967
2015-04-30,0.008672877354776579,-0.001822082691326976,-0.007069389241178392
2015-05-04,0.018074923781761596,0.020570277450008095,0.01838907233545184
2015-05-05,0.002232479630414948,0.003378497218354279,-0.0008581893143123631
2015-05-06,-0.027996159926957902,-0.028761757077040977,-0.02736399793773192
2015-05-07,-0.02299755892399686,-0.011517262328335897,-0.004903074634123761
2015-05-08,0.020105664632739786,0.011741686852817262,0.01665572816769534
2015-05-11,0.0196384894869371,0.017907347655275498,0.01632790087285607
2015-05-12,-0.017669840553794978,-0.01898644591212391,-0.02381908107113906
2015-05-13,0.019454091109097967,0.011857440633942477,0.013350641678914421
2015-05-14,0.008288162280680033,0.007461055989417259,-0.0013660455388829762
2015-05-15,0.009063178251186165,0.0033285434023987543,0.004638677701966021
2015-05-18,0.012842238064551861,0.011054293900691008,0.013470838987944989
2015-05-19,-0.00033577380568108694,0.0014040859827697842,-0.0009553778372400901
2015-05-20,0.00012096650344413858,0.0026651815797368635,0.006885251795789804
2015-05-21,-0.0016444569257506444,0.000799619338523361,-0.00026711779894939003
2015-05-22,0.005375551776952692,0.0036418199766586673,0.004506613859696085
2015-05-25,0.0024794986288681187,-0.0060313872623873385,-0.010485957862909845
2015-05-26,0.0012891774608869032,-0.0021495089575746633,-0.0036916926764433144
2015-05-27,0.0014163691634262346,0.0006657699740262393,-0.0005695887835976965
2015-05-28,-0.003951882123485157,-0.004508407929324171,-0.00187166871908917
2015-05-29,0.01496874708255463,0.011470219494048636,0.013781751487558669
2015-06-01,0.002070461957029261,0.0012500354771183063,-2.964315431874809e-05
2015-06-02,-0.02261471328980139,-0.02077435976116066,-0.023353592405198742
2015-06-03,-0.025093949724514477,-0.019388564684566154,-0.012305070176218624
2015-06-04,0.008983013093359743,0.0033791650855481436,-0.0005470363313393456
2015-06-05,0.0032107697583996456,0.00042887949705572797,-0.001961676769116849
2015-06-08,-0.019709682149360874,-0.013852739892899394,-0.008694134258897646
2015-06-09,-0.0004403956242712878,-0.00021628344615290894,-0.0027038282806817193
2015-06-10,0.012096843647642352,0.010383866304892362,0.012720668903445809
2015-06-11,-0.018075058454399807,-0.016868143821642083,-0.019582875620068996
2015-06-12,-0.0058426820989640246,-0.003518771536141807,0.0022032684655837187
2015-06-15,0.004307326411040883,0.0013062604097897573,0.003883300602441242
2015-06-16,0.0021821968733486334,0.0035695390316437523,0.004167746384501569
2015-06-17,0.016037976785581123,0.012237793148027181,0.005498738840850059
2015-06-18,0.012222466508722,0.008998717222619322,0.010263830165222254
2015-06-19,0.007080069406826267,0.006784797391793425,0.006159334653041526
2015-06-22,0.016077537688459313,0.01381450931366289,0.015580570218593381
2015-06-23,0.002863623307180684,0.004481281932745196,0.003405944696333929
2015-06-24,-0.007503997786803655,-0.0065236739590059135,-0.002469733616678238
2015-06-25,0.005014274659564178,0.0037950534811720437,0.00444337505883885
2015-06-26,0.005883414783352561,0.0011436743012629375,-0.0020124304149797823
2015-06-29,-0.012777075456810186,-0.01059206917939332,-0.00748102536329065
2015-06-30,0.00947370911289179,0.008187164467123895,0.006022745602803914
2015-07-01,0.01134349065600178,0.011012751700324723,0.01010334046573469
2015-07-02,0.007459393125286765,0.0030079348604027858,-0.0009640797405430224
2015-07-03,0.0031834241427249853,0.0015150626219597315,0.004736586359787687
2015-07-06,0.012993679424550904,0.00777036480332506,0.004390151714822377
2015-07-07,0.005418406157797454,0.0031675063652699892,-0.0013318922357890006
2015-07-08,-0.012815452543141688,-0.014694352022246653,-0.01736029555278973
2015-07-09,-0.006341237402235087,-0.005431380952586514,-0.004125289314989233
2015-07-10,0.004658525810427398,0.0030921597176281038,0.0038422055160178825
2015-07-13,0.011859834792029952,0.011194358513976708,0.011853357524637564
2015-07-14,0.0010285124383142147,0.0012674319747751866,-0.0006561478304294432
2015-07-15,0.005015722570204757,0.0043716630281102654,0.008244543893853207
2015-07-16,0.01236095778889919,0.00827830105074353,0.009884089482447456
2015-07-17,0.0007267833847265777,0.0015090194810502117,0.00020908390731189108
2015-07-20,0.002694925959828435,-2.2795083614246753e-05,-0.0007432666484129546
2015-07-21,-0.016165977779610714,-0.013792878672645708,-0.00860120048586066
2015-07-22,0.0043240743623441215,0.008124875465338627,0.012198887654526924
2015-07-23,0.0007168852681494186,0.0007874661113121253,-0.005061700968610694
2015-07-24,-0.0029544957774494986,-0.0062598309215535506,-0.00794547038951432
2015-07-27,-0.014512922963370586,-0.01638128362447946,-0.01884044667546103
2015-07-28,0.0023320510765769574,-0.003294065316104756,-0.002870470039468942
2015-07-29,0.014196840563629616,0.007077226448241901,0.004563968416396724
2015-07-30,0.009226782664425177,0.011753713669531925,0.005582056356707721
2015-07-31,0.010140493057457825,0.010703657172600202,0.013185994355469077
2015-08-03,0.003643673742946493,0.000931014480368159,0.0011954031512864116
2015-08-04,0.01832248489258315,0.011106549331899408,-0.00306089917070973
2015-08-05,0.007706909539422172,0.010096383781108819,0.005993941733038577
2015-08-06,-0.0013124863934381727,0.0006428978874150633,0.002416003226048735
2015-08-07,-0.0015292537602385984,-0.0015666488795948303,-0.002800298085977815
2015-08-10,-0.0030352090555773445,-0.00264452734381224,-0.004553627931107251
2015-08-11,-0.004553134992846616,-0.008059017052005785,-0.007418833032042493
2015-08-12,-0.019157511486873953,-0.0175292911825039,-0.013341379081930671
2015-08-13,-0.0011325396502589642,-0.006591903708667959,0.0007664473603414823
2015-08-14,0.017479574536911506,0.020080746929239068,0.01947141259339502
2015-08-17,-0.004931305077599959,0.0011507608012102303,-0.004842373519645449
2015-08-18,0.0014826574809516802,0.002103325627657513,-0.0012680924643075908
2015-08-19,0.0005007500254516163,0.0002667140925600035,0.0033780685872379923
2015-08-20,-0.013271834325040255,-0.014353753779720752,-0.014408266481082843
2015-08-21,-0.0072657556492933,-0.007445661218196867,-0.008694849922367243
2015-08-24,-0.07559198435259426,-0.0717928890597383,-0.05915098088055637
2015-08-25,0.017929926875582713,0.015278537222643206,0.009181738418811536
2015-08-26,-0.002719995755071973,-0.006214224872148825,-0.011274391291918318
2015-08-27,0.022579685459128855,0.02216225805961716,0.02016210472317792
2015-08-28,0.0032522878859666117,0.006102821200669214,0.006667547122292117
2015-08-31,-0.0015258259808260824,-0.00290038679111059,-0.003830365083121179
2015-09-01,-0.022762873060381085,-0.02120582926803221,-0.023264675971940818
2015-09-02,0.00017443065418436146,-0.005655780397271196,-0.0088429775544967
2015-09-03,0.011243775916769514,0.014179875540549157,0.013735907736166952
2015-09-04,-0.017093360988182395,-0.018828311300434573,-0.021468770971813878
2015-09-07,-0.02133091460538681,-0.018514264582217194,-0.01257339958011272
2015-09-08,0.006820900363839318,0.011522121636621275,0.017125760525132927
2015-09-09,0.017390541765341647,0.018691773565362974,0.01695445617094271
2015-09-10,0.0014846139528523097,-0.0011289869836059712,-0.0039009540862875447
2015-09-11,0.005586440992039514,0.0016587860806418998,0.00015404360706794407
2015-09-14,0.008637431694862176,0.013707437295074612,0.010649249276883932
2015-09-15,-0.003770994896039929,-0.00734052841872209,-0.005481266771729776
2015-09-16,-0.00514276658590371,0.0026104668662681038,0.008947363530129149
2015-09-18,0.005918800722693659,0.008168288252001193,0.010475810818002973
2015-09-21,0.0031278542630140587,0.0008538761341839116,-0.0006013361162410247
2015-09-22,-0.014771427986623824,-0.01663119608750742,-0.02069675641963653
2015-09-23,0.0022565707659610666,0.0020317359393369405,0.004345903137800811
2015-09-24,0.003468731863775032,0.0014667515074420303,0.002874069312977845
2015-09-28,-0.0027991715286489176,-0.005735247878667678,-0.009252056260723118
2015-09-29,0.0014358113824206684,-0.0010319562355538205,0.006105879931557867
2015-09-30,0.011923229787976851,0.014003236980845936,0.013463733413981993
2015-10-01,0.006198907651560058,0.0016173866784726875,0.00025160714370175974
2015-10-05,0.018873020823275913,0.020815269824031073,0.02117998017986733
2015-10-06,0.0015495369921467938,0.004742331433606322,0.004138299910646515
2015-10-07,0.0007214888618051272,0.005039281199252775,0.0030050657181448504
2015-10-08,-0.005057584551367389,-0.004558592698215901,-0.005875926976951273
2015-10-09,-0.0035662504195919068,0.0034364528778910927,0.00742372968703231
2015-10-12,-0.0015890323138138128,-0.000755619207365724,-0.005629033610123568
2015-10-13,-0.002759904269649959,-0.002009112967882304,-0.0014612581906097155
2015-10-14,0.00376051622047725,-0.0005433583107368694,-0.002926853228365389
2015-10-15,0.004392748078445693,0.007422220851783956,0.008830905477206663
2015-10-16,0.004439114645316999,0.004398807186806474,0.007170412693318751
2015-10-19,0.005271718726664453,0.0024468451604618396,0.004479089639404021
2015-10-20,0.005958307240903937,0.0016745091315009941,-0.0016192547934769097
2015-10-21,-0.0022818693347077903,-0.00044946459696526195,-0.001204383487806604
2015-10-23,-0.002789321346188145,-0.0009811797296820867,0.005301937657024025
2015-10-26,-0.0006110690972022807,-0.000895059253998031,-0.004207172582956553
2015-10-27,-0.00032562262442401593,-0.0001370962270282977,-0.0033471638954116756
2015-10-28,-0.00862717962991063,-0.0040033090311582965,-0.007494344931314734
2015-10-29,-0.0021333002720210293,-0.004162267930469965,-0.00727557689096936
2015-10-30,-0.0018060172193021399,-0.004128941914544247,-0.005664646384873739
2015-11-02,0.0011369837282761835,-0.0003911483150949611,-0.0018597039801661053
2015-11-03,0.004461863875952561,0.0035485697747512884,0.0012297400090901522
2015-11-04,-0.005014392818335456,-0.002917007485622124,-0.0025432033822472278
2015-11-05,-0.011801979200591197,-0.013089885845483698,-0.010540782311541208
2015-11-06,-0.008039364545754695,-0.0014437904726985556,-0.00014460408861305396
2015-11-09,-0.001043285804044999,0.0007823802553259969,-0.004915531264230055
2015-11-10,-0.02023562185848607,-0.017479044739290378,-0.01665783484975325
2015-11-13,-0.0010825001398946455,-0.00026313196298457256,-0.002710927478722036
2015-11-16,0.000546231587007281,0.0041829858670513675,0.005713562131630656
2015-11-17,0.0031783183390357355,0.0050904460313482966,0.00396455648349936
2015-11-18,-0.000650197048608814,-0.006548827672578415,-0.01349273722468125
2015-11-19,0.013090817374244303,0.012926156045173182,0.014349853606560714
2015-11-20,0.005379081933552607,0.007474280681077611,0.0017595619760288894
2015-11-23,0.00031481432192099026,-0.0008317993786081609,-0.0009291361817810317
2015-11-24,-0.0023514727918081727,-0.001305770059214653,-0.002248610038379506
2015-11-26,-0.003537762990309772,0.006117275159946885,0.006665267171503286
2015-11-27,0.004365914245524156,0.005477123628902902,0.0074710662477730505
2015-11-30,-0.0046688887014581845,0.00022132870978572024,-0.0009379927643368147
2015-12-01,0.003383425141780756,0.005162927986533621,0.0024762801857218797
2015-12-02,0.0009705829315057404,0.0002427891611977922,-0.00296041496142041
2015-12-03,-0.005284885988262067,-0.006947154104829763,-0.008472730932953976
2015-12-04,-0.007307870537651632,-0.006877512065295359,-0.010458854551524621
2015-12-07,0.0018233255154227245,0.0012056373717499378,-0.0021203048364873966
2015-12-08,-0.005786217646030821,-0.010687716609693632,-0.00820301695113268
2015-12-09,-0.017267683986167584,-0.015385881892390782,-0.011581883616657795
2015-12-10,0.0063921108900826615,0.009129202605226523,0.00930046695402309
2015-12-11,-0.009741796235857914,-0.009270606115737632,-0.00948155235730297
2015-12-14,0.002140225654816438,0.00412861739361103,0.005203320218742258
2015-12-15,0.00888051581544618,0.007981322462996756,0.006647028314128445
2015-12-16,0.005089313350461784,0.003972372166362275,0.006492747683265243
2015-12-17,0.012357383536810283,0.015255816084395073,0.012056689737954374
2015-12-18,-0.001956203256035782,-0.004800921051089495,-0.010504363180879661
2015-12-21,0.0047610350934137605,0.006822268619995442,0.009340436124388285
2015-12-22,-0.0029857420853896055,-0.004100102967708706,-0.006171472975241898
2015-12-23,0.004214270518186052,0.009055360923042896,0.01025546764808305
2015-12-24,0.0007371825835400191,0.001842396280732607,-0.0006229877514251081
2015-12-28,0.008168425928439806,0.004557287110598447,0.008154139618607559
2015-12-29,0.0028574967500181255,0.002364850692589607,0.0004795231655652099
2015-12-30,-0.0017476357630843767,-0.0015161616053501546,-0.004124151937772491
2015-12-31,0.006156756142033752,0.004468167621655426,0.006344796283837217
2016-01-01,0.0034214075449278316,0.0065635778745628615,0.0
2016-01-04,-0.011843885813940639,-0.015200667855896407,-0.01951213966956744
2016-01-05,0.0023262965784682454,0.0028437889401373554,-0.0008535035886758635
2016-01-06,0.002826804203679008,-0.004704871137968265,-0.005607176031205752
2016-01-07,-0.023172245939895364,-0.026482314755010537,-0.022309804329221028
2016-01-08,0.011669576822521262,0.008693322851441873,0.004366937597831466
2016-01-11,-0.009887060822447086,-0.0086118595928267,-0.00493333414699082
2016-01-12,-0.004398811714127404,-0.007028372604971101,-0.007079766557687717
2016-01-13,-0.0032942759930295567,-0.0026824771420260896,0.006937152844914696
2016-01-14,-0.0019358602316521566,-0.005797307483413257,-0.003385181686611949
2016-01-15,-0.015342718580576457,-0.022039665604557945,-0.013135548583687595
2016-01-18,-0.02656159834824367,-0.020561421255433854,-0.01167009155487031
2016-01-19,0.007466444729760616,0.011249813122529831,0.011440633608522655
2016-01-20,-0.016999897026429598,-0.01745727815787396,-0.01691978471256972
2016-01-21,-0.0045249674994987145,-0.0033870943179184713,-0.004446390334017725
2016-01-22,0.01782341627031959,0.022346250007753286,0.020015720445019758
2016-01-25,0.0008246640990840632,0.0018981557569357366,0.0018457122204607046
2016-01-27,-0.008286921575749154,-0.001839403618687236,0.00021517824106065397
2016-01-28,0.004959961735875114,-0.0013670648821660736,-0.001761298464757477
2016-01-29,0.017635744297120896,0.015204712161042978,0.018707939656508632
2016-02-01,0.005343111157167185,0.0014357618897435191,-0.0010047675458274563
2016-02-02,-0.015392133279858814,-0.016945132137703565,-0.013287592960483763
2016-02-03,-0.004530879488402296,-0.011306060095842287,-0.01257452534768888
2016-02-04,0.0015931601253080317,0.00929994445609973,0.005732320415128722
2016-02-05,0.015648681016006128,0.016745227389162228,0.011493800331746407
2016-02-08,-0.005913861861784757,-0.0037723260349956586,-0.013599777854234385
2016-02-09,-0.012486968792069841,-0.014349495434694779,-0.012054527014450533
2016-02-10,-0.007477542760523392,-0.012119929847491464,-0.011304156886925099
2016-02-11,-0.03140464961332359,-0.03352308262150202,-0.03317073758299127
2016-02-12,-0.0073139493719279495,-0.007216790284210844,0.0006593845767279838
2016-02-15,0.025279838390581316,0.0359403615931569,0.02607094949942601
2016-02-16,-0.0250536383874566,-0.021014124851349042,-0.016012982386442
2016-02-17,0.008697217164078078,0.00763812334300079,0.008541154940942874
2016-02-18,0.009028894941939092,0.009242322584079631,0.011718419964794835
2016-02-19,-0.0033159899327832366,0.0020911556799792894,0.0026419160844022294
2016-02-22,0.004814782820187747,0.00400030421012462,0.0033006004489823937
2016-02-23,-0.017911462422716008,-0.017532461385577167,-0.017278200216274464
2016-02-24,-0.00962363451923685,-0.009298332388201134,-0.012778531956425754
2016-02-25,-0.009372731869059112,-0.010183052282551687,-0.006853134671341854
2016-02-26,0.003453527680369924,0.005300022084839388,0.008485625558068977
2016-02-29,0.0037574193598186147,-0.004276564771000796,-0.006074212498666354
2016-03-01,0.029332455640542758,0.029907851043116097,0.03366943224623564
2016-03-02,0.014144308501548686,0.020041368838160854,0.020291361052837242
2016-03-03,0.004220397527502136,0.012467057832157567,0.014486656477644022
2016-03-04,0.004133809891620879,0.006407477536285403,0.0013042431206367056
2016-03-08,-0.0032283679535604634,0.0012946177967083992,-6.71885323921817e-06
2016-03-09,0.000935540980977427,0.0035449787639081592,0.006212176026787919
2016-03-10,-0.0013208652753073256,-0.003446634574244226,-0.006060955352974129
2016-03-11,0.006641578907528461,0.0025428052989003346,0.0032126384433233124
2016-03-14,0.0030813146098363866,0.003444385729589937,0.0038014705260878134
2016-03-15,-0.010169708652579762,-0.0068632449966794015,-0.010366427105786724
2016-03-16,-0.00205006775075955,-0.0024900646237560695,0.005113516586384925
2016-03-17,0.011187732024471191,0.008088871993332457,0.0018402806717785491
2016-03-18,0.00693413782119664,0.011795581280891778,0.012219591930221929
2016-03-21,0.014673212877265644,0.012265575797004095,0.013137204502793765
2016-03-22,0.002357861004623,0.003654294899552111,0.001382341219943628
2016-03-23,-0.0009626788742423289,0.0017717087896162208,0.00020740355370829633
2016-03-28,-0.010507302345689975,-0.014625192819542391,-0.013140659929210097
2016-03-29,-0.0008844020106093828,-0.00082016953537416,-0.0023768693023248355
2016-03-30,0.016985952816445715,0.021323512132958033,0.01819141704784788
2016-03-31,0.00831685346851333,0.006452066358812204,0.00041365536126503066
2016-04-01,-0.0012682335646861376,0.0006677561823364044,-0.0032758836421172832
2016-04-04,0.007337924673751957,0.004778739614302779,0.005931505845093277
2016-04-05,-0.008572881487896653,-0.017724349756186,-0.02005459778469787
2016-04-06,0.00785610992846779,0.006650663489280746,0.0014664749128432408
2016-04-07,-0.004340973415059884,-0.0063887536021359275,-0.00891736017820488
2016-04-08,0.0045373434347150245,0.008101112954416593,0.0011594855559287076
2016-04-11,0.010851491320529809,0.014719139129697405,0.015380096361092388
2016-04-12,0.008337925162313948,0.006531298238230735,0.004894842329530746
2016-04-13,0.016157974966825854,0.016664266965460008,0.018355287868643932
2016-04-18,0.012002808787260816,0.007610634020581241,0.008184244011682829
2016-04-20,-0.004475332607538429,0.005239222377165475,6.292681500319475e-06
2016-04-21,-0.007020509021542406,-0.004029973070498514,-0.0003411598992387743
2016-04-22,-0.0005435771753966884,0.0011778967692731449,-0.0016114660947212922
2016-04-25,-0.004166127710962102,-0.006216346506434295,-0.005601762319964343
2016-04-26,0.006101539037469847,0.010505184694104152,0.013698206928241197
2016-04-27,0.002578960102542038,0.00234790516927879,0.0021663642394880167
2016-04-28,-0.011386338091772814,-0.014432362306485123,-0.016623003291656557
2016-04-29,0.0020351467133680485,0.0006407407453215648,0.00032492971263820003
2016-05-02,0.006015155609905769,0.0031674547973284412,-0.005592486870497626
2016-05-03,-0.008528303285297799,-0.00913099570914535,-0.0075455620851691
2016-05-04,-0.003915353279670048,-0.011068727195117815,-0.0052214012278947175
2016-05-05,-0.001882084457959362,-0.00014202866716227057,0.003756570196288278
2016-05-06,0.004675737602629066,0.003430019972094145,-0.00026498670900398924
2016-05-09,0.010974459366273543,0.010313333248477635,0.01714624210748439
2016-05-10,0.001956512390499117,0.0008484761717775218,0.002765047328716186
2016-05-11,0.0016155779288191015,-0.001665243253208566,-0.00493796850778383
2016-05-12,0.006404614097588212,0.008572963133629973,0.006567816182767139
2016-05-13,-0.0061984827009858206,-0.00785210592675376,-0.010822236982540034
2016-05-16,0.00018199683801909338,0.0007977861669889859,0.005867010227795566
2016-05-17,0.0006029623508402043,0.0022414124739923743,0.003816429729987636
2016-05-18,-0.0008682095075292455,0.0005237578815403281,-0.002610664088489645
2016-05-19,-0.007839946558383356,-0.011902550540006685,-0.011022661712474568
2016-05-20,-0.00988597510521262,-0.005247431153503529,-0.0043296897826234915
2016-05-23,-0.0037970380189281086,-0.00257522857955675,-0.0024065951139995434
2016-05-24,-4.013145694244596e-06,-0.0003654527851294141,0.002302441895789764
2016-05-25,0.015126083750394339,0.019510459750111373,0.024009988881288802
2016-05-26,0.00467362520549381,0.011217533460149184,0.016981940750153468
2016-05-27,0.02261964770099017,0.012948979051207957,0.010781136858828422
2016-05-30,0.004089038030772832,0.0065874870448867605,0.0026788078338353394
2016-05-31,-0.008301584153400285,-0.003587344977663032,-0.0022497893677019265
2016-06-01,0.006952710260961564,0.00356706993928978,0.0024325801667495206
2016-06-02,0.009311997134593098,0.006826248332646991,0.00476775519028827
2016-06-03,0.0006339346664621471,-0.0022595374379728614,0.00022504204686080165
2016-06-06,0.0014713912621365046,0.00035779974527186875,-0.002402442641741276
2016-06-07,0.002591201099490173,0.006390610125513697,0.007974636440766236
2016-06-08,0.002049535848369836,0.006123648169579295,0.0007983607496653278
2016-06-09,-0.007965034610951141,-0.00336977081244534,-0.0083947512649023
2016-06-10,-0.004923494246761754,-0.0027453382601017352,-0.004089644337244347
2016-06-13,-0.0027093029509141354,-0.005430546859395172,-0.007276541569812833
2016-06-14,-0.0015771642032296493,0.004195846726023161,-0.00021576701833758705
2016-06-15,0.007043188371108149,0.00927503831337025,0.012054669964487674
2016-06-16,-0.00038736157645231673,-0.0016708518258590347,-0.008023982222768011
2016-06-17,-9.759153998527555e-05,0.0028374533152803463,0.003617626792678852
2016-06-20,0.004793487472096058,0.007987156831303856,0.008359624373303065
2016-06-21,0.0011705824265808096,-0.0017513429127431752,-0.002257645126540031
2016-06-22,-0.0015376828822513938,-0.0004112713366046245,-0.0019708505629796313
2016-06-23,0.003742898664935047,0.00412692593431139,0.008136572328440339
2016-06-24,-0.006696311779087768,-0.013807387332404263,-0.021987932139331257
2016-06-27,0.009205025579481182,0.007796693467784174,0.0007541598771854119
2016-06-28,0.008814902233483203,0.006759024319754686,0.004095260052119798
2016-06-29,0.009700285445285804,0.010858581903179483,0.009369009200318468
2016-06-30,0.009722964444774619,0.011455410613675427,0.010208434909800168
2016-07-01,0.008470728920097747,0.008278473014653506,0.00489874928358125
2016-07-04,0.0013066007450715917,0.006439549281770806,0.005085111447510116
2016-07-05,-0.0059415571212117,-0.0044693926442618895,-0.0041513850919495665
2016-07-07,-0.0006489422717320744,-0.0010616497507870539,0.00023394997172565546
2016-07-08,0.003452078399577171,-0.0010012127615245255,-0.0017630571995113087
2016-07-11,0.01623313350317083,0.015824891690144317,0.017385163388715874
2016-07-12,0.004125951917120637,0.006120593584914075,0.006276575256050743
2016-07-13,-0.006188651617599765,-0.00207126325974737,-0.00018187954806314632
2016-07-14,0.005026593677865187,0.006829810237756487,0.005340689007570898
2016-07-15,0.00010671626930421909,0.0003285995306689325,-0.0027553542761237226
2016-07-18,-0.0003090453826014321,-0.005770724816784229,-0.003828434895569499
2016-07-19,0.00351077742190254,0.004109919297328402,0.0023328603569714446
2016-07-20,0.010038881288875047,0.010182693636118078,0.004373522526303297
2016-07-21,0.00473364829813594,-0.003804991262633783,-0.006508402848794281
2016-07-22,0.011694301624442885,0.0067452732062103365,0.003654550165692383
2016-07-25,0.0077107051012626285,0.010183280972314373,0.011058187743255843
2016-07-26,-0.0011123811579787258,-0.0029667941501968415,-0.005210956669673972
2016-07-27,0.00462115162272746,0.004387109992465993,0.0029275331807177007
2016-07-28,0.009411836134953624,0.005108125278791564,0.005861324676151858
2016-07-29,0.002902657520175408,0.0018707447024326222,-0.003207805558776422
2016-08-01,0.012051381871745391,0.005441668664468777,-0.00022575624385023918
2016-08-02,-3.7604931256588744e-05,-0.0026695182310369782,-0.001580424402241265
2016-08-03,-0.014044934835367747,-0.011541851770045446,-0.009051569392458547
2016-08-04,0.0033435935035683083,0.0048612994130829736,0.0007314347572768831
2016-08-05,0.015999974868104557,0.016656314389956305,0.015442549763450941
2016-08-08,0.005273602409701434,0.007393340667072847,0.0032475792173825013
2016-08-09,-0.004973055732013332,-0.004503894625999348,-0.003799596028080332
2016-08-10,-0.015513642906893128,-0.013806993939494736,-0.011863013316336768
2016-08-11,0.0007454370208899641,-0.000627978778206038,0.00196501420606765
2016-08-12,0.004057212516016816,0.006751618742157876,0.0
2016-08-16,0.004884844559513956,0.002957004147628242,0.0058657509204553815
2016-08-17,0.006212293317039748,0.0042960410527653385,-0.0021405719860551065
2016-08-18,0.004113138908229629,0.005151570084402862,0.0057049989769026865
2016-08-19,0.00217678049677494,0.003184117655112903,-0.0007320911278931863
2016-08-22,-0.004635927750910248,-0.007031905332792416,-0.0043556517669032235
2016-08-23,-0.007354924500585835,-0.002757187761888867,0.0003997170745508871
2016-08-24,0.004976440192490497,0.005979669279969527,0.0020503899304304962
2016-08-25,-2.45366887085801e-05,-0.004913425337740836,-0.006716485056797228
2016-08-26,0.004759951069847321,0.000870219825564444,-0.0022870033493540554
2016-08-29,0.0023774034513476964,0.0014580263801966204,0.004071179686342186
2016-08-30,0.016954470037350185,0.014675756125040296,0.015904758198549196
2016-08-31,0.004128877877168995,0.0002536542480437176,0.00478601471887985
2016-09-01,0.0014326090215973602,-0.0015190962692696224,-0.0013145392127147382
2016-09-02,0.0016138264236367286,0.003835973939491396,0.0039887629069979
2016-09-06,0.01898678268004052,0.015347480516840683,0.015136765190694401
2016-09-07,-0.0026187589253330243,0.0011679594279054054,-0.002801051625573092
2016-09-08,0.006242326911303628,0.006585166542870532,0.0038741867728371293
2016-09-09,-0.011057902835397116,-0.008375870721982735,-0.009583893290980194
2016-09-12,-0.024523994807713397,-0.023774519579638616,-0.017041355026008564
2016-09-14,0.0048490049288079425,0.0061350865317685065,0.0012621047883116798
2016-09-15,0.0005146961285831812,-0.0008576792720360315,0.001827767518446155
2016-09-16,0.003913413446652279,0.0019682606126071875,0.004266467508998506
2016-09-19,0.003332744566964427,0.005064220590740139,0.003251853109136782
2016-09-20,-0.0034055568431461177,-0.0026205858781192092,-0.0036896597064991488
2016-09-21,-0.002554997899328737,-0.00020501238788061434,0.0001424355273373923
2016-09-22,0.013958723607737925,0.010740002032476997,0.010288054854791007
2016-09-23,0.004710259702685922,0.0006927670052059895,-0.00404855847332275
2016-09-26,-0.003864464261052721,-0.00687502319625445,-0.012285499419638857
2016-09-27,-0.0012278328903584006,-0.001460965776010154,-0.0019086689214536934
2016-09-28,0.006104871915332114,0.007920490965168486,0.004450748674702076
2016-09-29,-0.025878568543217045,-0.026312685962514456,-0.0175983698107679
2016-09-30,0.010407069660545333,0.009977919465984503,0.002316355667103087
2016-10-03,0.02775307691153677,0.021895412207574988,0.014742422671912614
2016-10-04,0.00886555046557053,0.0065770261865679145,0.0035534936242527237
2016-10-05,0.0032876544321777234,0.003925988018463478,-0.0028737328235858284
2016-10-06,0.0019471413175141334,-0.003122220366628752,-0.003934193340149772
2016-10-07,-0.0027259524881861415,-0.003693499584946207,-0.0013720795655899343
2016-10-10,0.0026752835985425546,0.0010942708698839668,0.0012877340663539627
2016-10-13,-0.011525991282215663,-0.013366968398507904,-0.015553256286772621
2016-10-14,0.00485517874413688,0.003508635829266447,0.0011723284023095193
2016-10-17,-0.008635105717583053,-0.009125096495843237,-0.007339748483457642
2016-10-18,0.01365572473242367,0.015927468745996803,0.01848504680288232
2016-10-19,-0.0007851832188429922,0.00044572611661815065,-0.002166512682066579
2016-10-20,0.001999726480230698,0.0033264019198350064,0.004654153788272275
2016-10-21,-0.000446079034678918,0.002584911251436935,-0.0007300027188475999
2016-10-24,-0.0057620055482267485,-0.0018513548311643372,0.0018290923188344355
2016-10-25,0.000681572499233062,-0.0014433080012656273,-0.0020266955521803798
2016-10-26,-0.01213171582301414,-0.008275506412591055,-0.008750107164233856
2016-10-27,-0.010550324154607922,-0.008212086287491469,0.0
2016-10-28,0.007372264374999824,0.00690075339622734,0.0026406662604103737
2016-11-01,0.008147630033421071,0.0041801594411437805,-0.0013602685806899384
2016-11-02,-0.017977767905917662,-0.015579036029299591,-0.013012606868569754
2016-11-03,-0.010318501420305085,-0.008534643218177429,-0.003412004309079175
2016-11-04,-0.012277962841846861,-0.010802206770821629,-0.00603423639902867
2016-11-07,0.008323046678401226,0.00878813291414593,0.007505534867348507
2016-11-08,0.006934715156686781,0.0034803005008902416,0.005472487636161372
2016-11-09,-0.02317868484597333,-0.016982133952821138,-0.013056610804363489
2016-11-10,0.013842222365205057,0.016386487730793386,0.011118358633776193
2016-11-11,-0.03836515439047762,-0.031078880686182843,-0.026912611243878892
2016-11-15,-0.04546720462976319,-0.030509507733485132,-0.022642577269069153
2016-11-16,0.008889238748992523,0.0030551180152570178,0.0003884715658204474
2016-11-17,-0.005459598020730168,-0.0038120982892245175,-0.003901807530291679
2016-11-18,-0.002914631434482055,0.0009041072290281273,-0.000724026450019899
2016-11-21,-0.022102653184906153,-0.021968894787269787,-0.017958657713704862
2016-11-22,0.018824529692882733,0.014008236566953769,0.009231779915716665
2016-11-23,0.012535936898728608,0.009656365945218476,0.0038738863522509437
2016-11-24,0.0014341786275810324,-0.0029708610255218585,-0.008439844937436325
2016-11-25,0.016732564577007836,0.015271677421251378,0.018680535394827613
2016-11-28,0.007828784821214019,0.006645301689895695,0.001552826240037497
2016-11-29,0.009820197846228161,0.00675466135036025,0.0018764842908427504
2016-11-30,0.0077362078174481935,0.008644677866562244,0.01011404833415619
2016-12-01,-0.011771453651927614,-0.006982220406341688,-0.00384213136056899
2016-12-02,-0.012972360951480955,-0.011565079874509152,-0.012950308300941793
2016-12-05,0.007936954510311003,0.0082394831004826,0.00518749027126697
2016-12-06,0.0024845148673965293,0.0018016217535513296,0.0017714780678148578
2016-12-07,0.000942344654593378,-0.0033628203041501,-0.005047198952388254
2016-12-08,0.019754770637768974,0.01646408251085424,0.017871996368588716
2016-12-09,-0.002080447021438896,0.0001813129144136337,0.0018067979083868924
2016-12-12,-0.019878578278059746,-0.012658568256332428,-0.011008587201561393
2016-12-13,-0.002543932929471169,0.0011531532283680537,0.006241739024219095
2016-12-14,-0.007852074489987074,-0.0066887942312183965,-0.004786009184091999
2016-12-15,-0.002827243090532517,-0.0016988991220531426,-0.003525850688682164
2016-12-16,-0.0057466419709483706,-0.003341876115868742,-0.001735417750965862
2016-12-19,-0.004318353856754014,-0.00508987331329132,-0.004312342580149231
2016-12-20,-0.00853397835822864,-0.008456884992854113,-0.0027084460873485483
2016-12-21,0.0014146430414996895,0.0008627558835232966,-0.0026106228238139684
2016-12-22,-0.0132867995062438,-0.01344491526138673,-0.010196830414798908
2016-12-23,0.007782363416696051,-0.0008570732491015574,0.0008334150796909245
2016-12-26,-0.017333683141304703,-0.0157476809549773,-0.009704786651222541
2016-12-27,0.017861473983762248,0.015934301587078765,0.01575571051196545
2016-12-28,0.0022882813220551864,0.0027660196026249606,0.00024897763255693484
2016-12-29,0.01776819438527523,0.012267709292808671,0.008556475748073389
2016-12-30,0.009382149420170209,0.00959664773278909,0.01014360358861044
2017-01-02,0.007860801865078839,0.005543822684181425,-0.0007696016073948098
2017-01-03,0.006777490485281718,0.004002260917206439,0.0015587749862460143
2017-01-04,-0.003262801787334701,2.6963865123717692e-05,-0.00021361652781592966
2017-01-05,0.017799201268574226,0.012339371320233623,0.01017029542610337
2017-01-06,-0.00025186118679357505,-0.001961760528413983,-0.0036259035398709116
2017-01-09,-0.0009364286021896586,-0.0009607803768566028,-0.0009401004613908137
2017-01-10,0.006330530454222859,0.007220779613661909,0.0063804622280927425
2017-01-11,0.014950864482948634,0.01287350937299222,0.01110570972035907
2017-01-12,0.003326662290810082,0.0010705970310827208,0.003167988574872327
2017-01-13,-0.004615976042409279,-0.0009013562976429365,-0.0008148474852923693
2017-01-16,0.0024524531765760748,0.0024498124713863887,0.0014821044232022906
2017-01-17,-0.0007431635198427486,-0.0006385973957546967,-0.0017592008642893786
2017-01-18,0.010009365644726232,0.007090661564836494,0.002262443438914019
2017-01-19,0.008301459103542108,0.004018276062328143,0.0021503634757038537
2017-01-20,-0.015103303813813179,-0.013864347588242893,-0.010165855054597661
2017-01-23,0.011119417728526619,0.0056358030585081575,0.005048344194100052
2017-01-24,0.018379772521627414,0.013272018155226136,0.010045856484240057
2017-01-25,0.017266061600450234,0.013540304047469238,0.014977960574563243
2017-01-27,0.0012859732108717861,0.003966001266926431,0.00447531312661642
2017-01-30,0.0003972101766157881,0.0014267990217310613,-0.0009836539852451365
2017-01-31,-0.008373390041188452,-0.011614634584936832,-0.008276643631809133
2017-02-01,0.017942334952043785,0.016470818370700156,0.01811647640847469
2017-02-02,0.0037749553171604775,0.006136512617079402,0.002047818890261066
2017-02-03,-0.0022142811002202833,0.004232939501416444,0.0007671174184962215
2017-02-06,0.009127255578231621,0.008291014803545889,0.006875638006406781
2017-02-07,-0.0031742374041964787,-0.003184177658692021,-0.0037211469911869743
2017-02-08,0.004067376050003909,0.004001063174221184,8.55353964515082e-05
2017-02-09,-0.00114992751158313,0.00034640371001973806,0.0010663168924529565
2017-02-10,0.002572557128474565,0.0022712021264189347,0.0017257602055471555
2017-02-13,-0.0027395768849712327,-0.004177629056457534,0.001307776751758416
2017-02-14,-0.007155013556354685,-0.003296610875586224,-0.0014480326951941125
2017-02-15,-0.010525395404956823,-0.00977922408932539,-0.007688501401983627
2017-02-16,0.014090390611751174,0.011655996910191372,0.006109070053333943
2017-02-17,0.003376290326459167,0.0031877361293134385,0.004978377228582742
2017-02-20,0.010078960209343254,0.008971265622472293,0.0065180179247708026
2017-02-21,0.00342825022607858,0.005036042951282887,0.003226575978951818
2017-02-22,-0.005589934312302399,-0.0032150100942828414,0.0021386509747480797
2017-02-23,0.002795077756336406,0.0013464396002145294,0.0014114204061503877
2017-02-27,-0.005951819442611691,-0.0031515398144627933,-0.004787717958219084
2017-02-28,-0.0007073415730335374,0.001900063875130142,-0.0019221268068030373
2017-03-01,0.00047464342910647286,0.004967713743804803,0.007455313102474381
2017-03-02,-0.010466784847794538,-0.010951974212168826,-0.0051476453411544165
2017-03-03,0.003603001190327767,0.0012688072336235936,-0.0002472199008398679
2017-03-06,0.0026461611943428332,0.0043630392203455335,0.00740657732427441
2017-03-07,-0.0035879549548802903,-0.0007647424543927331,-0.0018463654426456033
2017-03-08,-0.00575867550692087,-0.003707909801456348,-0.0025260799775062015
2017-03-09,-0.0002757350780917767,-0.0018745619329137827,0.0003025666294942386
2017-03-10,-0.0028273634300881806,-0.0008879675591674994,0.0008457269729471584
2017-03-14,0.018345948631930592,0.015519111185932445,0.017062996865551794
2017-03-15,0.007503407096388082,0.004671228041091029,-0.0002421255983823256
2017-03-16,0.014489026285234506,0.012168478169114148,0.0075841396735512046
2017-03-17,-0.003981275909100527,-0.0006520086125774352,0.0006936658662091144
2017-03-20,-0.0009009106730781224,-0.0008825432324151823,-0.0036244557639315556
2017-03-21,0.0031374842494331753,-0.002508616248991527,-0.0005861397529225432
2017-03-22,-0.009926200085469527,-0.009710434858817361,-0.009981889457600146
2017-03-23,0.009809994533967775,0.0080088251675514,0.006184587497530369
2017-03-24,0.00022721865531540936,0.0007163433238867366,0.002388232369495924
2017-03-27,-0.005432194660915177,-0.004168491863728107,-0.006895015885759803
2017-03-28,0.0046448767451626105,0.00535318818596613,0.006146863328001739
2017-03-29,0.002812754552171652,0.0037872402491066558,0.004724859454424246
2017-03-30,0.003041065492172693,0.004678457405711731,0.003275464899958447
2017-03-31,0.006788505137607818,0.004143652199820358,0.0
2017-04-03,0.0012814719069225574,0.0037573184011543354,0.006987285393105225
2017-04-05,0.008583433120924099,0.00734563421421932,0.002955317785461098
2017-04-06,0.00531185398193357,0.0018434813175470825,-0.00034540133484917135
2017-04-07,-0.00020774220625262229,-0.002476520251574353,-0.006872244968150865
2017-04-10,0.011828421117580484,0.006154547855424235,-0.0018318178068531532
2017-04-11,0.004996103197979193,0.004536837630611768,0.006050221207523521
2017-04-12,-0.004114741654130871,-0.002917551926866517,-0.003632110499891761
2017-04-13,-0.0037763649589268415,-0.004446245504494647,-0.005720723153564311
2017-04-17,0.0010242246147623671,-0.0009897826601722786,-0.0012567207506942735
2017-04-18,-0.0004952326593704408,-0.005062498295097144,-0.003736545992832463
2017-04-19,0.0022647279594851873,0.0018914632617797599,-0.00018125901870869043
2017-04-20,0.004079699672553662,0.005998781647189384,0.003614037526775471
2017-04-21,-0.0026981369084949857,-0.0026174120501478403,-0.0018606890321317682
2017-04-24,0.00954175473310235,0.008909321117072756,0.010806610135114969
2017-04-25,0.015303575337867178,0.011727130317112902,0.00961704198701141
2017-04-26,-0.007876458830492431,-0.0010605651324764424,0.004862141050359314
2017-04-27,-0.0032240436863882407,-0.0008623206379431382,-0.001037144431864756
2017-04-28,0.007310303920846738,0.002177643192501986,-0.004078352878555069
2017-05-02,0.002861330820550812,0.0012652024877111523,0.0010479307618374012
2017-05-03,-0.005413217334969305,-0.0017119048321537582,-0.00019858805361794296
2017-05-04,0.004433658112159388,0.004629793561951985,0.005149318274558334
2017-05-05,-0.013128080437372514,-0.00851609936963744,-0.007970232889681239
2017-05-08,0.004726819344007649,0.005819586746093836,0.0030962920535411165
2017-05-09,0.0007990776782373844,0.004540839191107773,0.0003006001413146109
2017-05-10,0.0066336162006632405,0.00914470867009712,0.009708238203339103
2017-05-11,0.0027442455539730608,0.0017482028943174893,0.0016051987553300506
2017-05-12,-0.005668991708152714,-0.0023815904778270646,-0.002281796475279485
2017-05-15,0.010730357224469737,0.007552236924961058,0.004733589140501593
2017-05-16,0.004766812861269361,0.004786189776557211,0.007077477566896029
2017-05-17,0.0013601719135221796,-0.0008812908772938549,0.0014192225814082526
2017-05-18,-0.021033813328557898,-0.016688869178098396,-0.010109419697924005
2017-05-19,-0.007963506088861276,-0.003400792000513355,-0.00016435790585866972
2017-05-22,-0.01132627885094049,-0.007229577083333621,0.001097763971423804
2017-05-23,-0.012921741436229692,-0.01212505876051257,-0.00552004973114717
2017-05-24,-0.007315085470990529,-0.009581849589843143,-0.0027274851639997877
2017-05-25,0.020471385209963427,0.0129365960623905,0.015939255537936958
2017-05-26,0.0232510853725816,0.01201964841361814,0.008974958266515953
2017-05-29,-0.008532596592101137,-0.007578315971227603,0.00102143611312
2017-05-30,0.00663681657942877,0.006961064155415826,0.0020457696866569286
2017-05-31,0.004522267320672531,0.0037201999123333057,-0.0003428528870922376
2017-06-01,-0.0002582569126263835,0.0019713983676067064,-0.0005353140834091219
2017-06-02,0.00252337855678663,0.005544618602707811,0.00388935141525959
2017-06-05,0.0019453749608830582,0.005415759362547979,0.002237489964779682
2017-06-06,-0.0012203408509257345,-0.002492975707476095,-0.003922359487981697
2017-06-07,0.007012057869716527,0.006002118988549349,0.002775716774745085
2017-06-08,0.0018161862273336714,0.00057384491276574,-0.0017229472523487832
2017-06-09,0.00505940052673511,0.0017667462713003936,0.0021767861307626646
2017-06-12,-0.004859703680603187,-0.005236172685559838,-0.005362874292141773
2017-06-13,0.0013780434950124228,0.0008642140144966852,-0.0009878956380873216
2017-06-14,-0.00015225946270183525,0.0017110400303749296,0.0011710332721861505
2017-06-15,-0.0050928395428568715,-0.0022996433926499,-0.0041692616884621
2017-06-16,-0.00044098836791430066,-0.0010948219706591385,0.001044053873587636
2017-06-19,0.0037730212196043326,0.002458562774074657,0.007248606485755094
2017-06-20,0.0008161544816443341,0.0011560996277891027,-0.0004193408027297618
2017-06-21,-0.005146012469861504,-0.001471713440739297,-0.0020614689620345183
2017-06-22,-0.012330256518636512,-0.004977901079898285,-0.00037365154469337636
2017-06-23,-0.012969009309989484,-0.008967091578620788,-0.005716490621754944
2017-06-27,-0.006513536586978001,-0.007351470094861627,-0.006637089842891464
2017-06-28,0.00472624334682752,0.002015766367773012,-0.0021185514012070916
2017-06-29,0.005797893449589234,0.003360860759417965,0.0013538374160411148
2017-06-30,0.005181266816721696,0.006142854233594955,0.0017677404426008625
2017-07-03,0.013168566390060091,0.00961494436777527,0.009883477981521338
2017-07-04,-0.0017646944157112803,-0.0026777762500203423,-0.00017682738559543498
2017-07-05,0.008837771282987,0.008213304688889906,0.0025277277502206985
2017-07-06,0.005138507688257103,0.0028704522017868996,0.003833962481337938
2017-07-07,-0.0006227822460016264,-0.00031003576264146035,-0.0009044348498532528
2017-07-10,0.010385990050350652,0.010856363509657145,0.010888907501369838
2017-07-11,-0.0018074913529720793,-0.0022417541952773593,0.001535147225716127
2017-07-12,0.011709886974546564,0.007614804800535772,0.0030706776776372458
2017-07-13,0.009495139326442708,0.00593351723740584,0.007701693029408263
2017-07-14,0.0037124095939279123,0.0021415639472406093,-0.0005409167111671831
2017-07-17,0.006652191892909539,0.0035095285141431695,0.0029940865038224906
2017-07-18,-0.0037988701311454194,-0.003468958467403166,-0.008955249163058343
2017-07-19,0.013445150438755389,0.009555045224410242,0.007372352703497453
2017-07-20,-0.004478027381462817,-0.005288637220748166,-0.002656653372384299
2017-07-21,0.003298883009873798,0.0023710939434158328,0.004248852576378193
2017-07-24,0.0027366842792236,0.0015270506138817452,0.005158759549683589
2017-07-25,0.004347619227636782,0.0011521025758695507,-0.00018568247962835738
2017-07-26,0.008369745654334541,0.0036960447214294608,0.0056300171143817135
2017-07-27,-0.00020202372496851422,-0.00315031981179193,-1.0037865166290239e-05
2017-07-28,0.0015787178715758261,-0.0010372107109033694,-0.0006037397952625145
2017-07-31,0.011092213613854934,0.0064128388307082155,0.006250897136651945
2017-08-01,0.011177199314074696,0.0026898268802785755,0.0037263481265050746
2017-08-02,0.001404042627579634,-0.000349578532057536,-0.0032774628232060676
2017-08-03,-0.008638110171838752,-0.005305658231713649,-0.006730110536626532
2017-08-04,0.01565310604116573,0.008372350125459099,0.0052678092346210015
2017-08-07,0.015202374795615453,0.007427053399620278,-0.000894063384204502
2017-08-08,-0.009092884766062452,-0.009624610280352486,-0.007840056363968673
2017-08-09,-0.015447543928437198,-0.011998879164341529,-0.007065154895241621
2017-08-10,-0.02512530654273454,-0.018868186394212953,-0.008861461782919355
2017-08-11,-0.009625626778324355,-0.008093067391581645,-0.011145357329243155
2017-08-14,0.02470085167846529,0.018954737101739248,0.008583287433983067
2017-08-16,0.011737276419865505,0.010607951031508593,0.010531736796816515
2017-08-17,-0.0027388330204072596,-0.0012528600324522876,0.0006921671640436333
2017-08-18,-0.0024949899657004445,-0.0026261944145841236,-0.006739598791147605
2017-08-21,-0.013413831357315891,-0.011074348368542755,-0.008442350412935062
2017-08-22,0.001238407442793391,-0.0018519528619191526,0.0011482257414410224
2017-08-23,0.017777982833225917,0.00906596559189471,0.008903768559017866
2017-08-24,0.00511354738066886,0.004521711958981685,0.00046179189926420783
2017-08-28,0.009466113650903454,0.009933657986296177,0.005655850493267112
2017-08-29,-0.0125263254828082,-0.010510164146313257,-0.011777701789638884
2017-08-30,0.02066082360519017,0.011867679244929687,0.009019001301445284
2017-08-31,0.00456888134839278,0.0034391880081180897,0.0033891787742403867
2017-09-01,0.00935413955502261,0.008117307666448916,0.00569677026131532
2017-09-04,-0.011261117716880193,-0.007719467406121094,-0.006170875324781666
2017-09-05,0.0069793151738944854,0.006620288086088106,0.003969654285916446
2017-09-06,0.0017533986074226627,-0.0018497712047358958,-0.0036172905783141696
2017-09-07,0.007114182717658082,0.005281665939660368,0.0013815972895521167
2017-09-08,-0.005231274348328514,-0.0028734757959330112,0.0004934001218306339
2017-09-11,0.010356460973585183,0.008434825092046593,0.007171760015373785
2017-09-12,0.013816601500644215,0.011943800340749032,0.008694739852208588
2017-09-13,-0.01085588677792956,-0.0047061928423265155,-0.0013623236054590704
2017-09-14,0.0010998340912392484,0.0042692908650888445,0.0007242372812548137
2017-09-15,-0.0007625033213267462,0.0014536063668739918,-0.00011889227256378643
2017-09-18,0.004179478732786217,0.005646729496767426,0.006712596042585561
2017-09-19,0.0032466279968448976,0.0018799924731609879,-0.0005466118624873895
2017-09-20,-0.003400965368499327,-0.0023641605140532615,-0.0006306363787978997
2017-09-21,-0.0080170496301389,-0.002103113768585833,-0.0018982067377479872
2017-09-22,-0.027881839476728534,-0.02235635004261768,-0.01556031910231781
2017-09-25,-0.014478961644167192,-0.012967217675393326,-0.009212875602266135
2017-09-26,0.006540818818134878,0.0035761089267675942,-0.00011137992205778602
2017-09-27,-0.017568193908345214,-0.015592050582131846,-0.013751709466646389
2017-09-28,0.002843686422267399,0.0029533433471847868,0.003410132276660871
2017-09-29,0.009658286945195785,0.005818321756345286,0.002011415113154058
2017-10-03,0.01160108737899986,0.00816874671959213,0.007243159742390093
2017-10-04,0.0023257486366796845,0.0034284003398854096,0.005618985813175215
2017-10-05,0.0019395685086861,0.0016103994424377893,-0.0026425071639926134
2017-10-06,0.01778446762867257,0.011892081013595963,0.009202422785872022
2017-10-09,-0.00038516207216846547,0.001906204378011493,0.0009068212982741297
2017-10-10,0.0032171873092032327,0.0036312317342351587,0.0028231956263296
2017-10-11,-0.0023312085571104203,-0.00496171513708695,-0.0032095987299651796
2017-10-12,0.015077187188278841,0.011165927884565522,0.011177047924897598
2017-10-13,0.005322141186559692,0.0029065791697448482,0.007037142143597297
2017-10-16,0.004413555384526232,0.004818326828118119,0.006235527378509298
2017-10-17,2.147360822908704e-05,0.0024733302125205035,0.00035193420634405115
2017-10-18,0.0012426606308044374,-0.00370778311211386,-0.0023059945074831445
2017-10-19,-0.004245406051194577,-0.0056145854334425215,-0.006297204164917303
2017-10-23,0.006181660703450488,0.005113905604393272,0.00377466285828576
2017-10-24,0.003610455852770177,0.003717171085752194,0.0022435859942857572
2017-10-25,-0.0039798189978475975,0.017673246185097382,0.008586597606260904
2017-10-26,0.010721567138618127,0.0019516530053138711,0.004706027201677676
2017-10-27,0.0008223600914048497,9.9306827574326e-05,-0.002006032637116295
2017-10-30,0.009669715225081013,0.008695906971007373,0.00393300300838062
2017-10-31,-0.0002887717321463571,-0.0003177182256074642,-0.002735579151063039
2017-11-01,0.008677365927603362,0.008608522922649955,0.010178727013297362
2017-11-02,-0.0008516321502818523,0.002550096201416719,-0.0015995589591015769
2017-11-03,0.0018274113478640376,0.0008920114229565151,0.0027533333189682097
2017-11-06,0.008449291028252289,0.0027981555983270785,-6.698831021290097e-05
2017-11-07,-0.014157112797542276,-0.01339159037907314,-0.009725541625559164
2017-11-08,-0.006021584094656339,-0.002378751203981986,-0.004540996818999998
2017-11-09,0.008999197760032879,0.005939387587805867,0.0005629156585715833
2017-11-10,0.0015160872987037273,0.0016647858949469278,0.0012416205767800115
2017-11-13,-0.009298781316994114,-0.007263825464115362,-0.009378235734008311
2017-11-14,3.46128989251606e-05,-0.0023672109965063495,-0.0037506868204679744
2017-11-15,-0.01339676638681614,-0.006991409264959281,-0.00672940994209803
2017-11-16,0.010088559938441006,0.009051519147347203,0.009557197007243445
2017-11-17,0.011809014907931152,0.008792880565502781,0.006740214824151325
2017-11-20,0.008666804727558437,0.003669458888728584,0.0014732575363192169
2017-11-21,0.004512875274483923,0.0027782346204568782,0.0027333793542905216
2017-11-22,0.0015960651084399372,0.0006226446478872255,0.00149119420929833
2017-11-23,-0.0001704999146816548,0.0017378277885174908,0.0006236712756650942
2017-11-24,0.003527274373554019,0.0036225010077556223,0.003957018510689636
2017-11-27,7.776301244906978e-06,0.0017410936476698518,0.000948016707878141
2017-11-28,-0.002478640915537126,-0.0001956116761702393,-0.0028174108723719726
2017-11-29,-0.001865339746674462,-0.0013277048763005006,-0.0008630645657047298
2017-11-30,-0.006943862410619714,-0.006951650766613217,-0.013005125084696312
2017-12-01,-0.015652132969518,-0.009971158706074965,-0.010242946252702612
2017-12-04,-1.1112892654356978e-06,0.0014656375244199373,0.0005878594150563465
2017-12-05,0.0014344017059669813,-0.0014372000342719126,-0.0009380168349337747
2017-12-06,-0.012476310070667873,-0.008891912762582123,-0.007328380957675518
2017-12-07,0.02134581555110201,0.01574387791523641,0.012206229598028528
2017-12-08,0.014584301975274501,0.009026716482951728,0.009732773998600175
2017-12-11,0.002326802544511475,0.004481337072059425,0.0055134947345070184
2017-12-12,-0.008102260216337729,-0.006294973885405766,-0.007953654423696332
2017-12-13,-0.008355212901521627,-0.0075521685465128096,-0.004609326378225087
2017-12-14,0.004743870770994602,0.0029360265338663452,0.005802972930222028
2017-12-15,0.014492424097721099,0.00924011359965832,0.007915489872025061
2017-12-18,0.01120965468359625,0.00972887977738638,0.005371011056540809
2017-12-19,0.012817779383933204,0.009807272812274379,0.007166424768379365
2017-12-20,6.0572284587974546e-05,-0.0007342555560027745,-0.001815888030940238
2017-12-21,0.00018422185867016008,0.0029079618609907346,-0.00037345038892977467
2017-12-22,0.006465714753652096,0.004181708236324964,0.0050477664720738336
2017-12-26,0.005757739635533864,0.003392786037328264,0.003669112741827796
2017-12-27,-0.0037683699848180315,-0.001290558215016462,-0.003869344347908643
2017-12-28,0.0005604171885101021,-0.0012947460484510399,-0.0012248513571480046
2017-12-29,0.0020492175930753916,0.006093619784307694,0.005039158869532878
2018-01-01,-0.009937710585247204,-0.005408366329994732,0.0
2018-01-02,-0.006062063180295318,-0.0045795470437426595,-0.008403999578242116
2018-01-03,0.008303402146432711,0.0037484586573184996,9.576525840304662e-05
2018-01-04,0.015386780511717015,0.009914152759484356,0.0058985376343401175
2018-01-05,0.012160144322596959,0.00920968507576425,0.005145248428569005
2018-01-08,0.004938014832600824,0.007689957022732879,0.006132296831134809
2018-01-09,-0.0031909241490394274,-0.0011158215966649084,0.0012613794869653638
2018-01-10,-0.0016853697320204845,-0.0019265766915665563,-0.0004512366915013777
2018-01-11,0.00021492070050041327,0.0010369194478149438,0.0017870242895141608
2018-01-12,0.00036241459211675204,0.00020185055516586258,0.00282125996474325
2018-01-15,-0.0015346880150108545,-0.0014360452487918384,0.005645388385020489
2018-01-16,-0.01616220729149976,-0.00834755990445703,-0.003826227138756466
2018-01-17,0.009285566726775284,0.007793105804495147,0.008233261943837888
2018-01-18,-0.018434245537296584,-0.010487729958376768,0.002637073177355065
2018-01-19,0.009907571749002341,0.007781907837969827,0.007183155709762357
2018-01-22,0.0016014457641430537,0.004913138064053301,0.006562824007838586
2018-01-23,0.015738426809866587,0.010531075128744533,0.010714741469905364
2018-01-24,-0.007696294089528929,-0.002570188572918791,0.00020749430668232094
2018-01-25,-0.004395328310522229,-0.005918029165976989,-0.001474797886974577
2018-01-29,-0.0010094926101160357,-0.0038480950880089917,0.005487978197707966
2018-01-30,-0.007284192875874648,-0.004719811345158108,-0.0072549052294663685
2018-01-31,-0.008142421183964207,-0.006815036733251859,-0.001986505865481769
2018-02-01,-0.0023281458547281227,0.0019971651425800415,-0.000979334267002474
2018-02-02,-0.03537100950307907,-0.02597141273306541,-0.023264327729431322
2018-02-05,-0.004714341085984993,-0.0042041864457414025,-0.00874020111347329
2018-02-06,-0.009200079754098957,-0.014127419121587772,-0.015778279553294694
2018-02-07,0.002296258901713758,0.0023499201502860897,-0.0020527044686019513
2018-02-08,0.018264342429570566,0.015619998731677694,0.009559251691416026
2018-02-09,-0.0016673314910209806,-0.002469493060078102,-0.011525115565078292
2018-02-12,0.013951223034077215,0.010564801646605835,0.008110971654893273
2018-02-14,-0.0017548567649405588,-0.003366036062780328,-0.0036860086221209842
2018-02-15,-0.007835106235872627,-0.002261259599777149,0.004247217640005241
2018-02-16,-0.013069542913281908,-0.008993938731216327,-0.00883791146104973
2018-02-19,-0.013744746712045916,-0.010450623225443819,-0.0070701582851038225
2018-02-20,0.0022549259642850004,0.0009741820846006714,-0.001734371321447492
2018-02-21,-0.005624353492519326,-0.0003751811584257924,0.003576097765586983
2018-02-22,-0.003283152157650441,-0.00514497504519566,-0.0014186170381128571
2018-02-23,0.01952586558246774,0.01332818694196241,0.010435590678416817
2018-02-26,0.013419032680395284,0.008710988910187843,0.008726467454819975
2018-02-27,-0.006986488020474724,-0.004083904774695298,-0.0026741826897078713
2018-02-28,-0.004323950134864541,-0.00268764240566086,-0.005822290104475547
2018-03-01,-0.004886753427441944,-0.0033150289814347965,-0.0032879533476946055
2018-03-05,-0.012640791010420593,-0.01009644991994122,-0.009513929416818057
2018-03-06,-0.011611485178758292,-0.009394453642746426,-0.010580287725753812
2018-03-07,-0.014204209015911242,-0.013006748869797639,-0.00927383024977435
2018-03-08,0.0059681511693724255,0.0046405012660871645,0.008710700361544088
2018-03-09,-0.0065362481945599295,-0.003215440510473965,-0.001542645765246653
2018-03-12,0.0177651696372087,0.011974999104338432,0.019023530088059015
2018-03-13,0.007315492330973656,0.007039930859744666,0.0005228873803659884
2018-03-14,-0.00011740405935309133,-0.0002021397454200769,-0.001529629691374823
2018-03-15,-0.0010312133346429776,-0.0017685790001599,-0.004874698450260895
2018-03-16,-0.015260774339753449,-0.013579840063702837,-0.01592640973139836
2018-03-19,-0.016710708475070564,-0.0144782446768274,-0.009896900659531527
2018-03-20,0.0073554609125849385,0.005435831085738285,0.002981856935879268
2018-03-21,0.0014813903964406155,0.0009057557605536238,0.003052086486265315
2018-03-22,-0.005287172347864574,-0.005617450534454352,-0.003988084980675044
2018-03-23,-0.014319639701950966,-0.009840429522022237,-0.011537625281148767
2018-03-26,0.021474878474395463,0.013481046002613722,0.013262645068574441
2018-03-27,0.010480438857396414,0.01054047582014509,0.005281003483202706
2018-03-28,-0.013923673422040903,-0.0053976559145011765,-0.006917631084606968
2018-04-02,0.015418644523049481,0.01465853585294946,0.009699675438319622
2018-04-03,0.006400901642206697,0.006984428256739261,0.0032511600254110373
2018-04-04,-0.014058947568299174,-0.01261797305825634,-0.011381123413860439
2018-04-05,0.0292696283111612,0.02083614239600553,0.019425574859986305
2018-04-06,0.0032737467538470036,0.004635249971501318,0.0006246125727966678
2018-04-09,0.006693976676152706,0.005164601946047814,0.004621743176794313
2018-04-10,0.004863569017254951,0.0020720552741556454,0.002206341580816895
2018-04-11,0.001636818263602646,-0.0016814307674373878,0.0014324199692374862
2018-04-12,-0.0024858762839098563,-0.00040467029996493406,0.003983815001590951
2018-04-13,0.005720125801569687,0.002253446988060911,0.002098666456015641
2018-04-16,0.007557405269516537,0.005462676853734786,0.004556037037927396
2018-04-17,0.0027033043749841723,0.002120055955855911,0.001932932196645476
2018-04-18,-0.004026589024223756,-0.001538349685601789,-0.002132964212026689
2018-04-19,0.009848376119969743,0.005504243134994532,0.0037145036812440413
2018-04-20,-0.00592970397324243,-0.002678336367590346,-0.00011831183431687542
2018-04-23,0.0010853112747198947,0.0054231076776828395,0.0019547797489403163
2018-04-24,0.0019150417409799871,0.0006296562568303865,0.0028011576629851653
2018-04-25,-0.0038862377014829675,-0.003908864724727259,-0.00412647089076601
2018-04-26,0.0024157111335621367,0.0010736591141038362,0.0044699661676110836
2018-04-27,0.003963002227852322,0.006940221147935637,0.007016519558704637
2018-04-30,0.005477423747580434,0.0070794152653206955,0.004400344691688707
2018-05-02,-0.01749120776728519,-0.012313164924911484,-0.0019833421447520427
2018-05-03,-0.011884886501597799,-0.009825397196275672,-0.003582686660562606
2018-05-04,-0.004148389753567316,-0.005028717715144856,-0.0057492884485150775
2018-05-07,0.014067468300245078,0.009973739648329151,0.00915875968262192
2018-05-08,0.0014413955292110535,0.000809562651716482,0.00021462411343375898
2018-05-09,-0.0036428704160225665,-0.004143241141371587,0.0022299717349214543
2018-05-10,-0.007891099456280845,-0.008003230141239924,-0.0023413789407356056
2018-05-11,0.00908774654202275,0.00598518533644543,0.00839357787271755
2018-05-14,-0.011738332809214469,-0.00494618177528394,9.217542682682378e-06
2018-05-15,-0.0007417916617993291,-0.001434049008425494,-0.0004395462191344457
2018-05-16,-0.00011314144055861724,-0.004201226664419558,-0.005624036826737067
2018-05-17,0.001002011605105764,-0.0010775989781522208,-0.005437005165795927
2018-05-18,-0.013866650947117863,-0.011957104710500294,-0.008078463600931896
2018-05-21,-0.015001643005781773,-0.00942805952627927,-0.007521440524559053
2018-05-22,0.01123914634175762,0.009253855485469049,0.0019017372016476575
2018-05-23,-0.012750099504681702,-0.012290776458324609,-0.010093348388598211
2018-05-24,0.0010971013316756126,0.0027428721322516445,0.008005484296034426
2018-05-25,0.018973244828299252,0.016993243139108796,0.00868385840031305
2018-05-28,0.009762220631763092,0.013977640052034144,0.007873532851907061
2018-05-29,-0.004009407967538411,-0.0031496638273655325,-0.005178444790938985
2018-05-30,0.002675049861891221,-0.0009495395751447609,-0.0017821556488181178
2018-05-31,0.0004774979768376827,0.0022144844960897293,0.011475105468772284
2018-06-01,-0.007234002316439369,-0.007285802943436752,-0.0037210912532843476
2018-06-04,-0.009321639009252907,-0.008623880576767821,-0.006329368754912523
2018-06-05,-0.005648531032027393,-0.0072785256404696245,-0.003325926459519235
2018-06-06,0.011920448481510318,0.012087367618117805,0.0086376570355291
2018-06-07,0.011365496621741515,0.010801724114253702,0.007833594520176401
2018-06-08,0.0017636461229574665,0.0033880485910747207,-6.493276828523076e-05
2018-06-11,-0.00033013291526723756,0.0013404168374493949,0.0017923877528847054
2018-06-12,0.00954455397799777,0.00569672604344295,0.005182133323169635
2018-06-13,-0.0011690108446933223,0.0014275090586103245,0.0012773935299743577
2018-06-14,0.0034317983920382025,-0.0004527636884692655,-0.0044811397339686865
2018-06-15,-0.0029143159115244343,-0.0026632020511184566,0.000892889170515776
2018-06-18,-0.0007684806951162326,-0.002128661071519441,-0.00165012762557748
2018-06-19,-0.011236656181047792,-0.011313353325619223,-0.008277838793689818
2018-06-20,0.004745733297987327,0.0009969581535701675,0.005751355755517995
2018-06-21,-0.0037129052433761745,-0.004980053365226001,-0.0028731945983977436
2018-06-22,0.005384982794365533,0.004934748740172436,0.007517852262492797
2018-06-25,-0.005526995949868939,-0.0070708177176047665,-0.005488841206131911
2018-06-26,-0.0012632353694631928,0.0012849576996465022,0.0006225529680423669
2018-06-27,-0.013394394772880607,-0.014169183396492549,-0.009076853461448153
2018-06-28,-0.02040803388750234,-0.0141242607935911,-0.007712275637441368
2018-06-29,0.01887246211664619,0.015942012322078536,0.011823497741172861
2018-07-02,-0.0045223408245288685,-0.005794674408195519,-0.005319993003655044
2018-07-03,0.0066243858759077855,0.00540310027165578,0.003997315147197256
2018-07-04,0.006509852109057361,0.0031967209034031844,0.006542116977213297
2018-07-05,-0.004079609278734242,-0.0022299284590452896,-0.0018709913642785958
2018-07-06,0.0008173039145018768,0.00373623759499525,0.0021303184376380013
2018-07-09,0.012955596074305747,0.010753748843287543,0.007449420253147654
2018-07-10,0.01172015069044898,0.010197040084520992,0.008693492612951825
2018-07-11,-0.0013398379196335462,-0.004502118140291919,9.589665783638068e-05
2018-07-12,-0.0009093791889268734,0.0004152744791031125,0.006841280560560881
2018-07-13,-0.0010719846582291674,-0.005087079350138244,-0.0003900686380828855
2018-07-16,-0.013518525469376172,-0.017340838600297424,-0.0074463674542162295
2018-07-17,0.008000568574070338,0.01401834341724809,0.006510119262449043
2018-07-18,-0.00786704899839059,-0.00724798451630686,-0.002507220612614547
2018-07-19,-0.0064163519465347445,-0.004622549620806999,-0.0021265599790679657
2018-07-20,0.009148060069640815,0.005672943628985569,0.00484622644956767
2018-07-23,0.007342938984241705,0.011671295816473602,0.006770976309698584
2018-07-24,0.0064656436434150375,0.012955352762322155,0.00447008770495505
2018-07-25,0.0026574723810982837,-0.0009585895119261953,-0.0002065513528324292
2018-07-26,-0.0011560082771686299,0.005231491117007088,0.0031710209025781477
2018-07-27,0.00993183616489,0.01004642828078105,0.009944194803553685
2018-07-30,0.0013736584141208735,0.006494562387717698,0.0036530340643325943
2018-07-31,0.012354678553496569,0.006616119283663952,0.0032642813495284972
2018-08-01,0.005793377134368413,0.0014575146097997973,-0.0009069523785937283
2018-08-02,-0.006333070970619899,-0.0038513200300751434,-0.008945726168478219
2018-08-03,0.004942705748686214,0.008665363895356116,0.010324829240302646
2018-08-06,-0.00030426514151663496,0.0028095574791615298,0.0023149606664707445
2018-08-07,0.003788610125442681,-0.0012013495454894375,0.00020642534254866618
2018-08-08,0.005866146528186376,0.0025607902259537968,0.005316306199962151
2018-08-09,0.0027401910083213765,0.004508215503895644,0.001807877319869089
2018-08-10,-0.006427948446873603,-0.004721255116222913,-0.003591776841080363
2018-08-13,0.0019847183474788976,-0.00463983885841724,-0.006452600726191027
2018-08-14,0.010458882808957164,0.008569719945161373,0.006987615029830696
2018-08-16,-0.0027089767258735658,-0.00255930771244034,-0.004376857779749166
2018-08-17,0.011585404443117469,0.011989034940460766,0.0075274326228431665
2018-08-20,0.004727787796736342,0.00879976202137255,0.007061438877143944
2018-08-21,0.002846475903099447,0.002868238470057106,0.00165779129785526
2018-08-23,0.0066190006343981485,0.001766194837273798,0.0010240870610727093
2018-08-24,-0.0033473261934945705,-0.0021564126906242153,-0.0022145337355118366
2018-08-27,0.010256267031135795,0.01018503354973363,0.011668203138797129
2018-08-28,-0.0006738872777639147,-0.00012632352700228864,0.003981355027167455
2018-08-29,0.00380054357359076,0.0009570097938375362,-0.003969809547642367
2018-08-30,-0.0014034145651015684,0.002356243263431676,-0.0012915424723947133
2018-08-31,0.003763966510677389,0.0050431463258767874,0.00031688436681198695
2018-09-03,-0.010120702321041269,-0.007179870171354112,-0.00840292715423141
2018-09-04,-0.016716679595557334,-0.019762885906330938,-0.00535727264157837
2018-09-05,-0.005104979100458962,-0.005200238033769929,-0.0037628889968090995
2018-09-06,0.00612669610271089,0.007875329782367508,0.005223530144531363
2018-09-07,0.012334658465426494,0.01098285654732593,0.0045245444601755835
2018-09-10,-0.019161522737325205,-0.01664209079276981,-0.013029485041085365
2018-09-11,-0.011398021819859595,-0.01371607971360705,-0.013166488710376734
2018-09-12,0.008225470703869309,0.0071426566045420465,0.0073001453488372725
2018-09-14,0.016647185490566808,0.017775628024415964,0.012779338401883056
2018-09-17,-0.00702117099697669,-0.005426394001998141,-0.011936413868727347
2018-09-18,-0.002729454864236117,-0.013123945611920167,-0.008687975159851424
2018-09-19,-0.0031044217866461796,-0.002555185044000506,-0.003949922395540484
2018-09-21,-0.008642099344634288,-0.01001727633475656,-0.00812241056873042
2018-09-24,-0.018834441398960226,-0.021242404008867247,-0.015767535507102526
2018-09-25,0.0074158216765226204,0.007481135906297667,0.009122472156029238
2018-09-26,-0.0007053953086807414,0.000759679058488255,-0.0012333817079910325
2018-09-27,-0.009545624512855714,-0.01105005522304742,-0.006898080420062014
2018-09-28,-0.014232032550301055,-0.015264885472988203,-0.004290539347394984
2018-10-01,0.0034490245720636024,0.002888872656803453,0.007122269255513958
2018-10-03,-0.019041863421306888,-0.010355025950013337,-0.01363060666494631
2018-10-04,-0.018422294686236965,-0.021118812009716485,-0.023852830796859514
2018-10-05,-0.01947046144462758,-0.030026253947661712,-0.026681114672028716
2018-10-08,-0.005143623292140047,-0.00404576858452305,0.003063031253653259
2018-10-09,-0.005347094809908646,-0.005913710752468433,-0.004541918611438267
2018-10-10,0.034155329974846334,0.027814362329884462,0.015440154906845027
2018-10-11,-0.0268846783440715,-0.0175396871970852,-0.021553257346415555
2018-10-12,0.02890651321791161,0.026846506217117084,0.02323964183406524
2018-10-15,-0.000601756076911519,0.001895119586891113,0.003819527333492445
2018-10-16,0.013755442953756919,0.010995049783263766,0.006872770511296089
2018-10-17,-0.01856714692597395,-0.017910534469410162,-0.012442447418455793
2018-10-19,-0.004931669813905265,-0.005825325135391637,-0.014302046081609565
2018-10-22,-0.007073690739790177,-0.006579033373660585,-0.0056582251546914986
2018-10-23,-0.015345775182058354,-0.01052790774747898,-0.009609350217173795
2018-10-24,0.012587697266573798,0.009354321366993292,0.007682244334463961
2018-10-25,-0.0005423253020802162,-0.006647092803962995,-0.009765481735494741
2018-10-26,-0.0014736387381476897,-0.0035366533611437176,-0.0093729702973544
2018-10-29,0.02656953426197465,0.02681545891326439,0.022018904224825553
2018-10-30,-0.0008668682230044433,0.0007754946737927823,-0.005116572845048073
2018-10-31,0.017176761300612364,0.014176429619348719,0.01845379780568379
2018-11-01,0.0008831493634932226,0.004244693816869041,-0.0005920526730374132
2018-11-02,0.008875421374487396,0.014057271637527954,0.01662257430466929
2018-11-05,-0.0025939647608644346,-0.001959652956031411,-0.0027480337344830685
2018-11-06,-0.004324104133786648,-0.0060526133294285635,0.0005701254275940482
2018-11-07,0.006376173119184052,0.005822324893105397,0.006495763592117676
2018-11-09,0.005795212855734925,0.006580161043890642,-0.0012454893970770264
2018-11-12,-0.008192200009056985,-0.01278950822102731,-0.009730567027500525
2018-11-13,0.007827579587106344,0.008069147429907816,0.009568583199961456
2018-11-14,-0.004350687497620124,0.000196259629671681,-0.0005858913595558901
2018-11-15,0.007733788013904105,0.007080758906046705,0.0038198983927342223
2018-11-16,0.00047600101830010133,0.004358885071793112,0.006169525256907837
2018-11-19,0.007429077131960571,0.0059750095188420725,0.0076014485618920435
2018-11-20,-0.009848872146757554,-0.010906435033942093,-0.009959695953136949
2018-11-21,0.0025850444119138393,0.0036194098344243743,-0.00526926949530282
2018-11-22,-0.007805592494306471,-0.006649116886830376,-0.006915043423200262
2018-11-26,0.006002614170085117,0.0060598486970698815,0.009675313783931383
2018-11-27,0.004571073230810696,0.002305067322215025,0.0053628890065369195
2018-11-28,0.0013050533817810408,-0.005872386306174584,0.004047503329813518
2018-11-29,0.014684028034561276,0.010569242890773888,0.012102936537020215
2018-11-30,0.0063530201443111126,0.0030665359464407075,0.001662243580064171
2018-12-03,0.0020176539544957467,0.004403653474603006,0.000643574597191332
2018-12-04,-0.001393943285265801,-0.0020297644842557105,-0.0013092913747559942
2018-12-05,-0.011286850392383575,-0.012815311482617815,-0.007967211865771207
2018-12-06,-0.021377674497286173,-0.01809519739247037,-0.01685539079615528
2018-12-07,0.009773611541978984,0.005778124647647792,0.008730166187373989
2018-12-10,-0.019904246599029153,-0.01703466324413243,-0.019193543511718203
2018-12-11,0.01909025297866883,0.014956332158831924,0.005787336945131116
2018-12-12,0.023307778923259855,0.023031912899047744,0.01786392380162427
2018-12-13,0.008349642791588275,0.007522619233982615,0.005024418610784842
2018-12-14,0.0018937281577649956,0.003356104227831879,0.001288081033454791
2018-12-17,0.004014113339091803,0.004766896176883887,0.007672000015183311
2018-12-18,0.0004246087526336113,0.004019752917718222,0.0018690239262686426
2018-12-19,0.012946671217899483,0.012654523594998246,0.005371823253533137
2018-12-20,-0.003921744735997313,-0.001487613990507677,-0.001422374664029169
2018-12-21,-0.017780897020896896,-0.012381328745819598,-0.018052009440243655
2018-12-24,-0.01579772446861656,-0.012409686737972086,-0.008415473312255894
2018-12-26,0.0012023888144583957,0.003360006127040973,0.006222123071693231
2018-12-27,0.004893579007552067,0.0018420979950070678,0.004655255863871277
2018-12-28,0.011734168845557141,0.00942810739275406,0.007430619064249022
2018-12-31,0.002224810323858021,0.002036552922719052,0.00024396301689710853
2019-01-01,-0.003441368729353041,-0.000374296903087896,0.0
2019-01-02,-0.007916941318003152,-0.013212513580158205,-0.006448744166611009
2019-01-03,-0.0018080310018026937,-0.008254417493873152,-0.011141996757007222
2019-01-04,-0.0003684416471500749,0.00567189763994601,0.0051628859308019415
2019-01-07,0.005959778356999006,0.0015075620905501358,0.004143632577580325
2019-01-08,-0.0011490639070018563,0.002987928446692552,0.0028175965472634346
2019-01-09,0.0038427848532961,0.00048472181898173526,0.004906430486840696
2019-01-10,0.0015028355345370506,0.002189656780383364,-0.0030907707440862575
2019-01-11,-0.0014674533468098249,-0.002678246914893641,-0.0024626132017869784
2019-01-14,-0.005086929057332954,-0.005548736303491712,-0.005312723532749919
2019-01-15,0.010323163335541452,0.008881720622608334,0.013895116296032572
2019-01-16,-0.0020916032752327485,0.00056688436752831,0.0003214902508350548
2019-01-17,-0.0003880860053617766,-0.0005179218667605391,0.001368225934293088
2019-01-18,-0.0006218976464074209,-0.0051301755671810615,0.0001604738994844812
2019-01-21,0.0022281707735100557,-0.0027935610697265305,0.0050334340103701525
2019-01-22,0.003367049228959825,0.00041929522624486565,-0.0035668806605010372
2019-01-23,4.1767693170484114e-05,-0.004419639610807179,-0.008354123274816327
2019-01-24,0.0003917923891448849,-0.0006079667709661399,0.001689498655541799
2019-01-25,-0.007517828787677875,-0.012406709695718783,-0.006382606245884936
2019-01-28,-0.00867982473934481,-0.015034199730937543,-0.011038398055380982
2019-01-29,0.002765060240058844,0.004866355477595689,-0.0008769465552643796
2019-01-30,0.0011096644710771352,0.0019546662023599494,-3.758759858607519e-05
2019-01-31,0.013104753696771774,0.010329576918963145,0.016818790618479573
2019-02-01,0.01372533431329013,0.004486281717905069,0.005788983808607595
2019-02-04,-0.004265327621835716,-0.006845305207913818,0.0017073807867935553
2019-02-05,-0.0007350672438694254,-0.0020120660965734067,0.0020252110586724825
2019-02-06,0.009945284163842978,0.012277046240162676,0.011715428033110209
2019-02-07,0.0033847192784250404,0.007186486174734189,0.0006282690714798367
2019-02-08,-0.010089667945952036,-0.01385686167933005,-0.011364733121095205
2019-02-11,-0.011081569777504139,-0.01244996688457121,-0.005007475295473629
2019-02-12,-0.005411763620946412,0.000599603748935364,-0.005271417887377283
2019-02-14,-0.008100694403817832,-0.0061259653731794445,-0.007879921603800577
2019-02-15,-0.00873037176822137,-0.008643164433365852,-0.002014639281967212
2019-02-18,-0.010118063503437792,-0.01078165580270191,-0.00778133902809619
2019-02-19,-0.0011047768298135733,0.002344805450619796,-0.0034395975233135756
2019-02-20,0.012819528769831378,0.014373391676980237,0.012362906803977669
2019-02-21,0.0034598070766751433,0.0074796647432316095,0.005067269008080633
2019-02-22,0.004359789536940787,0.006783340941705958,0.00016689586186968697
2019-02-25,0.008493335858570657,0.006365310815803896,0.008196078963680797
2019-02-26,-0.0011775987218822074,-0.0020168125728801567,-0.004117591409631749
2019-02-27,0.0007173015078908294,0.0015850394755252458,-0.002644081343287419
2019-02-28,0.0007437353936708557,0.003415561534987251,-0.0013094150466157473
2019-03-01,0.0021336792247762895,0.011662602840953712,0.006578642575862936
2019-03-05,0.006104700929103282,0.018651550429208845,0.011409784628572783
2019-03-06,0.0017935492491828434,0.005169527258714075,0.005965879573721855
2019-03-07,-0.0036040488243264147,-0.004726176057335393,0.00047047817900125466
2019-03-08,0.000148963966986016,-0.0005956123984401878,-0.0020618006804727917
2019-03-11,0.012603095422687808,0.020702369163141197,0.012020353532001593
2019-03-12,0.013975472433034522,0.007543707072460043,0.011922438828049886
2019-03-13,0.0009620370140316173,-0.00294216560049511,0.0035836901656514097
2019-03-14,-0.0034495464640303653,3.8781694833649026e-05,0.00013664659273393553
2019-03-15,-0.0003864819678248819,0.004645102880178872,0.007369987382364052
2019-03-18,0.004977471495288509,0.002075703116435193,0.0030936423551506387
2019-03-19,0.004392251367373097,0.0044555915546972075,0.006124495656707252
2019-03-20,-0.003751067317204849,-0.004542663407319745,-0.0009842344657688962
2019-03-22,-0.0018615863943055849,-0.00384191499882216,-0.005568018119008533
2019-03-25,-0.009430774150018658,-0.007820979605174399,-0.008959700017030503
2019-03-26,0.012179171994967335,0.011500757783023285,0.011361384503600025
2019-03-27,-0.0028418747932244977,-0.0005814806183280822,-0.0033266013813597617
2019-03-28,0.008276328128757313,0.008082514076551426,0.010917400749215211
2019-04-01,0.005326977794811074,0.01421902912621878,0.008569610252809001
2019-04-02,0.00033301518287212075,0.0007597428751883954,0.0037748939051200914
2019-04-03,-0.0013786860345879797,-0.006466981405327019,-0.005912133221091298
2019-04-04,-0.0015182904212233074,-0.002031593929990483,-0.003946272059030087
2019-04-05,0.0016465538801442273,0.005519099506331798,0.005858785593421345
2019-04-08,-0.004723415746892624,-0.0067280830629271714,-0.005267483083991831
2019-04-09,0.005309042256771298,0.0058730335277431605,0.005812417192683883
2019-04-10,-0.0024516385766796406,-0.00386237873935376,-0.007509489773200095
2019-04-11,-0.0003279103501146835,0.0015834870538367274,0.0010704480058416621
2019-04-12,0.002724037240753108,0.005516481861433746,0.0040313191867198395
2019-04-15,0.004666784646965712,0.004606651370749721,0.0040279653604204935
2019-04-16,0.006282532313038461,0.005748044191855046,0.008280400884877803
2019-04-18,-0.003946846460235498,-0.005846309999130512,-0.0029142400664389223
2019-04-22,-0.00859448560151786,-0.014607402392298675,-0.013473352052831178
2019-04-23,0.0007596944021088868,-0.0015255008248429983,-0.0015955909670886115
2019-04-24,0.012091347594336731,0.009115464201759809,0.012975193636658888
2019-04-25,-0.005443708145362273,-0.0029101279969615504,-0.007193374050953438
2019-04-26,0.004660488294083322,0.0037769963538695165,0.009693568677590747
2019-04-30,0.003725060922997636,-0.0032502402239540226,-0.0005529726349993158
2019-05-02,-0.007910070912732462,-0.004174856482481177,-0.001991836148409698
2019-05-03,-0.006067722256870819,0.0006734249640879455,-0.0010661208128105448
2019-05-06,-0.010131481299957026,-0.009442559531015082,-0.00973339879186319
2019-05-07,-0.007024167329278376,-0.008558328455742274,-0.008652133673183404
2019-05-08,-0.010918234125705419,-0.008633140372602021,-0.012041345863927244
2019-05-09,-0.0012104431377439775,-0.004014824658204841,-0.005075103956069027
2019-05-10,-0.0017284892866253933,-0.0027337250346022197,-0.0020261741013145596
2019-05-13,-0.005353478495571441,-0.01883939762658865,-0.011588026384304118
2019-05-14,-0.000578358953590804,0.007080321275727778,0.006624352638199937
2019-05-15,0.002123922505357493,-0.004986562355515127,-0.005796606308085428
2019-05-16,0.007660052859414115,0.007872221769531262,0.008971910851931497
2019-05-17,0.01156431174107318,0.009706750379490208,0.013329435330307948
2019-05-20,0.03089617025858678,0.037403279665293276,0.036915407876193296
2019-05-21,-0.0016694554246812947,-0.009712340846637217,-0.010073374389702572
2019-05-22,-0.0007248171867594374,0.0020059259451621464,0.0024596922232125173
2019-05-23,-0.004105070765507512,-0.0010208950216103992,-0.006887993870017373
2019-05-24,0.008313986555384852,0.022492756111087395,0.016046067214389392
2019-05-27,0.00012308957927547085,0.008670196716306188,0.006809330661248669
2019-05-28,0.002986742449270629,-0.0008005001083446768,0.0003354368016101894
2019-05-29,-0.0002045093279930705,-0.00756767161919975,-0.005671205333752538
2019-05-30,0.007386343991339347,0.004516070508236593,0.007149487319284775
2019-05-31,0.006262530117194786,0.0032910259453577274,-0.0019337668306382838
2019-06-03,0.01831717325913785,0.015187488477731319,0.013901936014629301
2019-06-04,-0.006903484430778024,-0.005455664653364283,-0.005534114111566901
2019-06-06,-0.007053897419589731,-0.014597421796614699,-0.014798333410505293
2019-06-07,0.001627702902665914,0.0006427730774602598,0.0022712730870713127
2019-06-10,0.007681163809320254,0.0015348243145411914,0.004384747505377318
2019-06-11,0.0024681774049946014,0.004241820116192455,0.0035981290613484873
2019-06-12,-0.004218270801994169,-0.004591788700209681,-0.004964181988503125
2019-06-13,0.0007016951541900187,2.8811260061372657e-05,0.0006592875347493088
2019-06-14,-0.00903607880251638,-0.008796177180166662,-0.007617057296864349
2019-06-17,-0.008494683974818987,-0.013517386848108631,-0.012784029548381648
2019-06-18,0.00018808905357069845,0.003447271134984042,0.0016577587443133979
2019-06-19,-0.0021671986583014836,-0.0037420527769803412,-4.259905700743083e-06
2019-06-20,0.009855470201422694,0.014402264748670273,0.012000205478679637
2019-06-21,-0.005481680488947092,-0.004104339875532752,-0.009098433505187353
2019-06-24,-0.0014418295723515684,-0.001909229944867952,-0.002085381356743965
2019-06-25,0.004806153422927362,0.006339279652734941,0.008273734808782462
2019-06-26,0.0015886017320424126,0.007989126166577234,0.004331778503613437
2019-06-27,-0.0008538755190195164,0.0016376816594677209,-0.0005064338279993086
2019-06-28,-8.499901461944345e-05,-0.0017062054990540966,-0.004450447465215945
2019-07-01,0.002726776915734468,0.003918174154049589,0.006510389269786421
2019-07-02,0.004659659332332064,0.004528291364064235,0.003767209141051886
2019-07-03,-0.0011179373001229322,0.0017455596470646912,0.0005415644793391738
2019-07-04,0.0030664212556554267,0.002438378628344883,0.0025174649128327786
2019-07-05,-0.02074145985161821,-0.01843981049893977,-0.011350334557515662
2019-07-08,-0.025474278528227794,-0.025028319029886188,-0.02138240331360608
2019-07-09,0.004909613741053302,0.006166752017567411,-0.00023352472109261502
2019-07-10,-0.013415989159830194,-0.009781978429928761,-0.004932545113165099
2019-07-11,0.003792254296067895,0.00999968252369566,0.007305046321514741
2019-07-12,-0.002448277128320372,0.0007022518476407237,-0.0026245922523520093
2019-07-15,0.0020025055702860466,-0.0012261297362328658,0.0031031905972733753
2019-07-16,0.01078040162514029,0.010005787374191048,0.006407297199588324
2019-07-17,-0.001323906978926962,0.0006804337912166455,0.0021350634900458854
2019-07-18,-0.007856169812219895,-0.012871276169413939,-0.007751838235294128
2019-07-19,-0.013662734289470492,-0.01706772209116214,-0.01531878214359883
2019-07-22,-0.00427316568281568,-3.4231844686337875e-05,-0.006397075524881224
2019-07-23,-0.0005559985930717569,-0.002321236862725951,-0.0013352832106081625
2019-07-24,-0.008380176338235696,-0.011326161172155033,-0.005273121293252303
2019-07-25,0.0024567259886040687,0.0030633492745160817,-0.0016989534831232112
2019-07-26,0.010320920888485581,0.009586496697142921,0.0028571795564771296
2019-07-29,-0.003244085918832611,-0.012222262026294763,-0.008427603929443195
2019-07-30,-0.00912975270580082,-0.01465384560750793,-0.009276785013729971
2019-07-31,0.0008786911463835664,0.011670095581828759,0.00294076968140633
2019-08-01,-0.009491564734822155,-0.010729672132405702,-0.012412304371289817
2019-08-02,0.001037687215521381,0.0014650508285224337,0.0015801101434427256
2019-08-05,-0.009574884693871244,-0.01183495682212393,-0.012252952282714391
2019-08-06,0.015966372931534224,0.014384029017692864,0.007884888857643269
2019-08-07,-0.007029365213196796,-0.010469653913335715,-0.00847167355513434
2019-08-08,0.015171812260734099,0.01321895189937726,0.016300510829763803
2019-08-09,0.008585193340927414,0.006593888601867749,0.006997556657477588
2019-08-13,-0.018528822426156853,-0.02048869470213784,-0.01654424529912324
2019-08-14,0.01031734957909084,0.013202438099450408,0.009477595331455646
2019-08-16,0.005853546733818038,0.006418998012659122,0.0016682152620135504
2019-08-19,0.004129750201508616,-0.00025364861012757475,0.0005521991749806165
2019-08-20,-0.00430441457670269,-0.0055882688928474,-0.0033382235519596737
2019-08-21,-0.007367319002985858,-0.011494777112107604,-0.008922556475220111
2019-08-22,-0.01143328279489035,-0.013832993579878371,-0.016242829527789215
2019-08-23,0.0038626316627468293,0.012925090884857821,0.008192639025843995
2019-08-26,0.019555786347410103,0.01477542618461736,0.021100066785376237
2019-08-27,0.0030433611800409275,0.00828846945946448,0.004295591066795668
2019-08-28,-0.0004527198852089928,-0.0059089574101427655,-0.005335266523260329
2019-08-29,-0.008157724794218738,-0.002059333068142425,-0.0088537862364102
2019-08-30,0.008412436445464525,0.008807942280408255,0.006845829640179435
2019-09-03,-0.019347452755059957,-0.02204320765924756,-0.02044311880570615
2019-09-04,0.004474127975116719,0.0025451027005467717,0.004329545403159107
2019-09-05,0.0022842427513123376,0.007102094356216409,0.000299686931614751
2019-09-06,0.005689568133676898,0.008646219921074278,0.009061643373168504
2019-09-09,0.007031385869443221,0.006226027713450131,0.005193547382711383
2019-09-11,-0.0015790559689044265,0.005888802293899125,0.0029673946046386845
2019-09-12,-0.003605215423601283,-0.0037285101713031375,-0.00479356902496042
2019-09-13,0.010307496392806335,0.008714863096292498,0.008476944640087414
2019-09-16,-0.0038983799227823583,-0.002856638785445181,-0.006536749886833726
2019-09-17,-0.014056279061807878,-0.01677088835963307,-0.01689465993774708
2019-09-18,0.005128484849120174,0.006259190687949746,0.002130859163064436
2019-09-19,-0.012262192016505661,-0.010368659383652244,-0.012531589991591652
2019-09-20,0.05907971281530777,0.059864155890680205,0.05319112930777714
2019-09-23,0.031009500417007514,0.025946098068306788,0.028915576657539077
2019-09-24,-0.0014034138686618916,-0.00454317450097904,-0.0010344649056013289
2019-09-25,-0.012637477794060773,-0.015324164222516406,-0.012771612287114875
2019-09-26,0.007856651800840388,0.013372974629689761,0.01145084856589107
2019-09-27,0.0008219753285654241,-0.004154036671811007,-0.005081564893442914
2019-09-30,-0.0034495579601493296,-0.003795854892561131,-0.003296462425282254
2019-10-01,-0.00855563613382193,-0.01585988612548063,-0.009983032105041145
2019-10-03,-0.0003280783519791139,-0.0021102262186020685,-0.004040562773145462
2019-10-04,-0.010844282306538668,-0.009602639244364617,-0.012307760296977222
2019-10-07,-0.0005142953455242255,-0.005092995288767913,-0.0043266837625002275
2019-10-09,0.01511458011717256,0.016879603561245904,0.01679783285706482
2019-10-10,-0.0038082371236439565,-0.006111636310655861,-0.006960833829169011
2019-10-11,0.00627648817870596,0.00922812251162835,0.006275284833450412
2019-10-14,0.0023381189790144664,0.007672068639599879,0.003193315072573366
2019-10-15,0.0071147444742682645,0.010205095283015756,0.007684353972992053
2019-10-16,0.0018637234671519754,0.0013660918574255416,0.003123841334461419
2019-10-17,0.009928229283241864,0.014599871908688989,0.010672506051552677
2019-10-18,0.009666272432869156,0.00968775860555323,0.006516288783389612
2019-10-22,0.003016255924986159,0.001033744193701053,-0.006302602285396697
2019-10-23,0.0024210666546137655,0.0012186062288329638,0.001359123648397631
2019-10-24,0.002887167733062001,-0.0016692215985229185,-0.0018527934715960592
2019-10-25,-0.007792906963293171,-0.0011836800175136174,0.00011230477560042473
2019-10-29,0.007389464822655302,0.017926729523625083,0.017519938181983052
2019-10-30,0.008680581291351389,0.006633681547990984,0.004857107869982835
2019-10-31,0.009416841272096724,0.006773312624376567,0.0028157974888274317
2019-11-01,-0.005574625393265817,0.0005662539137888747,0.0011070906504571099
2019-11-04,-0.003455204381480455,0.0036737827959579823,0.004263888868356602
2019-11-05,-0.005539977737066215,-0.00549909739782605,-0.002018173043904281
2019-11-06,-0.0008424694246973036,0.0005854545447313445,0.004099084396871566
2019-11-07,0.00762112015708868,0.00374733136275473,0.003844209304726398
2019-11-08,-0.008846468335771168,-0.008721697035873492,-0.008649599006986697
2019-11-11,0.0015624237637284818,0.0019247184548289934,0.0004450569159482054
2019-11-13,-0.0002441878244911193,-0.007140059427927271,-0.006127528029514329
2019-11-14,0.0039057003851469827,0.0007325285723105433,0.002672990768123773
2019-11-15,0.00017709913210599978,0.0025861996174448227,0.001966845520657623
2019-11-18,-0.0030883730569891423,0.0018561559686719918,-0.0009205364347466549
2019-11-19,-0.0044779060561458564,-0.0003872522470948957,0.004678329704657314
2019-11-20,0.0014315455242936165,0.0038104793713928916,0.004941332311304558
2019-11-21,-0.0027971824292334175,-0.006447057896410489,-0.002558460196964596
2019-11-22,-0.007410494715567468,-0.00017190944092371676,-0.004511881140131235
2019-11-25,0.009942118369382918,0.014933913084179518,0.013374538722098483
2019-11-26,-0.005972886110310638,-0.0053330315728149155,-0.0029858001604721185
2019-11-27,0.003871676405613881,0.008964555851531535,0.005233557820665036
2019-11-28,0.005565447207370689,0.008411987412385585,0.004169196368656758
2019-11-29,-0.003874308220188174,-0.005792473407591667,-0.007826467690735917
2019-12-02,-0.004735638011836018,-0.004270085062057653,-0.0006510929783939412
2019-12-03,-0.0012348486622842307,-0.008889131353848655,-0.004481997238144242
2019-12-04,0.002080125714485024,0.0046581781246174845,0.004085307832292884
2019-12-05,-0.0056598696644787755,-0.0074990434526225344,-0.00205923710353606
2019-12-06,-0.0017806073868728198,-0.009285941053073343,-0.008062669529681155
2019-12-09,-0.00370273704369879,-0.00040365798262829446,0.001342112989137334
2019-12-10,-0.006468053472486519,-0.010517361594200351,-0.006760225785340301
2019-12-11,0.008032254558746262,0.0055633852861287575,0.0044995771891509495
2019-12-12,0.0027756239660094583,0.007460365896402697,0.005176207859728388
2019-12-13,0.005106139220285281,0.01006029018595105,0.009597587037832866
2019-12-16,-0.0015489511430941724,-0.004891710620033363,-0.0027095898360001147
2019-12-17,0.0029511741105897674,0.006390190027291213,0.009212731336046609
2019-12-18,0.0024231424370601737,0.001676162827387299,0.004656834412248179
2019-12-19,0.0035666860163669147,0.0035388537685903123,0.003113311498149862
2019-12-20,0.006877001204826689,0.003564135006886643,0.000986941701855537
2019-12-23,0.0011604915254697903,0.0006754577762527137,-0.0007374472230261553
2019-12-24,-0.0015958731039414328,-0.0003118580841457211,-0.003930618769240168
2019-12-26,-0.001075502166387084,-0.001830149273207728,-0.007204522590446127
2019-12-27,0.006616557551544895,0.00956681776867518,0.009833794601157297
2019-12-30,-0.000579401527406561,0.002728222152131691,0.0008206736062803532
2019-12-31,-0.005982012922913515,-0.0045657086638611795,-0.007131240742024536
2020-01-01,-0.0001853431759131581,0.0011999635087623624,0.001154609211690083
2020-01-02,0.008557218039907413,0.009575502650212321,0.008183886337984836
2020-01-03,-0.0030422659446239717,-0.0032593395940560556,-0.004522789386603554
2020-01-06,-0.019220207771102792,-0.019443967753191738,-0.019105853072941215
2020-01-07,0.009358483476285472,0.005417633981068779,0.004994592001242859
2020-01-08,0.0032415181819390624,-0.001154732631412272,-0.0022899444111396106
2020-01-09,0.019608663296267446,0.014908056424809229,0.015845758122611686
2020-01-10,0.0013415813052927935,0.004464184046931574,0.0033480474426501594
2020-01-13,0.0035829045992015304,0.006301527063403135,0.0059354808073293075
2020-01-14,0.006396758216815139,0.004823650172456293,0.0026562202609821117
2020-01-15,0.005336921451378585,0.0022761972346219553,-0.0015369308543056182
2020-01-16,0.003518859993246174,0.0018153942556407396,0.000988406301843714
2020-01-17,0.007432137912999598,0.0036639642295497243,-0.000254978804985595
2020-01-20,-0.0043049391918566085,-0.007770361915672922,-0.010346193941151438
2020-01-21,-0.004929974883477476,-0.005309605774474343,-0.004474618385662321
2020-01-22,-0.002958030676236675,-0.004038593371165477,-0.005172555189302153
2020-01-23,0.008429300512947848,0.009074990409651611,0.0060667236352978104
2020-01-24,0.007443646689392725,0.00794053542389913,0.005574584704263197
2020-01-27,-0.00278933841225174,-0.007540319877771292,-0.010552527912150667
2020-01-28,-0.0016536381233328563,-0.006632249701633265,-0.005214967844912932
2020-01-29,0.005685291377765147,0.006009060612178654,0.006113256399948197
2020-01-30,-0.006514517351679382,-0.010583494756640697,-0.0077249841553650445
2020-01-31,-0.005335641037609291,-0.007568402136614036,-0.006123414854723341
2020-02-03,-0.012874980467190383,-0.01527867904485367,-0.021250384719316173
2020-02-04,0.023896706003825107,0.01855636262207688,0.02321082268667074
2020-02-05,0.012508719484137416,0.008811886490608914,0.009140500467834434
2020-02-06,0.006861310946615892,0.006461769324099391,0.004036661230167438
2020-02-07,0.007458685973764071,0.0032101146500561803,-0.0032625431230384194
2020-02-10,-0.0015757769815909334,-0.00818800365183709,-0.005525514763038308
2020-02-11,-0.0010852384681740808,0.002994094441330378,0.006350030388978967
2020-02-12,0.0019442907823011865,0.0016573159225303485,0.0077056964194832656
2020-02-13,-0.0015561143113351553,-0.001196764822289331,-0.0021759994314084485
2020-02-14,0.0011937949336293305,-0.008065081174824464,-0.005026854435148831
2020-02-17,-0.00896959135390464,-0.009510203326671551,-0.00558473346026378
2020-02-18,-0.0055886503560138205,-0.0036361935169598935,-0.004424762618648104
2020-02-19,0.017676228818633663,0.013361874061083984,0.011123651500938081
2020-02-20,-0.004196394285016385,0.000504497143454909,-0.003715252459506435
2020-02-24,-0.023965256523390734,-0.022516410510520498,-0.02081386879900149
2020-02-25,-0.006328183549247508,-0.004230137451192949,-0.002662856861702312
2020-02-26,-0.013131899510878982,-0.01260818185677806,-0.010120477938589723
2020-02-27,-0.0044480880416655055,-0.005628184679289673,-0.003870376787472707
2020-02-28,-0.032335065154140294,-0.03504117616237643,-0.03709607866493836
2020-03-02,-0.00633662524960896,-0.009431649103387486,-0.006159751824491688
2020-03-03,0.016582965060244256,0.023761160162970897,0.015319647408546855
2020-03-04,-0.0134837993797552,-0.005798470939669904,-0.004626950146523701
2020-03-05,0.0027559878114351084,0.0040309066251940084,0.0015998577904186018
2020-03-06,-0.01531532163851882,-0.02042535741635905,-0.024806975302821943
2020-03-09,-0.03393201300388284,-0.04366448379223483,-0.048956043335951605
2020-03-11,-0.006890363766963827,-0.009721746931698524,0.0006649981756232659
2020-03-12,-0.08444766101704664,-0.08367292694032556,-0.08301938801064712
2020-03-13,0.022273942620192527,0.030305603779814602,0.03806507612689369
2020-03-16,-0.053598183416779945,-0.05985258410086614,-0.07612100106679087
2020-03-17,-0.016476732491187626,-0.014431430730143099,-0.02504518409052825
2020-03-18,-0.0566584904919042,-0.046289351497482346,-0.05556454027271507
2020-03-19,-0.0371947393471774,-0.03468689401109827,-0.024247781753128472
2020-03-20,0.05413434590801379,0.056084022341777166,0.058329146858465686
2020-03-23,-0.1433099920956841,-0.12755255773999868,-0.12980466070471242
2020-03-24,0.02891524842675654,0.016375081789300885,0.02507142402516349
2020-03-25,0.07144072311132807,0.04059195056458844,0.06624746894667499
2020-03-26,0.047968470316566265,0.04314049853295834,0.038904356430389475
2020-03-27,-0.015417722142546645,-0.00590454565465211,0.0021755381634551707
2020-03-30,-0.017960506911416957,-0.020468948694288586,-0.04378053643081892
2020-03-31,0.04117631790577432,0.03339683212654898,0.03823772271336057
2020-04-01,-0.02840457493807495,-0.02872310628210454,-0.04000467509668226
2020-04-03,-0.023515666397120757,-0.01610029216626004,-0.020596574186770744
2020-04-07,0.08011120271299109,0.07453669532211095,0.08763210467115035
2020-04-08,0.005819087389209098,0.011606883756338426,-0.004941902407507137
2020-04-09,0.030330908493356665,0.04049579097604509,0.04150883161880259
2020-04-13,-0.005398701083179233,-0.008046128525865646,-0.01295567073707915
2020-04-15,0.018530421212101692,0.008844386999045377,-0.007621853562688519
2020-04-16,0.014160965515419786,0.01231238097951776,0.007562771164790316
2020-04-17,0.015351946585714395,0.020012512771061055,0.03046328187687486
2020-04-20,0.0018659206869664196,-0.004907108411069997,-0.0005288143766692954
2020-04-21,-0.023592340221005922,-0.030350129029936515,-0.030274667144095657
2020-04-22,0.021127763379979785,0.014125575293040158,0.02291941778872575
2020-04-23,0.007899181820447488,0.004555953005749634,0.01377995587701486
2020-04-24,-0.027575081268062657,-0.02197888754054924,-0.017124941572334906
2020-04-27,0.030478383096078615,0.019045631831689235,0.013971358975458648
2020-04-28,0.00839466474505538,0.006034746874989296,0.010622430648890235
2020-04-29,0.004403158042979564,0.011492954785965698,0.018383013524196468
2020-04-30,0.01723855092759203,0.030336124999630686,0.03208830345213909
2020-05-04,-0.0413833816222957,-0.0507195007173548,-0.05744483901313502
2020-05-05,-0.011983585943262683,-0.01025457892988076,-0.009458265521601117
2020-05-06,0.00880998982878659,0.006834336295166508,0.007093593467121684
2020-05-07,-0.011679639999421223,-0.008515996464053148,-0.007750119504051356
2020-05-08,0.012319515483696931,0.0011816346991266246,0.0057016970693835045
2020-05-11,-0.003230812426967925,0.006169753807576344,-0.0013294930214019507
2020-05-12,0.0009565507843566244,0.0025853644287235416,-0.004616242718351149
2020-05-13,0.010425382310215609,0.021198222592117698,0.02033371253039773
2020-05-14,-0.008599439259844242,-0.014086049052036814,-0.025661909373274727
2020-05-15,-0.0013159023746418422,-0.0014692510651615695,-0.0006453627874545287
2020-05-18,-0.04082723976967196,-0.03941615347628272,-0.034322509703259896
2020-05-19,0.012100126962126121,0.007438991278928466,0.00632982284022332
2020-05-20,0.015228936461042142,0.018807109968944358,0.021111396826158035
2020-05-21,0.005006395913287472,0.006421607082015272,0.004378754451001221
2020-05-22,-0.008165252508301659,-0.005319279815079363,-0.0073575840768702605
2020-05-26,0.005651895356426129,0.009218203737048966,-0.0011284338094974533
2020-05-27,0.007844497763268734,0.016473951285134562,0.03166450477176164
2020-05-28,0.018434511207420002,0.01830064963982143,0.018803043536468778
2020-05-29,0.021096536318679367,0.019075369883750675,0.009504662651105722
2020-06-01,0.021611392221167328,0.02773539051767395,0.025662097319460564
2020-06-02,0.010158002334139321,0.011884064378560936,0.015565527970742954
2020-06-03,0.008500543834114756,0.007500755546213983,0.008262288035990828
2020-06-04,-0.0034147132719537796,0.0017364139583275569,-0.003225168681009971
2020-06-05,0.01133169182673845,0.019979592069291754,0.011272276241460544
2020-06-08,0.0013310005576184605,0.0016642348543282307,0.002494520758722585
2020-06-09,-0.008031771480901548,-0.00708297036314772,-0.011881032349997822
2020-06-10,0.0018642895914715353,0.002247816054674622,0.006917728526201428
2020-06-11,-0.012202150960136993,-0.017508748895451835,-0.021169158460066062
2020-06-12,0.011264618330602775,0.009453693488899781,0.00716020911179549
2020-06-15,-0.010240354800240364,-0.01281550987936101,-0.015963279394844432
2020-06-16,0.006062758749048363,0.0025911331252040644,0.010220386061458031
2020-06-17,-0.004668396295814469,0.0007282748028620391,-0.0033134566648174157
2020-06-18,0.008758493753416531,0.012402962736936323,0.021303187551898528
2020-06-19,0.01662839736010857,0.014353281550353874,0.015136275444292302
2020-06-22,0.013215298816801047,0.01736650897526191,0.006520616350433883
2020-06-23,0.02869918584876604,0.021690775513654094,0.015497691991291696
2020-06-24,-0.014761568709371661,-0.015061401497358335,-0.015824677233549855
2020-06-25,0.003748488572227331,-3.838056464044274e-05,-0.001591357298992957
2020-06-26,-0.006754908252625412,0.004024949880794427,0.00914574014738645
2020-06-29,-0.00849770639161855,-0.01219239547403336,-0.006799538608783573
2020-06-30,0.0022570571292888347,-0.0003230360147678025,-0.0009988732845714887
2020-07-01,-0.007464397899986046,0.00381915202352673,0.012419817334717198
2020-07-02,0.0070395487960252,0.012212716625852361,0.011663452514898642
2020-07-03,0.009058163224860184,0.007156652672808296,0.005273976044848361
2020-07-06,0.00958267721718204,0.013593340525321155,0.014735139974255018
2020-07-07,0.004907138849262048,0.005923419769653427,0.003344590235981215
2020-07-08,-0.004218672929446679,-0.006191476077068455,-0.00869476207364206
2020-07-09,0.0025084138641873607,0.0037360687394971956,0.010060032721901813
2020-07-10,0.0044096339332561785,-0.006155032136870942,-0.004198511095439339
2020-07-13,0.0033386540319271475,0.001783180516335149,0.003217889149241815
2020-07-14,-0.0026107027405890366,-0.015279845915535084,-0.01808349601540049
2020-07-15,-0.004453438014762248,-0.0004182579201316111,0.0010229309240368245
2020-07-16,0.006470064765157359,0.007072415848446171,0.011466161662100571
2020-07-17,0.011048181117892169,0.016128536487197052,0.01506059125586967
2020-07-20,0.006800384347444724,0.00866110365853761,0.011053321760931656
2020-07-21,-0.005192037752833343,0.005553875745548647,0.012706156865764484
2020-07-22,-0.005708933875371105,-0.00466711265372976,-0.0026563094918139463
2020-07-23,0.006539097262658805,0.007872166864698401,0.007442159858846331
2020-07-24,-0.004437226562179609,-0.0084550521282503,-0.0018991484351116306
2020-07-27,-0.007067257995896262,-0.007704949123248723,-0.005569925698846956
2020-07-28,0.0015434766510331233,0.01242290604444769,0.0151592736988444
2020-07-29,0.009750032093743508,0.0035277655930744133,-0.008645614328603224
2020-07-30,0.003768555966853142,-0.005703441282283362,-0.008988714680747911
2020-07-31,0.012794364533833447,0.006581956481458113,-0.002585102372305803
2020-08-03,-0.0007529223912555952,-0.006332626036126621,-0.016422215545293994
2020-08-04,0.011866438741728408,0.009519554291830044,0.018697932161379383
2020-08-05,7.196405502740667e-05,0.005152799274958759,0.0005768586219327965
2020-08-06,0.009436398698857457,0.0065042734499893,0.008872554668374333
2020-08-07,0.010372271018495076,0.006374737335165762,0.0012410024488720417
2020-08-10,0.016606154975160232,0.011291343581037375,0.005002705259437024
2020-08-11,-0.01068353304477314,-0.0008844589039283225,0.004644978776729314
2020-08-12,-0.006503782837079602,0.003104270492710854,-0.0012452735151247118
2020-08-13,0.0022850532576396123,0.008700838312403146,-0.0007030344733010008
2020-08-14,-0.0028286749304910048,-0.010396613797989179,-0.010800437378868932
2020-08-17,-0.0007934100594733474,0.008652945685797098,0.0061457110453491115
2020-08-18,0.013445125087857137,0.013886254766411938,0.012292057935075373
2020-08-19,0.0014105292770954733,0.0035238663654037,0.002024600213507588
2020-08-20,-0.0030152610941708395,0.000997909661792116,-0.008432399987605033
2020-08-21,0.004906647659591537,0.004990998399060179,0.005250916093857194
2020-08-24,0.005871650652470059,0.0041174000487396376,0.008341006471886514
2020-08-25,0.006300281500192766,0.0048488100732810265,0.0005058064691958464
2020-08-26,-0.0007323779969940641,0.0029911772601087954,0.0067423225064831005
2020-08-27,0.0009454743952524544,0.002418672774077828,0.0008355606212675504
2020-08-28,-0.0002755874263531591,0.00568080225929012,0.007643195654994939
2020-08-31,-0.030378556840184832,-0.03382962921192238,-0.022330747801946216
2020-09-01,0.02240794107122418,0.011980495437490237,0.007266739846322645
2020-09-02,0.009738863990061816,0.010784398328128667,0.005645038251127943
2020-09-03,0.010432762808709181,0.005012420438232533,-0.0006545127600779965
2020-09-04,-0.014838872047355477,-0.01857145952511948,-0.016794744948559814
2020-09-07,0.002353653702232114,-0.0018809070939811174,0.0018705202595032944
2020-09-08,-0.0052235284539891725,-0.00885443774994577,-0.0033201259317187093
2020-09-09,0.0072302110772494745,-0.0016820606145697646,-0.003476927967516641
2020-09-10,0.011970613860114495,0.010921679658905599,0.015184429863450921
2020-09-11,0.005413203995499024,0.004820029685388454,0.0013276149365679668
2020-09-14,0.0006722394433297514,0.004746170418796953,-0.0021283524468515003
2020-09-15,0.012172247263798413,0.007449028692296417,0.007145947910690342
2020-09-16,0.00821707932908986,0.005935925612172388,0.0071820376506051
2020-09-17,-0.006566892853867493,-0.006050887403147172,-0.007622027291120936
2020-09-18,0.005867171047707069,0.0012949458872144718,-0.0009681588767627147
2020-09-21,-0.03331500962045864,-0.032704186955485944,-0.02211225483867385
2020-09-22,-0.009833502893574488,-0.013460869670532043,-0.00861286032635733
2020-09-23,-0.006496101009207621,-0.0018105351177543898,-0.0019545871070447696
2020-09-24,-0.012938247933022012,-0.025323827099455718,-0.029312272096516434
2020-09-25,0.022521769730610864,0.027703603493736205,0.022645788482354545
2020-09-28,0.019153672252022327,0.02658769685474579,0.016044868187371275
2020-09-29,-0.002913261383246228,-0.0031585625412539663,-0.0004586409458945395
2020-09-30,0.006443953483502533,0.0005009612348246032,0.002241001317642377
2020-10-01,0.005169721519043626,0.011254969517822646,0.015061092732783665
2020-10-05,0.011214133074149073,0.004723364896637833,0.0075676439490797165
2020-10-06,-0.0008741166992073353,0.005522291295885592,0.013826475474619793
2020-10-07,-0.0014435301152139648,-0.0005772439586872382,0.006555187284725372
2020-10-08,0.008856851587703269,0.0029800173427921186,0.008156676606839941
2020-10-09,-0.008547332318244122,0.001313857433781195,0.0067260903253916204
2020-10-12,0.002522702398900293,-0.006911970124285481,0.0014058853909966196
2020-10-13,0.0022623464499697166,-0.0024074395169760778,0.0002975290843887368
2020-10-14,0.002120976678505781,0.0017337827483904558,0.0030625333853533387
2020-10-15,-0.020133638008747193,-0.018624545013074697,-0.02428360085835335
2020-10-16,0.014202384769472172,0.012157619551750137,0.007028949362235082
2020-10-19,0.000825546968118699,0.010124081346220807,0.009402769621849272
2020-10-20,0.0017612253566617637,-1.7940203501361224e-05,0.002000328507897331
2020-10-21,-0.0043115765278069545,0.0008874445080002929,0.0034337457642519276
2020-10-22,-0.0005472601883765968,0.0007598888274735701,-0.0034512817819539743
2020-10-23,0.004802503796016729,0.004867137290046551,0.0028495402835257977
2020-10-26,-0.01762549591989384,-0.015306477946930207,-0.013629073304543216
2020-10-27,0.014674845127818905,0.01250646181565728,0.010337608346965288
2020-10-28,-0.004941712442086283,-0.008652976974577738,-0.013440608945763599
2020-10-29,0.003398392266288815,-0.0006078110904920218,-0.005012942184360991
2020-10-30,0.003102112945516951,0.002221002612510037,-0.002433373422367602
2020-11-02,-0.0037501755890932695,0.005506990140990163,0.002297636149117599
2020-11-03,0.004723415043800653,0.009533572366549392,0.01237019016319918
2020-11-04,0.014865038590618294,0.0070588034087325805,0.008041647267956087
2020-11-05,0.017179606835252176,0.02135577948271945,0.017785598915690537
2020-11-06,0.00013538800301008801,0.004377710197944831,0.011819014571289532
2020-11-09,0.010436696939432373,0.014114611529844105,0.016104635537461442
2020-11-10,-0.01896935926170002,0.007589225951273057,0.01364650710436388
2020-11-11,0.02275299894095742,0.012273432906430902,0.009346041508720315
2020-11-12,0.004498171982498826,0.0017156658029098392,-0.004576821525331454
2020-11-13,0.016840404896819816,0.007454342556063662,0.002296970330761372
2020-11-17,0.008608021191323121,0.013104544010942357,0.012126619808373373
2020-11-18,0.00042821374282319086,0.007894859811184887,0.004975051165572175
2020-11-19,-0.007942594289266993,-0.007944549437704188,-0.01287266861341374
2020-11-20,0.010661440808169026,0.011017497012757218,0.00683930941371913
2020-11-23,0.015960743101358435,0.011487071666773221,0.005241475198302092
2020-11-24,0.0048887729188885655,0.0069580869829010805,0.0099563448098976
2020-11-25,-0.020259383463937162,-0.012770820817563623,-0.015070680468092346
2020-11-26,0.012838690116898182,0.01271355652881977,0.010001213639976747
2020-11-27,0.0026861122777600078,0.0048869482485608675,-0.001389836350773832
2020-12-01,0.01386608548882155,0.014953634140073363,0.010802694687318537
2020-12-02,0.006836703164359955,0.008728661426962905,0.0003585458429504751
2020-12-03,0.003740881542724492,0.009284806472236933,0.0015365849299400214
2020-12-04,0.007297233209247291,0.009063363204552788,0.009490662358873525
2020-12-07,0.008049019651457618,0.007961151369943792,0.007331133249439903
2020-12-08,-0.002024382904508063,0.002386804144013542,0.002785331809333158
2020-12-09,0.0016028263641892134,0.0031102256994989235,0.010165752285866914
2020-12-10,0.0011953577043229344,-0.0007333641412367817,-0.0037548548058806697
2020-12-11,-0.00010203000043161516,0.0034168563052066944,0.002637558535026452
2020-12-14,0.005423627933548969,0.005501487919601785,0.0032781762806703973
2020-12-15,0.0030621135243491045,0.001477774806632607,0.0007153791977927426
2020-12-16,0.009450888414032691,0.00802551467215519,0.008464907059269056
2020-12-17,0.0007630001378761018,-0.0008805071010004028,0.004238929390550483
2020-12-18,0.002475797833586876,0.0010209056567749607,0.0014445849987885229
2020-12-21,-0.02914537560247013,-0.04164039189789461,-0.0314049525779333
2020-12-22,0.018762227256412887,0.014868943410346577,0.010346283876607965
2020-12-23,0.016004863753999034,0.014936536262669067,0.010010159185716239
2020-12-24,0.001664263066479422,0.005064612738467157,0.01089253037474136
2020-12-28,0.007824591466287716,0.011297365195044966,0.009015051389166695
2020-12-29,-0.004307619910325907,-0.0006195440071057274,0.004281594241144937
2020-12-30,0.003956235330608626,0.0049627524656320095,0.003542094606974411
2020-12-31,0.002455102094630124,0.000547992681793858,-1.4318125132972703e-05
2021-01-01,0.007292365036505235,0.00870221016016457,0.0026284263414808606
2021-01-04,0.015995939940888985,0.014991457452921752,0.00816067272711063
2021-01-05,0.009932303331688432,0.004900226723977093,0.004712380865514287
2021-01-06,-0.0021516022004431103,0.0017829002831481425,-0.0037501320469031096
2021-01-07,0.005401341213959632,0.006052099744998136,-0.0006291696120880319
2021-01-08,0.019100302084646126,0.014786041171708501,0.014847223590326086
2021-01-11,0.00536809360755006,0.0031782452409261975,0.009583718134137165
2021-01-12,-0.0021555752951128992,0.004116311686467284,0.005433314024232416
2021-01-13,-0.003337167602117467,0.0004948259571687661,9.609083312889233e-05
2021-01-14,-0.0005372944922110009,0.0031251002038518907,0.002111247340323086
2021-01-15,-0.013749051254938648,-0.013090723089907455,-0.011092344158201595
2021-01-18,-0.01688939896376827,-0.015696875993083434,-0.010558650142566628
2021-01-19,0.018442351251412373,0.01943092646230888,0.016794730817062842
2021-01-20,0.010681751093437258,0.007487588880891172,0.008508265623863087
2021-01-21,-0.005941790322246699,-0.009906118899301077,-0.0037112802046228577
2021-01-22,-0.015480421653737609,-0.012707845157283728,-0.014972171647596122
2021-01-25,-0.0073177633872569215,-0.006509469396436287,-0.009254169343308138
2021-01-27,-0.015659036802903988,-0.013452238997928174,-0.019060488041877988
2021-01-28,-0.003980252297237381,-0.004428873458778327,-0.010735650281904374
2021-01-29,-0.026723234407972557,-0.016216090252626835,-0.013240422354072856
2021-02-01,0.028027083711858462,0.03763674914057933,0.047423511101338356
2021-02-02,0.02273816193243829,0.02205645143045346,0.02567357148195737
2021-02-03,0.015885211960930755,0.01281728538170535,0.009701122671723184
2021-02-04,0.011105100451998029,0.014668770746172753,0.0071467580293813615
2021-02-05,0.004403838467106463,-0.0020566804639009606,0.0019199973566108586
2021-02-08,0.018347417152987017,0.013860772405331867,0.01283480273296811
2021-02-09,-0.006677156284283518,-0.0006052005033300353,-0.0004300136336804483
2021-02-10,0.008645738093280978,0.005929849553329418,-0.00018530340410816137
2021-02-11,0.009123403203868122,0.004740174751334154,0.004421924647502795
2021-02-12,-0.004575355783072988,-0.003037837198762876,-0.0006590524229219685
2021-02-15,0.009045248930186397,0.008885041870081411,0.00998465984153385
2021-02-16,0.011365172529847206,0.004821802540907764,-8.162092525865194e-05
2021-02-17,-0.0015778341735654964,0.0014369685649107857,-0.006827318687430917
2021-02-18,0.0018018712193147994,0.005660428430821337,-0.005914312869584326
2021-02-19,-0.016217751445157396,-0.013814232738877198,-0.009074717063029758
2021-02-22,-0.013253154398160287,-0.015457277266882655,-0.020428174591586412
2021-02-23,0.008273722630047265,0.008405631398586124,0.0021872625461001327
2021-02-24,0.004831216484365866,0.010054197697196007,0.01864318245786234
2021-02-25,0.012135752265066083,0.012049539883305467,0.007699213013950157
2021-02-26,-0.025959664267496903,-0.027421189549286448,-0.03763569324758598
2021-03-01,0.01289755023611972,0.01518319462812641,0.015995389118723446
2021-03-02,0.01939400851651566,0.015102634241978689,0.010672985341787733
2021-03-03,0.018888279078048242,0.016440252785938612,0.021884698711632122
2021-03-04,-0.001384394490054194,-0.0020255541188967754,-0.010812930524138231
2021-03-05,-0.015842207904388245,-0.013392328443550768,-0.009459104528952489
2021-03-08,0.0005143184516543163,0.0010746503461685117,0.0012117060677612201
2021-03-09,-0.003387473971129724,-0.0019263921055188513,0.00950777560179139
2021-03-10,0.012027586640120337,0.006730600307686772,0.005060099883821945
2021-03-12,-0.005748964563133759,-0.008657611583202867,-0.009479506235763657
2021-03-15,-0.0037157578971783213,-0.0036829052692326815,-0.006749419963093084
2021-03-16,0.0013652776701124749,-0.00033308976651355885,-0.001275984104457617
2021-03-17,-0.02034148712267679,-0.01955204431893826,-0.012685759862868795
2021-03-18,-0.01540984739789984,-0.010973019622159682,-0.011102973071742905
2021-03-19,0.015537536960194977,0.01149468966813908,0.012786942826028547
2021-03-22,0.013007423935328086,0.005793100690606059,-0.000515437423697751
2021-03-23,0.007881170763840862,0.006852761449799182,0.00531673999743143
2021-03-24,-0.014679544742962184,-0.0185028478094992,-0.017911176994211853
2021-03-25,-0.01795948432270355,-0.019181175993628473,-0.015430189146808937
2021-03-26,0.012082780387762435,0.01414713706542149,0.012733031929623273
2021-03-30,0.01534926238517379,0.013479670919069693,0.02328481586755049
2021-03-31,0.0008287740386889691,0.0017525394004079982,-0.010400699094332388
2021-04-01,0.024483614068235994,0.01488834858947611,0.012024574166918489
2021-04-05,-0.008093854707271437,-0.014130499568377409,-0.015439860548026041
2021-04-06,0.013870808923441393,0.008482456577765023,0.003122067245233451
2021-04-07,0.01549785065749176,0.012419873945805102,0.009231436965811968
2021-04-08,0.011796210040779576,0.007220620109307574,0.0036945688638336804
2021-04-09,-0.0040918330833565,-0.0005892279187945475,-0.0026187118170183377
2021-04-12,-0.060084054001134354,-0.04418808313730844,-0.03532558930400764
2021-04-13,0.02213561243361792,0.01631398218233896,0.013556195506029933
2021-04-15,-0.0015129908127877543,0.001732333967831538,0.005284484560774683
2021-04-16,0.014515715934941704,0.00987169360288993,0.002496282165007191
2021-04-19,-0.01834843126970492,-0.019628180331845605,-0.017676978554819645
2021-04-20,0.004600728894581257,0.002547252333268507,-0.004390823034999047
2021-04-22,0.008811651681347517,0.002746775943082886,0.007676757575422188
2021-04-23,-0.0011024035699813291,-0.000982926492681319,-0.004498133053794207
2021-04-26,0.01105148603564384,0.009208242376460486,0.010016518287169873
2021-04-27,0.016556137106291426,0.01082101917394157,0.011601643402658013
2021-04-28,0.008035055084842108,0.009993328626889512,0.014433855260107098
2021-04-29,0.011254416904152026,0.001944995442387488,0.0020418099664161193
2021-04-30,-0.010152242086566567,-0.006452861914498546,-0.017710812045177438
2021-05-03,0.004586921410324147,0.004751937339898827,0.00020851346320172048
2021-05-04,-0.0048767643285105265,-0.002742139474067539,-0.00940610742344028
2021-05-05,0.009179571598486267,0.010521201115514996,0.0083709591539336
2021-05-06,0.013834362893445775,0.007198390619297803,0.0073164109749706
2021-05-07,0.006081245162110477,0.0017922672978986868,0.006679247748155426
2021-05-10,0.010772964112445379,0.011013392366339,0.008041422748121585
2021-05-11,-0.0024060092306320896,0.0032829450135085205,-0.006130201191218876
2021-05-12,-0.020376850832033583,-0.0060626103747740525,-0.0103866808073666
2021-05-14,-0.019781070595423198,-0.008921683144908528,-0.0012724250884564858
2021-05-17,0.023127017421912834,0.014081898686343429,0.01671576048197254
2021-05-18,0.017994959935567042,0.01261189399129449,0.012393443335275034
2021-05-19,-0.0018738593406061174,0.0009154324894585806,-0.005159432408138875
2021-05-20,-0.005082094970848915,-0.0045735052839367095,-0.00825677606093067
2021-05-21,0.009597210435238148,0.008656629209468454,0.01806313567497475
2021-05-24,-3.1924532662937834e-05,0.003218910031246257,0.001476108604989923
2021-05-25,-0.003587220890931519,0.0024268896522817718,0.0007073438653115716
2021-05-26,-0.0019573737184627993,0.0003194422149136297,0.006115021504864648
2021-05-27,0.005524667994593814,0.005312789120791768,0.002378821196545866
2021-05-28,0.0020142586714320815,0.00158802838921737,0.006376433707514062
2021-05-31,0.006966390202190243,0.00789790349412096,0.009533088035724946
2021-06-01,-0.00044095290270375397,-0.0011764388917265556,-0.0005101904286871628
2021-06-02,0.022386274233409907,0.011061101981637931,8.67158252806366e-05
2021-06-03,0.008802475336019019,0.007223980743920808,0.0073284506253876724
2021-06-04,0.0021540091101238685,0.0012522015472908115,-0.001281017305247989
2021-06-07,0.006283517307257687,0.0053358108091788115,0.0051945814919991395
2021-06-08,-0.001628699867067732,0.0021345761652851905,-0.0007333060957773752
2021-06-09,-0.008990005274199327,-0.005988748732504036,-0.006654976944212576
2021-06-10,0.011107166358264699,0.010054808385052122,0.0065492869160790335
2021-06-11,0.0019093443139717287,0.0007905051470840624,0.003914130633349666
2021-06-14,-0.006722475575466253,-0.0016739014839020686,0.0007911718082738162
2021-06-15,0.005545600491568466,0.0038334697613824223,0.003630213545097627
2021-06-16,-0.01314722813123477,-0.007299623142742106,-0.006408632752808119
2021-06-17,-0.013980085737115592,-0.007997265646601054,-0.0048295020472909345
2021-06-18,-0.002933807794348949,-0.0048866389799424315,-0.000513069646403852
2021-06-21,0.012445312697583448,0.006362067531856664,0.004026588209654625
2021-06-22,0.0032233963385048256,0.0026928430300451134,0.0016670371193598932
2021-06-23,-0.002705972568101893,-0.001502779850106901,-0.005439749231269109
2021-06-24,0.0018353899530878584,0.0011330606561636603,0.006597840798329813
2021-06-25,0.016847758295292545,0.008326296970122462,0.0044266891189239654
2021-06-28,0.0025818481585830333,0.001675865747804038,-0.0028782098242977616
2021-06-29,-0.007145683589336042,-0.0051843726265246096,-0.0041891404314852165
2021-06-30,-0.004455922056008473,-0.002964950543062232,-0.0017112919035373597
2021-07-01,-0.005558018394292759,0.002095960428657409,-0.002639697229908089
2021-07-02,-0.0023581536119984775,0.00018750208219686556,0.002691338986766656
2021-07-05,0.007131016117340602,0.007050428626455716,0.007133188273225066
2021-07-06,0.0008855126326621877,-0.0007505854894726459,-0.0010167521731027085
2021-07-07,0.006459635906894811,0.004489915928913449,0.0038816171589777237
2021-07-08,-0.009597059775992439,-0.007002078242352722,-0.0095562557277451
2021-07-09,0.011459665720886194,0.0028205344352058214,-0.0024224839292732447
2021-07-12,0.0027094089670102227,0.002299621341176591,0.00017844744498685117
2021-07-13,0.004905252412354491,0.0037055747918223482,0.007630985495128417
2021-07-14,0.003143422693780192,0.0012335106231865917,0.0026308921169333477
2021-07-15,0.006206549002064625,0.0019238136572482,0.004431072328003882
2021-07-16,0.0015118480399824033,0.0011598171905350325,-5.0225736783704455e-05
2021-07-19,-0.009488791533816286,-0.005905043535544452,-0.010738912280361723
2021-07-20,-0.014977589306140794,-0.010241251497047858,-0.0076369809214345
2021-07-22,0.02189926004401179,0.012650091895739228,0.012279233123449584
2021-07-23,0.001485601021050523,0.0009410674718015264,0.002022238326785386
2021-07-26,0.0010896571264766915,0.0006527404063929166,-0.0019929055322251976
2021-07-27,-0.0015233355693782885,-0.00490459822361349,-0.004929081202650898
2021-07-28,0.0029734787462666846,-0.0016835630316318045,-0.002352898858342667
2021-07-29,0.01794436535924288,0.0037019800180258487,0.004395444954646832
2021-07-30,0.0020871377185949862,0.003798801744616717,-0.000976039499086867
2021-08-02,0.01222987000579617,0.011449877883007121,0.007746000136419795
2021-08-03,0.006434814701057671,0.009606450772205745,0.015460955882416139
2021-08-04,-0.00438165582576728,-0.004348283207125228,0.007938242467802281
2021-08-05,0.0014233136179862107,-0.00018008664551707074,0.0022018725316477195
2021-08-06,0.0021892758922126584,0.0003416970377098862,-0.003461233501561467
2021-08-09,-0.008149510877364971,-0.004260634440675635,0.0012347307242392969
2021-08-10,-0.012737166082025539,-0.007030188108164941,0.0013439090538649445
2021-08-11,0.009900187441869195,0.0015673950447391667,0.00013208706805212245
2021-08-12,0.007364418406420938,0.004078965471374729,0.005045395484346349
2021-08-13,0.0021542226396957685,0.002759294313999944,0.010064482340847336
2021-08-16,0.0024141801496782253,-0.0010820752224767903,0.002054024277023725
2021-08-17,0.0021180999678145707,0.0026798016367412646,0.0031122785775283823
2021-08-18,-0.002232495715043914,0.00023316555598894542,-0.00275360231817956
2021-08-20,-0.029755244503956703,-0.015293804168356889,-0.007142898400624986
2021-08-23,-0.00497010620815701,-0.003981972273276805,0.0027931806783987323
2021-08-24,0.022374745815820836,0.01192650558412325,0.007768362083601765
2021-08-25,0.0011524557910212233,0.0012952466939361905,0.0006045728309951315
2021-08-26,0.002257314605521954,0.0009858083836914878,0.00013525983096518424
2021-08-27,0.010836183762330516,0.009584849525451323,0.004105261588480014
2021-08-30,0.017643983398162495,0.01698087680371905,0.013519836521704187
2021-08-31,0.013854983507573077,0.013001244395565012,0.011880446175423387
2021-09-01,0.00037829647008134036,0.003097987588382138,-0.00326573477436376
2021-09-02,0.010605050415854458,0.009053470103123488,0.009246783727399066
2021-09-03,0.003250517098123792,0.006349542355560673,0.005190230833697296
2021-09-06,0.0038203251728945006,-0.0005902888279666015,0.0031287476677577253
2021-09-07,-0.001176177323562639,-0.0017006276563426871,-0.0009035189246697772
2021-09-08,0.0010273836343415981,0.0033300992140887407,-0.0004953092983268625
2021-09-09,0.004427444717743899,0.0021595911510967035,0.0009075978909154347
2021-09-13,0.0038464555656806147,0.0029879689054606025,-0.000803098507419775
2021-09-14,0.002975084140738142,0.0035969422578958675,0.001423151293159064
2021-09-15,0.010658208321694326,0.008965448221175634,0.00802354538262362
2021-09-16,0.004880509963087466,0.006963834051609584,0.006281634763507293
2021-09-17,-0.012115785295419998,-0.005799027026116377,-0.002515647600612625
2021-09-20,-0.029088057881810393,-0.01653607430339655,-0.010705054879733056
2021-09-21,0.0141826478160896,0.008415210400415514,0.00949017386246398
2021-09-22,0.00975837197683302,0.005151440518251985,-0.0008740239935656202
2021-09-23,0.020720285565105804,0.012030406791390863,0.015746528367181822
2021-09-24,-0.011718160522179858,-0.007726425002169125,0.0016972499684944076
2021-09-27,-0.0017255120923382432,0.0010671107221001275,0.00010644538279747096
2021-09-28,-0.012821788966222082,-0.002392344741163269,-0.0059646824901542495
2021-09-29,0.011263367666951992,0.004776115251259235,-0.0021015082285871234
2021-09-30,0.0010753944649734073,-0.0022889524689196587,-0.005259376020738893
2021-10-01,-0.001100523741386375,0.0015954091724860726,-0.004886983449795879
2021-10-04,0.018666812575299202,0.011803913881607061,0.009080467581137563
2021-10-05,0.0018285315615759819,0.005090821827748799,0.007407660919946268
2021-10-06,-0.01777884164043056,-0.010844175542397177,-0.009892144870289554
2021-10-07,0.013193973611821284,0.013249995345283127,0.008180302016037588
2021-10-08,0.005340243965056361,0.0020125403384860787,0.005893622760496431
2021-10-11,0.012247343131174,0.006744169315963215,0.0028359561343596074
2021-10-12,0.009823682702993946,0.007641943001156572,0.0025632525445875576
2021-10-13,0.01653462311014121,0.008174764976712077,0.00943759784921161
2021-10-14,0.018454557004719024,0.007771128094743689,0.009734787740718787
2021-10-18,0.015116788724875005,0.007078462490138456,0.007552396132719963
2021-10-19,-0.017907459204076406,-0.014923519187961736,-0.003155307734996393
2021-10-20,-0.01300958646873803,-0.012693516688615816,-0.008260625212080042
2021-10-21,-0.00623267679792212,-0.004471429065853173,-0.004844908296702255
2021-10-22,-0.011676121238698225,-0.008700463126028403,-0.003476668084567369
2021-10-25,-0.006192789532147897,-0.008560148540346327,0.000579633328010587
2021-10-26,0.018752759287632224,0.012683443294403593,0.007889480889700096
2021-10-27,-0.004445366570074742,3.93619874329286e-05,-0.0031448386638428527
2021-10-28,-0.017896725324869082,-0.018306420655089077,-0.0194223384240636
2021-10-29,0.00040595089628563054,0.001497135086975764,-0.010393515763905459
2021-11-01,0.016514861890064632,0.015474949113640371,0.014599655057507821
2021-11-02,0.0007697462855525267,0.0002869956801857896,-0.002270048271341696
2021-11-03,0.007059699385109147,0.0011513897509074433,-0.0033400508475575075
2021-11-04,0.0036869844421465493,0.006612444833562863,0.004913376165984751
2021-11-08,0.013590445947033654,0.011109911101799649,0.008469704042186388
2021-11-09,0.005498121014867222,0.0033594755693065943,-0.001344921435271762
2021-11-10,-0.0037961820749661873,-0.0020750095756425367,-0.0014991358050348014
2021-11-11,-0.007566794004898862,-0.006969251131605502,-0.007970140510272006
2021-11-12,0.014211787576814192,0.010394997297442695,0.012820606684330382
2021-11-15,-0.00412900866435428,0.0008122113191354009,0.0003700663573213969
2021-11-16,-0.001679252367607647,-0.002399594491783133,-0.006087981951756416
2021-11-17,0.0008437808447855463,-0.0030368720445187298,-0.005586294529162039
2021-11-18,-0.018263604869744442,-0.013029980321757182,-0.007478195643460861
2021-11-22,-0.020825967732044853,-0.021151131763135177,-0.019603372100156835
2021-11-23,0.016029664830213234,0.01252602919622235,0.004983697932798847
2021-11-24,-0.003596237662152694,-0.0043573006599844245,-0.0050446817378146935
2021-11-25,0.005366611424429539,0.0028894463024943164,0.006959452503032093
2021-11-26,-0.04588390246219623,-0.03086735049818179,-0.029071254187753914
2021-11-29,-0.0037019013849568074,-0.00620747120055013,0.0016151341742889347
2021-11-30,-0.003353484081320679,-0.001019213608416245,-0.004148599194972014
2021-12-01,0.014270899775550794,0.007923841041468897,0.01081664117042136
2021-12-02,0.013598072635042733,0.011542802430309947,0.013674571102433752
2021-12-03,-0.004293250154334268,-0.0048192121830726905,-0.01177768586739425
2021-12-06,-0.017333172979457096,-0.017222523592716605,-0.01654091957599968
2021-12-07,0.02134127762713133,0.015804299221854005,0.015636548581649423
2021-12-08,0.0186587192317216,0.01559157557525396,0.017060948527881648
2021-12-09,0.006053884568038832,0.002517015447695679,0.002696066593683266
2021-12-10,0.004293414899239973,0.003804899088464146,-0.00031677089480919296
2021-12-13,-0.0013151914770002256,-0.0048632160148507336,-0.008169055116863166
2021-12-14,-0.0026049553960266203,-8.510565551938178e-05,-0.002495911181322197
2021-12-15,-0.009309362628617649,-0.006150303708092106,-0.005974060321640162
2021-12-16,0.0004651670878880075,-0.003026321112329775,0.0015678167505297491
2021-12-17,-0.024774603447014525,-0.02037975102899878,-0.01525945397337003
2021-12-20,-0.03292140611035317,-0.026049029792698596,-0.021842546279377872
2021-12-21,0.02148266015051116,0.013265415112375577,0.00942870544420904
2021-12-22,0.01637882318439513,0.012944788583703336,0.011007170994593363
2021-12-23,0.007929927707875933,0.009703882045516424,0.006909306212627531
2021-12-24,-0.006866532033165584,-0.008746054610393766,-0.004032754879180422
2021-12-27,0.005037054466623884,0.004282790632624919,0.004851870910828504
2021-12-28,0.008635075590470019,0.010125613415877508,0.008603409174043453
2021-12-29,-0.0033301825560355432,-0.00046732926778430146,-0.0011402602889762914
2021-12-30,-0.004994410044751609,-0.0019721468707723944,-0.0005606259494814747
2021-12-31,0.013400358326574251,0.013204185548922658,0.008724831757606522
2022-01-03,0.009494369686561137,0.009783760124760663,0.015653315812207858
2022-01-04,0.005663242538929875,0.0045706984919143415,0.01018687423526421
2022-01-05,0.006988538446030918,0.007062216903628487,0.0067395852346920915
2022-01-06,-0.0034239001381821343,-0.0027625979933829153,-0.010005417462796928
2022-01-07,0.0057228296766453956,0.005690940308849262,0.003764183651131514
2022-01-10,0.008962308909308112,0.0070987663268332135,0.010700318921871732
2022-01-11,-6.895094208129483e-05,0.000857842532272947,0.002913311252602302
2022-01-12,0.00695386155336377,0.0078549531469549,0.008673115731830494
2022-01-13,0.005388330359501333,0.004439400767935615,0.0024956237305924223
2022-01-14,0.005079698660663428,0.003642864898246698,-0.00011232356375068253
2022-01-17,0.004002594560219483,0.004492728654279518,0.0028675682661627455
2022-01-18,-0.019543566545483275,-0.015141327800573404,-0.010653690567923424
2022-01-19,0.0009277963611616037,-0.00239288867437739,-0.00964224043394124
2022-01-20,0.002480253265474475,-0.0032954780090684696,-0.010112406160797005
2022-01-21,-0.026073045431920495,-0.015945207261208353,-0.007875745304668613
2022-01-24,-0.03952833111865755,-0.02932514559783485,-0.02656790518738339
2022-01-25,0.012534309969981321,0.011164363868999033,0.007513491221694313
2022-01-27,-0.009681707827455779,-0.010649349259915933,-0.00971173291462768
2022-01-28,0.0052780297867063425,0.003715007282509924,-0.0004793161771092791
2022-01-31,0.016697419795725726,0.013675241383351962,0.0139107178709299
2022-02-01,0.014457301706739586,0.013525267973883941,0.013667938611870323
2022-02-02,0.011226288250338154,0.011483075245799038,0.011557838585399605
2022-02-03,-0.007705707058516134,-0.006016866725525887,-0.012362248664229525
2022-02-04,-0.001129356462474588,-0.0031745453342797597,-0.0024998826581151823
2022-02-07,-0.009259272199506556,-0.011172074729497682,-0.017281112927623465
2022-02-08,-0.003613135672649455,-0.00048197378309801955,0.0030876976246183574
2022-02-09,0.015763454560377418,0.012715381523716261,0.01141215233034587
2022-02-10,0.007351739626394304,0.004418361323839228,0.008133901085124018
2022-02-11,-0.017985258091879393,-0.014604806218252732,-0.01312629691281364
2022-02-14,-0.03820045810903547,-0.03174714722802234,-0.03061622289529342
2022-02-15,0.030096247324572632,0.027452625488858642,0.03025912638397754
2022-02-16,0.0004955858722245354,-0.000579338056212513,-0.0017432697608654735
2022-02-17,-0.00028451845194060364,0.00011806735285741946,-0.001016014719190439
2022-02-18,-0.007933642209717442,-0.005121035521864992,-0.0016353356196504576
2022-02-21,-0.009812446234695252,-0.00886887968713053,-0.004031556958107085
2022-02-22,-0.006202639558581131,-0.005151477033510875,-0.006651566067580439
2022-02-23,0.0032762099572661036,0.002225824350182401,-0.0016937094155936583
2022-02-24,-0.05245286420649477,-0.051389884100011975,-0.04778103847083648
2022-02-25,0.042224838629738554,0.03467198480569971,0.025261660109649586
2022-02-28,0.02068672902120007,0.00934397303637722,0.008134034290366632
2022-03-02,-0.001096793682215399,-0.0050812457729156775,-0.011191633122935585
2022-03-03,0.000890144179978206,-0.007789054105970833,-0.00649757722841704
2022-03-04,-0.02034847372476457,-0.019931704408979803,-0.015317032007332254
2022-03-07,-0.012468337743482513,-0.022662840551534565,-0.02352668473994779
2022-03-08,0.00850573364097796,0.01243445209909295,0.009474776509483585
2022-03-09,0.013247577751455365,0.016150702696925208,0.020726290088294297
2022-03-10,0.017181047184755906,0.01627650015109408,0.01526738719047449
2022-03-11,0.004125863488003919,0.005121339555634226,0.0021421537513466316
2022-03-14,0.0011436379172035627,0.0034277659722977763,0.014482565042708062
2022-03-15,-0.01355618822750758,-0.006659671387791532,-0.012346456503312231
2022-03-16,0.025105369130271272,0.020358604665341937,0.018745100484606647
2022-03-17,0.010803805315429654,0.01576052194169226,0.018361988356508263
2022-03-21,-0.006849925510366618,-0.01310587727486805,-0.009802202470463706
2022-03-22,0.006861549997285076,0.004648249532368473,0.011561223252155806
2022-03-23,0.003199784119669432,-0.0005531751445472091,-0.0040339354552280104
2022-03-24,0.001179015361996327,-0.0005020739571784418,-0.0013278937068936791
2022-03-25,-0.0026807341027497186,-0.00207923389740919,-0.004049875890900112
2022-03-28,0.0011594268174979472,-0.0006737666252375314,0.004022619949862971
2022-03-29,0.006536691942383436,0.006629751149592296,0.005998187274997013
2022-03-30,0.0013396902015674864,0.007610181730094468,0.009982465582194733
2022-03-31,-0.0005822697829087615,0.0017157906289030102,-0.001914477162001882
2022-04-01,0.01157427854946677,0.014422393958625216,0.011777965258592316
2022-04-04,0.016472920422089286,0.014830880782489167,0.021671841339984343
2022-04-05,0.010918587187618517,0.006351235058618642,-0.005317557796472028
2022-04-06,0.010502710980544923,0.002331273508876931,-0.008339180323571727
2022-04-07,-0.008530402979884251,-0.004131598128175291,-0.00943974110495216
2022-04-08,0.012526810348038623,0.012559791581781492,0.008208759390795572
2022-04-11,0.0034634126969520255,0.0009212143273896826,-0.006151497975913078
2022-04-12,-0.017594382774335185,-0.010947723026360313,-0.008183810641252287
2022-04-13,0.0029977014861241715,0.00020592904757390807,-0.0031174816283502382
2022-04-18,-0.009309596369051636,-0.0066653321608319905,-0.017281188010147552
2022-04-19,-0.007144372209631789,-0.013096754610167948,-0.012519178806467801
2022-04-20,-0.0006178070167365971,0.007780393490504243,0.010490244596548015
2022-04-21,0.010227911185978268,0.012845473410827443,0.014941678252146096
2022-04-22,-0.010971109897504995,-0.0101005781425244,-0.012686452605167986
2022-04-25,-0.021671614098268645,-0.017038955738952193,-0.012695122564301942
2022-04-26,0.017297205629582427,0.018969511764209888,0.014560121616207233
2022-04-27,-0.012098069708207926,-0.009729418776365906,-0.009441443610115341
2022-04-28,0.011485721290877743,0.011796264877794742,0.012128508890934642
2022-04-29,-0.01409921456907595,-0.011849139116558107,-0.008263240381694681
2022-05-02,-0.0021523308533659504,-0.004463392305144235,-0.0019559171203674675
2022-05-04,-0.023828044432407516,-0.024377352121817738,-0.022936183451936376
2022-05-05,0.005573109379733386,0.0006596631568540771,0.00030284821366977077
2022-05-06,-0.015562694880508961,-0.01797051650614586,-0.0162684216398562
2022-05-09,-0.020232339703453242,-0.012343747860476597,-0.006666182687180999
2022-05-10,-0.03211292602677874,-0.011715696539628473,-0.003790968888092272
2022-05-11,0.0020532785260161373,-0.0024510417802496008,-0.0044919933245182175
2022-05-12,-0.02834275743286683,-0.02312780439878038,-0.022211752141785834
2022-05-13,-0.007085964587855087,8.145384862889222e-05,-0.0016352232651188903
2022-05-16,0.014476781636947383,0.008255955672732185,0.0038112305721171857
2022-05-17,0.03747501454553768,0.025361252536970857,0.026321935902047233
2022-05-18,-0.006023729115727578,-0.0007269763137209093,-0.0011685620062508173
2022-05-19,-0.029998420208703,-0.026525189783073756,-0.026532725334179386
2022-05-20,0.02347131187692,0.021979370311900073,0.028891038794289337
2022-05-23,-0.019902785753223365,-0.0055009789115256095,-0.0031630222318707046
2022-05-24,-0.008923620205703989,-0.008205598127616225,-0.005522754266735541
2022-05-25,-0.017457668261831153,-0.012122523479873267,-0.006161219184365629
2022-05-26,0.013496643459400116,0.012645409814237122,0.009007387318995308
2022-05-27,0.012852298235904006,0.010741243447314789,0.011273847198922216
2022-05-30,0.02146552116049241,0.020006376595314367,0.018893205092962884
2022-05-31,0.0028072649898892906,0.0036496503247694756,-0.004612433983534836
2022-06-01,-0.007111038914313486,-0.005111535006940405,-0.0037264067061659745
2022-06-02,0.005204596739263092,0.003042420460002024,0.006370004993115463
2022-06-03,-0.011224920641686991,-0.013083880642080409,-0.002628050201467391
2022-06-06,-0.00035739172351149093,-0.0024256239276688623,-0.0008893953501298846
2022-06-07,-0.006098238612494208,-0.007783399157973477,-0.009245946006475991
2022-06-08,-0.0004906517353268374,-0.0009069410545224011,-0.0036609606157923524
2022-06-09,0.0013014401795695724,0.005588640945193503,0.00744972774168895
2022-06-10,-0.007012687554148115,-0.006966782363365041,-0.016767698414100085
2022-06-13,-0.02881526562451814,-0.023576837154471633,-0.026379749115209128
2022-06-14,0.00013829782988111734,-0.0010732910838274585,-0.00268160945598539
2022-06-15,0.0017835812998888848,0.002075381178344731,-0.0025393443813560568
2022-06-16,-0.03419849457381464,-0.023839503996159837,-0.021128447854290244
2022-06-17,-0.012121276484599425,-0.012017655320963272,-0.00436829362663993
2022-06-20,-0.013608588631440996,-0.005602674058349913,0.0037042135956451006
2022-06-21,0.027167217933642608,0.02354587814430973,0.018804337854487096
2022-06-22,-0.024742487283836212,-0.015700103707350203,-0.014419265085317434
2022-06-23,0.009521634747688017,0.012657226944425977,0.009300447519609234
2022-06-24,0.013609216390418613,0.012756850878248878,0.009166472588529428
2022-06-27,0.011405896063789096,0.0082077613537902,0.008458990377725017
2022-06-28,0.006771185407897677,0.0023651675841081547,0.0011464333961117568
2022-06-29,-0.00016783066650697363,-0.004711993685256504,-0.0032239710103227903
2022-06-30,-0.012994264182107492,-0.007733576187906287,-0.001193081241402827
2022-07-01,-0.006627296998070793,0.008871926520525682,-0.0017870563085186086
2022-07-04,0.010240929510557753,0.008790289484982011,0.005288188249805481
2022-07-05,0.001078804796935391,-0.001014066944500768,-0.0015471713984448465
2022-07-06,0.01069846605018299,0.016697681721304723,0.011318189707300252
2022-07-07,0.01748071590489524,0.013254824716536535,0.00894949203151052
2022-07-08,0.008285103030538319,0.002370935457417866,0.005436047866567373
2022-07-11,0.01428353404436778,0.007308410201551739,-0.00028356592763323363
2022-07-12,-0.00567164255960267,-0.007424884497590804,-0.0097249750439381
2022-07-13,-0.003181327823181993,0.001191533329324886,-0.005707292501522909
2022-07-14,-0.002170395423694394,-0.001962630200714858,-0.0017536552323109689
2022-07-15,0.009348685699969045,0.006071852436267045,0.0069359576863876615
2022-07-18,0.014468377523019445,0.014367246886644477,0.014287304158276504
2022-07-19,0.005821626391129535,0.003689239378569264,0.003811764271124396
2022-07-20,0.0011323730063790027,0.0033112627364049897,0.01103388850696918
2022-07-21,0.01551794005408939,0.013045051898731909,0.005108719746296009
2022-07-22,-0.00033518876765311294,0.00047208758569999403,0.006877295960614926
2022-07-25,-0.00014437902176915837,-0.0026316215360686892,-0.005290199311757782
2022-07-26,-0.003696062013076861,-0.009119412337266763,-0.00884795806776506
2022-07-27,0.005611950753305159,0.01007008191786428,0.0095821774414373
2022-07-28,0.008710397585667893,0.012464676652215536,0.017293731123692924
2022-07-29,0.01411084426183028,0.014944098404294129,0.013505953826479233
2022-08-01,0.019160291208580357,0.013283745077251998,0.010595531668439406
2022-08-02,0.005692204288567323,0.0036955750654400765,0.000311327663805816
2022-08-03,-0.00606341721872915,-0.003740402984153986,0.002461808358865669
2022-08-04,-0.0002424321737327129,0.002776720668030219,-0.0003537116074355806
2022-08-05,0.0002597626068753205,0.0012575289895317867,0.0008917270739845495
2022-08-08,0.01082672978949036,0.0033777252860827302,0.007334364671648164
2022-08-10,0.001780343923197721,-0.0014888317498295254,0.0005506610997998429
2022-08-11,0.005285901736798648,0.005682440301572521,0.007085929368824795
2022-08-12,0.0081168101115298,0.0022748736088934077,0.0022170219505635025
2022-08-16,0.011355513628094074,0.014636695832395876,0.007181519343531395
2022-08-17,0.007422018613295293,0.009498808490112587,0.006675923198833145
2022-08-18,0.0030889759319537194,0.0018909316178527505,0.0006826699360520383
2022-08-19,-0.012112843036853154,-0.012484527077553554,-0.011029475746944017
2022-08-22,-0.014315416975523576,-0.016502155366901555,-0.0150773300473388
2022-08-23,0.013473954847475107,0.008257733875896223,0.00496268217550444
2022-08-24,0.004545797380709541,0.0038126590360027636,0.001561611079505143
2022-08-25,0.0009583214131324454,-5.6786721761340535e-05,-0.004686182219266755
2022-08-26,0.012005179514719577,0.005139198647599981,0.002080255529346653
2022-08-29,-0.005941842966118331,-0.008418976136287674,-0.014009988924553851
2022-08-30,0.02142844981753767,0.021634437386988153,0.02578426378902554
2022-09-01,0.0038998913916095035,-0.0017802329773769646,-0.012190795272107646
2022-09-02,-0.0027382049166968588,-0.004028911303399564,-0.0001910505934481499
2022-09-05,0.006586038387343319,0.003998275321467922,0.007203850071011875
2022-09-06,0.006241618696279757,0.001775557485388785,-0.0005774531254664206
2022-09-07,-0.0020218512486532393,0.003926983215509489,-0.0017671004916441913
2022-09-08,0.007216394101407849,0.0065164635140518914,0.009892512965589573
2022-09-09,-0.0014392992437822624,0.0004374825288002321,0.0019439347917691308
2022-09-12,0.00758694707936443,0.006796109999844353,0.005775695663245095
2022-09-13,0.0069061715023809225,0.006162231243226344,0.007454201929980142
2022-09-14,0.007403387742260048,0.0017328867493554797,-0.0036690976717561608
2022-09-15,0.004661066206119871,-0.0015156129220846675,-0.007017960667916379
2022-09-16,-0.023371047033408563,-0.025084433381017575,-0.019384853148544656
2022-09-19,0.0018116204518879705,0.00381685365616797,0.0052136885924867205
2022-09-20,0.01058897828902286,0.012680941838058051,0.011008809885230342
2022-09-21,-0.008245102170701658,-0.009395726438908689,-0.005495005437451739
2022-09-22,0.0031200826758123823,0.0002496792516815963,-0.004997577656902563
2022-09-23,-0.02112908262606767,-0.018440246253150792,-0.017155677232420508
2022-09-26,-0.02885513658456567,-0.02373070139361774,-0.017951321762256445
2022-09-27,-0.0016505296142632778,0.002258204268695171,-0.0005230508522044985
2022-09-28,-0.007598157017881371,-0.006362589436929003,-0.00874917846539458
2022-09-29,0.002169270586773386,0.001150436853856243,-0.0024023347691036756
2022-09-30,0.021480139749530096,0.01482872001020872,0.01642575596626905
2022-10-03,-0.022038627011694813,-0.014448719489404706,-0.012109264448790458
2022-10-04,0.024934771637540286,0.02232057263100117,0.02291367093271912
2022-10-06,0.012281016664371914,0.0055896613026954305,0.0033286441360573793
2022-10-07,0.004089770488756642,-0.0012809527982260622,-0.0009895331040011834
2022-10-10,-0.007860333740553121,-0.006232675243971871,-0.00425364584114718
2022-10-11,-0.014968329925925712,-0.01727641418662353,-0.014932383199930399
2022-10-12,0.010196511907451737,0.008992051435387439,0.008246145339619648
2022-10-13,-0.007110160015447228,-0.007092021280319029,-0.006380083772817624
2022-10-14,-0.0020624017140499695,-0.0003309088564617907,0.010070888003887335
2022-10-17,0.011852362091502127,0.005700623932680403,0.007337586960815656
2022-10-18,0.017028560442648586,0.010662481112750047,0.010117285874136073
2022-10-19,-0.0014002484402037133,-0.00023887430133014983,0.0014468379208691928
2022-10-20,0.003434853912151863,0.005501935043653455,0.0029521745492440132
2022-10-21,-0.005874109201984137,-0.004654987490894619,0.0007032337856462956
2022-10-24,0.006205390352708426,0.005128975376657026,0.008787356376761757
2022-10-25,0.005001056673560278,0.0004325711981750976,-0.004196122026705051
2022-10-27,0.008232899619291106,0.00853643894182852,0.004564907874966551
2022-10-28,-0.0017063318884796464,-0.0010262389223312926,0.002810605244745412
2022-10-31,0.011964219154575568,0.009889980717478923,0.012672230395564199
2022-11-01,0.012873668674810957,0.009585696835466045,0.007395053222392978
2022-11-02,-0.001430499398867569,-0.0033629220756454577,-0.003447197631545107
2022-11-03,0.0018683990074300214,0.0003861150180308277,-0.0016673473084335422
2022-11-04,0.001963929263116412,0.0012974190465055197,0.003570168155688336
2022-11-07,0.009123954206533693,0.005298857826251815,0.004727586225111935
2022-11-09,0.0001565092070282654,-0.002991081634026146,-0.002516139235956394
2022-11-10,-0.012188988884731626,-0.00811774123604816,-0.007093725904609771
2022-11-11,-0.004252499193335732,0.006531000709354745,0.017833173247033374
2022-11-14,-0.004322476732662216,0.0008650887340681303,-0.0011198455015547504
2022-11-15,0.004481825828309024,0.003293306493212358,0.004050924260950772
2022-11-16,-0.005752817719590014,-0.005248022232880344,0.0003396111515991951
2022-11-17,-0.0026446615437732846,-0.0037327609711486362,-0.00357149639481924
2022-11-18,-0.006446016441885126,-0.004157968727952477,-0.00197613371355454
2022-11-21,-0.005402794394964864,-0.0036010708790822957,-0.008067729540576885
2022-11-22,0.00607949831707529,0.004494004416891281,0.00463933015368867
2022-11-23,0.0024100973730752555,0.0029772949314151435,0.0012634580983039712
2022-11-24,0.004872382823177365,0.007290405968532482,0.011870949889830174
2022-11-25,-0.0003436372673495831,0.0040887914323647565,0.0015500019600884762
2022-11-28,0.00043686262903865536,0.0035416383678155503,0.0027008413120686026
2022-11-29,-0.0031120890944129694,0.0025278371575052088,0.00297912654375021
2022-11-30,0.009885016106537673,0.010353614546892103,0.007535634625419174
2022-12-01,0.003453794778947843,0.004640924127876427,0.002886735334004964
2022-12-02,-0.0030774577840631382,-0.0015669983799171516,-0.006187396179402005
2022-12-05,0.0022344248001155945,0.001091975231169074,0.00026482378562620035
2022-12-06,-0.00032136143472246336,-0.0028208577285531696,-0.0031175136590962937
2022-12-07,-0.0041065042041822,-0.0020172078214310786,-0.004411902750398933
2022-12-08,0.004455292592383131,0.003071992642677198,0.002631912360927746
2022-12-09,-0.0013044521532794672,-0.0049071393323043095,-0.006058782405979346
2022-12-12,-0.0005997602755940007,0.0019104640701287712,2.977743269738653e-05
2022-12-13,0.002467281817336424,0.002278788850536768,0.0059927938646799905
2022-12-14,0.00441844233269828,0.004582071395030167,0.002810661073194387
2022-12-15,-0.011902842951842749,-0.008695561857005034,-0.013150934355333654
2022-12-16,-0.015587176066666913,-0.01238921131590432,-0.00792295301794177
2022-12-19,0.01264014291239958,0.009716112215307184,0.008289956688926514
2022-12-20,-0.0012821070506843259,-0.003469323895839292,-0.0019081205394395617
2022-12-21,-0.018840966871831434,-0.011219044229156126,-0.01012771964355863
2022-12-22,-0.007324506069484404,-0.005991453860058928,-0.003942502735851727
2022-12-23,-0.03104456123077186,-0.02623217304458308,-0.01768316025411787
2022-12-26,0.02195842062174242,0.01640141214192008,0.011669632893506865
2022-12-27,0.01027660460517531,0.009629491802909855,0.006533654614990558
2022-12-28,0.007791058146903742,0.0006538192270979927,-0.0005405150382313817
2022-12-29,0.0008437182382253364,0.001168151100062807,0.00377983170092433
2022-12-30,0.000650775000420663,-8.913129079508454e-05,-0.00471107793689185
2023-01-02,0.0014763108810010982,0.0032725665065647404,0.005089583355357918
2023-01-03,0.0017490763229389844,0.003669931166559153,0.00192892762485819
2023-01-04,-0.01243131742591468,-0.01002253003023763,-0.010399069487028845
2023-01-05,0.005124609202641184,0.004467815137400773,-0.0028154392892826285
2023-01-06,-0.007288809459103963,-0.006531053893068558,-0.007375503705446151
2023-01-09,0.011492372980336705,0.008306583768289652,0.013536251708490266
2023-01-10,-0.01259359772337368,-0.004882212415732305,-0.010333504750958511
2023-01-11,-0.002627070387389358,-0.002511548683805801,-0.0010299775022909463
2023-01-12,-0.0013576241573540874,-0.00035885411511494744,-0.00209547554088918
2023-01-13,0.009684433406543503,0.004587379305316847,0.005510095918388247
2023-01-16,-0.002258661734999361,-0.0024467188692315314,-0.003438847072569362
2023-01-17,-0.0007680247835853714,0.0024607055472001373,0.008854568511824201
2023-01-18,0.0022355562399765144,0.0036026284825588723,0.006206556323560042
2023-01-19,-0.0038458621363970714,-0.003139047283128982,-0.003165367099256078
2023-01-20,-0.003665676576204054,-0.0072590386754634315,-0.004428975305189153
2023-01-23,0.004314532441523496,0.003668597850999072,0.005042276095628795
2023-01-24,-0.0017740744705473078,-0.0034253586067911766,-1.3798013043020418e-05
2023-01-25,-0.018065764493590927,-0.013091528039416753,-0.01249297962501228
2023-01-27,-0.04025073659185808,-0.01904933326926617,-0.016074246906178757
2023-01-30,-0.004491784038102257,-0.000754606814371495,0.0025334426073457816
2023-01-31,0.01821849476312107,0.008225650316022189,0.0007479862801675896
2023-02-01,-0.02892780055398179,-0.012366359827087375,-0.0025959245256645946
2023-02-02,-0.00874684764193453,-0.004899316918825729,-0.0003349392530399564
2023-02-03,0.01498620913347394,0.006739548397854622,0.013835596307890219
2023-02-06,0.002679346921435728,0.002059272683733504,-0.005010133160870178
2023-02-07,0.003998034152216868,-0.0008764252193176781,-0.0024261514654264627
2023-02-08,0.0114711248052149,0.010699086573225642,0.008475536424681795
2023-02-09,-0.007429223340021886,-0.001868312606866282,0.0012170079483646568
2023-02-10,-0.0034633149084751314,-0.0007762829429480426,-0.0020649578680046465
2023-02-13,-0.014500793560224646,-0.010458720435081045,-0.00479375070002519
2023-02-14,0.002291948984249536,0.0011232473335428688,0.0089443537049958
2023-02-15,0.006199481858413343,0.007999966459221838,0.004796470794436125
2023-02-16,0.004002534318472458,0.004701433963717606,0.0011101336008929596
2023-02-17,-0.007870015756624323,-0.006024927510745594,-0.005081567689351307
2023-02-20,-0.0067125952163951995,-0.0032367219297704465,-0.005550518480140765
2023-02-21,-0.005685359835961694,-0.0030579745981815227,-0.001003126492992057
2023-02-22,-0.019766360443551432,-0.013976508100941122,-0.015280363131582653
2023-02-23,-0.0016872327856927492,-0.002953252258113417,-0.002452434977984641
2023-02-24,-0.004605901811153083,-0.0016271985897944074,-0.002595429723749043
2023-02-27,-0.007502216146761317,-0.006608309262084629,-0.004185411445805309
2023-02-28,0.008598618548382944,0.001945570359390248,-0.0051027157362857345
2023-03-01,0.020527399750825064,0.011602525264279592,0.008492348770636093
2023-03-02,0.0030805803377062617,-0.0019432257812986165,-0.007392168719804415
2023-03-03,0.025088807487200823,0.011697448089558136,0.015728598629827895
2023-03-06,0.008102221377111743,0.006152698341954082,0.006655523618366965
2023-03-08,0.010744412092790753,0.003909548055633265,0.0024250512391459367
2023-03-09,-0.008188822029181912,-0.007895347388177742,-0.009282249899975281
2023-03-10,-0.009090100164169149,-0.003988526511009707,-0.010045664635585094
2023-03-13,-0.01849765737609633,-0.013931833718680406,-0.014851035931626178
2023-03-14,-0.00626164423251417,-0.005413237342091158,-0.006470680525861194
2023-03-15,0.00025319592135159344,0.0004595868159355596,-0.004174683738684903
2023-03-16,0.006086340754221834,0.004805606877023771,0.0007924286811309411
2023-03-17,0.004175323087445574,0.003933791372795224,0.006738129621978839
2023-03-20,-0.009461636971429929,-0.007373539872163936,-0.0065292432199922645
2023-03-21,0.00929350038560884,0.005691971212087356,0.007010642946744028
2023-03-22,0.001551737764828028,0.004715863721383694,0.0025953757489405316
2023-03-23,-0.0022041770490243396,-0.0034397479117368505,-0.004372693304643627
2023-03-24,-0.01152391554552102,-0.010443788882100615,-0.007720933328590696
2023-03-27,-0.0030518516771136884,-0.000608961369615622,0.0023988383407489433
2023-03-28,-0.009818807441613137,-0.007019590275582729,-0.002001683861354908
2023-03-29,0.017994929704632585,0.01135205741051078,0.007609856589321451
2023-03-31,0.010935716550465773,0.012057909531306863,0.016337198944623932
2023-04-03,0.003685035387431772,0.003957784780513285,0.002206297973761151
2023-04-05,0.0025395729143519287,0.00420402083100691,0.009138954817361267
2023-04-06,0.0017142681897439837,0.0034352144383556233,0.002397874785437182
2023-04-10,-0.0003441012715229305,0.0029183704042194565,0.0014148632219350699
2023-04-11,0.005656043620704258,0.004094022272933893,0.005574768321964241
2023-04-12,0.0019713127835291806,0.005605872518666082,0.005083967961446945
2023-04-13,0.003511464015388336,0.0010643675195223016,0.0008757724412713497
2023-04-17,0.006112969463978845,0.003567424147691874,-0.006795512150830185
2023-04-18,0.0024332720470345588,0.0035985191851727206,-0.0026373533282438855
2023-04-19,-0.0045692066959258015,-0.004316205267932383,-0.002344283016240789
2023-04-20,0.00023747985316387288,0.0014518958095732747,0.0003234746363958152
2023-04-21,-0.003842361587233385,-0.0028106487883500556,-2.260708945023282e-05
2023-04-24,0.006364592577472301,0.005470704655283743,0.006771973756565242
2023-04-25,0.0048785367098144366,0.003901430770240465,0.0014568576938982503
2023-04-26,0.006426871858540869,0.003278082236418758,0.0024958627615121465
2023-04-27,0.0027094058394617647,0.0036079063116622153,0.005695152810193838
2023-04-28,0.013150996614602117,0.010827684962761581,0.008370013603697934
2023-05-02,0.008159875922016639,0.007530789155065788,0.004575166931912511
2023-05-03,0.0029133497420676386,-0.0005985925823295419,-0.00318502836487633
2023-05-04,0.005190310788658696,0.007167621301583119,0.009173717607303677
2023-05-05,0.0008511682423357246,-0.0018219025191228747,-0.010232406865540389
2023-05-08,0.008130863584789566,0.009782034158212997,0.010814123118324304
2023-05-09,-0.002027538098098839,0.00026776874581952754,8.480038171931881e-05
2023-05-10,0.0024382530502824106,0.0034876224278630997,0.0026908205008338015
2023-05-11,0.003741795213813289,0.0034507635042983695,-0.0009882342854272697
2023-05-12,0.00216041772217368,-0.002278963021872542,0.0009728797753729701
2023-05-15,0.003443756669415865,0.004623966591230328,0.004589120522186851
2023-05-16,0.0001428341917173782,-0.0011848631058438016,-0.006106338807060685
2023-05-17,0.0004225438715063496,-0.004675278576827317,-0.005728269488420423
2023-05-18,-0.010506578198652078,-0.007187587429221651,-0.002849053652701161
2023-05-19,0.002178124718575643,0.0022102188939454263,0.0040513721791914925
2023-05-22,0.00240770901012396,0.00945732109643939,0.006097761825706316
2023-05-23,0.003624203833746438,0.004831614950821811,0.001834600568861644
2023-05-24,0.0010468803960124802,0.0005551641260652972,-0.0034117947119577385
2023-05-25,0.0041441029598508665,0.004303662201325606,0.001955111686716471
2023-05-26,0.012174373602295289,0.00954151444781633,0.009726420827874671
2023-05-29,0.004707707592981542,0.0062452904610152855,0.005367798508963517
2023-05-30,0.0028373058626115204,0.0007545909993594033,0.0018925684396833287
2023-05-31,0.0015608578982457294,0.0022514553184209175,-0.0053370195013254795
2023-06-01,-0.0047297293218338384,0.000641289779379411,-0.0025169624936233204
2023-06-02,0.006205239653993129,0.0045245553069409835,0.002507044360454902
2023-06-05,0.0027351801029017386,0.0014514012614430065,0.003223787573137793
2023-06-06,0.008931410181333092,0.002828460143482767,0.00027699431442118616
2023-06-07,0.008482481007319765,0.009716354626214273,0.006849851638528914
2023-06-08,-0.007957782326550802,-0.006612324744851096,-0.0049048192636628185
2023-06-09,-0.0005326126968719405,-0.004301463448001537,-0.00381819725413457
2023-06-12,0.004683397446405828,0.005297704704242159,0.0020524046550352004
2023-06-13,0.009705470290902947,0.008571695538113983,0.0061635024393194016
2023-06-14,0.0030010180817974614,0.0033007926716259227,0.0021238341844009856
2023-06-15,-0.0030879568538034236,8.69456145451798e-05,-0.0036149041015322014
2023-06-16,0.009313689469862703,0.008184832758240213,0.0073790483520230765
2023-06-19,-0.003832971245997918,-0.0025704132468532454,-0.0037475183921172883
2023-06-20,0.003002066914854725,0.0046898688391221926,0.003265717567498605
2023-06-21,0.0004218069881345576,0.0011878673806757975,0.0021337637466720683
2023-06-22,-0.01279549093256891,-0.009593398401134266,-0.004539443817404343
2023-06-23,-0.00717534743843427,-0.009312552635141446,-0.005633615236065759
2023-06-26,0.0013713610264146523,0.0047697651816620106,0.0013768299134766515
2023-06-27,0.0024254903532728075,0.0053367503957433,0.00675190341711196
2023-06-28,0.009656238294507312,0.0073881192852014695,0.00822107281232487
2023-06-30,0.010638252409642994,0.009268809878757474,0.01143527476356887
2023-07-03,0.005515074837183288,0.0032505941230182877,0.00695709243369369
2023-07-04,-0.0002731527168958678,0.00021104764897236913,0.003438946519135566
2023-07-05,0.009811317938976143,0.007683830837400712,0.0004899685388621844
2023-07-06,0.004843260186889224,0.006404436245505084,0.00509321758125636
2023-07-07,-0.0054863235739946396,-0.008046719810147297,-0.00848835445771845
2023-07-10,-0.005042424230414504,-0.0028042459246072084,0.0012466303397029588
2023-07-11,0.007792283309655916,0.007017237156856466,0.004313930032438185
2023-07-12,0.002347607228767235,0.0014297010692200754,-0.002834429471475497
2023-07-13,-0.009018942256265011,-0.0051737115287937094,0.0015192303855748879
2023-07-14,0.0065760745937257555,0.008465726581290791,0.007765114931427508
2023-07-17,0.0031185051105790764,0.002979561703761987,0.007511013251041421
2023-07-18,-0.005368877928815051,-0.002095688440190934,0.001917706853032497
2023-07-19,0.009326104942725877,0.005361836224379702,0.004248282371482448
2023-07-20,-0.002048080207716022,0.0022755645532161303,0.007361412439498949
2023-07-21,-0.00485270160001279,-0.005938335952277792,-0.011719737128305097
2023-07-24,-0.0005413260847160465,-0.0006892033912389462,-0.0036794322929856182
2023-07-25,-0.0006579654524864798,0.003656847330060918,0.0004193703428323481
2023-07-26,0.007255259805826837,0.003883085470156821,0.004964339187534694
2023-07-27,-0.00283815034856442,-0.0013051188182631795,-0.0059863783008722304
2023-07-28,0.006386116572791952,0.005367192597474899,-0.0007044597937843067
2023-07-31,0.0050044883644950995,0.005709380468255961,0.005484562836559181
2023-08-01,-0.0032377235423400466,-0.00017744159273350285,-0.0010251191770254131
2023-08-02,-0.014108590335586006,-0.011385288969107413,-0.010489749274959825
2023-08-03,-0.0094797538720362,-0.004148192760378099,-0.007420685416911321
2023-08-04,0.00698609166608225,0.006266258311536818,0.006983389270114548
2023-08-07,-0.00106230055752408,0.003601372002766211,0.004114401867602702
2023-08-08,0.0012099984452527534,0.0014435183372955795,-0.0013497354646058168
2023-08-09,0.005415349307794785,0.003803493631420568,0.003152707884763739
2023-08-10,-0.0018425787101083117,-0.0029949200172033658,-0.004556268458015711
2023-08-11,-0.0019863538998439773,-0.004133672180409309,-0.005874136161590715
2023-08-14,-0.006522636121014131,-0.006471575644665797,0.00032169565781225984
2023-08-16,-2.701005532031284e-05,0.00171314445813946,0.0015667570139761278
2023-08-17,-0.0018565115148346945,-0.0019730785838038,-0.005124582584125403
2023-08-18,-0.0022808754202425304,-0.0030737878941041056,-0.0028452826260957353
2023-08-21,0.006282728874087983,0.006907020892646518,0.0043215209131937105
2023-08-22,0.005890163522646541,0.0037570521834027165,0.00014693555773015454
2023-08-23,0.006210327458597678,0.0015095650159288605,0.0024515199000461063
2023-08-24,0.001847612357180236,0.0004574566655628918,-0.002946964680621278
2023-08-25,-0.0105971861590994,-0.008243057187202123,-0.006236153774081932
2023-08-28,0.007106089593470844,0.00529583017956321,0.002089194238900971
2023-08-29,0.0053084557573460315,0.00466760692490196,0.0018957584743610756
2023-08-30,0.005060874278372961,0.002320078221479927,0.0002480956863764039
2023-08-31,-0.003227072251324004,-0.005814672035474245,-0.004840350603388277
2023-09-01,0.009372731339525675,0.01000786953094128,0.009426710188917609
2023-09-04,0.009978413684136699,0.007859629169190413,0.004810833701642592
2023-09-05,0.004410592445140581,0.002867753124176329,0.0023605960187407238
2023-09-06,0.0004373931423348929,0.0036464453320521513,0.0018467726478093027
2023-09-07,0.006627316666869732,0.004889111990340347,0.005915032360780392
2023-09-08,0.005651238219250358,0.005057707972969888,0.004709190366575022
2023-09-11,0.009948382357322443,0.010948992138908147,0.008900143420050854
2023-09-12,-0.016326635714475086,-0.014000504840454458,-0.0001575482868895195
2023-09-13,0.008889241130610936,0.004945472086619343,0.003841345269944396
2023-09-14,0.0072907468591683735,0.005199138458458843,0.001649208239910216
2023-09-15,-0.0006080700977472707,0.003501445623988025,0.004439613877174287
2023-09-18,0.002452750886100981,0.00044887783236487503,-0.002924316846098174
2023-09-20,-0.006370819176598983,-0.0071525119408618835,-0.011518249945432046
2023-09-21,-0.009671183100070424,-0.007190220749577327,-0.007991939166498319
2023-09-22,0.0014932320614867898,-0.0011563993504854677,-0.003449417659114995
2023-09-25,0.004206326111123981,0.0005033048646438145,1.5288066889551644e-05
2023-09-26,0.00034242115901926486,0.0009005078230113339,-0.0005007261720755274
2023-09-27,0.004020388671811547,0.0032151088265122453,0.002631619198663282
2023-09-28,-0.012665762827191864,-0.01382779414845068,-0.009783629666773708
2023-09-29,0.009509921784329047,0.00966256916235271,0.005877516917168757
2023-10-03,-0.0008520332709395998,-0.002226405793384876,-0.005578424654468894
2023-10-04,-0.018378134779687725,-0.009928623756211468,-0.004744307271330683
2023-10-05,0.0029852766215004876,0.0021740363570912197,0.005641584105285702
2023-10-06,0.008660389349001063,0.007284743657035263,0.0055127073660514725
2023-10-09,-0.00870013236463275,-0.010193558497833936,-0.00718194675884698
2023-10-10,0.011243289882761678,0.009882501217962825,0.00909680297624016
2023-10-11,0.003523641304124389,0.005770042932861445,0.006170692128707245
2023-10-12,0.00454094536737634,0.0019102962221044057,-0.0008757409120068171
2023-10-13,0.00031384388325055674,-0.0012403691250995478,-0.0021698099802970328
2023-10-16,0.0049568557493204395,0.002253616344358267,-0.0009772027556287366
2023-10-17,0.005286367380558899,0.0044228097686772735,0.004041709427698992
2023-10-18,-0.009965850774372079,-0.008029117545802855,-0.007086812741337156
2023-10-19,0.0003410574351515297,-0.000846786808294116,-0.0023588102112444
2023-10-20,-0.012239972781027989,-0.00828325190702177,-0.004180896084593599
2023-10-23,-0.018714776270159602,-0.016839002521082887,-0.013350307425555652
2023-10-25,-0.004187285010013286,-0.00534369192630081,-0.008277236732921023
2023-10-26,-0.008672550953558315,-0.012869220972379929,-0.013853064912347501
2023-10-27,0.017221783923265836,0.012103592443553022,0.010075700327460302
2023-10-30,0.002604077738015187,0.002158911433532342,0.004916740769664862
2023-10-31,-0.0010308517564825278,0.0017453780568375862,-0.0032026069828995363
2023-11-01,-0.004437950671966958,-0.0060115305884002775,-0.004740624572936891
2023-11-02,0.012018070741681488,0.010892291425570749,0.007588523257266999
2023-11-03,0.0060236687816683015,0.0054676973472046,0.005087980838331285
2023-11-06,0.008439845387357967,0.00909001379341785,0.00941990339899168
2023-11-07,0.007592818656088832,0.0038019527304993263,-0.000260191958478706
2023-11-08,0.004920570487545676,0.006045024992948667,0.0018962926582819506
2023-11-09,0.0007003320185593315,-0.001740024526672619,-0.002478937369815082
2023-11-10,0.0024255949089995476,0.0020998170802691636,0.001549283945833313
2023-11-13,0.007904355144097415,0.0028347275421100296,0.0009369804014345284
2023-11-15,0.007948771640849159,0.010383235097069453,0.011926753508604282
2023-11-16,0.005644932619410095,0.0052563142959933355,0.004561522280999375
2023-11-17,0.001508343027988216,0.003308422940059901,-0.0016897597201204206
2023-11-20,0.0005693586935246499,-0.001971100148216943,-0.0019157289123818977
2023-11-21,-0.0001906436078595122,0.0029315349578553375,0.0045394734754240496
2023-11-22,-0.0016052673147952778,-0.0010927110522515593,0.0014380348265852216
2023-11-23,0.002166021963585063,0.0018185750753988328,-0.0004971574875239915
2023-11-24,-0.0009856332038121337,-0.000878158995410943,-0.00036868908443588033
2023-11-28,0.010833392006098567,0.010244971136382449,0.004799264638990497
2023-11-29,0.0063130785092994,0.006052327642383083,0.010402389113554511
2023-11-30,0.010719899133673237,0.007601660924652552,0.0018187545137213768
2023-12-01,0.012232127527606837,0.008062568230167494,0.0066929416105065975
2023-12-04,0.019095410859261978,0.018501784028533017,0.020668169003769332
2023-12-05,0.007519702655158894,0.009971285067966691,0.008135565760247543
2023-12-06,0.00203051047944871,0.004172496050382204,0.003960643244200535
2023-12-07,0.0032875265778476836,0.00412020769609474,-0.0017455990623970186
2023-12-08,-0.0011551725101066502,-0.0034793887990653945,0.003265370504707432
2023-12-11,0.008156466790909875,0.004472334222834595,0.001320935183362959
2023-12-12,0.0007549104289680024,-0.0023914330921278645,-0.004319607014175553
2023-12-13,0.010390927141598413,0.006713307044039717,0.0009542158562574343
2023-12-14,0.008978296296584594,0.008574623400856235,0.012250087289956912
2023-12-15,0.007272378794062608,0.0060957338932074,0.012932779200891975
2023-12-18,0.0035260230743657246,0.001146273498736678,-0.0017710126840955187
2023-12-19,0.0021592720362119118,0.0015663334266082531,0.0016083748565725031
2023-12-20,-0.025447665133510093,-0.022786039576310927,-0.01412146609423337
2023-12-21,0.00983125630294177,0.007912008853690087,0.004959794076523361
2023-12-22,0.01155088425141992,0.008434013756646732,0.004438926556610712
2023-12-26,0.008186895305617784,0.008215367205341212,0.004306875934107168
2023-12-27,0.006861066154142954,0.008124399529734922,0.0099527499207277
2023-12-28,0.010119234996085878,0.008167813837155822,0.005723881307796219
2023-12-29,0.0035879384363165625,0.002732207793027853,-0.0021717930740454694
2024-01-01,-0.001132202901077409,0.0015975407216992656,0.00048317180721269004
2024-01-02,-0.0016179183732748744,-0.0002057723827088564,-0.003500136051024061
2024-01-03,0.006770277409728053,0.0006063290355915259,-0.00685186637566948
2024-01-04,0.009866391074414999,0.008041259608769133,0.006564470186349425
2024-01-05,-0.001190121330545013,-0.0007854413527247767,0.002410182228605562
2024-01-08,-0.004867002091447743,-0.011065681212100584,-0.00911070868564301
2024-01-09,0.00901568540921377,0.0045560980600879,0.0014804820050666745
2024-01-10,-0.0024106694544349847,0.0011753090174628947,0.0034277152411805734
2024-01-11,0.011278333454519982,0.005982601811485655,0.0013183031833516878
2024-01-12,0.007154395148594693,0.004706038170273329,0.011426492637705898
2024-01-15,0.006985735809424128,0.004974010326353844,0.009267074694848665
2024-01-16,-0.0009684894495667377,-0.0010317953533146114,-0.0029482333845447517
2024-01-17,-0.006288791732358061,-0.011553444335845677,-0.020894393512082443
2024-01-18,-0.0018114119915460445,-0.0036138972794513813,-0.0050852715087356115
2024-01-19,0.01294546623802335,0.01021444656922987,0.00746195718645537
2024-01-23,-0.02704142698059492,-0.0227218327259504,-0.01774084294273448
2024-01-24,0.015675196588116492,0.014448994136014323,0.010129971071150878
2024-01-25,-0.0006077715384175896,-0.0028968923759672654,-0.004724053755400193
2024-01-29,0.021864627918815542,0.015396899696105736,0.018030591452244726
2024-01-30,-0.006799387122685777,-0.00551302708856197,-0.009913698102483215
2024-01-31,0.008202622713896986,0.012201159670114235,0.009460025419002926
2024-02-01,0.001561258778320725,0.0016017722516767762,-0.0013003033741542103
2024-02-02,0.01581909954718276,0.009348782886026577,0.007205988175093214
2024-02-05,0.005378076540362016,-0.0012001982879957641,-0.0037568550808078083
2024-02-06,0.012675455647991832,0.011839453495657015,0.007243402101531293
2024-02-07,0.013682147604338024,0.008526129348139604,5.014315737827957e-05
2024-02-08,0.003549392044447855,-0.003221028928539332,-0.009692017110872975
2024-02-09,-0.004628146564783294,0.00024307790993235016,0.0029722318898448563
2024-02-12,-0.0176505804284466,-0.012400936346257803,-0.0076414194307357075
2024-02-13,0.010531094717569665,0.006089568201213772,0.005884480011507653
2024-02-14,0.016321254068001948,0.00942930987016595,0.004451992284961959
2024-02-15,0.010709396306610382,0.004709704863041312,0.0032371361888359207
2024-02-16,0.00841034471838213,0.008304214708668992,0.005930843022260657
2024-02-19,-0.0024463949893734757,0.0026444425966890375,0.0037000088082788096
2024-02-20,1.1821796793024593e-05,0.0012615717309731997,0.0033766555730090353
2024-02-21,-0.007588124164478851,-0.004003914319685739,-0.006392700010330099
2024-02-22,0.013220026404918438,0.0078067870305736755,0.0073633218581414805
2024-02-23,0.0017965567811442803,0.0005765335781208749,-0.0002137959201901074
2024-02-26,-3.746953675583313e-05,-0.003196972384416878,-0.004080928508836235
2024-02-27,0.0006691396510166328,0.0021157657327010126,0.003448994348646428
2024-02-28,-0.0166390594930643,-0.013354776626035647,-0.011135927809948543
2024-02-29,0.005658572441479795,0.00606638022007042,0.0014418556686905948
2024-03-01,0.0152993648325897,0.011007541414560802,0.016192168700068565
2024-03-04,0.01463229376210486,0.0053032295873766165,0.0029925402887358565
2024-03-05,0.0006085451290690308,-0.0014309249220393514,-0.00220029050703785
2024-03-06,-0.001481330147368594,0.00034368012072277814,0.005266971542034149
2024-03-07,0.003519515878097076,0.004491909827561443,0.0008676673462120199
2024-03-11,-0.0033859810088486563,-0.002115195597014306,-0.007153178801771132
2024-03-12,-0.0131310270632092,-0.01012645075726774,0.0001365188668460693
2024-03-13,-0.03506578032332028,-0.028208638632260478,-0.015132725270416536
2024-03-14,0.02092116736737388,0.017653092477823824,0.006771215952804832
2024-03-15,-0.012009947333307945,-0.0060829541274991725,-0.005567468627318717
2024-03-18,0.0004954143976546289,0.0026079079322605526,0.0014688778023679294
2024-03-19,-0.01551148268815694,-0.014865069664732125,-0.010802196640288697
2024-03-20,0.003451560741513512,0.0012264952994052503,0.0009923428906801757
2024-03-21,0.020912244354178128,0.016588418132323722,0.0079146856998078
2024-03-22,0.006502613809877264,0.005777346320564475,0.0038524885010076115
2024-03-26,0.009399933832484771,0.00370300562956597,-0.00416580634029895
2024-03-27,0.003898093702503266,0.0014800297410251049,0.005405716783151604
2024-03-28,0.00986730206280551,0.01169852750330329,0.009187001078543977
2024-04-01,0.012824244452131118,0.01087983928197163,0.006050979178091831
2024-04-02,0.010423686185637581,0.005462279226902983,-0.0003872860275131451
2024-04-03,-0.00041787925704049166,-0.0010961794584890177,-0.0008306302403686683
2024-04-04,-0.007489501980678894,-0.002161391348156953,0.003565912488363576
2024-04-05,0.001452994970515457,0.0031322526892914636,-4.224679746289706e-05
2024-04-08,0.004370022859806104,0.007339517234577334,0.006778164752814453
2024-04-09,-0.0032980723080840366,-0.002046734951975709,-0.0010390218270411866
2024-04-10,0.011017065563485803,0.006298587240839766,0.0049044741142307835
2024-04-12,-0.005534798069879864,-0.0075104733137139985,-0.010301592814249916
2024-04-15,-0.012747045658150678,-0.013068453622870433,-0.010963897188301042
2024-04-16,-0.002545867894700316,-0.0032876645611778052,-0.005594325260972033
2024-04-18,-0.004710830097317246,-0.00493164999274893,-0.0068652458503182245
2024-04-19,-0.003801724847294541,0.0007476670496501503,0.0068717686886063944
2024-04-22,0.012324869106345808,0.012026774970140774,0.008551965982977361
2024-04-23,0.002206995298447853,0.0028174113762019087,0.0014147135985376202
2024-04-24,0.007350110903293154,0.004889270043959526,0.0015379287654238016
2024-04-25,0.010333438836862663,0.005623377172310813,0.0074969296067168845
2024-04-26,0.006270283574882598,0.0007211156481132105,-0.006663626980883297
2024-04-29,0.0037915394240400175,0.0030581020869186047,0.00996662256880243
2024-04-30,0.003153624212092439,0.0017627164249217472,-0.00170251731563964
2024-05-02,0.012178505040243294,0.007602806513091004,0.0019177127972140884
2024-05-03,-0.006068168350392497,-0.005063278627674004,-0.007609859296553445
2024-05-06,-0.017410725937148902,-0.005551243324046381,-0.0014749338156797576
2024-05-07,-0.021097118484630775,-0.00903606920576178,-0.006246985595782073
2024-05-08,0.009904451015265785,0.004070156894646601,0.0
2024-05-09,-0.021388997335791464,-0.017698199156680444,-0.01546911781190452
2024-05-10,0.00976417677556243,0.008927402945085093,0.0044494691449390444
2024-05-13,0.003863800643997491,0.00670605883336637,0.0022149680905385605
2024-05-14,0.014475478609141678,0.00834547058208795,0.005148324587705533
2024-05-15,0.009123292687814056,0.0017899527442972803,-0.0007786004689536163
2024-05-16,0.0035945213591384584,0.005417031329744262,0.009157377676264788
2024-05-17,0.007778293737240653,0.00500710520672295,0.0027785403439750667
2024-05-21,0.017176681772725338,0.009669000732439034,0.002802051667603722
2024-05-22,0.0034875453909834005,0.0032984319840786247,0.0030516154749500313
2024-05-23,0.007986057199750157,0.00912659092845981,0.01636661960848307
2024-05-24,0.0008572051165779671,-0.0020565844782929952,-0.0004593757337192361
2024-05-27,0.0009736496878566551,0.00024275204906374213,-0.0010737589261899938
2024-05-28,-0.010328642035685216,-0.0028806637988792703,-0.0019317094176221072
2024-05-29,-0.0035561903373989567,-0.005808158975744995,-0.008015115627261094
2024-05-30,-0.011274852232318121,-0.01230832908547961,-0.009515599658179275
2024-05-31,0.011669248543970761,0.001727648488782068,0.0018697799732139142
2024-06-03,0.05575512081994573,0.030029094828916532,0.03254231769535276
2024-06-04,-0.10707143266868602,-0.05680011439538173,-0.05929359941641077
2024-06-05,0.04881657614465385,0.042013426328596955,0.033624236760035675
2024-06-06,0.016434820310244597,0.010234397229167544,0.008888049244237806
2024-06-07,0.01556886801678444,0.01643317172504591,0.020539931466807104
2024-06-10,0.005446646762442041,0.004440969033325244,-0.0013289382574128705
2024-06-11,0.003416156057145855,0.00010901691947853914,0.0002429314342191624
2024-06-12,0.008175356608395457,0.004482682586066615,0.002497312914139238
2024-06-13,0.003830185003115501,0.005477730546494072,0.0032564994745150067
2024-06-14,0.012390917556206565,0.008122009337633136,0.0028505279152657437
2024-06-18,0.004392787438226194,0.0035947598910826876,0.003933450786960613
2024-06-19,-0.01498805605560765,-0.008346669648169155,-0.0017786131162043084
2024-06-20,0.002842209036000713,0.003773533051705766,0.0021687361796223215
2024-06-21,-0.007468835495565413,-0.0038963930800453824,-0.00279629951309035
2024-06-24,0.002227479524441686,0.0034168813340446813,0.00156375661610908
2024-06-25,-0.004714994693167636,-0.0006608575527213142,0.007793879853915442
2024-06-26,-0.0035665637138869314,-2.3809636415260106e-05,0.006218040121837909
2024-06-27,0.0007789257803949832,0.004997744111331263,0.007361040898544724
2024-06-28,0.008248354376329176,0.0013952831857363423,-0.0014099020825968367
2024-07-01,0.004006169071180773,0.005822073381735844,0.005470484349075377
2024-07-02,-0.0020599924663075434,-0.0045201016065374525,-0.0007497161563467802
2024-07-03,0.0055946944852872,0.007728435936652739,0.006742306607722792
2024-07-04,0.008324128560925629,0.002907717865100832,0.0006444070008029268
2024-07-05,0.006758280574200923,0.005589667168926707,0.0008928929498506211
2024-07-08,-0.005966934042402306,-0.0026015219735459586,-0.00013562113637344275
2024-07-09,0.006903872609567269,0.006252556726803011,0.004631820986013446
2024-07-10,-0.0036902548363776087,-0.0005527988602373626,-0.004450911197766749
2024-07-11,0.003929311641905413,0.0003875241814301619,-0.0003494426502141934
2024-07-12,-0.0064996096475544865,0.0006520698755065973,0.007657573644356042
2024-07-15,0.013609698687647845,0.007450202812860928,0.003450669707641296
2024-07-16,0.0006273023270431076,0.0020048894963381526,0.0010697158254551198
2024-07-18,-0.01118273176632453,0.00017860853204486085,0.007632129743428306
2024-07-19,-0.028078095486101108,-0.01921630586843633,-0.010884676251089243
2024-07-22,0.010598656039058298,0.006227554333421087,-0.0008825762723847497
2024-07-23,-0.007712755279404488,-0.0004164613105378769,-0.0012321559717249908
2024-07-24,0.0067946014781853385,0.0020965128007006534,-0.002677831825905974
2024-07-25,0.009082895853184489,0.002816623373462581,-0.0003031269840456652
2024-07-26,0.018771080820019184,0.018237350582464906,0.01756732976027453
2024-07-29,0.01079548949146151,0.00571052300662436,5.03324972633834e-05
2024-07-30,0.005946064577993838,0.00187805066745915,0.0008536433743000504
2024-07-31,0.007276101730485164,0.006364205442552131,0.00377553501085659
2024-08-01,0.0010899166289859838,-0.001325203068019803,0.0023946791656728195
2024-08-02,-0.015704940379554062,-0.012073863132179573,-0.011722935491954689
2024-08-05,-0.037504965075354856,-0.02638560044640664,-0.02678645789462286
2024-08-06,-0.006794525306147037,-0.004132708003918081,-0.0026209626510589334
2024-08-07,0.030765502741796468,0.01967959266100752,0.012710162480444431
2024-08-08,-0.00982603660684123,-0.008581427787744905,-0.007428747813561065
2024-08-09,0.014854991334853447,0.008487612445172325,0.010386864037815746
2024-08-12,0.0007165899902182005,-0.0017904082593912277,-0.0008412844977941925
2024-08-13,-0.01102962354970726,-0.007775136904804483,-0.008543146999630324
2024-08-14,-0.003160706075871024,-0.0026074482156323363,0.00019677699987563635
2024-08-16,0.016650691346901243,0.016235077781110423,0.016459762490292462
2024-08-19,0.011589892449685956,0.003988553555758814,0.0012835584110202358
2024-08-20,0.007498703909616623,0.008475500423164044,0.005135759339910173
2024-08-21,0.006573978820594223,0.007037899439131931,0.0028887826964991703
2024-08-22,0.000658853430899831,0.004366868599078285,0.001667357653657442
2024-08-23,0.0019047985332315256,-0.002073136245545,0.00046955607782672715
2024-08-26,0.006330327527770747,0.007021043635934093,0.007551387144671073
2024-08-27,-4.786652023913338e-05,0.0009864980518636073,0.0002858944102370753
2024-08-28,0.0007556205170242954,0.0004684308289607304,0.0013830024432652799
2024-08-29,-0.0008296842993109433,-0.0005093824226071739,0.00397565940632294
2024-08-30,0.007000044045835591,0.006038733123663598,0.003337760073577778
2024-09-02,-0.0016071113219359313,0.0031006001400605394,0.001695950113232314
2024-09-03,-0.0019021259739289138,0.00016642461527537202,4.550829989491412e-05
2024-09-04,-0.0038015827575899157,0.00010141764712098917,-0.0032100820170585243
2024-09-05,-0.0008943241561519488,-0.0006390701158801994,-0.0021270784221717465
2024-09-06,-0.01725991416412585,-0.010822127592954403,-0.011650350298901935
2024-09-09,-0.0028078597555366647,0.0019645424870180696,0.003390048695012693
2024-09-10,0.005451186364845052,0.0040675613891168645,0.0041986500501236534
2024-09-11,-0.009395361347489944,-0.0040837240506829495,-0.004897963449619458
2024-09-12,0.0194350891997955,0.01582131188850856,0.01887963282727112
2024-09-13,0.0036080510745683378,0.001799381247735021,-0.0012761636040355961
2024-09-16,0.006345037213044058,0.0015468103291125719,0.0010746751326089488
2024-09-17,0.0026795146752767625,0.00015675386859749944,0.0013709866056039743
2024-09-18,-0.004555288267474063,-0.004045888229551608,-0.0016129951842196455
2024-09-19,-0.009508543001478553,-0.0013039084954876348,0.0015072376499098983
2024-09-20,0.011958037518019656,0.011168119160637468,0.014760441377741573
2024-09-23,0.019288497873629153,0.010283249652528196,0.005742385099666292
2024-09-24,0.00980126222906755,0.0005840337135876029,5.2030021699067674e-05
2024-09-25,0.000922354409361715,-0.0012087954085569363,0.0024575565157058943
2024-09-26,0.007839747683285728,0.008064660537381078,0.008148714241454025
2024-09-27,0.00985100205491243,0.004741065788788719,-0.0014152231703233875
2024-09-30,-0.012198295376944676,-0.008713011154611863,-0.014060900852023384
2024-10-01,0.003767386776532745,0.0003564175791003845,-0.0005404401234794243
2024-10-03,-0.021202332320871535,-0.020121645722117852,-0.021196375260987388
2024-10-04,-0.011843232328136015,-0.010519278542048248,-0.009326695880144675
2024-10-07,-0.018699057157373397,-0.014986978400163279,-0.008748875168602677
2024-10-08,0.025424549264398192,0.012546784110683652,0.00876764730346924
2024-10-09,0.008066524287559848,0.006163149840277832,-0.0012473907279866303
2024-10-10,-0.0029197193965568523,-0.0025647211466763085,0.0006604768849507447
2024-10-11,0.006652079162047678,0.003054417270283132,-0.0013680536120755926
2024-10-14,0.0020945356760476226,0.0019582422156801207,0.006557345754428789
2024-10-15,0.00281747009490985,-0.0011234917605877574,-0.0028096049048969007
2024-10-16,-0.0015079170730361317,-0.0020804412703756014,-0.0034340754096676696
2024-10-17,-0.023861511681239494,-0.016217838044405214,-0.008868227322834543
2024-10-18,0.006743917021073972,0.0054109011391667424,0.004210173941240125
2024-10-21,-0.014356387411174527,-0.010983527901433063,-0.00293518237799828
2024-10-22,-0.021856136317667068,-0.019953440295707767,-0.012469180337869368
2024-10-23,-0.00641777706849113,-0.000590571236293039,-0.001495564743491773
2024-10-24,-0.003366495020640263,-0.0027187480584960843,-0.0014773427748562273
2024-10-25,-0.022882917499799416,-0.016279769304460682,-0.008959220549493163
2024-10-28,-0.0006875316909229163,0.006565554913457729,0.0065485676346082045
2024-10-29,0.004897946665136046,0.005574194755678298,0.0052466588480091225
2024-10-30,-0.0071319540328724,-0.0030111908301668623,-0.005149825253829232
2024-10-31,-0.004974361671942003,-0.0043817163761067585,-0.005566773640794054
2024-11-01,0.0066076725619832405,0.005568275971436537,0.004090004961616156
2024-11-04,-0.013247541977845445,-0.012560853667185122,-0.0127137736646451
2024-11-05,0.004177655539040046,0.006789659399504836,0.00908305881860727
2024-11-06,0.022963877881310674,0.015425154395452762,0.011181870759630508
2024-11-07,-0.013216000921629972,-0.010089989180292152,-0.011628025706147627
2024-11-08,-0.00867067568285684,-0.00513446076715456,-0.002113709312467793
2024-11-11,-0.0017315336112280048,-0.0031699948116364783,-0.00028567088740283353
2024-11-12,-0.019745009180115708,-0.01463186082090813,-0.010680930776533315
2024-11-13,-0.019507337692937686,-0.017189743391158994,-0.013582562322921432
2024-11-14,0.00047586513449379475,0.0010873189814257188,-0.0011185324376894457
2024-11-18,-0.0024003431328720698,-0.002737721473852772,-0.0033527151631265184
2024-11-19,0.002785241389094858,0.000625207974585934,0.002758581406631766
2024-11-21,-0.015262026671654182,-0.01343645440697694,-0.007168807933116472
2024-11-22,0.014329778635799009,0.017797251045310675,0.023869464111237804
2024-11-25,0.020144629694308958,0.013719626392426982,0.013161295867362366
2024-11-26,-0.008790506580604209,-0.0011409632087927238,-0.0011312238174179257
2024-11-27,0.011903414064090685,0.005957770471571706,0.003323085437806128
2024-11-28,-0.0049541042917027826,-0.007310806625814792,-0.014861029054492936
2024-11-29,0.015492081098966517,0.009258461717634775,0.009072001940535257
2024-12-02,0.008819747181865779,0.006844570373953825,0.006006820004948565
2024-12-03,0.007157541805475013,0.008123198988187808,0.007460011144599932
2024-12-04,-0.0011797785354877588,0.002214053576372525,0.00042109681465385407
2024-12-05,0.00382585737585249,0.004341721732601904,0.009847825562885104
2024-12-06,0.005574358711276945,0.002064411810755774,-0.0012384293961259507
2024-12-09,-0.0015984249931065653,-0.0033976918729918424,-0.0023827399277279726
2024-12-10,0.0008200980444071593,0.0015808973025740122,-0.0003635086213900074
2024-12-11,0.004488384239790003,0.0023456934045131598,0.0012901233029631864
2024-12-12,-0.0025385946303686617,-0.004193720751335146,-0.003778196379659149
2024-12-13,0.004380955341349265,0.003532466748113659,0.008945547808588916
2024-12-16,-0.0009978122097523505,-0.0011575038091376588,-0.004039468921733236
2024-12-17,-0.014854812263241016,-0.013575057682567001,-0.013468730047733413
2024-12-18,-0.009305150067852255,-0.006479148781502515,-0.005635699812006956
2024-12-19,-0.002961432622694105,-0.004809948611798927,-0.010213311567061067
2024-12-20,-0.024589720745153087,-0.019000718514750523,-0.01520556915080562
2024-12-23,0.0026209572094927874,0.004504519794149443,0.0070354729729729115
2024-12-24,0.001015259035870238,-5.3073236512445626e-05,-0.0010861087115143775
2024-12-26,0.008535913499841579,0.0023168373445148858,0.0009503186263191132
2024-12-27,-0.005495825516811297,-0.001624125602442419,0.002661079652128029
2024-12-30,-0.007271812348575376,-0.0009431143964050389,-0.007075847935867907
2024-12-31,0.005368191109934901,0.00013629736667023092,-4.212721278373799e-06
2025-01-01,0.0025399925992473614,0.0033120426418150346,0.004148887118253564
2025-01-02,0.011977504008517834,0.017024072032134168,0.018774033191665485
2025-01-03,-0.007046517775948808,-0.0005871284745584612,-0.007602755327609123
2025-01-06,-0.025568850231231014,-0.021785167888411807,-0.016192595996625703
2025-01-07,0.0026891925126864002,0.004652703723217754,0.0038892874268343647
2025-01-08,-0.010856039213044608,-0.0039317594040491535,-0.0007993610384197103
2025-01-09,-0.010449400792925506,-0.004360927885848186,-0.006857594959147506
2025-01-10,-0.013449771845228334,-0.012864600934275423,-0.004037999702463213
2025-01-13,-0.0337046751664586,-0.026850476621452995,-0.014747275302477436
2025-01-14,0.018459538151750637,0.015158956518366034,0.003902874499386977
2025-01-15,0.004486596747518201,0.002737482541429621,0.0016028803979861728
2025-01-16,0.006144003310188678,0.008146526710940172,0.004247650725383689
2025-01-17,0.0038037369187743403,0.0040944770579919906,-0.004658651792672774
2025-01-20,0.0038835057723812477,0.004538619864562358,0.006100485537167577
2025-01-21,-0.02224232950104739,-0.013637709758742685,-0.013711845677293555
2025-01-22,-0.004246105722681096,-0.002155954257586602,0.0056764909144164655
2025-01-23,0.010932660040936085,0.007539503869917019,0.0021593282262408753
2025-01-24,-0.011367909139373644,-0.008857813378770158,-0.004876047658393667
2025-01-27,-0.021140133045273943,-0.01755101314917181,-0.011391241935562957
2025-01-28,-0.00562141092308273,0.001638368433616328,0.005611229817278129
2025-01-29,0.014787700699119145,0.011880051106293893,0.008966649288351114
2025-01-30,-0.00193245580948858,0.0024376217515068746,0.003730087599762788
2025-01-31,0.014984122459707679,0.013509781985366707,0.011135740150325812
2025-02-03,-0.01135717721590352,-0.0033060985820562057,-0.005157091976693451
2025-02-04,0.013924692453635257,0.011389378900967376,0.016189306820631133
2025-02-05,0.007652818027296588,0.002870304356782349,-0.001809207062143936
2025-02-06,-0.008826840912642407,-0.006588895598462285,-0.003922602634608197
2025-02-07,0.004358762354438148,0.0009575427734736053,-0.0018387386257991967
2025-02-10,-0.01536283529821945,-0.011864589146825555,-0.007570033692307909
2025-02-11,-0.02321222291497155,-0.01944202493696595,-0.013249684936046169
2025-02-12,-0.0031083901896303092,0.00011108287666538455,-0.0011507892904301098
2025-02-13,0.0034403007931349166,0.0004253500438389778,-0.0006009745771905495
2025-02-14,-0.02065799748659644,-0.014500041898265977,-0.004435266153706374
2025-02-17,0.0006748003764569077,0.002144395915780884,0.0013192755977626813
2025-02-18,-0.00044549460416802534,-0.0008943460833395738,-0.0006184463402948426
2025-02-19,0.0056513636836680314,0.0032956052367943064,-0.0005404326900405598
2025-02-20,0.012996460935797477,0.008526487612958353,-0.0008612081186238907
2025-02-21,-0.016981281399023745,-0.008560999986114138,-0.005117148798882476
2025-02-24,-0.009420246329506598,-0.008081440184159412,-0.010640105330068539
2025-02-25,-0.00598432205971488,-0.004592461742238353,-0.00025711604818956513
2025-02-27,-0.008310163877556995,-0.004480979859662031,-0.00011087678764998277
2025-02-28,-0.024810542930778747,-0.02208851435378449,-0.018644959666695105
2025-03-03,0.011999839700172257,0.0049495222132013884,-0.00024400049223838316
2025-03-04,0.0032257605842909488,-0.0007822757019067913,-0.0016569416451024388
2025-03-05,0.02653565176169324,0.020346344970841146,0.011531695069225467
2025-03-06,0.008489353008631602,0.011200690415998051,0.009284847776867
2025-03-07,-0.003272995173460184,-0.0009410702321385075,0.00034601398645017767
2025-03-10,-0.014219786651559265,-0.009570701527400364,-0.004088203913091726
2025-03-11,0.004968858719525475,0.0004187219376930629,0.0016740474556060647
2025-03-12,-0.0008234402013067358,-0.0016734231190700221,-0.0012179087892316698
2025-03-13,-0.005890050016424435,-0.004766137788174468,-0.003262089461738671
2025-03-17,0.006910160056241305,0.006861265486040322,0.004980568336268254
2025-03-18,0.0,2.8765244075096624e-05,0.01446329899483545
2025-03-19,0.03368629093016862,0.025874130773393674,0.0032100316461272094
2025-03-20,0.010615500686794078,0.008495885722053184,0.012356195589090069
2025-03-21,0.0067668592441393225,0.008656345183423533,0.0068885519512889015
2025-03-24,0.015165318897684759,0.01226011286603229,0.013188177230298859
2025-03-25,-0.009820068955692048,-0.0059392080648811105,0.00043539728764163677
2025-03-26,-0.001420952763069605,-0.0037984680940163448,-0.007681079328545448
2025-03-27,0.004180233301247502,0.00818441958901283,0.004474827877002596
2025-03-28,-0.006950088960248247,-0.004541833097636893,-0.0030773044101545244
2025-04-01,-0.019746176219712114,-0.00856725834424247,-0.015036571865236992
2025-04-02,0.007295963942795433,0.00880539229103783,0.0071938424586863725
2025-04-03,-0.0032635619980904713,0.000910665663558196,-0.0035251486188494496
2025-04-04,-0.021975410303880134,-0.022211775277396276,-0.014866619775066536
2025-04-07,-0.039535268038252344,-0.031119898772060537,-0.03243254628305536
2025-04-08,0.023735662380337585,0.020753671418907826,0.016887318902814252
2025-04-09,-0.008693139502325866,-0.003351748059610573,-0.006065856008070525
2025-04-11,0.023809643334830162,0.01842859965698514,0.019170387409190415
2025-04-15,0.027206067832207873,0.024323521667226476,0.02190239778210845
2025-04-16,0.002933784580155396,0.00803462234761999,0.004657316201027051
2025-04-17,0.006713055427591221,0.009157605200523463,0.017683476937954135
2025-04-21,0.019872216107014187,0.015205808983588044,0.011483498464016417
2025-04-22,0.002235182329820732,0.0025852458552789222,0.0017284255654137493
2025-04-23,0.009367296416213197,0.007077406388955429,0.006690840652122221
2025-04-24,-0.0018601356310570432,2.06152469217509e-05,-0.0033807460922566923
2025-04-25,-0.01939251731938286,-0.01757592989724258,-0.00855166336268387
2025-04-28,0.009639977086374289,0.011346599863925954,0.012028211882747275
2025-04-29,-0.0001965111638724963,-0.0012187052838783816,0.0003061930965739812
2025-04-30,-0.005752595222976961,-0.0035701899731172895,-7.191007773188485e-05
2025-05-02,-0.00434021364041606,-0.004277046626910738,0.0005136803511647248
2025-05-05,0.01640422855977444,0.012882240789907805,0.004700890697612925
2025-05-06,-0.008171275872979307,-0.012856771550809703,-0.0033338898599493128
2025-05-07,0.007140932848056424,0.004832486954096478,0.0014274549954715887
2025-05-08,-0.019375563720409945,-0.01475091643007502,-0.005758880297096702
2025-05-09,-0.007354673056641062,-0.004473141142245353,-0.0109501096942064
2025-05-12,0.041146985895329224,0.03469905755679574,0.038183073090219954
2025-05-13,-0.007327911775238848,-0.004774803568946583,-0.01389583907654357
2025-05-14,0.0069249101340203715,0.006756857156608388,0.0036027960647213586
2025-05-15,0.015016639924838112,0.013775589836452187,0.01602143814146184
2025-05-16,0.002224707934083181,0.004940245952698826,-0.0016877607536591732
2025-05-19,0.002335751304545638,0.0016232797842493988,-0.0029717088137536374
2025-05-20,-0.017573484154459928,-0.013122242681963095,-0.010484831354666824
2025-05-21,0.009605197891361269,0.00792886423221123,0.00524831270888626
2025-05-22,-0.009033109384070731,-0.007314317296314469,-0.008211272774042211
2025-05-23,0.0044568136128590044,0.007655135696678945,0.009892488718005854
2025-05-26,0.007528869959560764,0.005112049074691147,0.005954979456279652
2025-05-27,-0.004187619173608474,-0.002634848248008661,-0.0069977248703164685
2025-05-28,-0.0057764060580831975,-0.002590062720099007,-0.0029706520659956714
2025-05-29,0.0023715642601772426,0.0028590641757585073,0.003278479228775888
2025-05-30,-0.004590951279847569,-0.004826128971242182,-0.00333823496911434
2025-06-02,-0.003671462910516684,0.0003588649059811954,-0.0013777230725331435
2025-06-03,-0.005487457357771057,-0.006298261904654753,-0.007043833380258491
2025-06-04,0.003487079928025561,0.0031096300795377743,0.003165904807986175
2025-06-05,0.003455149619784318,0.002205553196651408,0.005308696762106768
2025-06-06,0.01518034180751505,0.012667920047964595,0.01018752395450262
2025-06-09,0.009515236993934958,0.009172566804309158,0.004005448710087123
2025-06-10,0.002500285450139036,0.0006090125986537776,4.18584595869298e-05
2025-06-11,0.0013063529115913465,0.0010030536036931639,0.0014798446727146697
2025-06-12,-0.009847572157888177,-0.012756423405275623,-0.010071084662786611
2025-06-13,-0.005393705056875769,-0.005828986672071731,-0.006814458847919758
2025-06-16,0.010990433561208504,0.00912719966701495,0.00921979376770854
2025-06-17,-0.007736132066443002,-0.006058041810912133,-0.0037319707924959866
2025-06-18,-0.0013328186587470109,-0.001417520655185802,-0.0016637405234334324
2025-06-19,-0.006749409021143038,-0.0071241777851697025,-0.0007577278241026608
2025-06-20,0.013000901622116518,0.009370182279325312,0.01287247095983779
2025-06-23,0.0027221458758170795,-1.9193184635436583e-05,-0.0055948454872697395
2025-06-24,0.006983538817907022,0.007341148396668275,0.0029012296868362597
2025-06-25,0.007203267588623913,0.006209357668801871,0.008001820520425307
2025-06-26,0.009215692932982562,0.009170150950446505,0.012052010814129765
2025-06-27,0.005398218177881565,0.005711410732527842,0.003475704773181043
2025-06-30,0.0013082174101306041,0.0016235589532204006,-0.004709842354665206
2025-07-01,-0.0034013794154730227,0.000299720857614988,0.0009699396772837598
2025-07-02,-0.004341677677887582,-0.0002111731482885108,-0.0034610085397696055
2025-07-03,-0.006373438568645453,-0.0020577088250158097,-0.00188971251922454
2025-07-04,0.0030757913364306295,0.0017857905875049596,0.0021924250859925998
2025-07-07,-0.0020282259944097714,-0.00011622361685520726,1.1813410706551508e-05
2025-07-08,0.0029553335300158815,0.0001900289567995445,0.0024036171315751087
2025-07-09,0.0025582124058275094,-0.0005750781426297116,-0.00181801902732881
2025-07-10,-0.005418175005724515,-0.004590102569003004,-0.004743646446198069
2025-07-11,-0.007784442853566702,-0.007657955602288484,-0.008100901810276007
2025-07-14,0.0004380004274651901,0.0011257286589941,-0.002685854157148504
2025-07-15,0.006630053492206105,0.007029180483183601,0.004525103218794291
2025-07-16,0.00044659147554541347,0.001126914604763422,0.0006449487413033861
2025-07-17,-0.0020259231649135973,-0.0004566771496452804,-0.003990217351728331
2025-07-18,-0.005546087230062088,-0.004754761260677975,-0.0056965580472427835
2025-07-21,0.004194576040974174,0.0017832549442679544,0.004898144302865282
2025-07-22,-0.0017048518634639963,-0.004287038619023408,-0.0011876443882732346
2025-07-23,0.005996051633187989,0.0038800201939582935,0.006344544590244583
2025-07-24,-0.005435208579780437,-0.003707312064528857,-0.006256994627491075
2025-07-25,-0.009399938608742373,-0.011556221063553019,-0.008981674037030651
2025-07-28,-0.0068916183098787775,-0.0050210405923124275,-0.006284962329387578
2025-07-29,0.005354248697960179,0.006201540778394677,0.005680474234370125
2025-07-30,0.000695551906230407,0.0010843104950912896,0.001367835124523431
2025-07-31,-0.0046784014176495066,-0.005580409460587436,-0.0034882717656889994
2025-08-01,-0.013326159276594085,-0.010992568077845322,-0.008195943742782208
2025-08-04,0.008990295316623528,0.009625711522432485,0.006407415043054421
2025-08-05,-0.0011193915742302625,-0.00251138489883387,-0.0029608040671041946
2025-08-06,-0.006447025785096648,-0.006300103471279194,-0.003056914228121266
2025-08-07,0.0027241962064288713,0.002135398292278589,0.0008932609229541644
2025-08-08,-0.00996004306653441,-0.009707139609995618,-0.009466912735407229
2025-08-11,0.006872211479163581,0.007170244916500015,0.009101804471857822
2025-08-12,-0.005428340452893354,-0.0010742027159226194,-0.003971941790719136
2025-08-13,0.007097089117463314,0.005298552131209102,0.005388453516712133
2025-08-14,0.0005781612479135706,-0.0015554657205557314,0.00048543816407109475
2025-08-18,0.0179719179874617,0.017332319459806886,0.009973019276634965
2025-08-19,0.0008001619869417351,0.006253903105299378,0.004168564680625764
2025-08-20,0.0009691253080883001,0.00380540753406983,0.0027981813736617234
2025-08-21,0.0015329318900926,-0.0009270235278313984,0.0013252889742787488
2025-08-22,-0.003230160728069147,-0.007411107399550453,-0.008517482060098724
2025-08-25,0.0019259356051320158,0.003073107590430041,0.003926417350905487
2025-08-26,-0.017075222975037295,-0.01237840047627133,-0.010241179872034878
2025-08-28,-0.010387204957645413,-0.008061464114595488,-0.008544430103923584
2025-08-29,-0.002248344138832548,-0.002019654125129946,-0.0030223697933294824
2025-09-01,0.011293118210095736,0.013429903386058527,0.008114070174605414
2025-09-02,0.0009498550926763291,0.00361650351521619,-0.0018457290617897026
2025-09-03,0.005540901119602979,0.0061846547373402725,0.0055107151470170646
2025-09-04,-0.002841751012296789,-0.0024865341627474343,0.0007788776228048189
2025-09-05,-0.0013611731599519267,-0.0006975496332781067,0.00027084730671167456
2025-09-08,0.0029271008196544005,0.0013710787155188215,0.0012994782193525012
2025-09-09,0.004602960554238048,0.004053888990440602,0.003852930178235292
2025-09-10,0.007681782345884018,0.004773580966890489,0.0042020862308871365
2025-09-11,0.0016898255384969285,0.0018543801109104014,0.0012974116602184615
2025-09-12,0.004779627784031774,0.001631042095715165,0.004339045410009845
2025-09-15,0.001099207625600292,0.0010007017655344597,-0.0017838966811339896
2025-09-16,0.00571669137728806,0.00586588346669037,0.006777256391098607
2025-09-17,-0.00031579811924401874,0.0019174201889157452,0.003611475529465391
2025-09-18,0.0034842493046755947,0.0027897215279139896,0.0036853015416349333
2025-09-19,-0.0022666289656247435,0.00043168821578016745,-0.0037976065391384095
2025-09-22,-0.0017470294161026781,-0.002266489442981973,-0.004923635718664832
2025-09-23,-0.0017714682439327273,-0.002032375417914011,-0.0013034343973540308
2025-09-24,-0.004621904688917008,-0.00508291124182456,-0.00447365300760838
2025-09-25,-0.008107709357230186,-0.007561155445355325,-0.006626948212322681
2025-09-26,-0.01631147662985628,-0.014872585643287134,-0.009487437927231501
2025-09-29,0.0008248460908725923,0.0041371413640422785,-0.0008030448049409777
2025-09-30,-0.0019850742660915723,0.0009464174702822302,-0.0009661407544825362
2025-10-01,0.004382574431755519,0.00606727451114912,0.009150390492475902
2025-10-03,0.0037545255368973273,0.005323864788780649,0.0023332467769816567
2025-10-06,0.005179649665715415,0.004087913302532956,0.007367178791287232
2025-10-07,0.0043108303969316515,-5.182045164528649e-05,0.0012222193924698033
2025-10-08,-0.005087442180830843,-0.005905477959634554,-0.0024752925801897474
2025-10-09,0.005409204535321088,0.006261246532453431,0.005416017571936882
2025-10-10,0.004963985721001985,0.004728791766064177,0.0041120501676790155
2025-10-13,0.001606025833197478,-0.002031845842774033,-0.0022938183927065925
2025-10-14,-0.0056416700038835746,-0.005404369908154924,-0.003244479132464395
2025-10-15,0.010118211199221294,0.009067458989871071,0.007080820872521931
2025-10-16,0.006238830199439896,0.007442898855931224,0.010336228211479837
2025-10-17,0.0034730507435692354,0.0003577265086301006,0.004867983737610659
2025-10-20,0.0006418077934350786,0.005079640830292883,0.005184813729964155
2025-10-21,0.0007325165286159858,0.0009310990403163264,0.0009847568259027106
2025-10-23,-0.005636383920183732,0.0003430549404411105,0.0008814076368377499
2025-10-24,-0.004569653743701351,-0.0036915127619487533,-0.0037174505259611745
2025-10-27,0.0017209291526309493,0.004663638689526122,0.006625291500029773
2025-10-28,-0.0010152217203315236,-0.0007571436484836826,-0.001149638146805021
2025-10-29,-4.707221414075287e-05,0.006761583689722127,0.0045381040946781415
2025-10-30,-0.004735840962558772,-0.004104816282958936,-0.0067571756478100875
2025-10-31,-0.00452355813681602,-0.005569149668960258,-0.006018660837397216
2025-11-03,0.0026489153404300834,0.004996179376187967,0.0016036793506921665
2025-11-04,-0.0035164987902030266,-0.004930456886589966,-0.006431586779760301
2025-11-06,-0.0062691599913119464,-0.0075056714293856575,-0.0034359080045569534
2025-11-07,-0.0012316844309749702,0.0016730347047359704,-0.0006820322478444663
2025-11-10,0.005650588853301674,0.0024271291929329757,0.0032185728871263475
2025-11-11,0.00012238157914262767,0.0019901689727326,0.0047156471705849246
2025-11-12,0.005222995161954305,0.00759614629528312,0.0070384090258497345
2025-11-13,-5.938458594690157e-05,0.000691848728390998,0.00012944949620363744
2025-11-14,-0.0015066776943295725,0.0001920930601300697,0.001194026471448284
2025-11-17,0.004491855865480913,0.00554392345133287,0.0039906690408659795
2025-11-18,-0.007624201554713528,-0.0061583956659942455,-0.003974806902018679
2025-11-19,-0.0016931582253846462,0.0010484044827336536,0.005503640675154298
2025-11-20,0.0037889755355557755,0.0017005887113067714,0.005354541588221684
2025-11-21,-0.0051964424122386,-0.0071805183332280375,-0.0047342428227803435
2025-11-24,-0.005738619076010037,-0.005683367782834626,-0.004167936312968079
2025-11-25,-0.0003924034229953431,0.0005581405452473343,-0.002877529180069005
2025-11-26,0.012668194702789118,0.01284275838455764,0.012381783530362567
2025-11-27,-0.004563313742427917,-0.0021569003574499587,0.0003911422381892571
2025-11-28,-0.00031581580923470984,-0.0014308016921134423,-0.0004806903583736144
2025-12-01,-0.00043258053484284493,-0.000623608992902027,-0.0010380212747401751
2025-12-02,-0.003998235284883919,-0.0014489695483681125,-0.005484113396941881
2025-12-03,-0.00826036764281779,-0.007849843114858677,-0.0017746951904364927
2025-12-04,0.0014284818450403338,0.002918410131053091,0.0018375278996383138
2025-12-05,0.0061346250888056585,0.004116914471651471,0.005865433091659877
2025-12-08,-0.014187341869184578,-0.014569414936139335,-0.00862653945989178
2025-12-09,-0.0007859054765683194,0.00037263518481422877,-0.004657081109092687
2025-12-10,-0.005716426382156795,-0.002417044023853749,-0.0031598875909956137
2025-12-11,0.008110629032876663,0.006198075913907399,0.0054565875164998
2025-12-12,0.006760953362336196,0.007585574637262243,0.005729990019651465
2025-12-15,-0.002217309100488392,0.0010406474204584,-0.0007543469807149705
2025-12-16,-0.006800657383902552,-0.005472721638670749,-0.006424068837574293
2025-12-17,-0.003959865192508123,-0.003248713080327715,-0.001606677033445636
2025-12-18,0.0028252272702331362,-0.00038741982902289467,-0.00011619552256891819
2025-12-19,0.007158680549758245,0.006711951058991558,0.005843362036054733
2025-12-22,0.004594428437689317,0.005221671469258072,0.00793332910611566
2025-12-23,0.0013337066904906766,0.0014350991895635398,0.00018148889399149937
2025-12-24,-0.0022379169469695904,-0.002572011873301331,-0.0013389838361685946
2025-12-26,-0.004036990711593949,-0.0025972077636972164,-0.0038175521330050532
2025-12-29,-0.00535147535259749,-0.0034221828572605084,-0.003847631310177624
2025-12-30,-0.002953697174325653,-0.000806260947646462,-0.00012527898855285713
2025-12-31,0.01264364512874311,0.011624154356879335,0.0073538342244390265
2026-01-01,8.286660849274622e-05,-0.001561581969129548,0.0006487344669803274
2026-01-02,0.007647733756282946,0.008659646034748614,0.006960765170238581
2026-01-05,0.0037353118617114104,0.0010629914637257341,-0.0029720587604740167
2026-01-06,0.0012293015779411887,0.0015065401947296907,-0.0027276473171363724
2026-01-07,-0.0036728921338228912,-0.0005037470432728131,-0.001449622016468255
2026-01-08,-0.013497023826645888,-0.01560822718740033,-0.010095364158449915
2026-01-09,-0.007434531104516223,-0.007070435051453993,-0.007479613285493514
2026-01-12,0.0020174510008578476,0.002965575767749524,0.004164153963733375
2026-01-13,-0.0034906202374721967,-0.0029429601574813584,-0.002246942885392733
2026-01-14,0.0002363786196698671,0.0002910120287255421,-0.00259211846006413
2026-01-15,0.0,0.0,0.0
2026-01-16,-8.009627277470586e-05,0.0006962623292349501,0.0011201764399650926
2026-01-19,0.00013778314664252288,-0.002353923109006747,-0.004236324757381116
2026-01-20,-0.019255614620207244,-0.020633481643129878,-0.013796877137441155
2026-01-21,-0.007540810814661211,-0.004100589278335292,-0.0029723570791637677
2026-01-22,0.008852725909505529,0.010102419124529397,0.00526285960946038
2026-01-23,-0.017828224202022493,-0.01467364464924243,-0.009539381186706164
2026-01-27,0.004970136943603502,0.005859009381219826,0.005060152863462841
2026-01-28,0.008549586562978778,0.01138373756412458,0.006647346488174222
2026-01-29,-0.006409261640872927,-0.00024937041453647053,0.0030048195489833507
2026-01-30,-0.0015523836136236053,-0.0025705182307243814,-0.003865234077404689
2026-02-02,-0.008568592748113505,-0.008023640042119267,-0.00917235522852089
2026-02-03,0.028591895944602274,0.0255260272960447,0.025475932330218942
2026-02-04,0.00867187719550451,0.005874152214268088,0.0018831648283172964
2026-02-05,-0.004477458911766382,-0.0013411649157388645,-0.00516756745616076
2026-02-06,-0.00015452991454473956,0.0016476735915834846,0.0019849016468285186
2026-02-09,0.006971394198836044,0.008739358013911928,0.006756581098813275
2026-02-10,-0.0024599026739066335,0.0023891400100956874,0.0026229876069705504
2026-02-11,0.004631176534739277,0.0037962706187955196,0.0007209990483325601
2026-02-12,0.000700132952029442,-0.0042535769923382006,-0.00565042923620962
2026-02-13,-0.010320494284404434,-0.01209683140166978,-0.01302348257655217
2026-02-16,0.006130490347330372,0.0075381468980845745,0.008309432803093486
2026-02-17,0.0057940526620330925,0.0039023783589738855,0.00166066292063749
2026-02-18,0.005554588367417978,0.004369231347304207,0.003652002197183979
2026-02-19,-0.015067574196629371,-0.01515977791049542,-0.014136684522350174
2026-02-20,0.005818218643489829,0.006050847251311838,0.004592550680687868
2026-02-23,0.0010382106004568673,0.003655219200786708,0.00554333479982394
2026-02-24,-0.0029642818784615275,-0.0026857820856786493,-0.011214156627970318
2026-02-25,0.006163642421559761,0.00719994603896192,0.002275335490801167
2026-02-26,0.00457849604367933,0.002143443573946043,0.0005513894339252978
2026-02-27,-0.0151346769108647,-0.01190035689649753,-0.012468368500212268
2026-03-02,-0.017557873939296677,-0.015073693154456235,-0.012429227421638323
2026-03-04,-0.02489211844721861,-0.022651668883933194,-0.015491187895474101
2026-03-05,0.013938751365595267,0.012251397518696552,0.011658274570576665
2026-03-06,-0.009696777311132887,-0.008878498112178012,-0.012737318930444053
2026-03-09,-0.024394789631100977,-0.020439608819355325,-0.017275692308183932
2026-03-10,0.01548341113373854,0.015138682311321084,0.009719840791548862
2026-03-11,-0.021431356791966574,-0.012985925818900854,-0.01627056774308744
2026-03-12,-0.011482738379609812,-0.007371063075110345,-0.009540396930332928
2026-03-13,-0.024499988179914486,-0.023700062392078978,-0.02064586811222946
2026-03-16,0.004092756599723435,0.000183039479868942,0.011131271353117311
2026-03-17,0.010657788619960513,0.006184422212270697,0.007362598835607637
2026-03-18,0.012445787236785574,0.010714483816655511,0.008339304375208911
2026-03-19,-0.034579688840537574,-0.031181270489803577,-0.03262077926216955
2026-03-20,0.00442074618358352,0.0068737326982099755,0.004884308965338757
2026-03-23,-0.03716546929345794,-0.03354495906152389,-0.026037751600726855
2026-03-24,0.024296700139502046,0.018063980570325835,0.017756683156527453
2026-03-25,0.019800341232560838,0.0201465706062699,0.01719805962740728
2026-03-27,-0.02608658057245033,-0.0198521207377628,-0.02088905112938999
2026-03-30,-0.027716864683562478,-0.022986748979767106,-0.02139385559374285
2026-04-01,0.021989762019451627,0.017575554230416728,0.015583438293735208
2026-04-02,-0.0026126286992953236,-0.0012502358061536117,0.0014858954897207788
2026-04-06,0.01606755663859651,0.01422449018661186,0.01123362266767347
2026-04-07,0.0014771795317772092,0.0038221813986137284,0.0067658785769486585
2026-04-08,0.04992153492001548,0.03877701980758526,0.03778379295615997
2026-04-09,-4.413385377965295e-05,-0.002100388803821005,-0.009261439434677166
2026-04-10,0.019278443699312014,0.014291222463891952,0.011587753764504383
2026-04-13,-0.012386454706532938,-0.00835295403806817,-0.008646321593950623
2026-04-15,0.019897695162126132,0.021375855595014714,0.016300637062472756
2026-04-16,0.0011058897196087694,0.0023890515157823974,-0.0014258739785333319
2026-04-17,0.010100328272673736,0.010114704929890528,0.006480241406387144
2026-04-20,0.0005886804337248383,0.0006305216009303345,0.00046394992773279853
2026-04-21,0.0011856622218707317,0.00569003200457941,0.008690798564113589
2026-04-22,-0.0031939712526931354,-0.0011604504549306363,-0.00807678861823835
2026-04-23,-0.013774612552459991,-0.0081921314493002,-0.008411190019346093
2026-04-24,-0.005732491917082139,-0.0097010558235384,-0.011380506539678703
2026-04-27,0.012688997886647284,0.012123002551857321,0.008149234824183171
2026-04-28,-0.009624818877704569,-0.004087950902668286,-0.004026115924964935
2026-04-29,0.00760748064739842,0.00446343173246986,0.007582657634449097
2026-04-30,-0.03005298609055195,-0.01498053865047559,-0.007449012061355398
2026-05-01,0.0,0.0,0.0
2026-05-04,0.011209782088998541,0.007679003556400464,0.005073434414612388
2026-05-05,0.0006837762853925304,-2.3032496232916147e-05,-0.0035863394542201554
2026-05-06,0.020739026613036372,0.01572762112353577,0.01240589643353629
2026-05-07,0.0038517834081375508,0.002141180777066104,-0.00017668148029703623
2026-05-08,-0.006501628661976847,-0.003019729552345322,-0.006186630612244115
2026-05-11,-0.015373961671800175,-0.013228419895416507,-0.014903149402549887
2026-05-12,-0.018952801563053026,-0.01961254353932539,-0.018319683541890175
2026-05-13,0.005623736385492608,0.005916067132409474,0.0014135784059419176
2026-05-14,0.011071937436387194,0.011558195070421674,0.011831236369372666
2026-05-15,-0.007121352347812996,-0.004204803949564868,-0.0019459851637491088
2026-05-18,-0.012576886363986316,-0.006023652040604218,0.0002727692071817778
2026-05-19,0.004293612662436329,0.003533742062833552,-0.0013509212410769411
2026-05-20,0.004303099342386806,0.001206225372193723,0.0017359640951817301
2026-05-21,0.0021522431268061666,0.0004739773763841943,-0.00018178203854768427
2026-05-22,0.004777591074071597,0.005030823987190542,0.002731024474358801
2026-05-25,0.01577916309031581,0.011112639999935964,0.01317064277657587
2026-05-26,-0.0012824860172959175,-2.1527202250829093e-05,-0.004910181295375682
2026-05-27,0.00785409805336902,0.005588265526581061,-0.00027385257567613674
2026-05-28,0.0,0.0,0.0
2026-05-29,-0.014581307806153984,-0.014531744327712025,-0.015033175629577955
2026-06-01,-0.01127795282072157,-0.01079556967253587,-0.007013425513053284
2026-06-02,0.0013344557382132586,0.0028681475985219227,0.00431736306319519
2026-06-03,-0.0012458081291714367,-0.005155761688091187,-0.0033193946094914883
2026-06-04,0.001979317192200128,0.0017569328270268154,0.00046788683297016576
2026-06-05,0.00010892395925666469,-0.0006071790901588211,-0.0021289028843615165
2026-06-08,-0.013970475022608213,-0.012716047939483345,-0.010429338627102713
2026-06-09,0.015153293638577342,0.010707080583462864,0.005150698844224255
2026-06-10,-0.010648715060907468,-0.006823234488403599,-0.0011681556778996294
2026-06-11,-0.006926561776932097,-0.0068650658411306825,-0.0022980713363744965
2026-06-12,0.02200735977879908,0.01815023379213038,0.019916620139797336
2026-06-15,0.01390717719011625,0.013235380930485931,0.009778646829145199
2026-06-16,-0.0013563528367906824,0.004904099952175821,0.005669932287180934
2026-06-17,0.0068416135702904085,0.00468685299603052,0.004024687267071059
2026-06-18,0.005768026640174829,0.005306384408503832,0.0034169978003351087
2026-06-19,-0.005891625165296247,-0.0037854925876147664,-0.006409317718677587
2026-06-22,0.0035797814283113757,0.004053677707232452,0.0037396580495980825
2026-06-23,-0.013589951910134046,-0.0102561088624674,-0.011567105067506356
2026-06-24,0.00016387682562570092,0.003609202671218249,0.008292056551520766
2026-06-25,-0.003782547399044741,-0.0020886265618870474,0.0014299437722400388
2026-06-26,0.0,0.0,0.0
2026-06-29,-0.008505354084370495,-0.007280904491133604,-0.004562271366810755
2026-06-30,0.0017726545904321847,-0.0005373119855602273,-0.0033616954637991636
2026-07-01,0.0028883413380950346,0.006462000734001395,0.0058703208311072785
2026-07-02,0.0053353951774028135,0.008353940714637268,0.007075342557701703
2026-07-03,0.0020150720464669073,0.003927961851237109,0.003935786500487426
2026-07-06,0.006881587466864997,0.004893557217758414,0.006571669412775316
2026-07-07,-0.007211464301246047,-0.0006767682222938735,-0.0012955357222089736
2026-07-08,-0.015318405804848672,-0.020693599019209013,-0.02117524515827318
2026-07-09,0.005809682751375725,0.007440109224303295,0.0033812004144717633
2026-07-10,0.010621270347654619,0.010061440365167491,0.01018660596494203
2026-07-13,-0.0008223207770078345,-0.000732499285056251,0.0001693570555851842
2026-07-14,-0.0006269994667787949,-0.005537324728671164,-0.006565165369047166
2026-07-15,0.0018336906925952466,0.003878396411857685,0.0010996658451518648
2026-07-16,0.0013651669224200432,-0.00023181123160200592,-0.00023880225097083763
2026-07-17,-0.0015150545466727965,0.0021665615036469727,0.010865014643113069
2026-07-20,0.00912666152553405,0.005630198385505703,-0.003936861885253551
2026-07-21,0.0033886887405854666,0.0025416816479101705,-0.002095871495760848
2026-07-22,-0.00738118792725353,-0.00830889391235459,-0.0079151479856997
2026-07-23,-0.006203338114798021,-0.00571073309287326,-0.0052779242850445884
2026-07-24,-0.005356768101782261,-0.0017398255789677194,-0.004279518395644999
2026-07-27,0.006164394774533268,0.010789964909157184,0.009613989195766948
2026-07-28,-0.0027935971766032356,-0.00047255236446261167,-0.0004417249460887396
2026-07-29,0.005993186264638132,0.007440340914631555,0.011042140877174367
2026-07-30,0.003768712161793511,0.0007353200353636882,0.0027608503860552247
2026-07-31,0.006592267234009573,0.004100089410372193,0.0027326071386892803
2026-08-03,0.012623287145681485,0.015040382522204703,0.01602311299947612
2026-08-04,-0.0003309040002926567,-0.006529329075141864,-0.006434102501316152
2026-08-05,0.004565565461094293,0.003422814074384012,0.00039610154196334513
2026-08-06,-0.001313135725629262,-0.003811482882719456,0.0004609043862535689
2026-08-07,0.004797503118523741,-0.0005822333698353912,-0.0026526063230638552
2026-08-10,-0.0020646628550908637,0.0017333264369739489,0.0005352072662276885
2026-08-11,-0.003093598117999767,-0.003507733611876438,-0.00455997685213505
2026-08-12,0.0029233590109577563,-0.00045968821309705897,-0.0014608711753293369
2026-08-13,-0.0026822459633879412,-0.0014350837310645448,-0.0016410088683697088
2026-08-14,-0.002379414725706023,-0.001977764393049855,-0.001223552770366676
2026-08-17,-7.257758244094315e-05,-0.0030055367335166242,-0.003215530221415075
2026-08-18,-0.003557916367148887,-0.004856954406072286,-0.00546574073098649
2026-08-19,-0.00269846469997617,-0.0026194923809152513,-0.003171182995427735
2026-08-20,0.003149960257956597,0.004802105670474094,0.006377062464663963
2026-08-21,0.0005885770759731735,-0.00022156306203852688,0.000831566345525836
2026-08-24,0.0010171145668238363,-0.0006774156038053766,-0.0013586186190829297
2026-08-25,0.004876696096560108,0.00378102769575941,0.004768973030496282
2026-08-26,-0.003478356374549756,-0.0032100111467587133,-0.00521073030646213
2026-08-27,-0.0018219990262164849,-0.0042869301141882435,-0.00482904816122931
2026-08-28,-0.00024621296431417413,6.618022867924239e-06,0.0035200411203846205
2026-08-31,-0.007532300364013424,-0.0013060415812255085,-0.003939914685270995
2026-09-01,-0.006447369277837042,-0.0069227607308574085,-0.0010215614763854353
2026-09-02,-0.002216201515244791,-0.0038061547070643285,-0.005875986577431824
2026-09-03,-0.0016502722304972334,-0.00025151216194171217,-0.0017144446700387839
2026-09-04,-0.0013254475888472954,-0.0020014765794774936,0.0010157727849795517
2026-09-07,-0.003243337660566881,-0.006758596625249616,-0.004960679563327464
2026-09-08,0.004384578136177652,-0.001049329453648021,-0.00605786072604142
2026-09-09,0.004934946800797594,-0.00452617377522775,-0.008614290302979777
2026-09-10,-0.001806982090432186,-0.0003947564730714647,0.0019760058574995742
2026-09-11,-0.0072815506851479925,-0.0054425825662518384,-0.0033947460674703667
2026-09-14,0.0,0.0,0.0
2026-09-15,-0.0199567350565127,-0.015964837075802193,-0.011945414570677881
2026-09-16,0.004018006879918175,0.0038474281804271957,0.004282266299549198
2026-09-17,0.006622627334041146,0.008610777697759617,0.0022827510548764085
2026-09-18,0.006941423416278158,0.006551223123528963,0.0032573626173113546
2026-09-21,0.0038237551239130563,0.0018766285780651756,0.002908387995104622
2026-09-22,-0.0003997253188824638,-0.0024873410089825527,-0.00364310606782281
2026-09-23,0.00971300827489447,0.007345977759549105,0.0050495426829269
2026-09-24,-0.013904869288200656,-0.01636280252401074,-0.016364755919359375
2026-09-25,0.00459700217315974,0.0037670562596314005,0.003356027244210358
2026-09-28,-0.01964104656691747,-0.014847455715669219,-0.015567943648581495
2026-09-29,-0.0025886092295496436,-0.00912504029238633,-0.002811680348108525
2026-09-30,-0.0053277925088909975,1.6040770832961604e-05,-0.004215053719064388
